# balls=3,catches=23,detected=19,sampleRate=200,timestamp=1781212397,countMode=watch_hand
x,y,z
464,303,839
462,305,842
459,305,842
456,306,841
454,307,838
452,308,834
450,310,832
449,313,828
449,314,825
448,316,825
447,317,825
445,318,827
444,317,830
444,316,834
442,314,836
441,312,841
441,311,845
441,310,848
441,308,851
440,307,853
439,306,854
437,305,855
435,302,854
432,301,854
427,299,854
425,299,855
421,299,856
418,298,858
414,298,859
413,299,862
411,299,864
412,300,865
411,300,867
411,300,869
413,301,867
415,301,866
416,301,866
418,301,865
420,303,867
421,302,867
422,301,866
422,301,867
423,299,868
422,298,868
422,297,868
421,296,870
419,295,871
417,294,874
416,296,876
417,296,876
417,298,879
417,299,879
416,298,880
415,297,880
416,296,880
417,294,878
418,293,877
415,293,877
413,292,877
410,291,876
406,288,875
405,288,874
401,288,871
396,287,871
391,287,870
385,286,870
380,288,867
374,288,868
370,289,867
369,290,867
368,289,865
369,289,864
372,289,865
375,291,866
381,293,867
391,296,869
399,296,872
409,298,873
419,300,875
428,297,876
438,297,876
445,296,876
451,295,874
454,293,875
456,291,875
457,287,875
454,284,875
451,281,876
445,279,879
440,275,878
434,272,880
428,268,879
425,268,880
422,266,880
420,265,881
420,263,882
418,263,883
418,261,883
419,258,885
418,252,886
417,245,888
416,239,886
415,233,885
416,230,883
414,225,882
412,219,882
408,211,880
406,203,880
403,193,876
404,187,874
405,185,874
406,182,871
406,179,871
404,175,873
402,171,875
399,167,879
394,163,888
390,157,897
383,151,906
375,147,918
369,146,927
365,152,936
360,161,944
352,177,955
346,197,958
342,215,955
339,234,941
341,252,917
342,269,891
341,283,874
337,292,868
329,293,869
313,285,880
293,273,906
264,253,935
237,232,937
215,219,906
204,213,849
206,214,789
211,218,745
210,222,739
205,222,764
204,222,790
219,225,803
249,233,804
291,245,794
344,258,777
399,266,761
452,270,746
486,269,759
472,271,835
458,269,848
457,266,793
458,270,723
449,275,680
430,273,674
401,263,686
390,254,680
410,250,646
454,247,589
486,237,557
492,218,561
485,193,564
481,175,549
472,161,535
457,149,528
455,144,521
453,143,514
451,145,511
448,149,503
442,154,488
437,162,479
436,172,475
449,183,464
481,191,454
549,196,446
643,201,445
708,209,443
757,217,444
805,220,439
824,229,424
870,234,416
905,214,425
938,192,442
973,159,457
1003,123,457
1039,109,457
1084,117,466
1121,137,466
1152,159,459
1185,176,448
1211,183,438
1225,186,432
1249,206,444
1294,199,448
1309,166,446
1307,149,448
1304,157,446
1309,185,455
1315,215,457
1297,226,441
1281,232,416
1291,258,394
1306,276,365
1307,281,335
1297,286,331
1276,252,308
1196,232,175
1175,230,37
1085,227,62
951,246,92
891,271,85
909,279,85
952,258,93
991,215,85
1016,168,53
1042,128,23
1070,116,32
1106,134,59
1142,162,70
1176,183,55
1205,191,37
1234,191,34
1263,186,68
1274,173,111
1261,148,126
1235,134,125
1205,133,111
1172,131,138
1138,136,202
1126,137,229
1162,142,140
1276,174,26
1415,184,22
1440,166,79
1272,146,144
1014,176,263
906,176,324
857,140,287
811,121,278
792,119,302
771,133,352
734,154,405
699,180,429
702,214,440
738,248,430
770,263,411
773,251,384
736,199,364
690,147,353
661,111,346
642,98,339
622,99,334
600,105,328
581,106,321
568,99,309
558,88,294
547,74,280
542,68,262
539,64,246
531,62,232
518,64,215
504,67,199
488,72,181
466,75,162
441,82,146
419,92,126
394,102,110
371,113,100
352,123,95
333,132,89
313,139,86
293,141,84
272,144,76
252,146,71
231,143,64
209,138,61
187,132,58
166,122,59
148,112,62
135,99,71
132,87,84
134,74,99
143,54,116
162,33,136
187,13,160
214,-1,185
240,-15,219
262,-27,254
280,-44,294
293,-70,330
299,-106,360
306,-143,391
316,-177,419
329,-206,454
343,-229,503
359,-255,565
381,-286,629
420,-319,697
478,-352,781
546,-383,868
622,-406,956
702,-426,1049
776,-446,1152
829,-465,1256
862,-485,1342
874,-501,1403
888,-513,1446
910,-518,1483
948,-532,1529
986,-550,1578
1017,-572,1622
1040,-590,1651
1061,-600,1672
1080,-599,1687
1089,-592,1696
1089,-590,1705
1084,-590,1726
1080,-595,1759
1077,-600,1801
1072,-601,1845
1071,-593,1888
1072,-578,1910
1086,-560,1914
1091,-549,1940
1067,-552,2007
1022,-574,2086
973,-601,2162
949,-625,2222
960,-643,2257
1001,-644,2287
1060,-636,2339
1115,-617,2531
1177,-667,2465
1195,-668,2356
1250,-660,2269
1309,-631,2256
1376,-608,2293
1439,-609,2331
1485,-631,2344
1512,-668,2350
1524,-707,2326
1524,-737,2326
1509,-771,2340
1476,-811,2376
1431,-861,2424
1375,-915,2463
1309,-963,2489
1234,-1006,2498
1154,-1050,2495
1074,-1098,2495
1000,-1141,2491
931,-1174,2470
867,-1190,2425
807,-1195,2358
760,-1195,2277
737,-1189,2184
742,-1177,2073
769,-1151,1940
811,-1111,1790
844,-1066,1655
864,-1023,1540
885,-980,1442
918,-931,1354
948,-874,1268
962,-818,1175
951,-763,1095
908,-714,1004
831,-670,896
716,-634,771
574,-589,639
420,-521,521
303,-363,437
166,-235,342
17,-261,172
-130,-294,-6
-256,-296,-159
-381,-278,-265
-476,-251,-346
-491,-222,-441
-431,-195,-496
-346,-177,-487
-269,-166,-464
-209,-164,-447
-163,-171,-421
-134,-180,-379
-112,-185,-334
-88,-183,-295
-57,-173,-265
-24,-155,-250
11,-131,-245
50,-105,-235
96,-75,-220
144,-47,-195
179,-27,-163
197,-11,-135
195,3,-111
182,17,-86
167,30,-66
151,42,-54
137,48,-38
126,50,-20
113,50,-4
98,47,7
81,42,14
63,40,15
42,38,13
19,35,14
-41,34,26
-49,39,26
-53,44,22
-50,52,18
-43,63,13
-28,76,7
-14,90,4
-3,106,0
5,123,-6
9,144,-13
10,167,-19
12,191,-28
13,214,-40
18,232,-56
25,249,-67
53,271,-81
76,289,-83
86,299,-79
81,307,-80
74,312,-91
74,314,-98
84,313,-106
105,311,-120
125,310,-133
136,312,-141
138,316,-149
135,319,-154
132,320,-162
129,320,-167
127,315,-174
124,309,-182
121,304,-195
117,302,-206
120,305,-217
121,309,-227
122,318,-231
123,327,-231
124,335,-227
128,337,-220
133,333,-214
141,326,-208
148,320,-203
157,315,-194
167,311,-181
176,307,-161
186,299,-140
196,285,-119
204,264,-100
211,241,-77
215,216,-53
213,193,-28
206,172,-1
198,154,24
191,138,51
182,120,80
174,102,108
163,81,137
150,55,160
136,28,175
118,1,186
100,-22,195
88,-44,211
83,-65,235
81,-88,261
88,-111,288
101,-136,315
118,-163,345
142,-189,380
171,-215,426
209,-239,472
251,-259,532
298,-283,604
340,-309,672
375,-339,735
403,-372,793
422,-406,852
435,-433,919
435,-465,959
476,-561,754
466,-567,869
444,-528,1121
431,-499,1347
437,-502,1471
461,-539,1474
490,-588,1391
519,-622,1281
541,-626,1199
554,-603,1174
560,-572,1197
560,-558,1244
561,-577,1294
570,-626,1335
589,-685,1367
615,-735,1394
650,-759,1424
691,-758,1449
737,-740,1463
780,-723,1463
822,-711,1466
866,-691,1479
913,-659,1501
947,-621,1518
963,-595,1523
954,-581,1511
919,-576,1481
871,-580,1444
829,-589,1415
801,-612,1408
789,-644,1433
793,-677,1481
814,-704,1543
846,-722,1604
885,-730,1650
920,-730,1678
941,-724,1692
944,-718,1699
934,-714,1702
923,-711,1706
914,-713,1712
912,-720,1722
915,-730,1738
921,-732,1756
934,-727,1774
954,-714,1788
974,-698,1798
990,-681,1801
998,-667,1800
1001,-655,1795
996,-643,1795
985,-625,1800
973,-609,1808
961,-596,1823
954,-589,1845
951,-588,1872
951,-592,1908
958,-599,1948
970,-605,1987
989,-611,2023
1013,-618,2056
1038,-626,2087
1060,-634,2119
1079,-645,2144
1089,-663,2165
1093,-685,2181
1091,-712,2196
1084,-741,2211
1078,-770,2229
1071,-798,2249
1062,-828,2272
1050,-862,2292
1040,-901,2314
1031,-943,2334
1028,-987,2355
1029,-1028,2381
1036,-1069,2406
1043,-1113,2433
1045,-1163,2454
1039,-1221,2476
1027,-1286,2504
1013,-1347,2536
1000,-1404,2577
990,-1453,2610
983,-1497,2625
975,-1535,2614
966,-1568,2575
951,-1596,2506
932,-1616,2419
909,-1628,2321
882,-1634,2225
851,-1632,2128
815,-1626,2030
779,-1619,1928
750,-1607,1806
718,-1580,1660
682,-1534,1485
650,-1477,1273
622,-1421,1015
599,-1353,740
580,-1273,504
561,-1179,333
540,-1074,228
526,-968,168
520,-875,145
522,-799,132
525,-736,122
530,-676,110
522,-611,68
503,-536,-3
470,-463,-71
417,-402,-95
347,-363,-77
262,-344,-43
165,-336,-37
62,-327,-91
-26,-310,-207
-102,-287,-347
-164,-268,-471
-220,-252,-549
-266,-238,-589
-288,-220,-618
-286,-197,-648
-257,-178,-670
-213,-168,-679
-162,-170,-666
-113,-179,-632
-66,-186,-583
-24,-187,-524
7,-180,-471
22,-165,-426
16,-146,-389
-6,-124,-360
-38,-102,-335
-68,-82,-302
-95,-68,-256
-126,-58,-208
-167,-54,-163
-212,-54,-133
-253,-45,-123
-279,-28,-126
-287,-8,-129
-278,9,-121
-264,22,-96
-256,27,-54
-257,27,-9
-268,28,33
-288,30,58
-306,36,60
-314,48,60
-310,58,69
-299,62,82
-289,64,99
-285,66,121
-277,71,149
-256,75,175
-224,80,214
-186,84,260
-149,92,305
-119,110,337
-102,141,357
-94,176,375
-88,207,406
-78,224,470
-60,226,563
-49,224,658
-52,228,741
-73,243,808
-112,265,860
-171,287,896
-243,309,915
-424,297,806
-699,268,886
-1084,322,840
-1480,360,373
-1177,279,-325
-718,257,-543
-413,257,-408
-184,320,-185
41,459,24
253,574,233
446,593,472
633,532,650
804,408,729
1018,278,762
1281,194,833
1454,171,910
1462,200,995
1337,233,1084
1158,357,1180
957,531,1140
799,709,927
717,876,627
621,965,358
442,847,254
587,869,492
853,943,838
964,989,908
827,937,678
642,901,410
488,873,306
365,840,354
274,795,429
219,743,440
201,696,394
203,653,341
206,615,315
200,583,314
190,559,317
188,541,312
197,526,300
210,511,287
224,495,272
238,477,255
254,464,243
275,456,232
298,452,221
323,448,213
346,439,205
364,428,199
369,414,197
362,398,192
347,382,185
330,367,176
309,354,174
285,340,177
258,328,172
229,317,162
206,305,159
188,292,161
175,275,174
167,254,188
162,229,205
157,201,218
148,171,226
139,139,233
130,109,244
124,80,255
122,55,266
125,31,276
135,10,283
148,-13,292
168,-40,305
261,-82,228
372,-126,106
400,-159,161
368,-195,353
320,-234,570
285,-279,732
265,-327,816
258,-368,833
245,-404,813
237,-429,758
241,-448,688
261,-464,622
293,-483,576
341,-513,559
402,-555,583
475,-606,645
555,-660,743
639,-707,860
715,-741,979
782,-759,1079
832,-759,1146
868,-747,1168
888,-734,1146
890,-721,1094
866,-713,1032
816,-709,976
748,-714,938
680,-734,917
623,-771,916
581,-821,934
714,-973,1272
801,-976,1329
892,-972,1363
981,-969,1371
1060,-963,1371
1127,-954,1368
1182,-944,1368
1226,-937,1382
1255,-935,1413
1271,-944,1453
1276,-962,1503
1277,-986,1556
1277,-1009,1602
1279,-1023,1643
1279,-1025,1673
1283,-1020,1690
1294,-1014,1702
1308,-1011,1711
1321,-1009,1726
1333,-1008,1749
1345,-1002,1778
1352,-993,1815
1354,-986,1854
1348,-978,1895
1336,-971,1938
1315,-965,1976
1283,-960,2015
1246,-958,2052
1203,-959,2089
1156,-958,2126
1108,-958,2157
1066,-961,2187
1020,-959,2210
984,-958,2225
962,-963,2232
949,-971,2236
948,-986,2249
958,-1011,2268
977,-1043,2292
1005,-1084,2317
1040,-1133,2351
1077,-1186,2389
1113,-1249,2430
1152,-1322,2477
1190,-1394,2524
1223,-1457,2569
1245,-1516,2607
1260,-1578,2627
1266,-1643,2624
1262,-1700,2602
1247,-1746,2555
1224,-1782,2489
1192,-1810,2414
1150,-1833,2329
1100,-1852,2239
1039,-1859,2153
972,-1852,2068
906,-1835,1980
839,-1814,1885
778,-1796,1783
723,-1785,1679
682,-1777,1579
659,-1763,1478
653,-1747,1365
658,-1724,1239
668,-1697,1095
682,-1669,918
704,-1629,703
732,-1554,400
758,-1464,26
775,-1364,-260
765,-1244,-399
712,-1107,-379
625,-982,-261
536,-888,-74
457,-815,76
407,-742,109
386,-646,60
371,-534,1
352,-405,16
332,-236,122
371,50,216
281,125,116
151,68,-125
-37,-116,-386
-275,-343,-608
-537,-500,-803
-809,-546,-998
-1028,-504,-1169
-1164,-461,-1315
-1121,-428,-1397
-807,-309,-1354
-363,-164,-1183
39,-82,-1005
340,-82,-863
542,-141,-774
646,-207,-697
653,-241,-603
548,-232,-509
329,-188,-448
49,-122,-436
-196,-31,-477
-356,68,-543
-438,143,-582
-455,185,-571
-405,195,-525
-292,178,-462
-154,144,-391
-33,107,-317
28,70,-261
35,43,-203
-2,27,-117
-83,15,-2
-192,1,128
-303,-12,256
-398,-30,353
-468,-48,423
-514,-59,461
-537,-59,480
-547,-51,463
-561,-47,474
-579,-37,529
-741,-44,546
-1118,-150,311
-657,-353,-102
-454,-507,-189
-838,-556,-41
-1022,-494,50
-897,-285,122
-713,-31,183
-640,177,259
-641,236,356
-654,108,436
-602,-122,512
-456,-296,602
-247,-319,758
53,-251,1062
895,-374,2745
869,-216,2630
740,-359,2247
520,-349,1434
377,-189,761
291,91,341
232,370,196
264,582,259
299,657,180
351,657,88
390,624,54
427,557,29
490,469,68
551,382,166
581,308,293
564,256,379
504,229,399
432,229,345
361,245,264
306,264,164
273,284,90
285,288,168
332,283,260
358,269,287
336,262,282
325,241,263
291,225,248
260,227,238
232,225,237
216,217,247
207,208,261
205,188,268
203,162,267
197,129,265
188,88,199
177,52,95
193,11,255
185,-25,362
188,-56,329
225,-89,272
266,-124,245
290,-161,272
309,-201,302
336,-240,326
372,-279,335
419,-311,342
471,-339,363
531,-361,412
592,-383,455
648,-399,488
695,-404,547
725,-394,640
733,-380,732
728,-370,800
715,-374,839
699,-394,851
683,-428,845
659,-468,838
631,-503,840
604,-527,852
578,-539,884
549,-545,934
519,-553,992
493,-569,1047
470,-594,1098
452,-631,1141
436,-674,1181
421,-718,1224
409,-760,1271
402,-800,1317
407,-837,1359
435,-871,1394
486,-907,1437
558,-944,1491
645,-990,1557
740,-1047,1633
839,-1104,1720
939,-1155,1806
1036,-1187,1889
1126,-1200,1966
1202,-1197,2027
1265,-1188,2066
1312,-1183,2085
1338,-1184,2088
1347,-1194,2084
1338,-1211,2088
1321,-1227,2107
1298,-1239,2143
1271,-1246,2194
1244,-1250,2250
1216,-1249,2303
1186,-1245,2343
1159,-1238,2365
1132,-1227,2376
1109,-1214,2369
1086,-1198,2357
1068,-1183,2344
1056,-1170,2342
1053,-1159,2349
1059,-1146,2366
1070,-1136,2382
1084,-1131,2385
1103,-1134,2369
1124,-1136,2340
1149,-1135,2305
1175,-1131,2272
1199,-1131,2239
1218,-1142,2216
1231,-1165,2200
1239,-1199,2201
1244,-1239,2220
1239,-1279,2254
1226,-1321,2291
1206,-1371,2325
1178,-1427,2350
1147,-1490,2368
1116,-1551,2377
1086,-1611,2383
1058,-1669,2380
1031,-1720,2373
1003,-1763,2356
975,-1805,2322
943,-1838,2272
907,-1855,2206
874,-1858,2117
845,-1849,2002
814,-1837,1863
784,-1823,1721
746,-1795,1589
700,-1758,1473
643,-1717,1358
580,-1681,1244
515,-1658,1121
456,-1642,981
403,-1625,818
370,-1580,635
379,-1480,409
411,-1374,87
441,-1291,-233
476,-1208,-464
507,-1097,-566
522,-961,-516
520,-818,-350
513,-686,-167
499,-581,-59
499,-491,-93
516,-397,-185
547,-305,-258
581,-233,-297
608,-177,-276
681,-39,-204
789,131,-138
752,44,-202
682,-88,-318
562,-219,-446
390,-320,-582
169,-385,-733
-87,-432,-886
-328,-450,-1045
-526,-455,-1213
-690,-472,-1371
-754,-461,-1489
-670,-361,-1531
-453,-159,-1479
-183,17,-1371
33,91,-1224
169,69,-1068
223,21,-936
218,-19,-862
150,-54,-840
23,-92,-857
-140,-124,-896
-304,-131,-955
-429,-111,-1026
-495,-87,-1093
-496,-79,-1115
-440,-111,-1064
-343,-187,-927
-232,-270,-719
-139,-336,-468
-80,-373,-178
-69,-395,115
-104,-418,378
-187,-441,563
-292,-458,658
-399,-461,678
-496,-448,687
-581,-427,709
-731,-261,705
-928,-50,113
-948,-222,-416
-1301,-484,-216
-1626,-669,-133
-1563,-702,77
-1404,-721,389
-1358,-776,856
-1301,-750,1457
-1125,-668,1998
-854,-574,2292
-593,-455,2248
-398,-324,1923
-267,-202,1486
-157,-82,1096
-55,36,828
36,140,704
115,216,733
182,241,852
226,215,988
339,163,1178
649,88,1388
928,36,1398
1076,3,1269
1072,-24,1148
958,-19,1012
781,44,898
564,127,820
334,182,751
148,177,689
53,114,625
56,51,559
109,39,515
171,68,497
242,103,476
337,139,450
424,151,430
490,137,418
541,117,427
571,94,452
570,76,495
541,60,545
492,51,600
433,44,651
369,42,686
305,38,699
255,35,691
226,31,663
223,27,627
240,16,592
276,0,567
330,-25,560
394,-53,565
467,-85,585
536,-118,614
596,-149,648
642,-175,682
666,-194,714
669,-206,737
648,-212,750
616,-213,752
584,-211,748
548,-211,741
509,-218,738
464,-232,744
414,-255,759
373,-283,782
345,-315,811
334,-349,844
337,-383,873
358,-415,897
393,-444,915
438,-471,932
488,-495,953
541,-515,974
595,-529,1001
641,-542,1029
686,-558,1057
728,-578,1082
765,-597,1108
797,-613,1133
820,-628,1156
831,-640,1172
843,-654,1178
862,-666,1179
886,-681,1173
912,-695,1167
933,-706,1163
952,-714,1169
967,-722,1178
983,-731,1193
996,-741,1205
1011,-748,1216
1023,-752,1223
1028,-754,1231
1029,-758,1236
1023,-767,1245
1016,-781,1259
1006,-797,1283
996,-808,1314
984,-814,1351
972,-817,1392
959,-820,1431
949,-829,1465
943,-842,1492
938,-856,1514
934,-869,1534
928,-873,1554
918,-875,1571
907,-875,1588
894,-876,1599
886,-876,1609
883,-874,1621
891,-872,1635
902,-875,1658
915,-883,1685
931,-892,1719
953,-902,1758
981,-911,1802
1011,-920,1843
1042,-932,1884
1075,-949,1922
1113,-970,1963
1154,-991,2004
1194,-1012,2047
1233,-1028,2088
1276,-1043,2121
1319,-1062,2138
1356,-1088,2142
1385,-1120,2139
1409,-1162,2139
1429,-1213,2148
1442,-1267,2170
1453,-1322,2199
1460,-1375,2230
1468,-1421,2251
1475,-1460,2259
1488,-1492,2250
1512,-1519,2228
1535,-1570,2193
1536,-1650,2155
1519,-1722,2133
1498,-1764,2136
1477,-1786,2153
1455,-1825,2168
1428,-1869,2169
1399,-1907,2156
1368,-1931,2119
1334,-1940,2053
1288,-1933,1956
1229,-1911,1836
1153,-1879,1695
1065,-1844,1542
970,-1805,1386
872,-1765,1228
777,-1726,1079
688,-1680,935
603,-1640,791
524,-1610,659
450,-1588,538
379,-1569,423
312,-1555,300
253,-1536,92
210,-1494,-238
176,-1415,-562
141,-1297,-837
80,-1140,-987
-10,-944,-989
-105,-738,-818
-169,-541,-569
-161,-354,-332
-69,-172,-183
64,-4,-46
157,129,36
188,200,-74
145,206,-397
96,201,-784
70,199,-1102
-50,98,-1324
-236,-36,-1499
-457,-161,-1632
-643,-243,-1723
-735,-262,-1726
-695,-219,-1586
-560,-169,-1316
-382,-153,-1030
-207,-185,-821
-63,-248,-706
31,-308,-645
62,-331,-593
35,-305,-532
-38,-245,-473
-143,-177,-423
-265,-121,-398
-387,-89,-408
-472,-69,-419
-499,-46,-407
-463,-27,-366
-381,-29,-294
-273,-47,-198
-164,-77,-89
-86,-109,27
-52,-135,141
-67,-151,254
-124,-156,355
-201,-154,420
-283,-152,446
-353,-150,439
-412,-148,433
-465,-141,426
-506,-127,443
-549,-69,465
-712,169,380
-933,252,99
-1112,104,-409
-1332,-54,-680
-1347,-181,-665
-712,-309,-533
-754,-419,-399
-732,-543,-224
-573,-622,12
-365,-579,328
-196,-458,715
-67,-317,1137
29,-206,1566
129,-152,1937
270,-172,2078
968,-464,2360
1498,-568,2684
902,-347,1164
826,-238,477
848,-126,295
805,-57,241
660,165,221
510,316,209
427,450,390
332,531,654
267,524,862
240,449,954
249,345,908
291,251,783
370,187,646
465,163,543
528,175,487
533,199,472
492,220,483
420,213,503
357,188,502
435,234,494
472,248,494
462,234,509
418,202,512
390,163,500
384,129,491
395,106,489
412,93,494
421,81,495
435,71,480
445,58,457
453,41,434
453,20,428
442,-7,445
425,-40,480
409,-70,514
404,-97,535
411,-117,552
424,-126,569
424,-131,607
419,-134,650
410,-145,704
406,-161,747
414,-180,770
432,-199,780
455,-217,788
480,-237,805
499,-257,829
516,-282,855
538,-309,879
568,-344,900
603,-382,917
640,-421,930
672,-458,945
703,-492,964
736,-520,992
772,-540,1028
806,-554,1058
843,-564,1077
874,-573,1082
900,-580,1083
929,-590,1083
958,-602,1081
984,-610,1085
1007,-616,1109
1029,-621,1145
1055,-640,1188
1081,-673,1233
1100,-710,1285
1106,-747,1343
1103,-776,1404
1096,-803,1470
1096,-827,1536
1108,-855,1596
1135,-877,1650
1165,-897,1694
1197,-921,1734
1224,-948,1774
1247,-981,1826
1260,-1013,1892
1264,-1038,1969
1256,-1056,2054
1242,-1074,2135
1222,-1096,2202
1194,-1116,2252
1156,-1132,2283
1118,-1142,2301
1085,-1150,2316
1059,-1154,2329
1048,-1157,2344
1047,-1157,2358
1061,-1164,2373
1084,-1173,2385
1112,-1185,2392
1143,-1198,2395
1175,-1206,2389
1206,-1212,2379
1229,-1215,2367
1246,-1227,2349
1260,-1251,2333
1273,-1287,2325
1282,-1328,2331
1292,-1367,2354
1298,-1406,2385
1301,-1450,2413
1303,-1505,2432
1302,-1562,2438
1297,-1614,2436
1283,-1660,2427
1269,-1702,2413
1254,-1741,2394
1244,-1779,2363
1230,-1818,2315
1208,-1858,2256
1181,-1893,2190
1139,-1910,2114
1087,-1899,2023
1023,-1873,1908
950,-1841,1776
881,-1809,1632
819,-1772,1484
769,-1733,1337
730,-1687,1179
696,-1636,1015
677,-1588,845
675,-1549,656
689,-1498,389
729,-1426,-21
786,-1329,-390
841,-1181,-625
872,-978,-613
895,-742,-348
930,-532,-24
1027,-400,288
1036,-332,349
940,-315,223
777,-320,51
625,-330,-127
466,-438,-262
327,-599,-309
196,-739,-272
75,-779,-209
-30,-722,-201
-113,-625,-277
-147,-530,-389
-125,-425,-461
-182,-494,-533
-196,-503,-559
-230,-494,-549
-276,-465,-546
-296,-381,-545
-286,-273,-552
-255,-185,-585
-216,-134,-637
-182,-118,-696
-158,-110,-745
-145,-98,-775
-120,-82,-792
-83,-63,-791
-40,-47,-767
-4,-36,-721
15,-31,-658
17,-26,-583
12,-22,-507
10,-17,-441
16,-14,-389
28,-17,-352
40,-19,-326
57,-19,-303
68,-5,-273
65,12,-224
49,28,-161
27,40,-93
-6,48,-33
-45,55,13
-89,53,50
-134,48,80
-178,44,106
-266,78,167
-276,85,188
-281,88,214
-283,88,254
-288,94,307
-301,106,369
-327,122,436
-370,135,510
-435,146,576
-517,158,618
-601,171,635
-684,187,647
-756,201,663
-817,215,684
-862,225,712
-894,234,736
-966,181,791
-948,243,756
-960,317,679
-1098,329,677
-1497,253,583
-1917,109,367
-2033,-44,143
-1819,-148,-2
-1359,-171,-41
-983,-116,22
-702,-12,162
-501,108,324
-340,191,462
-216,207,592
16,69,714
458,-73,1117
881,-127,1591
1133,-87,1765
980,34,1264
720,61,730
502,101,365
314,173,165
115,256,86
-122,315,118
-344,404,260
-518,474,440
-501,516,517
-214,534,441
5,463,292
153,359,205
264,271,245
319,208,368
315,163,500
279,133,566
236,110,564
205,88,498
193,54,451
205,6,443
273,-45,452
426,-79,478
471,-142,520
499,-220,557
507,-301,598
513,-372,630
522,-430,649
527,-478,658
519,-517,682
512,-547,710
516,-574,727
539,-605,750
579,-646,779
620,-687,812
649,-728,848
656,-754,911
648,-767,994
644,-783,1062
650,-772,1147
664,-759,1226
677,-755,1284
686,-759,1324
697,-768,1345
714,-776,1350
732,-781,1354
743,-778,1366
744,-769,1394
740,-758,1436
735,-743,1477
732,-733,1503
736,-727,1506
750,-726,1490
778,-726,1467
816,-722,1445
859,-716,1432
907,-707,1426
966,-700,1422
1030,-698,1422
1104,-708,1435
1181,-728,1480
1256,-746,1560
1321,-763,1669
1373,-773,1780
1409,-782,1867
1424,-796,1918
1410,-819,1942
1372,-849,1953
1324,-883,1958
1278,-916,1976
1242,-947,2010
1210,-974,2052
1186,-999,2092
1170,-1029,2120
1160,-1061,2142
1158,-1091,2165
1157,-1115,2193
1161,-1136,2221
1174,-1159,2246
1195,-1182,2280
1222,-1202,2309
1253,-1217,2333
1289,-1228,2350
1324,-1235,2352
1357,-1246,2344
1386,-1265,2331
1412,-1289,2322
1430,-1311,2324
1442,-1332,2337
1443,-1357,2353
1434,-1391,2365
1413,-1437,2377
1384,-1493,2397
1351,-1550,2429
1315,-1606,2471
1285,-1659,2515
1253,-1714,2550
1222,-1775,2572
1194,-1837,2576
1169,-1887,2571
1140,-1913,2549
1109,-1914,2496
1076,-1904,2399
1042,-1886,2263
1004,-1865,2104
969,-1840,1940
940,-1813,1788
918,-1787,1650
903,-1762,1521
889,-1730,1406
877,-1692,1296
865,-1653,1185
843,-1617,1070
810,-1587,948
774,-1559,808
738,-1518,642
715,-1442,415
726,-1308,155
730,-1172,-65
701,-1064,-224
649,-959,-313
584,-860,-344
524,-768,-340
482,-680,-342
462,-592,-384
468,-492,-404
476,-384,-365
463,-264,-320
427,-147,-270
384,-48,-233
382,76,-228
347,73,-266
283,-7,-373
197,-107,-488
78,-199,-582
-77,-259,-665
-251,-274,-760
-420,-260,-871
-550,-226,-975
-606,-176,-1048
-572,-117,-1082
-468,-71,-1079
-328,-54,-1039
-189,-64,-955
-82,-83,-846
-16,-96,-741
12,-91,-670
10,-76,-630
-11,-52,-609
-55,-29,-599
-115,-10,-592
-175,7,-582
-225,29,-574
-258,49,-558
-286,66,-533
-315,79,-499
-355,91,-471
-403,97,-457
-451,95,-456
-494,84,-461
-528,75,-460
-552,71,-449
-569,68,-420
-580,63,-374
-582,50,-318
-566,27,-264
-538,0,-209
-508,-33,-159
-484,-69,-116
-483,-99,-66
-502,-128,-1
-539,-156,67
-585,-184,133
-629,-205,193
-665,-215,243
-689,-219,285
-696,-216,321
-680,-205,349
-646,-191,383
-607,-184,425
-562,-189,470
-518,-200,514
-478,-215,563
-449,-236,621
-438,-259,687
-446,-285,748
-460,-310,843
-561,-310,892
-722,-242,773
-900,-232,492
-1125,-310,280
-1446,-440,263
-1682,-568,212
-1618,-643,197
-1323,-704,338
-952,-791,641
-591,-895,1028
-280,-986,1365
-37,-1050,1580
135,-1068,1654
250,-1028,1604
324,-943,1465
362,-845,1278
377,-757,1103
380,-694,1000
380,-664,977
388,-660,1011
403,-675,1069
431,-690,1114
473,-696,1126
530,-691,1104
599,-680,1064
678,-670,1030
796,-667,1043
944,-663,1079
1033,-645,1094
1020,-615,1092
933,-577,1085
810,-547,1082
686,-525,1077
596,-515,1067
543,-520,1060
527,-533,1049
543,-558,1041
585,-587,1040
641,-613,1047
698,-628,1057
749,-633,1071
791,-628,1088
822,-620,1108
843,-615,1132
852,-616,1159
858,-619,1190
868,-624,1220
892,-627,1258
932,-634,1313
984,-647,1383
1035,-665,1460
1084,-685,1535
1127,-702,1600
1169,-711,1651
1206,-718,1691
1241,-721,1727
1269,-722,1762
1288,-724,1795
1298,-726,1835
1296,-727,1879
1285,-728,1923
1268,-730,1966
1247,-735,2010
1229,-739,2059
1214,-741,2113
1202,-744,2169
1192,-752,2230
1189,-763,2295
1189,-781,2366
1197,-801,2438
1214,-820,2506
1238,-839,2568
1268,-862,2618
1302,-888,2669
1336,-918,2712
1368,-946,2745
1394,-972,2770
1411,-996,2782
1424,-1024,2784
1428,-1058,2776
1430,-1096,2766
1428,-1137,2760
1427,-1177,2762
1432,-1218,2768
1438,-1276,2776
1447,-1335,2794
1460,-1381,2820
1465,-1431,2845
1460,-1495,2854
1441,-1547,2837
1410,-1579,2796
1384,-1631,2728
1366,-1665,2649
1354,-1668,2564
1335,-1649,2471
1310,-1627,2363
1275,-1606,2238
1224,-1587,2099
1152,-1566,1960
1064,-1538,1834
970,-1504,1719
878,-1465,1613
799,-1421,1507
733,-1374,1388
681,-1330,1254
647,-1293,1110
630,-1263,954
623,-1236,791
630,-1216,619
650,-1198,415
672,-1164,119
685,-1100,-192
670,-989,-408
615,-823,-492
541,-638,-406
469,-469,-230
425,-339,-42
421,-265,91
429,-240,156
414,-239,187
358,-234,171
259,-216,85
131,-197,-74
4,-191,-259
-108,-213,-429
-202,-259,-579
-281,-316,-710
-342,-367,-818
-376,-394,-907
-368,-398,-959
-310,-378,-962
212,-310,-532
214,-294,-482
184,-266,-450
135,-230,-436
78,-194,-435
16,-158,-441
-47,-126,-447
-110,-93,-451
-164,-60,-458
-206,-26,-459
-242,1,-455
-271,17,-450
-294,22,-445
-303,23,-439
-297,23,-425
-284,23,-404
-269,25,-385
-253,24,-375
-238,16,-368
-226,3,-350
-223,-11,-320
-237,-22,-273
-266,-27,-220
-302,-20,-175
-337,-10,-147
-370,-2,-133
-398,3,-126
-428,9,-122
-456,19,-110
-478,29,-84
-492,42,-47
-500,53,2
-503,66,49
-502,74,86
-493,78,113
-485,77,140
-480,73,165
-477,69,186
-470,67,200
-466,70,219
-466,77,228
-471,82,253
-480,83,286
-483,74,317
-482,65,347
-560,22,357
-709,-47,288
-819,-73,305
-930,-149,233
-1014,-264,148
-1003,-297,171
-936,-213,200
-838,-58,242
-718,83,281
-597,141,291
-489,89,272
-401,-42,247
-315,-193,247
-195,-310,289
6,-377,381
565,-442,925
920,-383,1533
887,-383,1541
933,-462,1394
909,-513,1139
863,-469,959
699,-337,697
481,-179,454
320,-41,365
221,54,416
186,81,549
225,16,605
307,-80,726
420,-201,909
551,-327,1156
690,-438,1405
800,-512,1545
853,-531,1536
872,-500,1426
872,-435,1298
856,-363,1188
830,-308,1112
792,-293,1083
737,-323,1100
669,-384,1148
592,-460,1212
514,-536,1278
436,-605,1338
364,-665,1398
307,-712,1455
274,-739,1493
268,-748,1510
288,-738,1506
334,-719,1488
411,-698,1463
514,-681,1436
636,-672,1413
760,-673,1408
868,-680,1427
956,-690,1473
1023,-702,1535
1074,-715,1598
1112,-729,1648
1133,-739,1678
1146,-746,1693
1155,-753,1695
1163,-754,1692
1173,-752,1690
1191,-747,1692
1213,-744,1699
1236,-742,1714
1259,-746,1730
1279,-753,1763
1291,-764,1806
1294,-777,1857
1283,-796,1903
1260,-818,1951
1230,-844,1998
1196,-867,2045
1158,-886,2091
1122,-901,2146
1088,-913,2195
1052,-928,2237
1022,-952,2272
999,-981,2297
986,-1014,2322
986,-1052,2345
995,-1086,2374
1016,-1117,2402
1042,-1147,2427
1074,-1181,2446
1104,-1217,2457
1132,-1247,2464
1153,-1273,2461
1170,-1302,2455
1183,-1335,2445
1195,-1378,2437
1205,-1430,2434
1212,-1487,2446
1216,-1541,2474
1224,-1588,2515
1230,-1625,2555
1234,-1657,2575
1235,-1688,2561
1232,-1719,2507
1224,-1754,2431
1207,-1782,2349
1182,-1803,2283
1153,-1812,2231
1125,-1811,2190
1098,-1799,2142
1072,-1777,2072
1043,-1750,1972
1009,-1721,1848
968,-1687,1708
922,-1648,1562
874,-1605,1423
825,-1553,1293
772,-1497,1170
717,-1442,1050
667,-1397,920
623,-1359,771
581,-1320,592
545,-1275,356
520,-1215,29
506,-1132,-277
490,-1015,-493
468,-865,-599
452,-709,-571
455,-556,-477
486,-410,-346
546,-288,-254
638,-203,-197
733,-136,-167
769,-74,-261
758,-10,-386
728,65,-492
670,111,-571
583,106,-642
466,71,-712
322,28,-784
162,-8,-860
-2,-37,-942
-159,-63,-1034
-290,-76,-1112
-379,-87,-1160
-423,-91,-1176
-396,-62,-1155
-308,-2,-1105
-200,56,-1033
-99,86,-954
-28,92,-877
0,80,-803
-7,67,-743
-42,58,-695
-97,54,-659
-154,53,-637
-208,49,-630
-250,39,-627
-279,26,-619
-301,19,-598
-321,21,-569
-336,42,-540
-338,76,-513
-327,112,-496
-312,132,-486
-297,130,-475
-280,117,-455
-263,106,-421
-256,95,-376
-262,76,-324
-282,53,-268
-305,23,-215
-326,-17,-163
-331,-69,-116
-314,-115,-74
-283,-149,-39
-251,-161,-5
-230,-154,22
-226,-137,33
-236,-134,40
-262,-162,59
-298,-207,90
-323,-246,133
-325,-262,189
-308,-261,239
-274,-260,271
-226,-267,295
-170,-282,331
-115,-307,388
-78,-331,449
-66,-353,502
-70,-371,532
-92,-387,550
-131,-404,564
-178,-423,583
-229,-436,606
-283,-444,623
-331,-452,632
-376,-464,644
-410,-478,654
-436,-492,670
-453,-507,699
-463,-520,742
-463,-535,803
-450,-547,866
-424,-535,925
-452,-372,878
-705,-285,444
-1094,-480,83
-1344,-664,156
-1318,-763,526
-1038,-784,911
-701,-821,1201
-402,-887,1332
-141,-923,1330
86,-917,1258
282,-895,1173
440,-871,1117
570,-851,1110
658,-834,1141
702,-816,1182
701,-798,1209
660,-784,1210
596,-776,1188
538,-775,1155
502,-781,1128
491,-785,1122
496,-788,1135
511,-787,1153
525,-781,1168
538,-773,1178
547,-764,1180
557,-755,1183
568,-745,1183
582,-743,1182
603,-745,1182
635,-748,1173
680,-759,1158
735,-770,1147
796,-782,1150
857,-791,1167
916,-794,1194
971,-790,1221
1024,-783,1238
1068,-768,1239
1100,-751,1235
1113,-727,1229
1111,-701,1228
1100,-675,1234
1077,-651,1250
1046,-632,1267
1014,-617,1281
979,-606,1293
947,-600,1300
919,-597,1306
895,-595,1315
874,-594,1330
857,-596,1351
849,-602,1379
846,-612,1413
850,-625,1453
863,-642,1497
887,-657,1543
915,-671,1594
946,-682,1647
986,-690,1697
1032,-697,1736
1079,-705,1762
1123,-711,1778
1158,-711,1784
1190,-710,1787
1225,-707,1791
1266,-701,1794
1308,-694,1791
1345,-689,1787
1371,-685,1785
1387,-681,1790
1393,-676,1802
1393,-671,1815
1394,-669,1828
1395,-672,1834
1394,-680,1843
1389,-692,1862
1376,-704,1888
1365,-714,1918
1354,-721,1949
1347,-731,1970
1350,-743,1993
1360,-752,2011
1373,-761,2024
1385,-763,2030
1394,-765,2029
1399,-768,2021
1393,-781,2014
1384,-799,2014
1373,-827,2015
1358,-858,2032
1336,-890,2061
1310,-926,2103
1283,-966,2151
1257,-1008,2204
1233,-1057,2252
1212,-1110,2298
1195,-1167,2343
1185,-1227,2384
1181,-1287,2414
1175,-1345,2434
1169,-1400,2444
1163,-1454,2444
1152,-1502,2434
1127,-1545,2412
1088,-1576,2378
1041,-1600,2325
995,-1630,2251
954,-1672,2174
922,-1708,2106
900,-1719,2051
885,-1702,2001
873,-1672,1937
866,-1641,1841
859,-1612,1704
852,-1579,1531
848,-1547,1340
843,-1512,1152
825,-1471,969
789,-1421,798
739,-1367,609
683,-1316,351
619,-1246,6
547,-1144,-302
472,-1006,-533
395,-847,-649
334,-695,-621
289,-557,-529
279,-460,-423
319,-395,-406
400,-332,-431
472,-221,-507
515,-74,-607
527,59,-608
507,130,-516
460,132,-418
378,96,-417
242,28,-537
73,-38,-732
-108,-87,-939
-286,-113,-1121
-439,-107,-1281
-562,-75,-1434
-642,-30,-1579
-601,60,-1669
-667,-125,-1760
-667,-279,-1752
-562,-299,-1618
-408,-235,-1414
-271,-169,-1224
-158,-155,-1084
-70,-184,-979
-14,-233,-880
-2,-268,-781
-42,-275,-689
-125,-252,-621
-242,-221,-583
-378,-201,-577
-499,-196,-583
-582,-204,-579
-617,-230,-548
-604,-271,-485
-552,-325,-391
-485,-379,-261
-425,-426,-112
-393,-460,38
-392,-484,163
-416,-496,257
-460,-504,338
-520,-510,413
-591,-520,469
-663,-524,512
-728,-522,535
-788,-509,550
-842,-488,568
-889,-463,591
-929,-435,620
-970,-409,639
-1117,-230,616
-1287,-62,91
-1342,-146,-570
-1463,-303,-723
-1600,-418,-517
-1650,-473,-137
-1541,-507,264
-1192,-584,569
-808,-686,817
-490,-777,1028
-229,-832,1192
-10,-834,1304
166,-779,1345
307,-676,1279
418,-548,1101
506,-420,859
576,-315,630
627,-244,463
664,-205,390
683,-205,407
680,-236,505
676,-291,655
702,-350,820
739,-393,942
745,-406,994
701,-387,975
625,-339,917
536,-283,859
458,-232,815
396,-197,785
348,-183,770
311,-193,760
281,-221,754
259,-261,747
247,-306,741
246,-350,734
254,-392,731
268,-430,738
291,-463,753
325,-493,781
373,-521,817
434,-544,857
498,-562,898
564,-576,942
630,-586,986
690,-594,1026
743,-602,1061
789,-609,1095
830,-615,1122
864,-621,1144
889,-629,1166
903,-634,1194
907,-639,1223
904,-648,1252
896,-666,1273
879,-687,1285
861,-711,1307
844,-732,1340
837,-747,1383
834,-754,1429
831,-759,1469
830,-760,1502
833,-762,1524
845,-768,1537
867,-779,1550
894,-790,1568
922,-801,1596
952,-812,1635
983,-826,1679
1016,-840,1726
1057,-855,1777
1106,-870,1821
1155,-886,1860
1201,-900,1893
1240,-911,1924
1276,-915,1953
1307,-915,1984
1333,-914,2014
1348,-919,2044
1357,-932,2077
1364,-954,2117
1367,-982,2165
1369,-1011,2220
1369,-1036,2278
1366,-1061,2336
1361,-1086,2383
1352,-1114,2420
1343,-1143,2447
1343,-1172,2470
1344,-1198,2490
1344,-1228,2509
1340,-1253,2521
1334,-1280,2522
1330,-1312,2513
1329,-1349,2501
1332,-1392,2490
1337,-1442,2485
1345,-1488,2493
1352,-1530,2515
1352,-1571,2539
1345,-1616,2554
1332,-1657,2553
1308,-1689,2536
1278,-1721,2504
1242,-1748,2456
1204,-1778,2399
1160,-1805,2342
1110,-1825,2287
1062,-1840,2232
1019,-1851,2179
979,-1852,2126
940,-1844,2072
903,-1824,2010
861,-1793,1933
821,-1757,1832
782,-1723,1711
746,-1687,1567
713,-1650,1418
682,-1612,1266
647,-1575,1109
611,-1536,953
578,-1489,793
542,-1438,618
510,-1382,397
489,-1326,106
479,-1262,-165
469,-1170,-336
438,-1039,-391
389,-889,-303
339,-747,-172
304,-625,-78
311,-527,-70
361,-448,-129
428,-384,-193
492,-323,-216
526,-262,-213
513,-203,-220
466,-151,-269
400,-128,-401
338,-148,-615
274,-206,-876
174,-268,-1143
21,-301,-1399
-158,-289,-1639
-322,-238,-1820
-417,-185,-1913
-401,-137,-1869
-295,-107,-1745
-152,-109,-1571
-17,-144,-1398
92,-189,-1257
163,-223,-1156
186,-231,-1096
152,-225,-1064
53,-217,-1024
-90,-209,-971
-240,-191,-919
-363,-161,-883
-459,-139,-862
-520,-131,-843
-542,-126,-814
-520,-119,-771
-470,-119,-722
-403,-134,-668
-339,-160,-609
-292,-195,-523
-274,-229,-421
-289,-264,-309
-334,-300,-179
-394,-333,-40
-462,-364,101
-527,-390,232
-578,-407,347
-614,-417,429
-634,-419,479
-644,-419,526
-650,-419,576
-655,-417,644
-659,-412,724
-665,-400,804
-671,-382,872
-678,-356,922
-684,-328,951
-690,-293,939
-743,-174,840
-917,110,504
-1006,104,-41
-1053,-72,-344
-1194,-209,-345
-1246,-279,-242
-1176,-294,-66
-1039,-344,198
-866,-429,508
-663,-483,830
-441,-481,1167
-208,-441,1459
15,-396,1622
208,-358,1625
360,-322,1486
466,-286,1256
546,-249,1006
636,-213,791
766,-178,667
815,-99,635
704,-5,581
566,57,537
454,81,607
360,80,731
277,73,831
217,65,872
177,55,874
152,42,850
141,22,820
140,-2,801
143,-37,801
145,-76,813
149,-119,828
155,-162,835
173,-203,834
201,-240,839
228,-275,852
258,-311,859
304,-352,855
360,-396,850
421,-442,850
488,-490,857
569,-537,876
663,-581,902
765,-617,930
865,-643,958
948,-657,989
1004,-660,1020
1029,-652,1044
1025,-637,1060
1005,-625,1063
973,-626,1056
928,-641,1043
877,-663,1047
828,-685,1068
787,-704,1110
761,-715,1163
744,-718,1220
738,-712,1268
742,-706,1304
757,-705,1327
784,-712,1342
825,-725,1356
871,-738,1381
917,-751,1423
958,-758,1479
994,-760,1541
1030,-759,1611
1068,-763,1674
1110,-770,1724
1158,-780,1758
1204,-791,1784
1250,-801,1810
1295,-811,1833
1340,-830,1872
1380,-849,1918
1408,-872,1976
1424,-896,2042
1426,-924,2118
1416,-957,2189
1395,-998,2256
1365,-1043,2315
1327,-1084,2381
1282,-1122,2440
1236,-1156,2495
1194,-1187,2543
1160,-1216,2580
1141,-1243,2604
1139,-1269,2614
1161,-1289,2610
1198,-1306,2597
1244,-1325,2577
1294,-1351,2552
1344,-1395,2534
1391,-1452,2538
1437,-1507,2568
1481,-1545,2627
1525,-1562,2692
1553,-1599,2730
1554,-1704,2720
1534,-1823,2687
1519,-1910,2667
1506,-1973,2661
1491,-2011,2657
1471,-2020,2635
1443,-2014,2565
1405,-2001,2449
1352,-1981,2300
1288,-1967,2144
1215,-1964,1995
1141,-1961,1868
1083,-1953,1763
1039,-1932,1677
1000,-1901,1589
965,-1861,1482
936,-1820,1351
908,-1782,1190
878,-1748,1016
849,-1713,826
822,-1676,631
787,-1625,424
725,-1541,182
656,-1442,-118
588,-1344,-368
500,-1226,-505
396,-1083,-524
291,-938,-419
217,-806,-283
191,-698,-173
220,-616,-109
261,-551,-80
290,-491,-73
296,-424,-100
284,-351,-210
249,-295,-396
200,-272,-603
135,-281,-771
39,-314,-903
-86,-351,-1023
-225,-373,-1135
-330,-375,-1240
-377,-355,-1319
-351,-315,-1344
-268,-255,-1310
-172,-196,-1264
-72,-163,-1188
20,-150,-1113
88,-149,-1043
124,-147,-972
124,-137,-909
91,-123,-862
36,-113,-831
-27,-102,-814
-86,-87,-803
-131,-62,-796
-163,-30,-783
-189,6,-760
-217,43,-727
-255,81,-688
-303,110,-643
-357,130,-593
-414,136,-540
-470,139,-482
-521,144,-424
-558,151,-366
-575,159,-315
-570,160,-273
-544,148,-232
-511,124,-186
-479,96,-134
-454,72,-85
-443,56,-41
-445,48,0
-464,47,39
-501,52,73
-554,59,96
-611,58,110
-663,47,127
-699,32,158
-722,24,208
-729,21,265
-717,23,325
-698,20,379
-683,15,421
-681,8,453
-696,6,473
-725,11,484
-767,16,483
-809,13,471
-839,2,467
-844,-18,476
-828,-36,492
-786,-49,511
-724,-55,537
-651,-57,569
-574,-64,614
-499,-79,663
-431,-102,711
-364,-105,752
-368,-11,623
-516,4,253
-737,-145,-19
-886,-336,-70
-853,-462,32
-700,-554,208
-498,-645,423
-307,-722,674
-144,-780,916
-12,-820,1122
95,-857,1312
172,-889,1432
256,-897,1481
350,-883,1443
447,-853,1334
526,-818,1201
576,-789,1078
600,-770,992
602,-758,959
589,-753,977
573,-749,1030
566,-748,1100
570,-749,1166
582,-749,1214
593,-744,1232
597,-734,1217
594,-718,1172
585,-697,1110
571,-677,1041
556,-663,987
542,-656,957
524,-660,960
510,-672,994
505,-688,1045
510,-708,1094
524,-729,1130
553,-750,1151
596,-768,1158
647,-782,1164
705,-791,1169
760,-793,1179
806,-792,1188
842,-792,1193
869,-794,1190
888,-799,1176
903,-809,1157
910,-821,1137
915,-832,1121
921,-845,1115
927,-854,1119
938,-859,1129
955,-860,1146
978,-856,1165
1006,-851,1185
1040,-843,1199
1073,-835,1205
1100,-827,1214
1119,-819,1232
1129,-812,1259
1131,-811,1291
1126,-822,1322
1118,-841,1352
1109,-867,1379
1106,-894,1412
1109,-919,1454
1123,-939,1509
1149,-952,1565
1182,-963,1613
1218,-967,1647
1247,-967,1668
1267,-962,1683
1280,-958,1696
1289,-949,1710
1289,-940,1725
1272,-931,1739
1263,-913,1758
1256,-896,1776
1253,-883,1800
1251,-875,1828
1247,-867,1861
1244,-860,1894
1246,-851,1928
1253,-845,1957
1260,-842,1976
1273,-847,2005
1287,-859,2035
1303,-876,2073
1321,-898,2118
1338,-923,2170
1352,-950,2221
1364,-979,2275
1369,-1003,2322
1368,-1028,2362
1362,-1060,2394
1353,-1098,2418
1342,-1137,2438
1332,-1176,2453
1320,-1217,2461
1304,-1266,2465
1285,-1328,2473
1268,-1395,2490
1256,-1459,2530
1251,-1518,2582
1256,-1584,2630
1263,-1661,2667
1267,-1745,2688
1274,-1836,2696
1274,-1912,2704
1266,-1977,2703
1255,-2019,2688
1238,-2064,2641
1214,-2143,2553
1186,-2229,2442
1159,-2276,2340
1130,-2274,2259
1095,-2244,2191
1058,-2215,2119
1009,-2195,2026
947,-2182,1907
888,-2168,1765
837,-2144,1600
794,-2109,1414
761,-2068,1219
737,-2025,1021
726,-1981,811
715,-1938,578
691,-1874,282
621,-1743,-69
531,-1568,-357
476,-1449,-553
399,-1309,-619
302,-1148,-546
208,-985,-414
154,-832,-348
173,-691,-361
221,-550,-375
228,-405,-368
180,-271,-293
74,-173,-207
-72,-120,-229
-255,-116,-424
-457,-151,-744
-664,-173,-1078
-841,-143,-1371
-968,-66,-1634
-1016,36,-1894
-955,113,-2058
-784,140,-2074
-570,121,-1945
-348,120,-1731
-139,149,-1482
19,188,-1261
122,219,-1096
169,233,-992
173,230,-925
138,224,-885
76,220,-853
3,229,-825
-59,253,-788
-97,283,-740
-112,308,-681
-99,324,-613
-66,327,-553
-17,317,-507
34,298,-465
85,276,-419
125,260,-363
143,252,-302
147,247,-237
142,245,-176
130,232,-131
112,208,-93
90,167,-57
67,121,-25
47,73,4
35,25,29
29,-21,46
33,-69,55
44,-119,62
38,-287,220
18,-315,260
-7,-341,275
-33,-358,270
-51,-368,257
-65,-372,259
-78,-370,291
-92,-360,343
-108,-346,399
-117,-339,446
-117,-340,484
-117,-342,521
-132,-333,552
-159,-309,571
-195,-278,567
-233,-248,541
-270,-230,504
-299,-218,458
-311,-204,404
-300,-180,343
-269,-147,284
-224,-111,237
-185,-69,210
-171,-27,208
-181,4,214
-211,15,219
-233,1,221
-242,-27,223
-245,-53,229
-246,-66,253
-245,-75,281
-247,-83,316
-261,-91,363
-284,-99,406
-318,-109,432
-355,-122,446
-390,-142,470
-346,18,493
-569,325,214
-1034,254,-607
-1453,-149,-1189
-1656,-537,-1009
-1527,-738,-305
-1066,-811,490
-514,-893,1002
-38,-984,1179
282,-1014,1147
432,-943,1056
457,-802,988
429,-665,954
398,-593,931
377,-588,929
363,-631,944
349,-693,972
333,-750,1009
325,-781,1041
326,-778,1045
339,-763,1021
358,-767,996
450,-824,1050
669,-894,1105
892,-915,1099
985,-860,1073
925,-757,1077
768,-659,1111
582,-598,1139
426,-576,1138
314,-577,1101
255,-583,1041
245,-583,980
278,-575,931
340,-560,907
416,-540,910
495,-524,930
571,-519,956
641,-525,980
703,-543,997
756,-563,1014
794,-580,1032
823,-588,1058
847,-594,1089
866,-606,1128
885,-624,1175
898,-647,1224
904,-670,1272
909,-686,1317
918,-697,1349
932,-701,1366
946,-700,1370
958,-702,1367
964,-710,1363
964,-724,1370
954,-740,1388
946,-758,1409
948,-771,1431
962,-777,1451
987,-780,1468
1015,-781,1485
1045,-779,1504
1076,-778,1521
1102,-778,1536
1123,-776,1551
1138,-772,1568
1150,-767,1592
1157,-761,1622
1161,-757,1657
1154,-756,1698
1143,-762,1742
1129,-772,1792
1118,-783,1847
1110,-793,1902
1105,-802,1958
1105,-810,2012
1113,-819,2066
1130,-828,2119
1151,-836,2168
1176,-841,2212
1208,-845,2245
1246,-851,2274
1284,-855,2302
1316,-856,2325
1340,-856,2352
1358,-855,2380
1371,-858,2408
1379,-865,2434
1376,-880,2456
1369,-902,2477
1363,-928,2495
1363,-952,2514
1369,-973,2535
1378,-993,2555
1393,-1020,2568
1409,-1054,2580
1426,-1091,2587
1438,-1139,2594
1443,-1196,2598
1441,-1258,2609
1434,-1323,2629
1421,-1390,2655
1402,-1461,2682
1380,-1528,2704
1356,-1590,2715
1331,-1651,2706
1304,-1707,2678
1277,-1765,2636
1252,-1832,2588
1233,-1907,2545
1218,-1975,2514
1210,-2028,2491
1207,-2064,2459
1206,-2089,2403
1200,-2105,2320
1189,-2114,2225
1168,-2107,2123
1136,-2086,2012
1101,-2063,1896
1066,-2046,1777
1033,-2033,1662
1001,-2013,1551
975,-1989,1441
946,-1959,1335
918,-1929,1216
890,-1898,1071
861,-1863,910
827,-1808,736
766,-1721,552
703,-1632,315
642,-1550,4
565,-1453,-253
468,-1327,-380
356,-1176,-371
249,-1029,-249
160,-903,-81
94,-799,24
71,-696,16
104,-582,-37
158,-455,-68
187,-339,-35
161,-266,54
90,-246,87
11,-267,-19
-55,-306,-260
-133,-344,-624
-244,-360,-1062
-393,-347,-1506
-535,-304,-1839
-607,-244,-1910
-552,-175,-1769
-380,-113,-1492
-143,-76,-1241
83,-83,-1067
257,-101,-963
346,-112,-894
331,-111,-858
214,-103,-874
27,-87,-950
-172,-57,-1043
-331,-11,-1092
-422,43,-1075
-442,94,-1001
-404,133,-902
-336,153,-822
-267,155,-773
-216,149,-744
-189,142,-707
-183,132,-641
-194,117,-564
-217,95,-491
-237,63,-432
-247,35,-386
-243,10,-350
-229,-8,-314
-210,-27,-278
-197,-45,-242
-191,-63,-209
-196,-73,-182
-207,-76,-165
-223,-73,-153
-249,-64,-142
-284,-50,-135
-321,-32,-134
-352,-11,-147
-364,8,-170
-359,16,-176
-349,11,-154
-339,-4,-115
-325,-14,-76
-299,-7,-65
-261,14,-75
-216,33,-86
-173,35,-77
-135,14,-47
-101,-21,-14
-79,-57,19
-74,-78,53
-84,-83,87
-108,-80,120
-133,-78,150
-158,-79,174
-167,-82,194
-160,-82,210
-146,-79,230
-140,-67,255
-148,-44,285
-163,-18,304
-183,1,305
-196,7,313
-205,11,338
-203,22,387
-181,32,421
-140,27,436
-87,3,449
-22,-30,472
46,-58,504
97,-74,540
126,-82,576
135,-95,607
122,-115,636
96,-142,671
65,-170,707
45,-200,728
41,-228,747
51,-254,787
63,-275,843
63,-290,904
44,-308,953
10,-325,992
-28,-338,1031
-95,-368,1124
-170,-421,969
-219,-92,690
-432,378,-393
-789,451,-1233
-1139,149,-989
-1241,-392,-144
-1080,-920,604
-806,-1263,1117
-510,-1376,1438
-205,-1350,1592
147,-1328,1707
412,-1268,1762
476,-1143,1617
496,-1040,1332
526,-956,1056
543,-865,927
549,-780,958
544,-727,1106
519,-716,1300
479,-746,1450
437,-800,1496
402,-862,1462
381,-915,1396
374,-948,1345
379,-957,1323
394,-950,1319
413,-939,1314
429,-928,1299
443,-922,1270
459,-922,1236
478,-924,1201
499,-929,1175
518,-934,1159
538,-940,1151
563,-944,1156
595,-948,1173
632,-942,1195
673,-924,1217
718,-899,1236
762,-874,1254
797,-852,1269
815,-836,1282
815,-815,1299
796,-788,1319
761,-762,1332
708,-741,1337
641,-732,1329
573,-733,1317
512,-740,1306
469,-750,1298
449,-757,1288
460,-757,1279
502,-752,1270
574,-746,1257
664,-745,1239
760,-747,1220
856,-752,1203
943,-755,1193
1015,-755,1187
1070,-751,1185
1108,-740,1183
1119,-723,1181
1110,-706,1177
1096,-688,1174
1080,-674,1172
1068,-664,1174
1052,-659,1181
1035,-659,1195
1015,-662,1213
995,-667,1236
980,-671,1255
970,-671,1268
967,-668,1275
972,-666,1273
982,-669,1264
994,-672,1258
1014,-671,1269
1042,-662,1305
1073,-656,1360
1096,-656,1429
1107,-672,1491
1121,-733,1602
1123,-734,1606
1130,-739,1608
1135,-744,1611
1143,-750,1617
1154,-756,1626
1166,-764,1642
1180,-779,1664
1194,-801,1687
1204,-823,1715
1217,-841,1739
1231,-855,1759
1241,-867,1775
1244,-881,1793
1241,-897,1810
1236,-908,1827
1229,-920,1844
1219,-933,1862
1207,-945,1882
1193,-964,1901
1181,-990,1920
1175,-1018,1938
1174,-1047,1961
1173,-1081,1994
1175,-1118,2032
1181,-1165,2076
1189,-1223,2128
1196,-1295,2187
1202,-1375,2248
1203,-1459,2306
1200,-1545,2354
1190,-1637,2391
1169,-1725,2419
1140,-1816,2444
1099,-1904,2464
1046,-1986,2484
985,-2059,2499
918,-2122,2500
855,-2182,2480
799,-2246,2434
757,-2302,2379
734,-2342,2323
747,-2324,2272
762,-2378,2187
773,-2426,2073
783,-2420,1958
798,-2363,1850
807,-2285,1740
824,-2218,1612
858,-2177,1463
909,-2155,1294
966,-2127,1127
1022,-2086,967
1064,-2041,805
1062,-1974,640
997,-1866,443
909,-1752,148
801,-1628,-195
667,-1471,-471
507,-1268,-626
340,-1063,-626
196,-894,-467
92,-775,-268
59,-690,-139
84,-600,-75
100,-465,-151
102,-292,-254
90,-121,-260
53,24,-187
-45,125,-190
-187,158,-349
-342,115,-601
-503,28,-890
-627,8,-1196
-736,45,-1553
-803,90,-1970
-783,160,-2253
-671,184,-2340
-458,209,-2214
-172,239,-1923
94,230,-1567
295,182,-1257
428,117,-1064
476,79,-969
442,89,-901
322,132,-844
124,158,-804
-102,145,-790
-274,112,-781
-340,93,-748
-291,86,-668
-162,76,-558
-8,49,-457
110,9,-379
165,-29,-309
155,-50,-238
96,-55,-164
10,-56,-101
-73,-73,-60
-128,-103,-38
-139,-140,-23
-114,-181,-5
-72,-221,22
-42,-256,63
-31,-285,110
-37,-305,158
-52,-316,199
-72,-323,235
-89,-332,269
-107,-358,312
-133,-400,367
-165,-436,429
-195,-445,483
-218,-434,523
-233,-420,546
-235,-411,554
-226,-409,553
-221,-403,552
-228,-381,559
-246,-354,567
-271,-329,565
-290,-305,554
-301,-286,548
-305,-273,556
-307,-266,569
-313,-254,567
-330,-229,555
-350,-191,545
-363,-153,534
-364,-131,522
-345,-122,515
-308,-115,521
-259,-106,540
-216,-99,557
-173,-71,565
-147,-37,544
-161,114,513
-587,329,308
-1457,23,-582
-2060,-402,-1212
-1864,-356,-1063
-1187,-134,-505
-565,-105,127
-72,-218,684
290,-359,1007
572,-493,1076
807,-594,927
1014,-640,659
1205,-609,408
1362,-501,265
1462,-332,262
1478,-159,374
1402,-29,537
1239,23,684
1026,-4,776
811,-87,807
628,-183,795
484,-255,772
381,-289,765
318,-284,787
287,-251,837
281,-209,897
295,-178,944
326,-166,966
370,-175,974
415,-201,974
450,-234,977
469,-268,990
470,-295,1008
454,-314,1031
427,-322,1051
394,-323,1052
364,-320,1038
347,-318,1013
335,-317,988
334,-322,972
343,-333,964
366,-344,975
401,-355,992
449,-362,1011
497,-367,1028
542,-374,1044
579,-384,1057
607,-400,1067
629,-418,1078
638,-440,1089
649,-453,1108
669,-462,1128
693,-464,1151
719,-462,1179
736,-463,1218
737,-468,1255
727,-479,1293
706,-492,1326
687,-503,1352
677,-510,1365
677,-511,1362
682,-508,1352
685,-503,1336
685,-497,1318
682,-495,1304
678,-499,1296
681,-507,1293
692,-517,1295
718,-525,1299
753,-533,1304
785,-534,1307
809,-532,1314
826,-525,1324
835,-516,1332
841,-508,1337
843,-505,1340
839,-505,1337
831,-506,1333
823,-512,1327
814,-519,1328
799,-527,1331
784,-538,1342
766,-553,1358
751,-575,1376
741,-600,1399
742,-632,1427
756,-663,1462
782,-692,1500
812,-716,1546
848,-731,1590
894,-741,1628
945,-748,1657
994,-758,1677
1035,-766,1693
1065,-775,1710
1084,-777,1729
1098,-772,1753
1104,-769,1773
1102,-768,1791
1093,-774,1808
1084,-787,1824
1082,-806,1846
1093,-826,1878
1124,-846,1916
1170,-865,1957
1229,-886,1991
1294,-907,2019
1362,-928,2036
1424,-945,2048
1473,-962,2058
1506,-977,2067
1518,-991,2080
1509,-1008,2092
1479,-1027,2107
1426,-1056,2123
1366,-1087,2143
1302,-1120,2172
1238,-1153,2204
1182,-1192,2239
1138,-1241,2273
1107,-1302,2306
1093,-1372,2342
1091,-1445,2384
1097,-1520,2436
1109,-1600,2499
1120,-1681,2564
1128,-1751,2628
1129,-1818,2666
1119,-1902,2671
1098,-1994,2651
1070,-2071,2618
1039,-2121,2578
1004,-2161,2531
972,-2198,2476
942,-2228,2415
920,-2237,2348
908,-2214,2266
902,-2171,2163
895,-2129,2033
883,-2101,1880
868,-2078,1715
843,-2053,1547
808,-2024,1380
768,-1993,1213
721,-1952,1046
681,-1905,866
653,-1859,646
635,-1805,343
609,-1719,-76
559,-1578,-461
458,-1367,-688
316,-1111,-743
166,-882,-609
38,-717,-326
-41,-623,-31
-60,-574,148
-54,-528,240
-93,-478,289
-189,-419,256
-311,-364,91
-437,-339,-188
-549,-343,-493
-642,-351,-776
-723,-360,-1048
-770,-384,-1274
-712,-431,-1412
-521,-476,-1509
-244,-515,-1473
39,-551,-1303
253,-572,-1020
376,-585,-723
389,-582,-492
320,-568,-376
199,-546,-379
52,-513,-457
-92,-460,-556
-201,-391,-639
-260,-315,-678
-270,-248,-671
-236,-203,-625
-183,-181,-549
-133,-165,-458
-101,-148,-375
-97,-129,-317
-119,-107,-294
-152,-86,-291
-189,-75,-282
-228,-64,-248
-258,-46,-186
-268,-32,-104
-264,-27,-19
-262,-31,51
-277,-48,92
-306,-60,104
-329,-53,105
-343,-41,106
-348,-36,129
-342,-33,178
-331,-20,263
-327,-4,367
-334,15,451
-343,34,503
-346,50,550
-347,63,609
-358,87,676
-384,122,745
-426,171,803
-472,225,803
-512,273,758
-550,313,720
-588,345,721
-623,389,722
-643,447,695
-637,517,652
-611,593,614
-610,670,632
-764,825,657
-701,1078,-35
-596,1293,-485
-582,1435,-626
-681,1330,-1002
-638,110,-1519
-2311,-589,40
-2103,371,663
-558,631,44
1271,138,690
2511,-104,1003
2816,270,552
2159,956,-344
1218,1485,-464
318,1653,114
-367,1629,381
-398,1600,29
196,1471,-269
1026,1328,-297
1568,1242,-344
1603,1196,-423
1262,1156,-403
873,1087,-262
691,1007,-101
742,924,-25
870,850,-59
925,791,-124
872,752,-137
765,736,-86
665,731,-27
602,725,2
570,711,1
543,690,-12
505,666,-17
453,645,-16
402,630,-10
360,612,-7
325,592,-10
301,569,-12
287,545,-10
282,527,-1
284,515,4
295,499,10
316,469,21
347,429,46
383,386,74
421,341,110
455,300,145
481,261,179
498,224,209
508,188,231
506,154,245
498,117,259
487,82,270
482,45,275
465,13,286
428,-10,303
395,-29,312
372,-48,308
358,-66,310
353,-84,328
355,-104,357
355,-122,384
352,-139,404
347,-151,428
341,-170,458
338,-195,486
337,-225,510
339,-259,534
348,-296,561
363,-336,593
378,-380,622
416,-446,462
464,-521,188
445,-509,535
437,-498,879
458,-509,1128
507,-548,1226
567,-592,1190
621,-617,1069
673,-605,928
717,-565,812
754,-516,748
777,-475,728
777,-458,747
750,-472,795
693,-514,855
614,-564,919
522,-603,969
443,-610,998
389,-592,1010
352,-586,1003
337,-603,987
344,-647,986
380,-709,1014
440,-766,1081
521,-802,1179
616,-816,1282
711,-812,1363
793,-804,1408
857,-797,1410
907,-793,1378
943,-800,1341
968,-818,1324
988,-843,1338
1005,-865,1386
1026,-881,1448
1053,-892,1499
1086,-899,1524
1114,-911,1543
1145,-919,1561
1178,-933,1570
1214,-950,1585
1249,-963,1610
1275,-966,1654
1289,-959,1711
1295,-949,1768
1290,-940,1822
1280,-942,1866
1262,-955,1903
1237,-970,1947
1210,-981,2001
1183,-984,2067
1155,-979,2136
1126,-976,2198
1100,-977,2245
1077,-984,2276
1059,-1000,2296
1044,-1019,2318
1037,-1037,2350
1039,-1047,2393
1050,-1057,2437
1070,-1074,2479
1096,-1100,2512
1127,-1129,2533
1163,-1158,2543
1201,-1183,2541
1243,-1207,2526
1288,-1243,2508
1335,-1292,2494
1387,-1352,2492
1441,-1419,2512
1496,-1489,2549
1541,-1569,2598
1580,-1660,2649
1607,-1752,2685
1618,-1836,2697
1604,-1908,2676
1561,-1966,2620
1499,-2012,2535
1431,-2052,2433
1362,-2084,2331
1297,-2102,2239
1238,-2104,2157
1187,-2090,2072
1129,-2061,1963
1076,-2038,1811
1021,-2012,1634
963,-1971,1465
923,-1933,1306
898,-1895,1156
882,-1854,1008
875,-1819,851
855,-1787,672
809,-1741,435
739,-1663,64
655,-1548,-327
554,-1379,-613
431,-1164,-744
305,-953,-675
186,-780,-459
154,-661,-200
153,-545,-189
155,-390,-385
138,-221,-529
103,-107,-529
45,-73,-405
-57,-84,-303
-200,-79,-380
-252,84,-657
-33,528,-1006
-242,361,-1358
-454,158,-1750
-785,-62,-2079
-1160,-161,-2370
-1459,-123,-2607
-1514,32,-2674
-1235,254,-2527
-851,435,-2221
-451,493,-1882
-100,454,-1583
172,388,-1363
344,349,-1191
419,351,-1055
404,367,-972
328,374,-936
209,355,-928
100,312,-906
29,265,-841
5,228,-724
18,207,-570
55,203,-412
103,205,-273
160,196,-168
223,167,-86
280,129,-15
326,102,55
343,92,126
333,90,202
284,89,270
206,79,307
118,55,288
32,22,230
-46,-12,185
-108,-47,189
-151,-76,241
-181,-104,315
-202,-138,386
-204,-174,418
-202,-202,424
-219,-210,446
-261,-213,492
-313,-224,542
-349,-247,568
-349,-277,591
-321,-305,635
-282,-329,699
-253,-346,744
-234,-362,750
-233,-378,734
-249,-397,722
-268,-416,734
-285,-426,773
-299,-421,810
-314,-401,837
-326,-377,878
-330,-358,939
-330,-348,1001
-333,-341,1028
-357,-246,900
-374,489,-25
-722,767,-1709
-1105,49,-1778
-1479,-774,-459
-1511,-1222,902
-1269,-1340,1710
-771,-1271,1894
-162,-1135,1675
338,-954,1305
624,-727,958
789,-528,792
1289,-558,1193
995,-438,1311
459,-118,825
330,-186,870
355,-370,1164
183,-361,1115
109,-249,980
48,-212,1014
40,-191,1085
105,-166,1089
221,-155,1003
341,-176,885
437,-222,811
514,-276,800
560,-319,822
568,-342,842
556,-341,838
528,-330,810
485,-319,766
434,-311,726
384,-307,699
344,-305,689
310,-309,687
287,-312,688
279,-318,689
281,-324,692
293,-329,698
316,-334,706
347,-337,721
386,-339,738
427,-340,751
466,-343,753
501,-346,747
531,-351,740
556,-355,741
576,-358,750
602,-362,770
674,-357,815
714,-365,840
735,-377,841
747,-383,844
751,-387,854
743,-386,868
725,-388,885
691,-397,903
648,-412,917
601,-431,929
566,-448,938
553,-464,957
560,-481,982
580,-499,1014
602,-523,1045
625,-551,1078
649,-582,1113
681,-611,1150
723,-637,1182
774,-659,1208
829,-678,1228
881,-688,1244
916,-695,1258
944,-699,1266
957,-704,1269
966,-706,1276
963,-706,1280
948,-706,1281
920,-708,1278
886,-712,1274
850,-721,1277
816,-738,1283
783,-757,1297
758,-778,1321
745,-800,1352
749,-815,1383
765,-823,1416
792,-827,1451
828,-830,1483
866,-836,1506
902,-845,1528
935,-856,1547
964,-867,1568
989,-875,1589
1012,-879,1615
1034,-879,1643
1054,-877,1670
1073,-873,1694
1090,-869,1717
1104,-863,1735
1112,-851,1748
1117,-839,1754
1119,-827,1755
1120,-816,1759
1123,-807,1767
1130,-800,1785
1135,-800,1813
1138,-808,1847
1138,-823,1881
1137,-849,1914
1135,-876,1945
1138,-904,1970
1146,-931,1994
1157,-959,2012
1173,-991,2032
1191,-1031,2061
1211,-1074,2089
1227,-1114,2123
1239,-1153,2157
1249,-1190,2186
1257,-1230,2209
1258,-1276,2225
1255,-1328,2238
1245,-1387,2256
1231,-1453,2282
1213,-1526,2319
1194,-1596,2363
1178,-1655,2410
1168,-1711,2445
1155,-1780,2454
1142,-1855,2440
1123,-1929,2419
1101,-1997,2402
1077,-2049,2391
1045,-2081,2377
999,-2096,2348
950,-2106,2289
893,-2111,2192
831,-2109,2067
769,-2105,1928
715,-2093,1794
675,-2057,1665
647,-2004,1536
629,-1946,1410
604,-1893,1278
571,-1851,1138
536,-1814,985
509,-1771,807
491,-1723,605
480,-1666,360
475,-1587,7
467,-1473,-415
436,-1312,-752
380,-1105,-953
312,-887,-953
245,-691,-711
219,-534,-419
316,-413,-167
435,-300,-100
495,-200,-113
466,-139,-98
378,-119,-85
253,-127,-120
106,-164,-261
-44,-212,-487
-185,-254,-769
-340,-307,-1060
-505,-347,-1305
-633,-382,-1494
-611,-394,-1613
-444,-389,-1605
-213,-363,-1492
6,-323,-1276
185,-300,-1047
316,-309,-855
385,-339,-719
392,-363,-633
326,-362,-589
192,-330,-578
18,-273,-593
-144,-204,-619
-258,-129,-638
-319,-56,-623
-335,3,-560
-316,42,-462
-276,61,-349
-237,69,-242
-215,67,-141
-215,64,-59
-232,62,-4
-261,58,32
-285,46,73
-297,28,141
-298,4,227
-298,-15,321
-302,-28,405
-310,-25,462
-332,-9,504
-375,12,520
-438,46,536
-511,94,561
-586,150,582
-657,206,584
-712,261,572
-749,305,545
-770,341,516
-776,374,490
-757,406,469
-725,431,452
-683,452,423
-646,467,402
-608,496,363
-574,570,274
-604,792,18
-577,880,-530
-658,647,-921
-885,274,-1008
-995,-227,-530
-583,-62,144
-689,96,-123
-652,186,-229
-448,228,-94
-192,227,196
57,201,614
252,213,1200
262,277,1373
125,276,1164
28,263,989
-124,303,729
-302,423,425
-405,599,227
-409,748,177
-314,764,264
-98,718,442
149,623,572
340,506,595
458,400,545
508,335,473
511,317,393
477,328,342
446,363,334
453,422,375
459,448,427
459,432,477
450,388,515
436,337,527
425,297,529
419,272,528
413,255,531
401,239,533
383,213,535
355,181,524
319,142,508
283,106,493
255,73,475
237,47,475
227,21,486
223,-7,497
226,-41,511
236,-74,516
257,-103,521
281,-128,533
308,-147,561
342,-163,590
381,-174,621
427,-187,640
496,-213,595
541,-235,604
574,-266,630
599,-306,649
618,-347,652
630,-384,662
634,-420,672
637,-449,681
632,-467,712
629,-476,744
629,-485,779
649,-499,791
690,-519,789
743,-540,790
800,-560,804
861,-572,833
922,-574,871
978,-568,915
1022,-556,949
1044,-545,971
1046,-540,977
1028,-544,968
1002,-553,955
975,-559,949
947,-565,954
927,-562,967
912,-561,987
897,-582,1011
886,-620,1044
876,-665,1089
863,-707,1151
860,-737,1216
864,-758,1277
881,-781,1328
907,-811,1365
940,-855,1398
982,-903,1435
1027,-948,1483
1076,-986,1549
1130,-1016,1625
1185,-1046,1704
1233,-1074,1774
1272,-1101,1835
1300,-1125,1886
1315,-1145,1940
1319,-1162,1983
1312,-1178,2011
1296,-1190,2025
1275,-1197,2028
1245,-1192,2029
1208,-1186,2033
1165,-1183,2035
1117,-1187,2044
1069,-1191,2059
1021,-1192,2077
989,-1186,2099
973,-1177,2116
972,-1167,2126
981,-1167,2135
1002,-1175,2137
1036,-1188,2142
1078,-1200,2154
1122,-1215,2167
1163,-1232,2187
1198,-1255,2211
1224,-1287,2233
1239,-1326,2257
1243,-1372,2279
1239,-1424,2308
1227,-1484,2345
1214,-1548,2394
1197,-1610,2447
1182,-1668,2493
1169,-1715,2521
1159,-1755,2517
1145,-1790,2486
1127,-1821,2417
1105,-1844,2326
1076,-1856,2216
1037,-1858,2103
991,-1842,1990
939,-1814,1866
890,-1782,1722
843,-1753,1563
796,-1727,1399
750,-1700,1242
712,-1669,1090
689,-1630,950
676,-1573,811
672,-1511,671
671,-1451,516
674,-1387,322
670,-1302,28
658,-1181,-297
631,-1028,-546
595,-856,-687
560,-681,-659
535,-522,-491
566,-408,-299
655,-345,-98
701,-299,-51
678,-246,-83
596,-175,-119
494,-98,-175
424,-8,-256
370,29,-340
279,-68,-425
210,-158,-499
183,-160,-546
38,-317,-654
-87,-380,-768
-202,-397,-866
-286,-398,-935
-307,-363,-964
-261,-291,-944
-174,-207,-891
-75,-138,-831
13,-88,-769
80,-54,-711
124,-33,-652
142,-14,-601
134,-1,-567
109,5,-535
73,13,-507
38,24,-476
9,32,-447
-8,39,-431
-21,44,-433
-32,52,-443
-48,61,-449
-66,72,-445
-85,86,-434
-109,100,-423
-140,112,-401
-181,124,-359
-227,138,-301
-267,142,-245
-297,129,-190
-324,105,-140
-357,83,-86
-396,76,-41
-436,82,2
-472,87,48
-497,74,100
-511,42,167
-514,0,257
-501,-31,358
-480,-40,453
-449,-30,531
-419,-11,576
-394,6,599
-379,17,613
-370,22,632
-368,29,667
-376,41,708
-395,55,749
-418,65,788
-441,65,815
-463,60,825
-483,56,824
-505,61,814
-1387,-942,-431
-6981,-7891,-7680
-526,-971,7565
1778,7144,8203
2000,4381,3714
1294,1316,-594
935,29,-2406
690,-674,-2660
170,-903,-1960
-604,-879,-669
-1303,-776,764
-1669,-415,1848
-1742,84,2253
-1624,463,1908
-1360,607,1087
-669,455,474
-547,591,99
-729,431,-343
-513,200,-314
-63,-43,-109
410,-267,236
733,-454,726
832,-611,1227
825,-757,1467
754,-823,1419
670,-753,1193
578,-554,911
533,-284,877
534,-68,717
552,80,519
569,170,371
577,207,301
568,204,323
542,160,426
502,92,581
453,11,756
401,-67,912
338,-130,1010
271,-172,1053
206,-193,1064
145,-194,1080
93,-188,1107
59,-190,1149
48,-211,1216
60,-260,1295
93,-330,1370
143,-412,1418
212,-489,1447
293,-543,1464
386,-573,1468
481,-580,1469
572,-576,1466
657,-573,1466
733,-580,1472
803,-597,1486
873,-620,1513
944,-644,1550
1014,-659,1589
1081,-666,1639
1140,-672,1696
1188,-676,1756
1223,-683,1814
1242,-684,1872
1245,-689,1928
1233,-698,1982
1209,-727,2041
1175,-764,2108
1129,-814,2180
1079,-879,2252
1033,-950,2325
994,-1006,2395
961,-1047,2473
938,-1081,2552
923,-1122,2614
916,-1168,2676
915,-1210,2725
921,-1236,2764
935,-1259,2784
955,-1279,2779
980,-1298,2750
1012,-1309,2711
1051,-1308,2671
1099,-1301,2636
1148,-1297,2600
1196,-1299,2566
1237,-1308,2536
1270,-1329,2514
1296,-1366,2505
1313,-1407,2516
1321,-1446,2551
1321,-1484,2597
1306,-1522,2633
1281,-1564,2637
1249,-1606,2610
1217,-1636,2564
1182,-1644,2507
1145,-1636,2435
1101,-1611,2331
1059,-1569,2190
1017,-1523,2016
978,-1483,1830
943,-1440,1647
911,-1391,1480
883,-1339,1328
854,-1287,1185
831,-1236,1037
808,-1187,881
782,-1142,714
755,-1104,533
725,-1059,308
688,-1001,24
640,-929,-222
587,-836,-394
529,-723,-469
481,-603,-435
449,-493,-318
451,-404,-202
501,-330,-138
588,-268,-122
674,-201,-145
721,-137,-182
711,-85,-176
628,-54,-152
495,-52,-165
341,-79,-249
191,-126,-398
60,-176,-561
-45,-202,-702
-127,-196,-816
-182,-171,-903
-202,-151,-975
-191,-135,-1030
-145,-130,-1044
-79,-133,-999
-7,-149,-905
57,-177,-785
104,-202,-668
118,-214,-558
110,-212,-465
89,-196,-396
59,-172,-347
25,-145,-309
-8,-105,-280
-46,-64,-258
-83,-33,-240
-117,-23,-214
-150,-30,-184
-184,-52,-143
-223,-70,-92
-265,-72,-39
-304,-56,15
-331,-35,82
-341,-23,172
-341,-28,268
-338,-42,353
-342,-50,415
-353,-37,448
-377,-12,456
-413,11,451
-467,26,457
-539,29,483
-618,34,510
-693,48,522
-758,74,510
-815,107,481
-857,139,455
-872,160,438
-858,169,432
-826,185,447
-972,167,427
-1298,26,422
-1787,-492,527
-1794,-530,542
-1462,42,516
-1230,499,185
-901,448,68
-584,353,64
-375,287,6
-229,264,-173
-113,309,-464
-30,392,-687
106,480,-764
375,393,-685
963,103,-157
2036,-281,1559
2230,-351,1145
1617,-129,-397
1136,-47,-580
754,0,-299
422,57,168
127,140,551
-65,228,655
-175,290,533
-228,311,322
-233,291,149
-210,242,89
-167,181,142
-104,113,269
-31,48,411
33,-11,538
79,-67,646
101,-110,738
99,-138,812
93,-157,865
88,-175,904
88,-206,942
100,-251,1007
126,-311,1105
164,-376,1227
221,-434,1351
294,-476,1444
386,-509,1508
493,-537,1565
611,-561,1610
741,-575,1631
874,-584,1632
1004,-594,1640
1123,-601,1657
1220,-598,1675
1291,-589,1687
1339,-582,1686
1371,-588,1669
1396,-604,1659
1411,-619,1666
1424,-636,1700
1438,-652,1757
1455,-678,1822
1474,-711,1889
1487,-751,1963
1485,-797,2045
1471,-851,2140
1443,-913,2238
1403,-980,2352
1349,-1056,2489
1284,-1146,2648
1206,-1245,2824
1121,-1338,3002
1029,-1412,3160
930,-1459,3277
829,-1485,3337
734,-1500,3344
644,-1527,3300
574,-1573,3222
540,-1586,3132
553,-1545,3052
613,-1486,2968
713,-1460,2875
846,-1473,2775
996,-1499,2685
1156,-1507,2618
1319,-1500,2566
1472,-1487,2518
1601,-1475,2459
1697,-1475,2385
1755,-1486,2293
1767,-1500,2197
1734,-1505,2102
1667,-1487,2019
1572,-1459,1932
1464,-1430,1823
1354,-1400,1693
1249,-1362,1547
1161,-1317,1396
1085,-1272,1245
1015,-1226,1093
942,-1185,936
869,-1145,769
799,-1104,591
736,-1054,374
676,-987,89
620,-897,-156
567,-780,-305
518,-647,-345
485,-509,-257
465,-380,-97
470,-272,45
497,-202,110
518,-166,104
507,-149,46
469,-135,-41
407,-117,-153
325,-105,-301
242,-109,-448
164,-131,-557
90,-165,-626
27,-197,-672
-2,-213,-706
8,-215,-729
58,-208,-741
133,-197,-732
212,-187,-703
282,-178,-662
334,-163,-622
360,-141,-594
361,-111,-579
338,-73,-570
297,-35,-564
246,1,-556
198,36,-551
156,67,-552
126,96,-554
103,123,-553
83,150,-555
63,173,-554
32,188,-547
-9,193,-538
-68,190,-521
-136,175,-495
-207,152,-467
-278,122,-429
-341,95,-371
-396,79,-301
-430,74,-228
-433,71,-160
-419,69,-82
-405,72,5
-412,80,87
-441,92,142
-487,108,164
-538,116,165
-593,109,161
-646,96,172
-686,85,203
-705,84,246
-705,88,287
-688,92,315
-657,96,330
-622,97,346
-594,95,378
-583,96,418
-588,95,462
-606,90,496
-625,77,519
-633,59,538
-631,36,556
-619,12,568
-601,-7,577
-579,-20,585
-559,-12,582
-589,-14,607
-712,-41,618
-935,-17,603
-1162,-75,461
-1303,-231,134
-1267,-332,-102
-1080,-334,-105
-841,-302,72
-607,-313,341
-382,-374,608
-165,-460,820
32,-544,940
220,-616,974
400,-677,948
561,-724,904
691,-732,872
788,-687,860
849,-599,871
873,-492,900
865,-405,937
832,-352,979
778,-342,1013
710,-360,1039
634,-394,1064
572,-422,1092
539,-432,1134
542,-428,1193
578,-421,1267
632,-424,1343
690,-440,1415
745,-470,1466
787,-510,1519
813,-549,1588
840,-569,1656
862,-565,1707
882,-543,1734
897,-510,1746
902,-477,1740
880,-454,1703
838,-445,1661
778,-449,1631
710,-465,1620
646,-490,1634
597,-521,1672
567,-555,1730
563,-594,1802
590,-636,1894
647,-678,1998
727,-711,2117
826,-741,2232
936,-768,2327
1053,-797,2399
1170,-833,2447
1273,-868,2477
1363,-892,2505
1437,-914,2539
1489,-945,2588
1524,-993,2648
1536,-1056,2719
1527,-1121,2798
1503,-1189,2873
1468,-1261,2942
1432,-1330,2994
1397,-1387,3025
1368,-1427,3036
1343,-1454,3021
1325,-1473,2980
1314,-1487,2919
1309,-1495,2844
1304,-1493,2759
1303,-1488,2667
1303,-1488,2573
1306,-1487,2484
1318,-1478,2402
1336,-1454,2321
1360,-1427,2231
1384,-1399,2131
1405,-1367,2020
1413,-1331,1903
1410,-1294,1783
1396,-1261,1654
1373,-1230,1522
1341,-1202,1396
1299,-1175,1284
1250,-1147,1192
1191,-1119,1118
1127,-1095,1051
1053,-1073,979
977,-1057,890
906,-1039,781
837,-1014,640
769,-974,449
700,-910,184
628,-810,-62
553,-673,-240
478,-516,-323
412,-357,-266
358,-213,-140
323,-93,-10
316,-13,51
323,31,25
328,47,-69
332,53,-218
328,54,-406
319,44,-606
302,18,-784
282,-19,-917
251,-55,-999
206,-75,-1049
160,-68,-1087
126,-42,-1117
109,-4,-1136
100,27,-1139
95,41,-1123
89,35,-1110
74,16,-1089
39,-3,-1055
-13,-16,-998
-72,-14,-928
-134,-1,-860
-189,16,-801
-238,28,-748
-280,29,-702
-320,24,-665
-356,18,-637
-388,6,-623
-405,-16,-607
-413,-50,-574
-422,-82,-521
-446,-107,-455
-473,-123,-393
-495,-136,-340
-510,-150,-283
-522,-167,-216
-530,-184,-145
-533,-201,-69
-531,-218,4
-525,-230,72
-512,-240,120
-501,-246,154
-497,-251,188
-498,-252,234
-498,-255,288
-499,-261,339
-499,-271,382
-494,-280,412
-490,-289,435
-482,-294,443
-474,-300,448
-462,-308,451
-447,-321,468
-436,-341,526
-474,-307,563
-576,-202,430
-765,-224,152
-973,-327,-71
-1093,-406,-110
-1153,-476,30
-1147,-545,236
-1042,-582,440
-820,-586,642
-539,-597,827
-266,-643,963
-42,-703,1056
129,-748,1105
277,-754,1090
397,-715,1024
482,-633,968
527,-525,956
533,-415,977
514,-330,1003
480,-283,1017
440,-272,1026
405,-289,1031
383,-324,1039
381,-359,1059
403,-385,1093
448,-396,1138
512,-400,1184
587,-399,1218
672,-398,1242
759,-402,1274
846,-407,1319
930,-417,1374
1006,-427,1430
1071,-434,1472
1124,-434,1486
1162,-432,1466
1180,-429,1464
1182,-431,1482
1167,-439,1498
1146,-460,1497
1131,-497,1505
1130,-543,1529
1136,-593,1575
1151,-635,1647
1178,-663,1746
1220,-677,1863
1274,-681,1992
1330,-690,2106
1372,-713,2168
1397,-741,2209
1396,-773,2246
1380,-804,2299
1349,-833,2373
1301,-865,2470
1243,-898,2569
1183,-939,2669
1129,-987,2756
1086,-1037,2830
1058,-1082,2893
1048,-1116,2942
1059,-1134,2974
1089,-1146,2982
1132,-1161,2965
1183,-1183,2932
1239,-1206,2890
1295,-1219,2855
1344,-1219,2830
1390,-1223,2802
1429,-1231,2770
1461,-1238,2729
1482,-1243,2677
1490,-1258,2616
1490,-1292,2548
1484,-1336,2492
1476,-1374,2455
1466,-1396,2439
1453,-1404,2422
1434,-1404,2380
1404,-1399,2295
1366,-1383,2173
1326,-1352,2025
1274,-1313,1860
1216,-1277,1689
1154,-1241,1521
1093,-1212,1359
1038,-1183,1203
989,-1157,1053
948,-1133,909
913,-1113,767
882,-1094,624
855,-1085,467
833,-1075,259
813,-1042,-46
786,-970,-346
746,-844,-552
695,-672,-632
652,-493,-548
637,-324,-351
643,-184,-117
663,-87,54
661,-28,87
616,-6,-35
546,-5,-263
480,-14,-525
424,-42,-750
370,-86,-889
311,-143,-967
249,-203,-1007
193,-255,-1029
164,-287,-1051
172,-295,-1063
203,-285,-1054
242,-267,-1034
271,-249,-1010
275,-238,-974
252,-234,-912
206,-226,-835
140,-210,-753
62,-185,-677
-15,-151,-611
-84,-115,-562
-136,-82,-533
-174,-53,-521
-207,-33,-529
-236,-26,-547
-262,-36,-561
-284,-50,-569
-303,-57,-563
-322,-54,-530
-360,-47,-466
-415,-50,-383
-481,-63,-289
-549,-83,-179
-614,-107,-61
-669,-128,63
-710,-138,181
-726,-136,271
-720,-131,246
-690,-234,172
-634,-341,206
-560,-191,38
-534,-37,-81
-679,-35,-90
-886,-150,116
-995,-273,458
-926,-360,793
-739,-399,1007
-562,-386,1048
-463,-323,939
-402,-235,736
-345,-143,550
-291,-83,449
-236,-75,439
-158,-123,491
-57,-201,573
46,-259,654
121,-259,701
147,-199,710
119,-98,656
49,-27,542
-71,26,481
-203,93,416
-330,180,383
-424,264,331
-469,362,314
-497,461,353
-495,520,389
-423,501,412
-270,429,490
-48,362,665
198,358,904
401,414,1109
534,488,1202
608,564,1190
646,630,1138
693,677,1081
755,742,1057
827,823,1040
895,902,1018
961,959,1031
1018,974,1087
1035,948,1111
992,887,1099
889,818,1123
755,747,1230
609,668,1410
460,595,1548
266,569,1588
-24,599,1525
-371,642,1401
-717,635,1362
-1009,555,1460
-1173,454,1648
-1166,419,1802
-984,475,1811
-662,556,1687
-257,574,1576
146,471,1632
475,268,1796
706,42,1915
850,-131,1925
942,-239,1870
1019,-330,1844
1090,-462,1841
1176,-630,1857
1293,-787,1907
1438,-899,1967
1580,-968,2030
1692,-1015,2098
1763,-1057,2158
1766,-1092,2192
1700,-1119,2194
1581,-1134,2155
1435,-1147,2093
1287,-1169,2034
1158,-1173,1990
1060,-1149,1957
981,-1104,1917
906,-1059,1856
819,-1017,1784
712,-972,1718
589,-924,1673
465,-883,1652
363,-847,1627
300,-812,1590
286,-779,1559
320,-763,1568
387,-777,1625
471,-813,1694
558,-845,1723
639,-847,1696
700,-819,1647
727,-784,1623
722,-766,1629
707,-762,1650
700,-750,1664
719,-721,1652
756,-682,1604
805,-643,1534
861,-606,1459
918,-564,1384
965,-525,1311
1001,-491,1244
1031,-456,1181
1069,-421,1127
1120,-384,1080
1180,-353,1029
1244,-327,968
1299,-303,901
1333,-274,838
1339,-240,795
1317,-205,777
1269,-170,776
1204,-140,774
1129,-121,752
1057,-111,721
991,-108,686
928,-102,648
870,-88,599
815,-66,538
765,-43,470
718,-20,405
678,-2,344
647,5,292
627,4,239
619,4,184
620,6,123
626,11,49
632,20,-34
637,33,-123
637,52,-215
626,76,-294
611,103,-349
588,132,-395
543,159,-433
469,187,-462
371,220,-487
273,261,-504
190,303,-514
124,338,-518
63,362,-507
0,367,-473
-65,356,-432
-126,342,-417
-163,327,-423
-175,310,-437
-161,297,-444
-118,280,-438
-49,241,-429
20,193,-418
54,166,-402
40,171,-380
-2,190,-363
-59,198,-343
-113,180,-305
-150,147,-254
-147,117,-199
-117,98,-131
-79,81,-52
-46,43,22
-34,-7,109
-40,-59,209
-46,-112,303
-42,-170,392
-24,-239,478
9,-310,568
56,-369,674
91,-403,787
76,-420,888
11,-440,970
-80,-472,1041
-178,-502,1112
-249,-513,1183
-279,-504,1230
-286,-488,1252
-289,-472,1279
-306,-444,1302
-1033,-536,-974
-1584,-468,-1172
-1428,-588,-599
569,-752,2202
1695,504,6799
847,545,3518
-210,-421,-214
-1182,-1471,-2229
-1429,-754,-813
-1010,495,1880
-422,850,2711
138,517,1902
184,24,903
10,-100,563
92,157,952
330,333,1477
540,205,1585
473,-75,1494
276,-178,1567
245,-40,1570
275,131,1472
342,175,1239
329,141,1220
297,117,1333
319,158,1391
392,286,1456
449,331,1397
459,179,1242
493,85,1287
538,137,1367
581,275,1405
596,377,1387
588,399,1348
559,350,1302
530,295,1300
488,271,1308
434,278,1286
381,299,1253
347,301,1226
332,298,1247
331,284,1275
335,271,1282
346,265,1277
357,264,1298
346,249,1321
317,231,1303
278,228,1297
232,232,1282
198,233,1251
182,235,1243
182,237,1228
189,234,1238
209,234,1226
226,231,1214
246,226,1209
276,214,1193
310,199,1180
335,184,1177
341,173,1180
353,167,1177
358,156,1179
362,145,1177
347,134,1190
324,119,1215
304,107,1223
294,102,1220
302,102,1213
328,101,1212
358,91,1222
374,73,1232
379,57,1248
381,45,1254
385,39,1245
387,40,1232
390,44,1222
380,45,1226
367,40,1223
365,39,1203
360,43,1193
363,47,1184
366,48,1184
369,47,1189
370,45,1197
362,44,1211
359,41,1216
354,40,1220
350,40,1222
343,38,1233
333,34,1258
336,30,1273
324,28,1307
315,26,1338
318,23,1356
328,16,1362
333,7,1378
345,-1,1390
349,-6,1404
353,-9,1413
356,-11,1425
354,-15,1438
358,-17,1432
363,-22,1422
370,-28,1430
392,-33,1429
389,-36,1421
376,-42,1407
364,-47,1396
348,-50,1400
338,-57,1398
334,-63,1379
321,-66,1360
318,-66,1329
311,-61,1298
309,-51,1263
308,-43,1232
309,-31,1211
303,-24,1205
300,-17,1201
297,-12,1197
294,-7,1193
287,0,1182
281,7,1154
257,16,1137
242,27,1094
209,40,1064
193,57,1021
183,75,981
171,89,938
172,100,892
187,106,855
211,108,828
239,108,810
272,102,798
303,95,783
332,84,771
376,67,758
405,65,744
418,65,722
416,73,704
399,85,689
372,99,688
339,111,694
307,119,707
279,125,715
254,125,727
233,125,742
217,125,756
203,131,766
185,136,773
178,144,773
177,150,767
181,156,755
184,162,743
190,167,733
203,170,726
214,173,722
221,174,719
223,172,714
223,169,711
224,167,711
221,166,707
208,170,708
190,173,710
190,169,711
193,165,708
199,159,705
205,160,706
205,163,708
210,167,709
222,172,707
236,177,702
245,182,697
254,187,690
260,195,685
263,204,683
264,214,681
262,223,681
259,232,684
253,240,689
248,244,696
240,247,707
231,250,718
224,254,732
218,259,744
216,263,754
214,265,761
212,265,765
210,264,768
209,264,767
207,263,766
207,260,763
206,259,761
206,259,761
206,259,761
205,257,761
206,254,762
207,251,763
206,249,771
206,248,779
205,247,788
206,248,799
206,251,808
207,255,815
212,258,822
216,259,828
224,258,831
232,256,837
241,256,844
248,257,853
251,260,865
251,264,872
249,265,879
245,264,883
242,260,887
242,255,887
243,254,892
244,251,898
244,250,910
243,249,922
239,247,933
235,244,944
228,241,950
221,240,955
215,239,961
212,238,962
206,238,960
203,237,965
197,237,971
190,233,977
184,232,983
179,228,986
175,225,991
169,220,997
166,214,1002
161,210,1005
156,207,1010
153,206,1009
154,209,1011
156,212,1011
158,215,1009
162,218,1007
165,221,1004
169,222,1000
173,226,995
178,229,991
182,232,987
187,235,986
190,238,985
192,238,984
194,237,986
198,237,987
200,237,990
204,235,993
206,232,995
207,229,998
209,224,999
206,222,999
203,220,999
200,220,996
197,222,993
197,225,990
196,227,984
196,230,981
196,230,981
195,229,981
193,224,983
189,221,985
186,221,989
182,221,988
179,224,986
180,227,979
180,229,973
181,230,964
184,230,958
185,228,953
188,228,950
192,228,952
196,230,956
199,230,960
203,230,962
208,229,963
214,229,962
220,229,957
227,233,954
232,237,951
238,239,947
239,242,944
242,241,942
243,241,938
244,240,936
243,239,938
242,240,939
240,240,941
237,241,944
236,242,946
232,244,947
231,244,947
231,245,943
228,246,940
229,246,937
227,244,934
226,244,932
224,241,932
222,240,931
220,240,932
217,237,932
216,237,934
216,239,937
212,239,938
210,239,939
207,238,941
205,238,942
205,238,941
204,239,941
205,242,941
208,244,942
209,247,942
210,249,943
212,248,944
213,249,946
215,247,948
217,246,948
218,245,948
220,244,949
222,242,949
223,242,946
225,240,946
227,238,944
229,237,944
234,237,942
236,236,942
239,233,941
242,233,941
244,233,941
246,233,942
249,234,942
253,235,942
254,235,942
256,235,945
256,236,946
257,235,947
257,235,949
257,235,949
257,237,949
257,241,949
257,242,948
257,243,946
257,243,944
257,243,942
257,242,942
257,240,943
259,238,944
258,236,945
258,236,948
257,237,951
256,237,953
257,238,952
258,239,952
259,240,950
260,241,948
259,241,945
259,242,941
258,243,938
260,246,935
261,249,932
262,252,929
265,254,927
267,253,925
269,251,923
271,250,922
272,249,921
276,250,922
279,251,923
284,254,926
289,257,926
293,257,927
296,256,927
298,257,928
299,256,928
300,255,926
300,256,923
300,255,920
297,253,917
296,255,915
297,255,916
295,254,918
293,255,921
289,255,923
285,255,927
281,253,930
278,252,931
276,251,930
273,251,929
270,251,927
269,251,923
266,251,920
265,250,916
266,249,912
267,251,910
270,250,907
272,250,907
274,251,911
278,252,914
284,254,917
289,255,919
295,255,920
300,256,922
305,256,925
309,253,925
311,252,929
314,251,930
316,251,931
317,252,932
318,252,931
316,255,930
316,256,929
313,256,926
312,256,923
308,256,918
303,255,915
298,256,913
295,258,912
291,258,911
288,260,911
283,260,910
280,260,913
279,258,915
277,258,914
276,258,916
277,256,917
276,255,917
277,256,919
278,255,919
281,255,920
284,253,919
285,251,921
287,249,922
287,248,922
288,247,920
289,245,921
289,244,920
291,245,917
293,246,918
294,247,919
287,238,856
321,256,682
343,293,736
316,287,861
304,256,931
294,225,977
270,210,1032
260,228,1073
274,255,1076
302,271,1043
319,263,979
322,248,910
321,244,853
321,251,816
325,265,796
325,275,793
321,277,804
# balls=3,catches=20,detected=14,sampleRate=200,timestamp=1781212463,countMode=watch_hand
x,y,z
364,176,909
354,178,909
346,181,911
339,184,916
335,187,921
331,189,925
329,192,927
327,192,929
322,192,928
315,191,928
312,190,929
312,191,929
314,190,929
320,189,927
325,189,927
331,187,928
334,185,929
336,182,929
336,180,929
336,179,931
334,178,933
333,177,934
331,177,936
331,178,936
329,177,936
326,177,938
322,176,938
317,172,938
313,170,936
309,169,938
305,167,940
300,165,941
295,165,941
292,165,940
288,168,939
284,170,939
283,172,940
285,173,944
289,174,945
293,173,949
298,174,953
303,175,958
308,175,961
313,175,963
315,174,964
315,173,965
315,172,965
314,171,964
312,170,962
311,171,959
310,171,958
309,170,956
309,168,953
308,169,950
305,168,951
303,168,949
298,166,949
296,165,949
294,166,947
292,165,949
291,165,950
289,166,951
288,166,952
287,165,953
287,166,955
287,166,957
288,166,956
288,165,958
290,165,956
293,165,955
297,165,953
301,166,952
304,165,951
308,165,948
309,165,947
310,164,944
310,163,943
310,164,941
311,169,939
313,172,940
314,173,939
315,176,937
315,176,939
313,175,939
310,173,939
307,172,940
304,172,938
302,175,941
301,176,939
302,179,939
305,179,939
306,179,938
307,177,939
306,175,938
307,173,939
308,174,941
308,175,940
308,174,938
305,175,938
303,175,938
301,174,938
301,175,937
304,175,939
306,175,940
309,174,943
311,174,942
312,173,941
309,171,941
305,170,941
303,168,939
302,168,936
303,168,935
306,169,935
309,172,935
309,171,933
308,170,932
306,169,934
304,169,933
303,169,932
301,168,931
300,169,930
302,172,930
303,174,928
305,175,930
306,174,929
306,173,929
305,172,931
302,172,931
302,170,932
304,170,933
307,170,934
310,171,935
314,172,935
317,173,936
318,174,938
318,174,938
318,172,940
314,169,939
312,166,937
309,166,935
306,166,933
304,167,932
306,169,931
307,171,929
307,173,928
308,174,929
310,174,930
311,175,932
313,175,934
315,176,936
317,175,937
317,175,935
316,176,936
317,177,935
317,179,935
319,179,934
319,180,935
321,180,934
320,181,936
321,180,935
321,178,935
319,177,934
318,177,933
316,177,931
314,177,931
314,177,932
313,177,932
313,176,933
312,175,935
309,172,935
305,170,937
302,167,936
303,167,936
304,166,935
306,166,933
308,167,933
310,166,932
310,168,932
310,168,932
310,167,930
311,165,930
311,164,929
312,164,928
313,163,928
315,164,926
317,165,925
321,163,926
322,164,926
324,165,923
324,165,925
324,165,926
323,164,927
322,164,929
320,163,929
319,161,930
317,159,933
317,158,934
315,157,937
315,154,938
312,152,938
309,153,937
304,150,939
295,149,944
290,147,941
289,145,938
289,147,935
294,146,932
297,149,930
300,150,928
304,152,929
308,154,928
311,155,930
314,155,933
313,154,935
309,154,936
312,155,940
319,158,941
327,162,945
334,165,947
338,165,950
339,163,951
337,163,952
334,161,957
328,160,960
322,158,965
317,156,966
314,156,966
313,156,966
315,157,964
316,158,963
315,157,964
315,156,965
315,152,964
315,149,966
318,150,966
325,155,967
334,158,966
339,163,965
343,166,965
346,170,967
346,172,970
348,173,971
349,176,971
350,180,975
347,185,979
343,191,984
342,197,987
348,200,986
352,195,989
346,192,996
332,193,997
321,195,994
319,197,988
326,198,977
334,198,969
337,193,958
335,183,946
325,175,936
318,165,925
317,161,917
321,159,911
329,157,904
337,155,897
342,152,889
345,149,880
347,144,875
349,140,870
353,136,867
356,130,864
356,125,863
351,119,856
347,114,851
358,112,852
375,109,853
388,105,849
384,100,842
370,94,833
355,93,823
342,93,811
337,93,800
336,90,791
340,85,781
335,78,780
321,71,762
318,65,742
331,63,729
350,64,716
361,63,700
362,61,686
353,60,678
339,60,669
323,59,659
308,55,648
297,52,633
293,52,621
299,55,613
313,58,621
335,56,631
356,47,643
371,39,656
380,34,666
384,34,675
386,39,681
389,47,687
398,54,692
411,58,700
423,60,711
446,55,716
475,46,711
499,33,723
516,17,728
524,2,730
522,-11,721
522,-19,716
534,-20,708
552,-22,701
569,-24,696
586,-30,691
608,-35,685
634,-43,679
658,-50,676
685,-54,680
711,-55,690
738,-56,696
763,-56,702
783,-54,709
798,-52,719
805,-51,729
810,-47,736
809,-43,752
811,-36,772
819,-27,789
832,-18,801
846,-6,815
860,0,826
871,7,833
879,9,840
881,11,845
880,13,847
883,16,847
885,19,850
892,17,855
899,17,859
906,16,864
911,16,869
908,15,872
899,18,879
892,26,887
884,34,893
878,41,894
872,43,896
865,41,905
855,33,912
848,26,918
844,23,919
838,26,918
833,33,916
827,40,915
823,42,917
823,43,922
824,38,924
825,36,922
824,34,918
824,34,912
829,35,898
840,40,879
850,41,862
855,38,848
859,31,837
866,25,826
874,24,813
881,22,790
878,19,772
871,12,758
863,7,746
855,7,736
847,10,732
837,9,733
827,5,739
824,3,741
824,3,743
826,3,745
819,0,745
810,-3,740
795,-9,736
775,-16,733
765,-3,721
759,35,705
772,69,664
786,67,632
790,25,612
788,-38,604
780,-88,600
757,-109,596
713,-100,592
672,-65,587
647,-21,589
636,15,597
623,34,613
610,43,626
607,48,643
621,48,661
635,42,685
629,34,691
619,29,654
623,33,641
642,39,641
678,39,639
725,24,636
771,0,651
800,-28,637
831,-27,624
825,22,634
760,81,654
666,106,665
595,101,671
575,79,678
597,56,695
623,43,719
629,34,748
610,28,778
579,27,803
554,32,833
536,44,859
522,55,878
508,68,889
497,75,905
502,80,910
517,86,905
536,89,894
549,86,882
552,76,870
546,61,856
539,50,835
540,42,818
548,40,802
553,38,792
559,30,779
561,13,762
562,0,750
567,-5,738
577,-4,725
591,2,711
601,7,696
607,3,692
612,-6,689
619,-15,689
627,-19,692
629,-18,697
632,-14,700
632,-8,702
630,-2,702
625,0,707
618,0,710
611,-3,710
609,-10,708
606,-17,706
597,-25,704
582,-33,697
564,-38,688
543,-40,677
521,-42,665
498,-43,659
482,-42,650
470,-42,644
464,-43,640
456,-47,635
452,-48,631
449,-44,628
451,-40,628
453,-38,632
457,-39,632
465,-40,635
474,-40,636
483,-40,643
485,-42,648
484,-47,652
482,-53,656
482,-53,662
487,-49,670
495,-45,681
502,-43,693
508,-41,704
508,-40,715
506,-39,726
502,-37,739
502,-37,755
505,-36,769
510,-38,785
517,-42,795
521,-46,807
517,-51,816
508,-56,824
500,-62,833
494,-65,844
493,-68,856
493,-74,866
494,-81,874
494,-88,882
492,-92,891
485,-97,899
478,-101,901
472,-105,901
464,-112,900
458,-116,901
458,-119,905
462,-118,910
470,-120,917
480,-123,923
488,-125,927
493,-129,935
499,-131,942
510,-135,954
524,-139,968
542,-143,980
560,-148,995
571,-155,1008
574,-161,1017
571,-169,1021
563,-173,1018
556,-179,1012
548,-184,1006
545,-191,998
544,-200,995
545,-211,991
541,-222,984
532,-231,976
521,-234,964
509,-236,953
497,-234,940
484,-234,926
474,-233,910
461,-234,895
454,-233,887
448,-229,875
443,-225,862
435,-224,853
426,-224,842
421,-224,833
417,-224,828
415,-224,823
420,-223,818
427,-222,823
439,-224,832
454,-231,839
466,-242,846
470,-253,848
464,-258,846
453,-257,838
441,-251,827
428,-244,812
415,-243,795
400,-247,779
386,-253,759
372,-256,737
361,-255,717
355,-254,701
354,-255,684
351,-263,667
348,-272,654
348,-278,645
352,-277,636
359,-273,634
368,-269,634
378,-268,643
397,-270,665
425,-279,696
455,-291,727
478,-307,753
496,-317,779
509,-321,801
514,-320,814
515,-319,826
513,-315,842
518,-318,866
531,-331,893
542,-354,913
549,-377,928
544,-394,933
530,-400,934
510,-398,930
494,-389,928
487,-382,938
490,-380,952
498,-386,964
501,-395,983
498,-397,1003
494,-394,1026
490,-386,1044
480,-378,1060
469,-365,1085
463,-356,1115
465,-350,1149
477,-349,1186
494,-357,1231
513,-370,1267
525,-383,1302
526,-392,1331
525,-394,1351
530,-390,1365
543,-383,1378
549,-379,1399
553,-377,1416
553,-377,1432
555,-375,1450
556,-371,1472
553,-369,1501
547,-371,1534
545,-380,1567
546,-395,1599
553,-407,1634
568,-410,1669
584,-407,1704
599,-409,1741
610,-411,1776
609,-416,1812
610,-417,1853
622,-412,1895
639,-409,1936
649,-409,1984
664,-410,2030
681,-415,2081
701,-425,2138
728,-442,2199
765,-473,2260
801,-521,2318
803,-571,2373
796,-615,2394
815,-672,2395
806,-722,2365
768,-752,2304
715,-790,2229
655,-834,2162
608,-873,2080
591,-903,1980
613,-915,1869
659,-907,1763
698,-882,1660
716,-839,1562
717,-786,1464
725,-734,1362
740,-690,1264
744,-653,1184
757,-616,1100
779,-578,1025
795,-547,941
782,-511,872
745,-471,826
693,-433,787
617,-396,737
513,-358,699
389,-321,645
270,-287,572
163,-269,476
42,-245,359
-54,-223,202
-109,-212,37
-135,-212,-103
-145,-218,-207
-149,-226,-299
-147,-236,-371
-134,-243,-419
-112,-245,-444
-86,-238,-451
-59,-226,-448
-35,-204,-437
-19,-177,-428
-8,-147,-418
-5,-116,-411
-8,-89,-401
-16,-64,-387
-25,-44,-371
-38,-28,-355
-53,-12,-340
-72,0,-328
-95,12,-318
-116,25,-303
-136,34,-293
-147,39,-284
-153,44,-268
-156,46,-255
-159,46,-242
-163,44,-229
-169,42,-214
-170,41,-197
-167,40,-178
-158,41,-163
-148,42,-147
-138,42,-130
-127,42,-112
-118,43,-98
-111,43,-82
-104,44,-68
-94,41,-53
-27,33,33
-10,32,46
0,26,64
5,21,84
8,11,105
15,2,123
22,-8,137
25,-20,149
21,-35,162
19,-52,175
25,-68,186
42,-80,200
74,-91,215
109,-103,240
142,-117,268
171,-135,303
194,-156,334
214,-183,365
228,-214,394
233,-248,424
226,-277,448
211,-292,469
197,-292,497
191,-286,523
183,-289,553
172,-306,584
162,-332,624
163,-356,670
185,-374,723
225,-382,778
276,-384,835
329,-389,900
377,-402,965
413,-417,1023
441,-434,1072
464,-446,1109
481,-450,1136
495,-450,1169
517,-440,1228
561,-425,1287
630,-418,1336
710,-427,1385
781,-445,1429
845,-462,1474
909,-471,1533
976,-479,1595
1039,-486,1650
1090,-488,1695
1120,-481,1727
1132,-457,1753
1136,-425,1776
1137,-392,1793
1142,-364,1816
1143,-346,1844
1149,-334,1881
1152,-317,1918
1150,-300,1942
1135,-291,1953
1098,-322,1972
1062,-356,1993
1036,-379,2018
1014,-384,2052
989,-383,2093
968,-383,2134
957,-384,2175
958,-386,2216
971,-397,2242
975,-413,2268
932,-426,2285
921,-443,2314
924,-456,2332
935,-462,2341
948,-470,2346
962,-483,2354
978,-503,2360
991,-526,2370
999,-552,2383
1005,-582,2394
1012,-616,2397
1014,-649,2399
1024,-682,2399
1026,-719,2416
1009,-761,2428
985,-799,2429
957,-833,2423
938,-869,2391
924,-901,2327
919,-929,2238
918,-950,2142
909,-963,2046
889,-967,1946
862,-959,1826
838,-937,1691
827,-904,1549
824,-865,1397
821,-822,1234
810,-776,1066
792,-723,883
761,-658,684
725,-578,516
682,-491,374
644,-404,270
620,-320,193
599,-248,182
587,-197,185
595,-158,189
622,-125,207
664,-97,228
710,-77,254
746,-58,293
756,-45,320
728,-31,317
657,-7,282
555,23,200
449,65,73
364,107,-77
310,131,-219
284,123,-358
282,88,-480
301,38,-572
321,-14,-648
331,-56,-712
321,-84,-759
298,-91,-781
274,-81,-774
257,-55,-756
249,-18,-749
252,32,-740
259,90,-710
269,146,-672
281,191,-642
291,225,-608
287,249,-573
253,261,-560
189,259,-595
110,248,-642
35,234,-679
-22,214,-698
-59,184,-685
-77,131,-654
-79,61,-595
-68,-15,-514
-51,-87,-428
-34,-142,-340
-26,-177,-251
-43,-196,-178
-85,-204,-119
-136,-202,-66
-175,-194,-4
-205,-186,52
-237,-175,123
-280,-165,174
-321,-147,230
-334,-123,288
-326,-101,362
-309,-91,437
-294,-90,508
-282,-95,566
-266,-100,607
-254,-99,643
-247,-94,676
-245,-87,704
-254,-83,727
-282,-80,744
-315,-70,810
-352,-8,742
-523,77,624
-757,132,634
-1034,80,464
-1218,-10,324
-1212,-78,420
-1026,-151,561
-742,-244,692
-415,-349,861
-110,-455,1007
80,-558,1074
117,-635,1087
59,-658,1102
10,-615,1125
15,-532,1153
68,-457,1190
145,-426,1221
215,-442,1228
277,-488,1217
327,-533,1203
366,-558,1191
393,-547,1177
410,-512,1164
419,-463,1151
427,-421,1135
438,-397,1120
457,-394,1105
481,-406,1093
510,-425,1089
537,-440,1086
556,-447,1078
561,-442,1064
546,-424,1059
526,-397,1060
521,-367,1060
540,-340,1060
570,-323,1060
598,-319,1067
619,-326,1085
634,-340,1105
659,-355,1127
684,-367,1157
713,-377,1201
746,-387,1249
779,-400,1299
819,-415,1353
859,-429,1409
899,-442,1457
939,-449,1500
972,-450,1533
1000,-443,1559
1027,-439,1590
1050,-436,1626
1064,-436,1674
1058,-440,1731
1044,-454,1791
1031,-480,1860
1011,-513,1933
991,-545,2004
977,-579,2088
957,-621,2176
933,-672,2264
900,-732,2339
869,-801,2400
846,-865,2453
841,-911,2492
827,-963,2529
878,-979,2525
934,-998,2540
976,-1027,2541
1043,-1092,2535
1104,-1148,2527
1064,-1180,2517
1056,-1215,2499
1084,-1253,2477
1122,-1297,2452
1147,-1347,2421
1154,-1390,2383
1151,-1419,2336
1153,-1429,2276
1171,-1428,2211
1199,-1427,2158
1222,-1430,2094
1243,-1428,2020
1266,-1417,1947
1276,-1397,1868
1268,-1368,1766
1245,-1326,1648
1219,-1269,1517
1187,-1201,1380
1148,-1130,1249
1094,-1068,1133
1026,-1021,1001
953,-983,857
884,-941,712
825,-889,575
777,-824,442
733,-744,310
690,-644,185
649,-519,12
613,-370,-217
577,-198,-343
532,-55,-257
499,33,-83
484,78,128
510,81,319
589,86,481
694,100,568
771,110,575
772,116,523
677,113,429
531,113,313
405,125,189
339,138,42
321,130,-129
311,92,-287
289,31,-412
260,-31,-488
237,-81,-528
228,-113,-536
234,-131,-521
247,-133,-483
262,-121,-440
274,-103,-392
277,-92,-340
264,-86,-294
228,-86,-262
175,-87,-235
119,-83,-212
76,-72,-189
51,-52,-156
37,-31,-112
19,-14,-64
-25,-12,-17
-93,-16,17
-166,-13,38
-228,6,65
-268,34,95
-285,59,120
-288,65,144
-285,50,168
-281,25,192
-279,0,219
-277,-11,239
-272,-10,250
-264,0,260
-264,12,268
-279,16,270
-305,18,272
-327,25,271
-328,40,274
-304,54,278
-273,60,286
-243,57,296
-218,45,302
-200,35,306
-189,31,309
-184,36,310
-182,47,314
-179,64,313
-178,83,310
-180,100,307
-189,114,303
-210,129,299
-233,149,297
-250,175,300
-258,203,308
-263,227,385
-294,243,341
-365,288,68
-426,373,52
-487,405,73
-564,395,101
-623,376,139
-612,337,171
-513,265,195
-358,171,257
-192,79,323
-53,8,325
56,-42,333
145,-88,389
217,-140,458
267,-197,486
287,-247,474
300,-280,471
640,-195,534
646,-188,552
663,-174,580
706,-159,623
773,-151,687
843,-160,764
910,-180,844
970,-197,925
1025,-202,1000
1084,-194,1062
1148,-186,1125
1226,-193,1207
1318,-230,1302
1404,-287,1396
1465,-346,1489
1501,-393,1602
1526,-424,1712
1541,-439,1795
1552,-446,1837
1557,-445,1874
1555,-445,1911
1546,-452,1949
1518,-462,1992
1434,-486,2001
1345,-518,2000
1242,-553,1985
1194,-586,1967
1142,-632,1997
1086,-685,2033
1047,-745,2095
1019,-820,2184
1004,-897,2283
991,-967,2377
980,-1027,2454
974,-1079,2517
988,-1117,2570
1017,-1144,2603
1060,-1159,2614
1108,-1154,2610
1149,-1139,2607
1178,-1128,2608
1195,-1133,2595
1209,-1147,2572
1221,-1167,2551
1232,-1193,2526
1280,-1234,2511
1298,-1281,2485
1157,-1271,2465
1111,-1290,2417
1091,-1308,2351
1053,-1315,2270
1011,-1320,2177
977,-1320,2084
936,-1311,1988
886,-1291,1862
840,-1255,1704
806,-1204,1528
787,-1143,1351
788,-1081,1176
800,-1016,1005
813,-953,859
818,-901,737
806,-856,621
787,-813,518
766,-764,433
745,-685,347
722,-570,107
681,-394,-182
602,-204,-150
498,-84,116
416,-41,369
386,-56,543
430,-102,614
525,-153,589
595,-176,479
582,-175,356
477,-160,272
337,-132,203
227,-102,114
179,-79,-8
162,-81,-143
137,-110,-282
94,-153,-403
55,-191,-488
44,-201,-548
67,-181,-593
109,-145,-623
140,-113,-639
145,-95,-662
131,-83,-692
113,-69,-694
99,-45,-682
88,-20,-670
74,4,-671
55,29,-677
23,53,-689
-24,73,-696
-81,95,-696
-130,116,-692
-170,123,-671
-206,109,-634
-246,85,-581
-275,59,-514
-296,48,-443
-317,52,-363
-341,58,-286
-372,65,-214
-401,75,-136
-422,84,-67
-436,95,0
-450,104,66
-468,111,131
-481,118,203
-496,119,271
-508,117,326
-517,106,362
-519,95,361
-502,220,294
-604,293,168
-685,206,238
-782,79,148
-940,-11,57
-1099,-42,84
-1051,-43,186
-754,-65,315
-437,-120,483
-243,-195,635
-180,-269,721
-175,-315,773
-135,-315,778
-29,-269,748
95,-196,711
173,-124,683
171,-73,690
117,-56,739
55,-75,817
26,-121,896
61,-178,974
152,-244,1041
301,-307,1113
480,-355,1189
608,-375,1221
666,-370,1232
674,-349,1263
630,-316,1297
551,-264,1297
475,-199,1267
429,-130,1241
404,-83,1220
381,-69,1193
347,-88,1160
298,-127,1140
242,-173,1135
220,-207,1150
264,-233,1176
360,-263,1209
466,-302,1241
548,-348,1267
597,-394,1295
630,-434,1327
668,-465,1353
718,-486,1376
756,-496,1406
799,-503,1436
847,-508,1473
883,-512,1507
902,-514,1537
911,-520,1566
938,-530,1597
940,-543,1624
960,-568,1675
990,-599,1735
1019,-629,1779
1043,-650,1812
1063,-658,1847
1074,-660,1893
1075,-667,1953
1065,-687,2020
1047,-719,2087
1023,-760,2152
994,-802,2212
968,-837,2260
952,-862,2306
949,-885,2348
954,-906,2384
958,-932,2402
964,-961,2418
971,-990,2439
986,-1007,2441
1006,-1021,2445
1024,-1036,2433
1037,-1051,2418
1045,-1068,2411
1055,-1094,2402
1067,-1128,2394
1083,-1167,2393
1096,-1208,2382
1101,-1241,2352
1102,-1259,2313
1104,-1265,2286
1102,-1268,2257
1096,-1280,2216
1089,-1299,2173
1081,-1320,2116
1076,-1327,2027
1075,-1313,1923
1074,-1285,1813
1066,-1251,1683
1050,-1211,1531
1030,-1168,1367
1005,-1120,1195
977,-1070,1018
952,-1015,845
932,-968,688
922,-937,536
917,-915,396
904,-889,265
880,-854,143
859,-811,44
845,-752,-16
836,-655,-64
828,-516,-256
805,-321,-395
751,-132,-254
682,-4,22
609,37,323
552,6,564
543,-67,662
561,-107,611
575,-102,455
545,-66,282
456,-20,148
337,12,36
219,15,-82
131,-10,-212
85,-59,-339
77,-121,-438
87,-185,-494
102,-236,-512
116,-269,-503
130,-282,-466
143,-277,-428
156,-263,-386
157,-244,-339
137,-229,-300
103,-221,-278
76,-210,-264
76,-196,-234
106,-173,-191
136,-154,-136
131,-146,-81
76,-147,-41
-6,-147,-19
-90,-139,-1
-166,-121,26
-217,-100,67
-242,-80,115
-250,-71,162
-251,-72,211
-250,-73,257
-246,-71,297
-238,-69,337
-228,-63,367
-213,-54,383
-194,-36,406
-188,-17,426
-198,2,441
-208,23,447
-214,44,446
-227,57,445
-235,67,441
-233,79,432
-222,97,426
-210,121,425
-206,150,420
-215,170,419
-225,182,413
-227,195,401
-223,215,385
-223,242,370
-226,272,349
-233,299,326
-243,323,300
-262,340,282
-281,355,266
-292,373,273
-291,400,303
-326,434,169
-405,489,78
-532,516,93
-670,470,152
-740,402,186
-703,370,193
-565,375,268
-378,373,294
-237,355,257
-139,339,273
-60,316,340
12,286,404
83,257,443
155,219,474
211,161,480
247,90,467
285,21,469
331,-37,487
364,-82,522
424,-102,565
552,-103,585
656,-106,592
633,-98,606
526,-70,630
454,-35,636
443,4,649
481,49,681
558,82,726
676,88,783
823,62,838
956,17,891
1052,-28,944
1105,-59,1013
1133,-76,1093
1163,-88,1168
1219,-102,1247
1303,-124,1335
1405,-155,1411
1497,-190,1496
1564,-221,1586
1600,-239,1675
1627,-253,1761
1649,-268,1841
1656,-280,1925
1655,-290,2000
1635,-299,2058
1622,-322,2094
1598,-354,2132
1502,-404,2208
1432,-469,2273
1339,-545,2333
1196,-640,2404
1028,-736,2462
866,-834,2528
727,-933,2595
628,-1024,2671
564,-1129,2738
543,-1236,2809
571,-1322,2860
653,-1365,2892
770,-1375,2900
902,-1388,2864
1027,-1410,2820
1131,-1433,2755
1227,-1442,2663
1322,-1421,2565
1408,-1386,2470
1476,-1356,2415
1512,-1336,2382
1526,-1329,2334
1540,-1334,2275
1532,-1330,2187
1497,-1299,2077
1461,-1245,1952
1443,-1189,1815
1349,-1108,1667
1255,-1045,1494
1208,-994,1316
1171,-934,1131
1131,-870,949
1094,-813,782
1053,-760,632
1015,-713,509
973,-675,399
911,-642,306
826,-601,241
724,-515,176
654,-359,-121
594,-121,-427
515,113,-304
444,256,8
378,282,266
324,228,431
308,178,466
350,153,391
417,163,259
462,193,152
461,219,109
421,233,89
370,225,34
330,203,-73
299,172,-208
256,140,-346
204,114,-473
152,95,-565
122,92,-626
121,96,-670
132,103,-688
142,104,-691
155,96,-690
171,85,-685
176,63,-660
155,37,-636
112,10,-625
46,-9,-616
-36,-19,-610
-117,-20,-599
-177,-17,-578
-218,-12,-551
-253,-12,-508
-290,-19,-448
-331,-25,-380
-379,-30,-300
-427,-36,-221
-457,-38,-144
-468,-38,-66
-472,-39,6
-469,-46,63
-455,-52,113
-425,-65,159
-388,-88,208
-357,-114,244
-346,-145,279
-355,-173,310
-371,-192,328
-381,-202,337
-384,-208,342
-387,-215,346
-386,-227,357
-382,-241,369
-378,-254,377
-378,-268,418
-406,-283,488
-490,-241,138
-527,-104,84
-509,-36,194
-612,-82,249
-805,-144,269
-872,-201,256
-738,-273,272
-505,-348,380
-294,-415,501
-181,-483,574
-185,-556,636
-241,-614,723
-252,-630,800
-187,-597,841
-79,-538,871
28,-484,904
115,-447,937
169,-429,953
191,-432,974
204,-446,1004
245,-457,1046
324,-461,1093
433,-458,1135
551,-450,1164
664,-440,1187
758,-426,1207
843,-406,1222
924,-386,1236
1005,-371,1255
1080,-364,1277
1152,-364,1297
1226,-368,1311
1303,-371,1339
1374,-374,1379
1443,-376,1420
1495,-373,1463
1523,-366,1503
1530,-350,1535
1535,-325,1567
1531,-293,1606
1506,-261,1659
1457,-239,1718
1386,-235,1785
1303,-248,1852
1214,-273,1901
1125,-307,1959
1045,-345,2025
984,-388,2086
938,-447,2153
897,-520,2209
868,-600,2277
852,-684,2334
849,-757,2383
855,-828,2454
870,-892,2521
889,-960,2582
920,-1028,2641
959,-1088,2666
1009,-1132,2671
1070,-1156,2671
1140,-1165,2648
1216,-1161,2606
1275,-1160,2564
1321,-1168,2508
1369,-1178,2452
1428,-1188,2404
1492,-1200,2367
1542,-1219,2310
1565,-1232,2243
1563,-1237,2175
1527,-1232,2100
1485,-1224,2030
1445,-1219,1961
1400,-1210,1873
1361,-1192,1764
1334,-1162,1630
1314,-1118,1476
1285,-1060,1311
1238,-997,1147
1179,-933,988
1123,-873,850
1067,-813,732
1003,-755,615
933,-681,496
875,-582,322
833,-448,73
785,-277,-92
712,-125,-1
633,-42,190
557,-33,342
512,-81,430
491,-112,456
503,-94,426
523,-39,319
518,38,227
484,118,182
433,176,160
393,208,108
372,213,23
357,188,-95
322,144,-220
261,94,-333
199,56,-434
162,34,-510
154,27,-571
164,30,-622
174,36,-661
185,38,-688
191,33,-699
186,26,-688
171,21,-662
144,24,-652
115,41,-655
87,71,-644
53,103,-632
14,131,-634
-22,150,-631
-55,160,-621
-84,160,-600
-113,148,-572
-149,129,-534
-193,106,-491
-250,78,-435
-301,53,-383
-330,44,-333
-341,44,-277
-347,43,-211
-373,24,-152
-411,-4,-92
-435,-37,-22
-430,-68,50
-402,-95,130
-373,-121,203
-357,-140,266
-356,-147,330
-354,-150,388
-340,-155,444
-308,-170,498
-270,-200,549
-240,-238,588
-229,-276,611
-235,-302,622
-247,-313,624
-259,-314,618
-267,-310,616
-279,-307,617
-306,-308,623
-343,-305,637
-378,-293,653
-398,-270,669
-422,-237,657
-449,-195,717
-479,-160,793
-496,-110,717
-495,8,650
-601,143,478
-719,198,427
-711,160,533
-575,52,702
-346,-76,803
-124,-211,882
61,-334,958
226,-418,1003
367,-459,1024
447,-452,1046
454,-407,1076
411,-339,1115
378,-274,1144
400,-236,1170
474,-239,1187
554,-273,1193
597,-319,1190
581,-361,1188
559,-376,1177
551,-368,1173
572,-351,1179
623,-343,1211
696,-354,1260
779,-386,1301
855,-429,1327
924,-471,1358
989,-504,1406
1057,-527,1459
1119,-543,1496
1179,-551,1516
1227,-547,1538
1263,-528,1574
1295,-500,1609
1331,-476,1635
1370,-466,1664
1410,-475,1698
1427,-495,1736
1419,-518,1786
1398,-535,1831
1367,-547,1886
1334,-553,1940
1280,-558,1996
1220,-571,2054
1175,-602,2109
1139,-642,2164
1114,-690,2218
1093,-738,2272
1072,-791,2335
1049,-852,2378
1025,-910,2408
1011,-956,2442
1014,-991,2468
1032,-1023,2498
1054,-1061,2541
1072,-1103,2576
1093,-1147,2605
1119,-1187,2621
1141,-1217,2615
1153,-1237,2598
1169,-1254,2560
1190,-1273,2527
1208,-1306,2508
1215,-1352,2481
1219,-1402,2421
1240,-1430,2325
1270,-1424,2212
1288,-1392,2083
1283,-1348,1933
1253,-1299,1766
1211,-1254,1604
1179,-1221,1442
1152,-1193,1265
1127,-1160,1079
1106,-1120,892
1092,-1074,714
1082,-1028,544
1056,-980,394
1005,-938,261
930,-905,142
841,-869,39
754,-794,-51
679,-661,-308
606,-454,-519
542,-250,-371
495,-116,-36
463,-68,269
453,-92,462
497,-85,584
594,-54,548
686,-10,428
713,27,298
675,42,195
601,26,80
509,-19,-97
410,-81,-335
323,-138,-565
261,-186,-729
228,-222,-835
230,-249,-889
262,-265,-920
290,-270,-926
311,-265,-902
333,-250,-850
330,-235,-778
297,-233,-705
249,-231,-645
205,-220,-593
160,-196,-532
91,-168,-482
13,-147,-465
-80,-138,-460
-183,-132,-441
-275,-119,-403
-345,-86,-346
-395,-31,-287
-428,28,-233
-456,71,-158
-489,86,-67
-507,79,36
-510,69,139
-526,64,228
-560,66,306
-588,73,354
-601,80,395
-598,88,436
-603,96,464
-629,108,493
-662,124,508
-689,148,521
-706,169,534
-716,184,546
-721,195,565
-720,201,584
-706,205,604
-680,208,633
-646,212,705
-673,224,533
-698,322,460
-782,425,468
-923,412,524
-1030,313,445
-976,199,352
-761,95,427
-493,-17,563
-235,-128,680
-13,-212,766
156,-260,803
261,-278,791
299,-268,786
286,-237,793
244,-202,794
199,-176,780
190,-162,780
221,-161,809
277,-168,846
336,-182,880
380,-195,915
411,-209,954
430,-219,992
439,-227,1020
454,-231,1042
490,-237,1065
552,-248,1106
623,-267,1160
691,-294,1217
745,-320,1292
787,-339,1380
826,-351,1456
872,-358,1509
918,-366,1541
956,-378,1553
987,-392,1556
1030,-403,1564
1079,-411,1586
1105,-421,1618
1079,-433,1643
1037,-449,1649
991,-460,1646
955,-467,1631
940,-468,1596
953,-468,1578
987,-466,1615
1026,-483,1640
1054,-528,1675
1075,-597,1754
1092,-688,1836
1113,-783,1928
1132,-866,2026
1138,-924,2127
1131,-966,2227
1109,-995,2319
1082,-1018,2388
1058,-1039,2443
1042,-1060,2502
1028,-1079,2532
1020,-1089,2553
1027,-1094,2567
1048,-1097,2568
1073,-1107,2575
1102,-1129,2587
1129,-1156,2577
1155,-1184,2567
1183,-1217,2567
1212,-1264,2551
1241,-1320,2495
1262,-1372,2410
1284,-1404,2311
1313,-1419,2206
1338,-1417,2086
1356,-1407,1944
1362,-1384,1789
1357,-1349,1628
1341,-1306,1456
1313,-1256,1285
1282,-1208,1127
1260,-1162,977
1245,-1115,839
1233,-1064,698
1212,-1000,548
1185,-928,402
1156,-853,284
1125,-762,185
1087,-652,-8
1037,-502,-190
975,-338,-108
916,-220,154
873,-170,385
842,-168,500
835,-186,508
842,-185,430
806,-142,291
731,-78,173
639,7,87
552,84,-11
483,122,-111
430,112,-214
386,56,-317
354,-28,-396
336,-111,-456
321,-173,-496
307,-208,-513
302,-217,-518
300,-213,-520
301,-201,-499
301,-187,-468
297,-185,-418
294,-192,-357
281,-209,-300
247,-226,-269
193,-233,-257
134,-224,-241
87,-197,-211
66,-158,-171
58,-113,-122
45,-74,-69
3,-42,-7
-55,-16,50
-103,13,93
-127,47,131
-93,63,313
-94,44,348
-98,22,372
-92,13,387
-76,15,402
-61,23,427
-75,29,461
-127,32,482
-193,42,495
-236,70,498
-247,106,490
-235,135,475
-216,148,463
-200,148,468
-193,145,484
-202,157,500
-221,194,505
-244,252,503
-262,312,498
-273,358,489
-279,383,486
-284,389,485
-283,390,489
-276,395,498
-264,408,506
-247,428,510
-230,446,511
-214,459,509
-202,465,499
-179,523,551
-237,707,221
-356,788,48
-432,692,96
-656,519,25
-890,377,-165
-888,301,-126
-655,248,51
-349,183,215
-139,124,353
-69,91,449
-72,79,487
-106,100,510
-128,147,550
-116,195,606
-76,228,674
-15,241,747
50,231,806
105,190,862
148,130,896
264,55,917
417,-19,975
505,-84,1009
528,-136,991
533,-162,985
536,-165,988
547,-150,978
574,-126,955
619,-96,943
684,-71,960
777,-61,991
876,-72,1024
955,-105,1063
1008,-156,1110
1035,-219,1159
1044,-279,1195
1045,-330,1210
1044,-356,1207
1046,-355,1215
1051,-332,1246
1076,-299,1297
1131,-270,1362
1208,-255,1439
1287,-263,1526
1356,-288,1610
1408,-318,1692
1444,-343,1768
1443,-354,1840
1402,-345,1911
1322,-328,1987
1216,-317,2078
1097,-331,2171
976,-379,2234
864,-446,2281
764,-518,2339
675,-584,2381
595,-638,2425
531,-683,2464
489,-736,2476
465,-795,2480
461,-856,2482
478,-916,2492
503,-986,2513
573,-1031,2529
688,-1051,2547
817,-1057,2548
930,-1069,2550
1016,-1099,2542
1084,-1146,2513
1149,-1198,2471
1218,-1252,2434
1283,-1307,2394
1316,-1348,2349
1308,-1364,2301
1295,-1368,2251
1283,-1369,2189
1270,-1365,2099
1246,-1358,1998
1210,-1351,1876
1170,-1330,1721
1136,-1285,1548
1113,-1221,1364
1100,-1155,1167
1095,-1091,964
1089,-1032,769
1077,-983,592
1049,-943,435
1017,-912,288
992,-881,152
972,-850,54
956,-813,-17
931,-735,-60
897,-615,-272
843,-439,-432
776,-269,-318
717,-156,-18
658,-114,296
611,-144,454
600,-171,495
620,-160,401
650,-113,239
654,-59,79
603,-19,-64
509,-8,-198
402,-36,-334
310,-101,-475
244,-183,-593
203,-264,-668
191,-328,-706
202,-372,-700
217,-400,-670
223,-403,-634
220,-387,-575
189,-352,-488
144,-304,-399
108,-257,-333
58,-209,-274
3,-165,-212
-79,-125,-182
-194,-82,-158
-304,-36,-140
-387,13,-139
-448,66,-134
-498,116,-115
-548,156,-78
-594,186,-26
-612,207,35
-599,224,108
-580,236,182
-580,239,248
-599,238,298
-629,242,329
-655,259,345
-672,282,357
-688,308,365
-707,329,363
-717,375,384
-801,480,318
-967,529,205
-1357,453,-69
-1651,349,-296
-1482,251,-236
-1045,134,12
-630,47,259
-328,28,424
-158,74,522
-94,138,562
-111,187,566
-141,210,541
-126,200,498
-59,178,454
72,159,388
225,145,308
324,135,274
334,123,295
269,113,358
183,105,456
125,97,556
114,80,637
136,54,694
179,21,717
226,-10,731
265,-37,755
290,-58,790
300,-69,828
310,-71,861
329,-65,894
362,-58,918
400,-53,931
438,-55,935
469,-62,939
501,-74,956
547,-92,993
610,-113,1051
683,-142,1120
755,-177,1175
813,-217,1211
848,-256,1244
862,-290,1290
864,-321,1337
865,-343,1360
883,-351,1373
929,-348,1412
998,-352,1464
1061,-364,1504
1106,-387,1528
1140,-419,1541
1131,-455,1552
1119,-491,1587
1100,-522,1636
1064,-547,1686
1009,-575,1736
936,-610,1800
856,-652,1883
776,-705,1980
707,-771,2091
650,-843,2211
608,-917,2340
587,-987,2463
574,-1056,2572
560,-1120,2671
536,-1189,2764
497,-1259,2846
450,-1337,2914
418,-1413,2965
419,-1467,2996
454,-1497,3001
524,-1507,2991
599,-1524,2967
658,-1569,2947
695,-1636,2914
727,-1696,2858
775,-1735,2791
839,-1747,2714
911,-1746,2643
978,-1746,2569
1028,-1753,2475
1082,-1771,2344
1147,-1787,2198
1210,-1788,2057
1261,-1768,1917
1289,-1720,1765
1300,-1654,1598
1292,-1581,1428
1265,-1507,1251
1221,-1434,1062
1157,-1358,866
1085,-1280,671
1016,-1209,480
952,-1139,314
894,-1078,174
831,-1029,53
764,-991,-33
683,-945,-69
605,-849,-168
531,-683,-406
454,-468,-386
400,-274,-148
379,-155,166
372,-128,459
364,-172,675
366,-212,738
391,-227,644
404,-209,479
365,-174,307
261,-140,166
122,-122,43
-4,-123,-97
-87,-137,-249
-120,-160,-389
-122,-187,-486
-103,-212,-542
-65,-228,-564
-18,-229,-571
29,-216,-557
69,-198,-535
103,-180,-505
129,-163,-468
145,-141,-443
151,-115,-424
148,-87,-395
144,-58,-355
142,-28,-310
133,-2,-271
99,19,-235
43,45,-206
-27,87,-188
-102,146,-180
-167,216,-181
-216,278,-183
-252,324,-180
-280,349,-182
-298,350,-175
-305,340,-161
-304,322,-134
-308,294,-113
-322,266,-99
-341,251,-80
-355,251,-65
-364,269,-51
-372,300,-24
-377,335,2
-390,366,21
-398,389,39
-390,402,52
-368,408,66
-338,409,86
-308,408,112
-281,405,139
-261,395,165
-247,381,189
-238,364,210
-230,343,224
-220,326,233
-217,310,235
-226,294,229
-245,273,226
-270,248,237
-299,218,299
-358,172,175
-404,163,165
-473,175,126
-556,196,47
-601,213,65
-586,219,159
-529,214,248
-441,189,323
-340,132,396
-246,42,449
-174,-58,504
-112,-152,548
-53,-230,584
2,-291,614
45,-335,649
87,-364,681
122,-381,736
165,-394,811
223,-413,882
287,-443,935
350,-476,963
403,-498,975
447,-501,993
736,-442,1516
800,-481,1635
840,-522,1707
852,-542,1745
873,-530,1780
934,-497,1826
1026,-471,1868
1121,-469,1909
1184,-491,1953
1198,-527,1999
1190,-560,2039
1167,-584,2048
1144,-607,2074
1119,-625,2120
1075,-653,2157
1014,-696,2215
952,-754,2290
883,-829,2378
811,-924,2465
737,-1034,2552
680,-1143,2638
641,-1247,2717
609,-1333,2798
594,-1397,2888
592,-1451,2968
615,-1497,3005
665,-1529,3022
735,-1556,3042
817,-1586,3057
892,-1623,3056
951,-1656,3041
1004,-1672,2986
1067,-1665,2918
1186,-1668,2860
1251,-1654,2804
1196,-1632,2728
1230,-1651,2658
1274,-1677,2557
1298,-1692,2433
1324,-1693,2286
1347,-1669,2123
1352,-1616,1955
1347,-1549,1779
1335,-1486,1605
1319,-1434,1421
1291,-1384,1225
1252,-1326,1027
1212,-1256,829
1169,-1180,645
1119,-1107,472
1057,-1039,314
979,-982,192
885,-935,123
778,-870,91
667,-763,-120
535,-578,-362
380,-372,-265
246,-230,-9
163,-171,222
152,-171,385
218,-135,520
361,-78,532
514,-25,418
574,2,254
480,4,32
295,11,-184
136,40,-387
61,71,-604
26,64,-804
-11,25,-970
-54,-2,-1076
-80,-5,-1119
-70,11,-1136
-38,48,-1111
-7,86,-1041
6,118,-976
9,153,-927
-17,184,-882
-74,212,-854
-138,242,-841
-208,270,-826
-278,275,-797
-349,291,-745
-386,314,-692
-403,291,-629
-390,243,-551
-350,193,-492
-311,146,-434
-275,102,-370
-218,59,-297
-146,14,-213
-74,-40,-127
-22,-102,-43
13,-164,19
49,-205,64
91,-223,104
128,-235,146
148,-250,190
141,-272,228
106,-282,251
67,-275,277
51,-255,300
52,-235,324
46,-224,347
25,-210,372
9,-180,402
-4,-141,436
-22,-98,460
-59,-58,477
-122,-23,538
-255,17,607
-249,62,306
-147,187,252
-196,302,262
-462,283,204
-800,157,171
-892,48,235
-701,9,341
-468,-5,392
-385,-25,448
-447,-36,543
-520,-29,637
-512,-10,735
-419,3,836
-290,-4,902
-197,-50,953
-141,-110,1008
-111,-157,1091
-88,-175,1166
-63,-168,1217
-32,-158,1250
13,-167,1271
75,-195,1280
147,-226,1274
219,-250,1262
274,-272,1245
300,-303,1223
297,-343,1189
275,-387,1158
261,-417,1144
265,-428,1143
284,-416,1115
290,-387,1084
300,-346,1046
317,-306,1008
328,-273,973
322,-256,959
314,-253,975
330,-259,1013
371,-280,1055
430,-313,1100
488,-357,1143
547,-401,1189
608,-436,1239
675,-463,1317
749,-486,1413
820,-510,1519
889,-538,1619
958,-570,1713
1024,-599,1805
1081,-622,1884
1133,-635,1927
1179,-639,1955
1220,-635,1987
1252,-633,2027
1265,-636,2051
1265,-642,2074
1249,-646,2088
1228,-654,2118
1189,-662,2150
1145,-686,2193
1114,-734,2238
1086,-793,2281
1059,-849,2339
1027,-916,2409
989,-989,2477
953,-1066,2536
932,-1139,2595
936,-1196,2628
958,-1243,2651
985,-1284,2695
1009,-1329,2734
1042,-1376,2754
1092,-1407,2772
1149,-1422,2783
1205,-1429,2777
1255,-1444,2780
1293,-1475,2783
1317,-1519,2753
1342,-1561,2711
1367,-1598,2635
1389,-1625,2540
1399,-1643,2464
1395,-1659,2373
1383,-1675,2249
1362,-1677,2119
1341,-1658,1961
1334,-1613,1777
1341,-1545,1576
1339,-1464,1378
1321,-1385,1180
1287,-1319,988
1237,-1266,804
1173,-1220,619
1099,-1163,438
1019,-1097,285
929,-1016,154
832,-887,12
742,-696,-330
648,-434,-551
550,-212,-299
485,-111,84
463,-130,386
472,-219,624
544,-297,809
656,-345,833
704,-344,800
616,-303,734
394,-254,643
137,-228,483
-54,-222,258
-143,-234,6
-161,-266,-237
-174,-315,-440
-195,-370,-573
-209,-419,-648
-205,-454,-692
-192,-468,-695
-169,-462,-662
-136,-441,-617
-106,-413,-530
-79,-384,-442
-52,-348,-378
-31,-295,-317
-34,-222,-259
-65,-141,-211
-113,-51,-161
-156,43,-136
-206,120,-122
-263,163,-93
-321,168,-68
-366,149,-55
-375,129,-39
-355,121,-38
-328,118,-44
-316,112,-58
-313,106,-60
-317,103,-46
-322,106,-23
-335,118,13
-364,132,52
-419,149,83
-490,183,99
-565,229,108
-619,281,121
-637,328,124
-628,365,142
-609,385,171
-575,392,198
-541,390,225
-514,383,247
-485,376,246
-458,367,241
-433,352,236
-400,334,233
-354,322,237
-305,313,248
-254,306,250
-211,297,245
-185,289,236
-175,287,217
-181,287,196
-188,285,172
-189,284,152
-186,287,150
-184,289,157
-188,292,178
-185,337,152
-215,486,-241
-395,684,-578
-732,680,-523
-1006,455,-280
-861,154,-49
-418,-84,172
-7,-191,311
190,-164,384
169,-52,393
41,94,390
-59,227,408
-65,262,421
40,124,449
198,-70,562
201,-166,620
81,-99,683
13,35,671
35,138,572
67,168,489
47,133,454
-1,51,445
-2,-24,443
86,-72,444
244,-106,465
413,-152,504
556,-214,556
665,-283,605
754,-345,649
831,-394,709
904,-439,795
960,-487,881
998,-541,948
1053,-594,999
1145,-635,1068
1245,-656,1153
1340,-660,1232
1412,-654,1296
1457,-642,1359
1497,-634,1435
1519,-631,1515
1523,-631,1607
1527,-629,1708
1536,-626,1798
1538,-627,1867
1523,-635,1933
1499,-651,2010
1481,-667,2086
1468,-681,2146
1437,-700,2232
1358,-738,2342
1234,-798,2460
1083,-878,2580
928,-975,2706
774,-1072,2808
627,-1159,2909
489,-1238,3001
372,-1323,3074
295,-1420,3158
279,-1514,3226
333,-1603,3275
456,-1677,3310
626,-1727,3324
807,-1757,3326
962,-1774,3342
1072,-1808,3305
1157,-1874,3227
1248,-1955,3147
1356,-2024,3071
1455,-2064,3015
1515,-2088,2976
1549,-2117,2946
1574,-2164,2910
1594,-2221,2850
1590,-2248,2768
1558,-2232,2642
1507,-2176,2492
1441,-2097,2319
1367,-2013,2143
1302,-1941,1960
1250,-1873,1792
1197,-1803,1631
1124,-1723,1441
1033,-1645,1247
926,-1575,1070
807,-1521,901
684,-1472,714
574,-1416,531
486,-1326,381
415,-1161,194
366,-928,-262
296,-639,-553
228,-395,-274
239,-264,141
310,-242,417
394,-240,647
482,-255,767
507,-266,734
427,-249,609
260,-210,495
90,-160,400
-29,-111,249
-102,-78,15
-168,-79,-258
-253,-117,-499
-326,-168,-634
-348,-208,-687
-318,-242,-726
-269,-261,-746
-231,-265,-733
-212,-247,-705
-204,-218,-679
-196,-177,-649
-188,-134,-606
-191,-97,-560
-215,-71,-531
-256,-48,-515
-309,-22,-497
-362,17,-484
-402,74,-466
-429,149,-427
-450,231,-380
-464,310,-332
-477,371,-282
-493,412,-234
-495,440,-192
-466,464,-167
-410,486,-150
-352,509,-120
-310,529,-95
-285,547,-85
-268,570,-81
-253,590,-79
-232,603,-78
-207,606,-78
-180,597,-78
-160,580,-75
-144,556,-72
-132,532,-65
-119,512,-50
-102,494,-39
-89,480,-29
-71,469,-20
-46,458,-18
-16,445,-13
9,430,0
29,416,16
54,401,28
83,388,40
116,374,50
145,354,70
162,321,95
170,279,100
165,244,90
160,219,83
165,204,81
180,189,84
191,168,86
201,138,93
208,101,103
216,67,111
227,37,118
239,12,128
252,-7,148
264,-23,171
275,-38,195
279,-63,222
275,-95,255
266,-129,293
253,-156,336
235,-171,377
216,-178,417
195,-176,454
170,-165,483
140,-148,504
94,-137,522
46,-135,539
12,-124,558
2,-97,568
11,-61,580
20,-20,604
18,13,630
3,39,662
-22,59,679
-38,89,690
-15,128,701
44,171,703
111,197,700
158,197,694
187,182,698
213,169,718
243,169,738
271,181,750
289,197,757
288,206,775
276,197,803
257,179,828
232,161,853
198,149,868
154,139,873
104,131,869
63,129,866
37,131,864
18,131,867
-3,125,869
-22,119,889
-62,94,985
-93,67,873
52,155,444
312,488,469
295,787,416
-38,693,457
-395,352,492
-383,27,477
-101,-201,523
162,-327,616
278,-397,719
311,-468,844
358,-554,972
446,-635,1062
552,-671,1126
646,-650,1206
723,-579,1316
786,-493,1425
840,-429,1523
895,-407,1614
952,-428,1693
1003,-479,1769
1101,-543,1842
1268,-596,1892
1394,-623,1947
1383,-631,1990
1275,-626,2031
1158,-598,2059
1074,-546,2048
1017,-483,2002
970,-425,1961
920,-396,1925
879,-416,1903
843,-473,1885
822,-544,1851
817,-599,1850
820,-651,1872
823,-690,1909
828,-721,1955
841,-741,2003
868,-742,2063
917,-725,2122
971,-695,2163
1014,-665,2216
1030,-651,2287
1027,-660,2355
1012,-695,2413
994,-739,2458
982,-776,2499
984,-799,2530
988,-814,2550
972,-817,2542
960,-831,2546
955,-860,2557
949,-905,2577
942,-965,2600
935,-1028,2621
940,-1085,2645
955,-1144,2671
970,-1203,2684
983,-1261,2684
993,-1309,2671
1007,-1351,2638
1023,-1389,2595
1046,-1418,2529
1072,-1432,2461
1087,-1439,2378
1091,-1443,2283
1077,-1441,2176
1046,-1434,2049
1010,-1414,1911
986,-1382,1777
984,-1341,1639
995,-1290,1477
994,-1236,1315
971,-1190,1173
929,-1145,1047
874,-1093,914
811,-1024,793
741,-934,675
668,-804,517
602,-643,213
523,-435,-15
412,-243,104
288,-138,421
224,-121,663
244,-170,800
333,-240,841
421,-283,782
452,-289,705
383,-249,716
221,-184,717
49,-114,662
-68,-60,543
-124,-47,377
-156,-90,224
-190,-173,82
-211,-263,-56
-217,-331,-173
-215,-369,-258
-200,-377,-327
-169,-374,-390
-132,-359,-420
-86,-350,-412
-34,-350,-410
18,-351,-406
50,-351,-382
50,-343,-350
35,-322,-316
4,-281,-288
-36,-222,-276
-84,-165,-263
-139,-124,-231
-173,-106,-201
-188,-105,-174
-203,-106,-151
-231,-98,-130
-268,-79,-115
-303,-49,-104
-332,-16,-110
-365,7,-115
-396,26,-116
-417,44,-122
-424,62,-122
-423,78,-118
-426,96,-107
-438,114,-98
-446,141,-102
-442,173,-113
-436,196,-111
-428,203,-99
-402,210,-88
-361,227,-61
-312,250,-21
-269,274,24
-244,295,65
-236,314,88
-227,335,96
-205,357,95
-162,372,93
-114,377,87
-79,378,86
-51,382,74
-29,388,60
-19,394,45
2,404,28
32,411,13
63,412,0
92,408,-6
109,400,-1
103,392,6
76,385,9
44,384,21
16,393,27
-6,407,34
-15,424,39
-8,437,44
0,448,50
-2,460,46
-14,472,37
-23,479,28
-22,475,28
-7,465,38
27,450,48
78,439,59
130,436,69
169,433,82
184,428,127
185,437,221
117,570,27
-134,841,-1139
-423,837,-1338
-688,633,-240
-714,239,245
-379,-165,33
54,-496,106
461,-748,336
840,-897,456
1099,-871,570
1097,-658,625
902,-354,591
686,-97,548
543,71,529
497,147,562
492,137,683
490,49,822
504,-80,937
572,-206,1031
707,-299,1133
863,-347,1215
975,-360,1260
1007,-347,1284
978,-318,1309
931,-286,1336
885,-270,1370
847,-278,1408
821,-304,1462
818,-335,1537
841,-368,1624
872,-400,1703
880,-433,1755
852,-466,1774
797,-494,1762
739,-510,1723
691,-512,1661
665,-503,1619
663,-495,1623
659,-505,1619
638,-536,1594
597,-573,1549
540,-601,1497
485,-612,1438
444,-605,1379
429,-586,1327
434,-563,1288
455,-550,1261
491,-555,1246
532,-575,1242
569,-602,1247
600,-624,1264
630,-642,1304
664,-660,1374
700,-681,1451
737,-708,1518
772,-737,1571
800,-765,1609
820,-786,1645
842,-802,1682
873,-815,1717
908,-832,1753
931,-856,1780
931,-883,1789
925,-915,1791
917,-939,1805
909,-957,1828
899,-970,1847
886,-989,1858
867,-1013,1872
846,-1034,1889
819,-1057,1907
788,-1082,1918
764,-1109,1930
746,-1135,1946
727,-1161,1971
706,-1184,1998
687,-1213,2032
680,-1242,2060
688,-1270,2075
703,-1293,2094
715,-1310,2123
723,-1323,2146
728,-1338,2171
738,-1359,2198
759,-1386,2228
778,-1423,2271
805,-1475,2322
828,-1535,2377
838,-1594,2444
840,-1659,2508
836,-1726,2551
827,-1784,2581
817,-1838,2598
807,-1890,2605
786,-1946,2597
754,-2002,2569
713,-2050,2500
671,-2078,2398
641,-2081,2287
627,-2069,2180
614,-2054,2077
592,-2041,1970
559,-2022,1826
519,-1980,1651
483,-1909,1471
452,-1818,1285
425,-1714,1070
404,-1619,869
381,-1537,702
356,-1470,536
332,-1411,360
321,-1350,200
325,-1276,110
345,-1172,36
380,-1001,-82
403,-774,-463
371,-494,-621
299,-254,-392
251,-126,-102
256,-121,101
302,-183,289
387,-266,392
478,-350,425
506,-387,445
425,-366,522
246,-317,651
27,-271,762
-176,-221,736
-336,-162,561
-459,-122,344
-538,-109,118
-568,-112,-103
-568,-111,-313
-568,-108,-450
-586,-117,-549
-552,-142,-654
-484,-186,-699
-412,-245,-690
-322,-315,-651
-216,-369,-589
-99,-405,-500
30,-410,-393
174,-379,-293
296,-322,-227
346,-277,-173
304,-223,-109
208,-147,-71
104,-56,-63
32,29,-34
7,82,11
23,79,69
81,34,134
160,-18,176
204,-82,184
161,-70,187
116,-52,189
78,-27,197
41,-1,211
-8,27,232
-70,59,240
-143,98,238
-213,142,227
-268,184,217
-299,215,212
-301,234,223
-283,248,249
-274,265,264
-289,291,251
-301,335,224
-279,393,192
-235,438,177
-180,453,192
-122,444,212
-96,434,222
-99,445,220
-106,486,215
-96,540,208
-71,593,202
-35,636,206
1,668,228
24,692,261
23,721,290
5,757,303
-18,795,301
-31,827,296
-31,849,292
-35,868,298
-55,888,319
-88,909,331
-127,927,326
-165,940,307
-188,948,288
-195,954,265
-185,966,228
-170,979,189
-157,994,147
-156,999,94
-146,992,43
-100,982,-15
-73,990,580
-494,1300,-373
-700,1399,-2931
-746,1153,-1433
-309,499,-687
310,29,-707
872,18,72
1137,256,529
993,488,538
703,592,549
563,561,564
645,450,588
809,329,541
873,232,384
800,204,179
650,331,-94
480,621,-378
353,937,-384
258,1096,-115
244,1023,158
346,820,373
482,615,483
575,481,479
593,437,396
527,470,280
403,550,159
281,623,74
191,647,31
144,616,31
145,553,59
181,488,93
222,432,128
245,390,155
250,363,175
249,345,187
255,333,197
273,315,216
303,284,246
337,239,283
369,181,313
389,121,327
390,66,328
376,19,323
354,-15,318
340,-42,323
343,-61,347
368,-83,386
411,-116,437
450,-162,486
473,-206,516
477,-239,534
467,-258,544
456,-268,553
448,-272,566
451,-277,598
461,-291,636
463,-315,669
456,-343,691
442,-372,707
428,-392,732
426,-410,777
445,-433,840
486,-463,897
551,-497,948
618,-537,1007
665,-581,1067
681,-627,1116
667,-661,1154
638,-680,1193
609,-687,1226
581,-688,1234
555,-686,1227
539,-679,1232
539,-671,1252
552,-668,1286
584,-677,1332
633,-702,1383
685,-744,1432
722,-793,1477
742,-838,1524
752,-873,1576
769,-896,1627
805,-911,1664
865,-920,1691
944,-929,1715
1017,-945,1752
1071,-969,1788
1099,-999,1821
1100,-1032,1864
1078,-1066,1917
1040,-1099,1957
1002,-1125,1991
964,-1142,2015
922,-1153,2039
870,-1159,2078
814,-1166,2130
761,-1181,2192
719,-1203,2260
699,-1230,2319
697,-1249,2362
703,-1260,2398
712,-1254,2426
718,-1238,2442
726,-1227,2458
738,-1222,2468
760,-1219,2464
793,-1218,2462
838,-1219,2462
889,-1224,2469
940,-1237,2480
992,-1255,2494
1039,-1278,2499
1073,-1305,2504
1093,-1334,2504
1097,-1365,2493
1094,-1402,2482
1081,-1449,2493
1057,-1513,2523
1033,-1589,2529
1015,-1660,2523
995,-1714,2509
960,-1748,2468
909,-1765,2404
848,-1772,2319
790,-1771,2219
742,-1763,2098
696,-1740,1966
649,-1701,1837
608,-1650,1710
576,-1587,1574
560,-1515,1436
560,-1436,1291
567,-1366,1140
574,-1306,993
571,-1251,840
560,-1190,695
550,-1115,548
548,-1018,403
554,-894,249
553,-748,32
528,-579,-135
474,-406,-191
419,-262,-148
393,-166,-49
414,-116,13
477,-93,49
570,-74,87
653,-52,92
685,-24,96
629,10,120
502,60,114
341,128,59
182,201,-55
59,275,-222
-19,348,-412
-83,417,-609
-156,473,-785
-236,519,-941
-296,558,-1063
-324,586,-1136
-322,601,-1159
-301,603,-1144
-272,592,-1100
-238,577,-1032
-199,563,-968
-162,548,-896
-132,529,-816
-117,503,-738
-113,464,-671
-108,417,-622
-106,366,-592
-110,316,-568
-123,273,-549
-140,236,-534
-152,205,-530
-167,174,-518
-181,141,-497
-190,110,-464
-181,85,-431
-148,61,-390
-97,37,-332
-40,9,-270
6,-22,-196
29,-49,-123
24,-73,-54
0,-94,17
-20,-103,72
-33,-97,110
-38,-84,123
-37,-85,136
-49,-110,167
-71,-143,202
-89,-162,221
-95,-172,241
-98,-178,267
-108,-187,286
-115,-193,290
-97,-203,283
-46,-221,284
19,-257,290
65,-306,309
60,-354,338
27,-383,367
0,-396,395
-12,-399,423
-15,-406,458
-21,-420,495
-49,-439,541
-101,-458,590
-167,-472,628
-239,-476,659
-289,-477,682
-313,-484,701
-320,-500,723
-333,-519,740
-350,-531,761
-340,-537,744
-376,-514,590
-726,-492,569
-1017,-474,576
-1191,-396,451
-1313,-377,315
-1102,-438,376
-602,-463,513
-100,-562,717
343,-791,910
648,-1055,899
780,-1199,796
791,-1142,725
784,-937,760
857,-727,852
980,-632,901
1059,-637,892
1039,-659,903
931,-648,918
826,-604,922
779,-541,928
770,-495,925
742,-490,924
665,-519,922
552,-555,913
437,-571,900
339,-565,884
254,-538,864
190,-499,853
151,-460,844
130,-433,835
123,-425,830
126,-426,829
144,-428,830
184,-421,833
239,-408,835
305,-397,837
370,-400,839
425,-418,847
474,-445,857
519,-468,858
566,-473,858
609,-459,857
639,-440,855
654,-433,852
655,-445,848
646,-467,846
631,-482,852
620,-480,865
620,-459,880
623,-430,892
614,-410,899
592,-400,911
565,-402,930
550,-407,951
566,-414,971
619,-422,987
689,-431,1002
740,-450,1023
752,-478,1058
744,-508,1108
748,-537,1159
771,-559,1205
800,-570,1245
812,-576,1288
808,-576,1326
789,-574,1354
764,-573,1383
736,-579,1412
713,-583,1438
715,-582,1457
744,-577,1466
777,-569,1475
795,-560,1483
794,-550,1488
783,-540,1489
770,-530,1490
765,-525,1494
773,-523,1507
796,-527,1533
832,-537,1563
870,-554,1591
895,-575,1626
900,-593,1667
892,-607,1711
883,-617,1755
877,-625,1805
874,-634,1853
756,-748,2069
761,-767,2086
775,-789,2088
786,-818,2078
803,-845,2067
830,-868,2053
864,-888,2041
899,-912,2033
927,-938,2018
960,-963,2015
992,-990,2017
1017,-1020,2031
1027,-1056,2060
1018,-1102,2089
994,-1151,2128
961,-1204,2173
926,-1261,2212
888,-1312,2234
854,-1351,2244
827,-1379,2252
805,-1404,2256
782,-1431,2237
754,-1457,2194
725,-1474,2123
692,-1480,2027
661,-1471,1922
643,-1454,1819
648,-1441,1721
662,-1432,1632
676,-1425,1542
688,-1409,1443
699,-1378,1321
712,-1327,1185
724,-1260,1061
734,-1183,922
742,-1109,774
747,-1039,643
743,-973,539
728,-910,441
700,-850,347
659,-779,246
609,-687,66
552,-572,-101
490,-428,-148
425,-288,-68
371,-182,51
357,-112,229
397,-87,403
474,-88,501
563,-106,538
618,-123,559
617,-123,575
567,-105,565
487,-75,529
387,-39,454
280,-2,335
180,24,188
99,32,29
45,24,-114
19,10,-226
19,-2,-307
36,-21,-365
60,-52,-392
81,-91,-400
103,-126,-393
125,-146,-378
153,-142,-352
179,-119,-317
193,-88,-287
193,-60,-266
181,-43,-249
166,-33,-229
158,-20,-210
154,0,-183
145,35,-144
127,84,-115
96,140,-91
53,197,-65
4,250,-36
-41,299,-6
-77,340,13
-101,373,32
-115,393,53
-122,402,68
-130,402,87
-154,398,99
-185,400,101
-220,418,106
-256,442,101
-286,462,82
-304,468,63
-313,458,52
-315,436,37
-306,417,27
-288,406,14
-273,405,0
-263,410,-13
-249,414,-29
-225,419,-47
-198,415,-57
-173,412,-62
-137,404,-62
-97,393,-56
-61,384,-59
-21,370,-53
14,347,-37
45,319,-17
75,291,7
105,265,27
135,240,46
159,217,68
173,198,95
182,183,120
183,169,141
182,152,159
187,132,174
202,111,185
218,88,198
223,64,204
215,42,201
200,29,197
187,19,193
175,12,193
162,3,199
153,-5,213
151,-17,243
149,-31,277
137,-44,315
114,-59,358
73,-75,496
-39,-138,606
-155,-248,101
-54,-153,147
14,164,369
-69,396,314
-314,422,423
-549,299,480
-611,88,375
-482,-130,325
-269,-330,349
-86,-507,367
7,-667,420
31,-817,550
46,-938,716
128,-1012,856
278,-1050,963
472,-1056,1062
654,-1032,1151
794,-976,1213
886,-886,1248
932,-783,1273
937,-683,1315
910,-602,1378
869,-547,1445
851,-519,1506
889,-518,1564
968,-540,1610
1048,-570,1651
1093,-596,1689
1093,-607,1736
1069,-600,1781
1062,-579,1819
1087,-560,1854
1131,-553,1893
1166,-562,1939
1169,-584,1994
1132,-613,2043
1063,-636,2083
990,-650,2112
928,-653,2130
891,-650,2156
865,-646,2190
838,-656,2244
804,-683,2302
771,-724,2350
748,-774,2386
727,-827,2436
704,-880,2478
677,-924,2503
654,-963,2518
638,-1001,2527
635,-1033,2538
644,-1064,2545
658,-1100,2556
684,-1135,2562
707,-1164,2552
733,-1184,2521
750,-1196,2503
756,-1207,2490
746,-1225,2478
735,-1254,2480
730,-1295,2486
733,-1341,2482
747,-1382,2463
765,-1405,2426
783,-1410,2367
797,-1398,2285
805,-1372,2185
809,-1337,2062
810,-1294,1921
813,-1245,1792
823,-1198,1689
827,-1159,1591
819,-1123,1471
810,-1081,1334
804,-1026,1196
804,-958,1064
797,-881,917
782,-804,764
756,-728,617
717,-651,487
671,-563,338
627,-465,126
586,-350,-76
536,-224,-188
471,-123,-170
403,-66,-103
354,-42,-34
360,-43,47
432,-24,105
546,19,120
651,60,112
699,88,124
671,109,151
576,135,167
460,179,103
357,232,6
291,284,-90
263,315,-215
262,316,-363
257,294,-485
228,254,-588
175,213,-674
106,181,-737
44,155,-781
15,133,-810
18,107,-815
47,81,-785
89,49,-741
112,3,-684
122,-49,-626
143,-111,-564
170,-179,-490
189,-249,-397
194,-314,-296
190,-370,-194
172,-399,-98
139,-394,-34
97,-365,17
43,-315,71
-17,-270,124
-61,-242,175
-83,-235,220
-93,-243,272
-96,-258,319
-95,-278,356
-90,-300,383
-99,-317,399
-127,-322,420
-166,-311,431
-204,-285,435
-246,-257,440
-296,-234,430
-352,-216,415
-411,-201,400
-466,-188,383
-517,-175,376
-555,-161,381
-579,-147,392
-584,-137,408
-579,-127,434
-575,-116,456
-556,-57,505
-670,124,175
-1058,204,-129
-1651,59,-213
-1701,-80,79
-1039,-146,350
-402,-266,473
-137,-441,492
-89,-568,514
-67,-582,561
3,-504,611
104,-403,657
214,-335,699
308,-316,747
375,-334,789
414,-365,816
446,-395,824
486,-409,828
530,-406,826
560,-391,827
568,-377,836
555,-361,847
535,-347,850
515,-327,847
502,-309,849
507,-287,859
533,-266,883
572,-248,914
616,-233,945
655,-222,977
681,-218,1008
689,-212,1041
690,-212,1067
690,-209,1092
696,-202,1122
717,-191,1161
753,-181,1209
799,-179,1252
842,-187,1289
877,-202,1326
902,-223,1375
914,-248,1433
920,-271,1486
929,-296,1545
940,-322,1603
951,-355,1669
953,-393,1749
951,-441,1835
941,-493,1910
920,-542,1974
904,-575,2016
899,-597,2043
868,-607,2069
844,-627,2105
820,-659,2150
787,-706,2198
754,-778,2248
731,-860,2304
721,-944,2354
724,-1024,2405
739,-1093,2454
761,-1153,2498
795,-1207,2546
841,-1248,2582
890,-1286,2596
927,-1333,2611
955,-1384,2618
992,-1423,2593
1042,-1439,2564
1090,-1438,2550
1124,-1436,2541
1141,-1443,2530
1153,-1460,2506
1166,-1476,2451
1179,-1477,2370
1178,-1456,2264
1170,-1418,2134
1152,-1371,2004
1127,-1329,1883
1094,-1296,1754
1063,-1268,1637
1041,-1240,1532
1022,-1206,1420
1001,-1160,1272
971,-1099,1100
946,-1031,936
937,-967,785
948,-914,669
962,-883,573
954,-869,478
930,-861,376
891,-848,287
844,-813,233
801,-734,152
763,-620,-60
708,-464,-108
624,-324,38
545,-233,266
492,-213,477
465,-257,610
454,-337,608
436,-414,490
397,-459,324
341,-462,176
282,-433,58
219,-397,-55
149,-373,-191
72,-372,-361
-12,-400,-510
-82,-449,-597
-126,-506,-626
-152,-558,-665
-164,-586,-698
-160,-585,-687
-138,-557,-650
-103,-502,-617
-64,-432,-590
-31,-368,-534
-20,-323,-464
-37,-299,-394
-67,-278,-327
-93,-240,-265
-115,-173,-210
-143,-88,-166
-190,-1,-134
-260,77,-116
-331,145,-97
-384,197,-71
-407,235,-35
-415,260,8
-418,270,45
-424,264,67
-435,249,89
-435,238,115
-415,238,137
-388,252,157
-375,275,174
-379,289,193
-397,304,222
-405,322,245
-401,346,254
-383,494,110
-548,803,-863
-907,892,-817
-1181,788,184
-1152,539,145
-795,284,-110
-372,94,132
-28,-41,373
189,-104,451
277,-79,535
281,8,651
268,127,756
275,241,809
299,325,816
314,367,790
302,374,748
266,362,722
241,346,708
295,318,714
432,265,724
536,177,740
482,84,782
322,37,845
205,58,872
189,122,873
219,187,884
244,231,917
253,251,950
274,254,972
314,240,986
357,206,1000
386,155,1014
395,99,1023
385,49,1031
374,15,1050
369,-5,1073
373,-20,1093
373,-37,1098
369,-55,1092
360,-77,1071
348,-93,1044
342,-102,1027
340,-104,1023
349,-104,1053
380,-104,1122
424,-124,1180
473,-167,1209
511,-219,1220
540,-263,1226
575,-286,1250
628,-293,1284
687,-307,1331
743,-331,1394
788,-360,1437
826,-394,1484
850,-433,1513
857,-473,1515
846,-506,1513
831,-526,1519
818,-531,1517
803,-526,1498
782,-516,1475
755,-502,1471
732,-494,1475
717,-498,1470
703,-513,1463
692,-529,1457
681,-548,1455
685,-562,1470
701,-578,1509
726,-598,1563
759,-623,1619
796,-650,1683
832,-677,1749
857,-705,1812
874,-722,1875
878,-740,1953
866,-764,2035
836,-800,2115
800,-844,2192
765,-889,2256
748,-927,2313
749,-966,2366
759,-1011,2415
770,-1065,2454
785,-1129,2477
804,-1195,2479
822,-1251,2482
834,-1301,2477
833,-1350,2440
818,-1404,2378
799,-1439,2306
789,-1453,2238
788,-1462,2183
794,-1490,2140
803,-1533,2091
812,-1579,2021
834,-1606,1948
866,-1611,1881
902,-1598,1791
927,-1569,1673
942,-1526,1530
940,-1480,1367
933,-1436,1221
934,-1393,1077
943,-1349,931
951,-1300,788
941,-1254,647
911,-1214,511
864,-1180,367
805,-1146,233
739,-1094,122
662,-1008,-38
578,-891,-317
479,-730,-458
366,-574,-391
290,-448,-201
281,-367,-41
327,-330,106
384,-292,216
412,-259,275
410,-202,273
380,-111,211
317,0,151
229,116,39
131,213,-180
34,287,-432
-69,317,-683
-180,292,-922
-276,225,-1114
-306,149,-1226
-276,88,-1264
-224,45,-1264
-180,25,-1223
-122,25,-1166
-55,36,-1088
-15,39,-1015
-13,24,-937
-37,-12,-855
-49,-63,-754
-52,-113,-636
-53,-158,-530
-52,-178,-423
-46,-161,-331
-47,-107,-264
-77,-31,-220
-125,43,-172
-161,92,-91
-156,107,-5
-107,92,76
-61,53,160
-49,1,233
-48,-45,292
-42,-82,344
-43,-109,395
-70,-133,441
-117,-155,469
-167,-170,486
-223,-179,487
-282,-182,468
-335,-180,442
-379,-181,429
-405,-190,425
-396,-205,440
-349,-213,465
-288,-216,522
-232,-215,602
-184,-206,677
-161,-194,747
-160,-182,805
-157,-161,853
-138,-130,935
-109,-95,1031
-108,-65,1107
-152,-52,1159
-220,-55,1200
-278,-69,1246
-309,-90,1287
-314,-109,1326
-292,-123,1361
-249,-141,1385
-203,-165,1402
-170,-195,1417
-174,-222,1162
-466,37,416
-614,603,165
-471,533,1029
-196,-88,1425
77,-808,1180
469,-1161,1070
752,-948,1185
767,-473,1167
640,-122,1120
550,-45,1172
576,-217,1231
680,-484,1258
800,-629,1311
828,-575,1361
691,-418,1384
477,-286,1397
327,-231,1421
294,-223,1458
306,-234,1506
281,-240,1560
206,-232,1604
134,-207,1628
106,-180,1632
126,-166,1625
166,-171,1609
207,-185,1585
237,-197,1566
261,-199,1548
294,-194,1526
335,-187,1507
378,-182,1489
417,-181,1464
450,-182,1443
475,-184,1427
494,-184,1417
513,-183,1404
541,-186,1400
571,-196,1398
591,-210,1394
601,-223,1391
599,-231,1386
587,-233,1379
566,-229,1369
547,-220,1360
530,-215,1358
514,-217,1362
497,-226,1368
477,-239,1369
459,-245,1369
448,-243,1364
445,-238,1356
449,-234,1350
452,-232,1344
450,-234,1335
440,-240,1330
430,-245,1322
424,-248,1313
427,-246,1309
434,-246,1310
446,-250,1315
458,-259,1320
468,-272,1322
476,-292,1323
471,-314,1321
459,-337,1310
457,-347,1305
461,-344,1311
470,-339,1320
483,-337,1325
493,-340,1329
498,-347,1329
499,-354,1324
497,-359,1318
490,-360,1308
482,-358,1294
474,-356,1275
467,-351,1253
461,-346,1241
451,-344,1237
434,-342,1237
414,-339,1242
400,-335,1243
388,-327,1243
379,-316,1243
373,-304,1241
369,-292,1243
371,-281,1252
378,-273,1248
384,-268,1233
387,-267,1208
384,-263,1188
382,-260,1176
382,-255,1173
385,-250,1168
387,-246,1155
389,-245,1136
390,-245,1117
391,-241,1095
394,-237,1075
395,-228,1051
394,-217,1027
392,-205,1004
390,-190,985
391,-176,967
390,-166,946
385,-157,932
373,-151,925
358,-144,916
340,-137,900
323,-128,883
307,-120,865
296,-109,859
293,-97,867
293,-88,872
296,-84,864
296,-80,850
289,-75,836
279,-65,825
269,-49,812
258,-28,803
250,-4,796
253,17,787
262,33,778
271,44,772
276,48,765
281,51,761
286,54,757
290,58,750
291,64,744
287,69,736
280,75,730
276,81,723
271,87,717
270,97,706
270,106,698
268,113,692
266,119,691
265,123,691
271,125,690
280,129,685
289,133,679
296,137,676
296,142,674
293,146,677
289,149,682
288,152,692
289,153,703
290,152,711
291,151,714
289,150,717
286,154,718
277,159,723
271,165,728
265,170,730
258,175,736
257,179,740
261,181,742
268,180,744
274,177,749
279,175,752
279,174,752
272,175,749
257,178,748
241,183,744
230,191,739
223,201,734
218,211,730
213,218,726
213,223,729
216,225,733
223,224,736
232,221,738
242,217,742
249,216,748
256,215,750
257,218,756
258,222,767
260,226,777
265,230,793
270,231,806
273,230,816
275,230,821
272,231,831
268,233,843
265,235,861
264,236,879
267,236,887
270,235,891
274,235,892
274,236,892
276,236,891
276,239,894
273,242,899
268,245,901
266,247,903
265,248,902
262,248,896
260,248,888
258,247,882
256,249,879
257,251,877
261,253,874
267,252,873
269,250,877
267,248,885
269,245,891
288,241,896
300,237,902
309,235,912
317,235,921
323,232,929
319,235,930
313,240,931
308,247,926
303,253,926
297,256,927
292,255,929
293,253,930
299,250,929
310,249,928
319,249,930
324,248,936
324,247,943
321,245,946
316,245,952
312,243,957
310,243,955
310,243,952
312,245,949
313,246,946
310,248,945
308,252,949
306,253,955
306,251,962
306,250,969
304,247,970
303,246,969
301,246,971
300,248,971
301,249,972
302,252,972
307,254,973
313,254,973
321,256,970
328,257,964
332,256,961
329,254,958
323,253,957
316,254,958
310,255,960
305,257,958
302,260,958
299,262,957
295,261,954
294,263,950
293,266,949
293,271,945
293,276,942
295,279,939
301,281,936
308,281,932
315,280,929
314,278,926
310,276,922
303,275,917
297,273,915
295,274,915
298,277,914
306,280,913
313,281,911
317,284,908
320,284,908
320,286,908
321,287,907
320,290,909
320,288,908
320,290,905
320,293,902
321,294,900
324,295,899
329,298,901
333,299,902
331,297,901
325,296,899
331,294,891
336,293,886
341,294,884
343,293,887
347,292,889
353,289,888
354,288,886
354,286,885
352,287,883
350,288,884
350,291,886
353,293,885
353,295,886
354,296,888
350,297,888
347,296,889
343,297,891
344,295,893
345,294,893
346,293,893
344,290,891
336,289,893
330,289,891
325,288,895
322,288,896
322,288,895
323,287,892
324,286,891
322,286,890
322,286,888
324,286,890
325,286,891
326,284,891
329,282,891
330,282,889
332,281,892
335,282,896
338,281,898
342,279,900
347,278,899
349,277,898
351,277,898
351,279,899
350,281,898
348,281,898
344,281,895
340,280,890
336,279,890
334,278,889
335,278,891
336,278,891
336,278,889
337,276,885
337,276,883
339,275,882
341,275,878
341,274,877
340,273,874
339,273,873
340,276,874
343,278,872
349,282,873
355,284,875
361,285,878
364,286,880
364,288,880
363,290,881
363,293,882
361,297,884
362,295,884
362,293,886
362,290,884
360,289,884
359,290,884
358,290,880
354,290,878
352,288,877
349,286,878
344,283,874
339,282,874
334,281,873
332,283,874
331,284,876
332,286,878
333,286,879
337,287,881
337,286,880
336,286,881
335,285,881
334,284,883
336,285,887
336,285,889
336,285,890
336,287,888
337,289,887
338,290,886
343,291,887
348,294,890
353,294,892
355,292,896
354,291,896
353,288,899
352,289,902
350,290,903
348,290,903
344,292,901
340,292,901
335,292,899
330,290,900
325,290,899
323,288,900
321,285,901
320,283,901
320,281,899
320,282,898
320,281,897
321,281,895
320,280,893
321,278,892
324,276,890
328,277,888
335,288,868
343,287,884
344,270,882
349,262,872
363,268,866
374,279,867
374,288,875
366,295,887
359,306,900
362,322,903
365,322,905
358,305,910
347,284,915
341,270,911
343,267,905
349,273,895
