# balls=3,catches=23,detected=19,sampleRate=200,timestamp=1781212397,countMode=watch_hand
x,y,z
464,303,839
462,305,842
459,305,842
456,306,841
454,307,838
452,308,834
450,310,832
449,313,828
449,314,825
448,316,825
447,317,825
445,318,827
444,317,830
444,316,834
442,314,836
441,312,841
441,311,845
441,310,848
441,308,851
440,307,853
439,306,854
437,305,855
435,302,854
432,301,854
427,299,854
425,299,855
421,299,856
418,298,858
414,298,859
413,299,862
411,299,864
412,300,865
411,300,867
411,300,869
413,301,867
415,301,866
416,301,866
418,301,865
420,303,867
421,302,867
422,301,866
422,301,867
423,299,868
422,298,868
422,297,868
421,296,870
419,295,871
417,294,874
416,296,876
417,296,876
417,298,879
417,299,879
416,298,880
415,297,880
416,296,880
417,294,878
418,293,877
415,293,877
413,292,877
410,291,876
406,288,875
405,288,874
401,288,871
396,287,871
391,287,870
385,286,870
380,288,867
374,288,868
370,289,867
369,290,867
368,289,865
369,289,864
372,289,865
375,291,866
381,293,867
391,296,869
399,296,872
409,298,873
419,300,875
428,297,876
438,297,876
445,296,876
451,295,874
454,293,875
456,291,875
457,287,875
454,284,875
451,281,876
445,279,879
440,275,878
434,272,880
428,268,879
425,268,880
422,266,880
420,265,881
420,263,882
418,263,883
418,261,883
419,258,885
418,252,886
417,245,888
416,239,886
415,233,885
416,230,883
414,225,882
412,219,882
408,211,880
406,203,880
403,193,876
404,187,874
405,185,874
406,182,871
406,179,871
404,175,873
402,171,875
399,167,879
394,163,888
390,157,897
383,151,906
375,147,918
369,146,927
365,152,936
360,161,944
352,177,955
346,197,958
342,215,955
339,234,941
341,252,917
342,269,891
341,283,874
337,292,868
329,293,869
313,285,880
293,273,906
264,253,935
237,232,937
215,219,906
204,213,849
206,214,789
211,218,745
210,222,739
205,222,764
204,222,790
219,225,803
249,233,804
291,245,794
344,258,777
399,266,761
452,270,746
486,269,759
472,271,835
458,269,848
457,266,793
458,270,723
449,275,680
430,273,674
401,263,686
390,254,680
410,250,646
454,247,589
486,237,557
492,218,561
485,193,564
481,175,549
472,161,535
457,149,528
455,144,521
453,143,514
451,145,511
448,149,503
442,154,488
437,162,479
436,172,475
449,183,464
481,191,454
549,196,446
643,201,445
708,209,443
757,217,444
805,220,439
824,229,424
870,234,416
905,214,425
938,192,442
973,159,457
1003,123,457
1039,109,457
1084,117,466
1121,137,466
1152,159,459
1185,176,448
1211,183,438
1225,186,432
1249,206,444
1294,199,448
1309,166,446
1307,149,448
1304,157,446
1309,185,455
1315,215,457
1297,226,441
1281,232,416
1291,258,394
1306,276,365
1307,281,335
1297,286,331
1276,252,308
1196,232,175
1175,230,37
1085,227,62
951,246,92
891,271,85
909,279,85
952,258,93
991,215,85
1016,168,53
1042,128,23
1070,116,32
1106,134,59
1142,162,70
1176,183,55
1205,191,37
1234,191,34
1263,186,68
1274,173,111
1261,148,126
1235,134,125
1205,133,111
1172,131,138
1138,136,202
1126,137,229
1162,142,140
1276,174,26
1415,184,22
1440,166,79
1272,146,144
1014,176,263
906,176,324
857,140,287
811,121,278
792,119,302
771,133,352
734,154,405
699,180,429
702,214,440
738,248,430
770,263,411
773,251,384
736,199,364
690,147,353
661,111,346
642,98,339
622,99,334
600,105,328
581,106,321
568,99,309
558,88,294
547,74,280
542,68,262
539,64,246
531,62,232
518,64,215
504,67,199
488,72,181
466,75,162
441,82,146
419,92,126
394,102,110
371,113,100
352,123,95
333,132,89
313,139,86
293,141,84
272,144,76
252,146,71
231,143,64
209,138,61
187,132,58
166,122,59
148,112,62
135,99,71
132,87,84
134,74,99
143,54,116
162,33,136
187,13,160
214,-1,185
240,-15,219
262,-27,254
280,-44,294
293,-70,330
299,-106,360
306,-143,391
316,-177,419
329,-206,454
343,-229,503
359,-255,565
381,-286,629
420,-319,697
478,-352,781
546,-383,868
622,-406,956
702,-426,1049
776,-446,1152
829,-465,1256
862,-485,1342
874,-501,1403
888,-513,1446
910,-518,1483
948,-532,1529
986,-550,1578
1017,-572,1622
1040,-590,1651
1061,-600,1672
1080,-599,1687
1089,-592,1696
1089,-590,1705
1084,-590,1726
1080,-595,1759
1077,-600,1801
1072,-601,1845
1071,-593,1888
1072,-578,1910
1086,-560,1914
1091,-549,1940
1067,-552,2007
1022,-574,2086
973,-601,2162
949,-625,2222
960,-643,2257
1001,-644,2287
1060,-636,2339
1115,-617,2531
1177,-667,2465
1195,-668,2356
1250,-660,2269
1309,-631,2256
1376,-608,2293
1439,-609,2331
1485,-631,2344
1512,-668,2350
1524,-707,2326
1524,-737,2326
1509,-771,2340
1476,-811,2376
1431,-861,2424
1375,-915,2463
1309,-963,2489
1234,-1006,2498
1154,-1050,2495
1074,-1098,2495
1000,-1141,2491
931,-1174,2470
867,-1190,2425
807,-1195,2358
760,-1195,2277
737,-1189,2184
742,-1177,2073
769,-1151,1940
811,-1111,1790
844,-1066,1655
864,-1023,1540
885,-980,1442
918,-931,1354
948,-874,1268
962,-818,1175
951,-763,1095
908,-714,1004
831,-670,896
716,-634,771
574,-589,639
420,-521,521
303,-363,437
166,-235,342
17,-261,172
-130,-294,-6
-256,-296,-159
-381,-278,-265
-476,-251,-346
-491,-222,-441
-431,-195,-496
-346,-177,-487
-269,-166,-464
-209,-164,-447
-163,-171,-421
-134,-180,-379
-112,-185,-334
-88,-183,-295
-57,-173,-265
-24,-155,-250
11,-131,-245
50,-105,-235
96,-75,-220
144,-47,-195
179,-27,-163
197,-11,-135
195,3,-111
182,17,-86
167,30,-66
151,42,-54
137,48,-38
126,50,-20
113,50,-4
98,47,7
81,42,14
63,40,15
42,38,13
19,35,14
-41,34,26
-49,39,26
-53,44,22
-50,52,18
-43,63,13
-28,76,7
-14,90,4
-3,106,0
5,123,-6
9,144,-13
10,167,-19
12,191,-28
13,214,-40
18,232,-56
25,249,-67
53,271,-81
76,289,-83
86,299,-79
81,307,-80
74,312,-91
74,314,-98
84,313,-106
105,311,-120
125,310,-133
136,312,-141
138,316,-149
135,319,-154
132,320,-162
129,320,-167
127,315,-174
124,309,-182
121,304,-195
117,302,-206
120,305,-217
121,309,-227
122,318,-231
123,327,-231
124,335,-227
128,337,-220
133,333,-214
141,326,-208
148,320,-203
157,315,-194
167,311,-181
176,307,-161
186,299,-140
196,285,-119
204,264,-100
211,241,-77
215,216,-53
213,193,-28
206,172,-1
198,154,24
191,138,51
182,120,80
174,102,108
163,81,137
150,55,160
136,28,175
118,1,186
100,-22,195
88,-44,211
83,-65,235
81,-88,261
88,-111,288
101,-136,315
118,-163,345
142,-189,380
171,-215,426
209,-239,472
251,-259,532
298,-283,604
340,-309,672
375,-339,735
403,-372,793
422,-406,852
435,-433,919
435,-465,959
476,-561,754
466,-567,869
444,-528,1121
431,-499,1347
437,-502,1471
461,-539,1474
490,-588,1391
519,-622,1281
541,-626,1199
554,-603,1174
560,-572,1197
560,-558,1244
561,-577,1294
570,-626,1335
589,-685,1367
615,-735,1394
650,-759,1424
691,-758,1449
737,-740,1463
780,-723,1463
822,-711,1466
866,-691,1479
913,-659,1501
947,-621,1518
963,-595,1523
954,-581,1511
919,-576,1481
871,-580,1444
829,-589,1415
801,-612,1408
789,-644,1433
793,-677,1481
814,-704,1543
846,-722,1604
885,-730,1650
920,-730,1678
941,-724,1692
944,-718,1699
934,-714,1702
923,-711,1706
914,-713,1712
912,-720,1722
915,-730,1738
921,-732,1756
934,-727,1774
954,-714,1788
974,-698,1798
990,-681,1801
998,-667,1800
1001,-655,1795
996,-643,1795
985,-625,1800
973,-609,1808
961,-596,1823
954,-589,1845
951,-588,1872
951,-592,1908
958,-599,1948
970,-605,1987
989,-611,2023
1013,-618,2056
1038,-626,2087
1060,-634,2119
1079,-645,2144
1089,-663,2165
1093,-685,2181
1091,-712,2196
1084,-741,2211
1078,-770,2229
1071,-798,2249
1062,-828,2272
1050,-862,2292
1040,-901,2314
1031,-943,2334
1028,-987,2355
1029,-1028,2381
1036,-1069,2406
1043,-1113,2433
1045,-1163,2454
1039,-1221,2476
1027,-1286,2504
1013,-1347,2536
1000,-1404,2577
990,-1453,2610
983,-1497,2625
975,-1535,2614
966,-1568,2575
951,-1596,2506
932,-1616,2419
909,-1628,2321
882,-1634,2225
851,-1632,2128
815,-1626,2030
779,-1619,1928
750,-1607,1806
718,-1580,1660
682,-1534,1485
650,-1477,1273
622,-1421,1015
599,-1353,740
580,-1273,504
561,-1179,333
540,-1074,228
526,-968,168
520,-875,145
522,-799,132
525,-736,122
530,-676,110
522,-611,68
503,-536,-3
470,-463,-71
417,-402,-95
347,-363,-77
262,-344,-43
165,-336,-37
62,-327,-91
-26,-310,-207
-102,-287,-347
-164,-268,-471
-220,-252,-549
-266,-238,-589
-288,-220,-618
-286,-197,-648
-257,-178,-670
-213,-168,-679
-162,-170,-666
-113,-179,-632
-66,-186,-583
-24,-187,-524
7,-180,-471
22,-165,-426
16,-146,-389
-6,-124,-360
-38,-102,-335
-68,-82,-302
-95,-68,-256
-126,-58,-208
-167,-54,-163
-212,-54,-133
-253,-45,-123
-279,-28,-126
-287,-8,-129
-278,9,-121
-264,22,-96
-256,27,-54
-257,27,-9
-268,28,33
-288,30,58
-306,36,60
-314,48,60
-310,58,69
-299,62,82
-289,64,99
-285,66,121
-277,71,149
-256,75,175
-224,80,214
-186,84,260
-149,92,305
-119,110,337
-102,141,357
-94,176,375
-88,207,406
-78,224,470
-60,226,563
-49,224,658
-52,228,741
-73,243,808
-112,265,860
-171,287,896
-243,309,915
-424,297,806
-699,268,886
-1084,322,840
-1480,360,373
-1177,279,-325
-718,257,-543
-413,257,-408
-184,320,-185
41,459,24
253,574,233
446,593,472
633,532,650
804,408,729
1018,278,762
1281,194,833
1454,171,910
1462,200,995
1337,233,1084
1158,357,1180
957,531,1140
799,709,927
717,876,627
621,965,358
442,847,254
587,869,492
853,943,838
964,989,908
827,937,678
642,901,410
488,873,306
365,840,354
274,795,429
219,743,440
201,696,394
203,653,341
206,615,315
200,583,314
190,559,317
188,541,312
197,526,300
210,511,287
224,495,272
238,477,255
254,464,243
275,456,232
298,452,221
323,448,213
346,439,205
364,428,199
369,414,197
362,398,192
347,382,185
330,367,176
309,354,174
285,340,177
258,328,172
229,317,162
206,305,159
188,292,161
175,275,174
167,254,188
162,229,205
157,201,218
148,171,226
139,139,233
130,109,244
124,80,255
122,55,266
125,31,276
135,10,283
148,-13,292
168,-40,305
261,-82,228
372,-126,106
400,-159,161
368,-195,353
320,-234,570
285,-279,732
265,-327,816
258,-368,833
245,-404,813
237,-429,758
241,-448,688
261,-464,622
293,-483,576
341,-513,559
402,-555,583
475,-606,645
555,-660,743
639,-707,860
715,-741,979
782,-759,1079
832,-759,1146
868,-747,1168
888,-734,1146
890,-721,1094
866,-713,1032
816,-709,976
748,-714,938
680,-734,917
623,-771,916
581,-821,934
714,-973,1272
801,-976,1329
892,-972,1363
981,-969,1371
1060,-963,1371
1127,-954,1368
1182,-944,1368
1226,-937,1382
1255,-935,1413
1271,-944,1453
1276,-962,1503
1277,-986,1556
1277,-1009,1602
1279,-1023,1643
1279,-1025,1673
1283,-1020,1690
1294,-1014,1702
1308,-1011,1711
1321,-1009,1726
1333,-1008,1749
1345,-1002,1778
1352,-993,1815
1354,-986,1854
1348,-978,1895
1336,-971,1938
1315,-965,1976
1283,-960,2015
1246,-958,2052
1203,-959,2089
1156,-958,2126
1108,-958,2157
1066,-961,2187
1020,-959,2210
984,-958,2225
962,-963,2232
949,-971,2236
948,-986,2249
958,-1011,2268
977,-1043,2292
1005,-1084,2317
1040,-1133,2351
1077,-1186,2389
1113,-1249,2430
1152,-1322,2477
1190,-1394,2524
1223,-1457,2569
1245,-1516,2607
1260,-1578,2627
1266,-1643,2624
1262,-1700,2602
1247,-1746,2555
1224,-1782,2489
1192,-1810,2414
1150,-1833,2329
1100,-1852,2239
1039,-1859,2153
972,-1852,2068
906,-1835,1980
839,-1814,1885
778,-1796,1783
723,-1785,1679
682,-1777,1579
659,-1763,1478
653,-1747,1365
658,-1724,1239
668,-1697,1095
682,-1669,918
704,-1629,703
732,-1554,400
758,-1464,26
775,-1364,-260
765,-1244,-399
712,-1107,-379
625,-982,-261
536,-888,-74
457,-815,76
407,-742,109
386,-646,60
371,-534,1
352,-405,16
332,-236,122
371,50,216
281,125,116
151,68,-125
-37,-116,-386
-275,-343,-608
-537,-500,-803
-809,-546,-998
-1028,-504,-1169
-1164,-461,-1315
-1121,-428,-1397
-807,-309,-1354
-363,-164,-1183
39,-82,-1005
340,-82,-863
542,-141,-774
646,-207,-697
653,-241,-603
548,-232,-509
329,-188,-448
49,-122,-436
-196,-31,-477
-356,68,-543
-438,143,-582
-455,185,-571
-405,195,-525
-292,178,-462
-154,144,-391
-33,107,-317
28,70,-261
35,43,-203
-2,27,-117
-83,15,-2
-192,1,128
-303,-12,256
-398,-30,353
-468,-48,423
-514,-59,461
-537,-59,480
-547,-51,463
-561,-47,474
-579,-37,529
-741,-44,546
-1118,-150,311
-657,-353,-102
-454,-507,-189
-838,-556,-41
-1022,-494,50
-897,-285,122
-713,-31,183
-640,177,259
-641,236,356
-654,108,436
-602,-122,512
-456,-296,602
-247,-319,758
53,-251,1062
895,-374,2745
869,-216,2630
740,-359,2247
520,-349,1434
377,-189,761
291,91,341
232,370,196
264,582,259
299,657,180
351,657,88
390,624,54
427,557,29
490,469,68
551,382,166
581,308,293
564,256,379
504,229,399
432,229,345
361,245,264
306,264,164
273,284,90
285,288,168
332,283,260
358,269,287
336,262,282
325,241,263
291,225,248
260,227,238
232,225,237
216,217,247
207,208,261
205,188,268
203,162,267
197,129,265
188,88,199
177,52,95
193,11,255
185,-25,362
188,-56,329
225,-89,272
266,-124,245
290,-161,272
309,-201,302
336,-240,326
372,-279,335
419,-311,342
471,-339,363
531,-361,412
592,-383,455
648,-399,488
695,-404,547
725,-394,640
733,-380,732
728,-370,800
715,-374,839
699,-394,851
683,-428,845
659,-468,838
631,-503,840
604,-527,852
578,-539,884
549,-545,934
519,-553,992
493,-569,1047
470,-594,1098
452,-631,1141
436,-674,1181
421,-718,1224
409,-760,1271
402,-800,1317
407,-837,1359
435,-871,1394
486,-907,1437
558,-944,1491
645,-990,1557
740,-1047,1633
839,-1104,1720
939,-1155,1806
1036,-1187,1889
1126,-1200,1966
1202,-1197,2027
1265,-1188,2066
1312,-1183,2085
1338,-1184,2088
1347,-1194,2084
1338,-1211,2088
1321,-1227,2107
1298,-1239,2143
1271,-1246,2194
1244,-1250,2250
1216,-1249,2303
1186,-1245,2343
1159,-1238,2365
1132,-1227,2376
1109,-1214,2369
1086,-1198,2357
1068,-1183,2344
1056,-1170,2342
1053,-1159,2349
1059,-1146,2366
1070,-1136,2382
1084,-1131,2385
1103,-1134,2369
1124,-1136,2340
1149,-1135,2305
1175,-1131,2272
1199,-1131,2239
1218,-1142,2216
1231,-1165,2200
1239,-1199,2201
1244,-1239,2220
1239,-1279,2254
1226,-1321,2291
1206,-1371,2325
1178,-1427,2350
1147,-1490,2368
1116,-1551,2377
1086,-1611,2383
1058,-1669,2380
1031,-1720,2373
1003,-1763,2356
975,-1805,2322
943,-1838,2272
907,-1855,2206
874,-1858,2117
845,-1849,2002
814,-1837,1863
784,-1823,1721
746,-1795,1589
700,-1758,1473
643,-1717,1358
580,-1681,1244
515,-1658,1121
456,-1642,981
403,-1625,818
370,-1580,635
379,-1480,409
411,-1374,87
441,-1291,-233
476,-1208,-464
507,-1097,-566
522,-961,-516
520,-818,-350
513,-686,-167
499,-581,-59
499,-491,-93
516,-397,-185
547,-305,-258
581,-233,-297
608,-177,-276
681,-39,-204
789,131,-138
752,44,-202
682,-88,-318
562,-219,-446
390,-320,-582
169,-385,-733
-87,-432,-886
-328,-450,-1045
-526,-455,-1213
-690,-472,-1371
-754,-461,-1489
-670,-361,-1531
-453,-159,-1479
-183,17,-1371
33,91,-1224
169,69,-1068
223,21,-936
218,-19,-862
150,-54,-840
23,-92,-857
-140,-124,-896
-304,-131,-955
-429,-111,-1026
-495,-87,-1093
-496,-79,-1115
-440,-111,-1064
-343,-187,-927
-232,-270,-719
-139,-336,-468
-80,-373,-178
-69,-395,115
-104,-418,378
-187,-441,563
-292,-458,658
-399,-461,678
-496,-448,687
-581,-427,709
-731,-261,705
-928,-50,113
-948,-222,-416
-1301,-484,-216
-1626,-669,-133
-1563,-702,77
-1404,-721,389
-1358,-776,856
-1301,-750,1457
-1125,-668,1998
-854,-574,2292
-593,-455,2248
-398,-324,1923
-267,-202,1486
-157,-82,1096
-55,36,828
36,140,704
115,216,733
182,241,852
226,215,988
339,163,1178
649,88,1388
928,36,1398
1076,3,1269
1072,-24,1148
958,-19,1012
781,44,898
564,127,820
334,182,751
148,177,689
53,114,625
56,51,559
109,39,515
171,68,497
242,103,476
337,139,450
424,151,430
490,137,418
541,117,427
571,94,452
570,76,495
541,60,545
492,51,600
433,44,651
369,42,686
305,38,699
255,35,691
226,31,663
223,27,627
240,16,592
276,0,567
330,-25,560
394,-53,565
467,-85,585
536,-118,614
596,-149,648
642,-175,682
666,-194,714
669,-206,737
648,-212,750
616,-213,752
584,-211,748
548,-211,741
509,-218,738
464,-232,744
414,-255,759
373,-283,782
345,-315,811
334,-349,844
337,-383,873
358,-415,897
393,-444,915
438,-471,932
488,-495,953
541,-515,974
595,-529,1001
641,-542,1029
686,-558,1057
728,-578,1082
765,-597,1108
797,-613,1133
820,-628,1156
831,-640,1172
843,-654,1178
862,-666,1179
886,-681,1173
912,-695,1167
933,-706,1163
952,-714,1169
967,-722,1178
983,-731,1193
996,-741,1205
1011,-748,1216
1023,-752,1223
1028,-754,1231
1029,-758,1236
1023,-767,1245
1016,-781,1259
1006,-797,1283
996,-808,1314
984,-814,1351
972,-817,1392
959,-820,1431
949,-829,1465
943,-842,1492
938,-856,1514
934,-869,1534
928,-873,1554
918,-875,1571
907,-875,1588
894,-876,1599
886,-876,1609
883,-874,1621
891,-872,1635
902,-875,1658
915,-883,1685
931,-892,1719
953,-902,1758
981,-911,1802
1011,-920,1843
1042,-932,1884
1075,-949,1922
1113,-970,1963
1154,-991,2004
1194,-1012,2047
1233,-1028,2088
1276,-1043,2121
1319,-1062,2138
1356,-1088,2142
1385,-1120,2139
1409,-1162,2139
1429,-1213,2148
1442,-1267,2170
1453,-1322,2199
1460,-1375,2230
1468,-1421,2251
1475,-1460,2259
1488,-1492,2250
1512,-1519,2228
1535,-1570,2193
1536,-1650,2155
1519,-1722,2133
1498,-1764,2136
1477,-1786,2153
1455,-1825,2168
1428,-1869,2169
1399,-1907,2156
1368,-1931,2119
1334,-1940,2053
1288,-1933,1956
1229,-1911,1836
1153,-1879,1695
1065,-1844,1542
970,-1805,1386
872,-1765,1228
777,-1726,1079
688,-1680,935
603,-1640,791
524,-1610,659
450,-1588,538
379,-1569,423
312,-1555,300
253,-1536,92
210,-1494,-238
176,-1415,-562
141,-1297,-837
80,-1140,-987
-10,-944,-989
-105,-738,-818
-169,-541,-569
-161,-354,-332
-69,-172,-183
64,-4,-46
157,129,36
188,200,-74
145,206,-397
96,201,-784
70,199,-1102
-50,98,-1324
-236,-36,-1499
-457,-161,-1632
-643,-243,-1723
-735,-262,-1726
-695,-219,-1586
-560,-169,-1316
-382,-153,-1030
-207,-185,-821
-63,-248,-706
31,-308,-645
62,-331,-593
35,-305,-532
-38,-245,-473
-143,-177,-423
-265,-121,-398
-387,-89,-408
-472,-69,-419
-499,-46,-407
-463,-27,-366
-381,-29,-294
-273,-47,-198
-164,-77,-89
-86,-109,27
-52,-135,141
-67,-151,254
-124,-156,355
-201,-154,420
-283,-152,446
-353,-150,439
-412,-148,433
-465,-141,426
-506,-127,443
-549,-69,465
-712,169,380
-933,252,99
-1112,104,-409
-1332,-54,-680
-1347,-181,-665
-712,-309,-533
-754,-419,-399
-732,-543,-224
-573,-622,12
-365,-579,328
-196,-458,715
-67,-317,1137
29,-206,1566
129,-152,1937
270,-172,2078
968,-464,2360
1498,-568,2684
902,-347,1164
826,-238,477
848,-126,295
805,-57,241
660,165,221
510,316,209
427,450,390
332,531,654
267,524,862
240,449,954
249,345,908
291,251,783
370,187,646
465,163,543
528,175,487
533,199,472
492,220,483
420,213,503
357,188,502
435,234,494
472,248,494
462,234,509
418,202,512
390,163,500
384,129,491
395,106,489
412,93,494
421,81,495
435,71,480
445,58,457
453,41,434
453,20,428
442,-7,445
425,-40,480
409,-70,514
404,-97,535
411,-117,552
424,-126,569
424,-131,607
419,-134,650
410,-145,704
406,-161,747
414,-180,770
432,-199,780
455,-217,788
480,-237,805
499,-257,829
516,-282,855
538,-309,879
568,-344,900
603,-382,917
640,-421,930
672,-458,945
703,-492,964
736,-520,992
772,-540,1028
806,-554,1058
843,-564,1077
874,-573,1082
900,-580,1083
929,-590,1083
958,-602,1081
984,-610,1085
1007,-616,1109
1029,-621,1145
1055,-640,1188
1081,-673,1233
1100,-710,1285
1106,-747,1343
1103,-776,1404
1096,-803,1470
1096,-827,1536
1108,-855,1596
1135,-877,1650
1165,-897,1694
1197,-921,1734
1224,-948,1774
1247,-981,1826
1260,-1013,1892
1264,-1038,1969
1256,-1056,2054
1242,-1074,2135
1222,-1096,2202
1194,-1116,2252
1156,-1132,2283
1118,-1142,2301
1085,-1150,2316
1059,-1154,2329
1048,-1157,2344
1047,-1157,2358
1061,-1164,2373
1084,-1173,2385
1112,-1185,2392
1143,-1198,2395
1175,-1206,2389
1206,-1212,2379
1229,-1215,2367
1246,-1227,2349
1260,-1251,2333
1273,-1287,2325
1282,-1328,2331
1292,-1367,2354
1298,-1406,2385
1301,-1450,2413
1303,-1505,2432
1302,-1562,2438
1297,-1614,2436
1283,-1660,2427
1269,-1702,2413
1254,-1741,2394
1244,-1779,2363
1230,-1818,2315
1208,-1858,2256
1181,-1893,2190
1139,-1910,2114
1087,-1899,2023
1023,-1873,1908
950,-1841,1776
881,-1809,1632
819,-1772,1484
769,-1733,1337
730,-1687,1179
696,-1636,1015
677,-1588,845
675,-1549,656
689,-1498,389
729,-1426,-21
786,-1329,-390
841,-1181,-625
872,-978,-613
895,-742,-348
930,-532,-24
1027,-400,288
1036,-332,349
940,-315,223
777,-320,51
625,-330,-127
466,-438,-262
327,-599,-309
196,-739,-272
75,-779,-209
-30,-722,-201
-113,-625,-277
-147,-530,-389
-125,-425,-461
-182,-494,-533
-196,-503,-559
-230,-494,-549
-276,-465,-546
-296,-381,-545
-286,-273,-552
-255,-185,-585
-216,-134,-637
-182,-118,-696
-158,-110,-745
-145,-98,-775
-120,-82,-792
-83,-63,-791
-40,-47,-767
-4,-36,-721
15,-31,-658
17,-26,-583
12,-22,-507
10,-17,-441
16,-14,-389
28,-17,-352
40,-19,-326
57,-19,-303
68,-5,-273
65,12,-224
49,28,-161
27,40,-93
-6,48,-33
-45,55,13
-89,53,50
-134,48,80
-178,44,106
-266,78,167
-276,85,188
-281,88,214
-283,88,254
-288,94,307
-301,106,369
-327,122,436
-370,135,510
-435,146,576
-517,158,618
-601,171,635
-684,187,647
-756,201,663
-817,215,684
-862,225,712
-894,234,736
-966,181,791
-948,243,756
-960,317,679
-1098,329,677
-1497,253,583
-1917,109,367
-2033,-44,143
-1819,-148,-2
-1359,-171,-41
-983,-116,22
-702,-12,162
-501,108,324
-340,191,462
-216,207,592
16,69,714
458,-73,1117
881,-127,1591
1133,-87,1765
980,34,1264
720,61,730
502,101,365
314,173,165
115,256,86
-122,315,118
-344,404,260
-518,474,440
-501,516,517
-214,534,441
5,463,292
153,359,205
264,271,245
319,208,368
315,163,500
279,133,566
236,110,564
205,88,498
193,54,451
205,6,443
273,-45,452
426,-79,478
471,-142,520
499,-220,557
507,-301,598
513,-372,630
522,-430,649
527,-478,658
519,-517,682
512,-547,710
516,-574,727
539,-605,750
579,-646,779
620,-687,812
649,-728,848
656,-754,911
648,-767,994
644,-783,1062
650,-772,1147
664,-759,1226
677,-755,1284
686,-759,1324
697,-768,1345
714,-776,1350
732,-781,1354
743,-778,1366
744,-769,1394
740,-758,1436
735,-743,1477
732,-733,1503
736,-727,1506
750,-726,1490
778,-726,1467
816,-722,1445
859,-716,1432
907,-707,1426
966,-700,1422
1030,-698,1422
1104,-708,1435
1181,-728,1480
1256,-746,1560
1321,-763,1669
1373,-773,1780
1409,-782,1867
1424,-796,1918
1410,-819,1942
1372,-849,1953
1324,-883,1958
1278,-916,1976
1242,-947,2010
1210,-974,2052
1186,-999,2092
1170,-1029,2120
1160,-1061,2142
1158,-1091,2165
1157,-1115,2193
1161,-1136,2221
1174,-1159,2246
1195,-1182,2280
1222,-1202,2309
1253,-1217,2333
1289,-1228,2350
1324,-1235,2352
1357,-1246,2344
1386,-1265,2331
1412,-1289,2322
1430,-1311,2324
1442,-1332,2337
1443,-1357,2353
1434,-1391,2365
1413,-1437,2377
1384,-1493,2397
1351,-1550,2429
1315,-1606,2471
1285,-1659,2515
1253,-1714,2550
1222,-1775,2572
1194,-1837,2576
1169,-1887,2571
1140,-1913,2549
1109,-1914,2496
1076,-1904,2399
1042,-1886,2263
1004,-1865,2104
969,-1840,1940
940,-1813,1788
918,-1787,1650
903,-1762,1521
889,-1730,1406
877,-1692,1296
865,-1653,1185
843,-1617,1070
810,-1587,948
774,-1559,808
738,-1518,642
715,-1442,415
726,-1308,155
730,-1172,-65
701,-1064,-224
649,-959,-313
584,-860,-344
524,-768,-340
482,-680,-342
462,-592,-384
468,-492,-404
476,-384,-365
463,-264,-320
427,-147,-270
384,-48,-233
382,76,-228
347,73,-266
283,-7,-373
197,-107,-488
78,-199,-582
-77,-259,-665
-251,-274,-760
-420,-260,-871
-550,-226,-975
-606,-176,-1048
-572,-117,-1082
-468,-71,-1079
-328,-54,-1039
-189,-64,-955
-82,-83,-846
-16,-96,-741
12,-91,-670
10,-76,-630
-11,-52,-609
-55,-29,-599
-115,-10,-592
-175,7,-582
-225,29,-574
-258,49,-558
-286,66,-533
-315,79,-499
-355,91,-471
-403,97,-457
-451,95,-456
-494,84,-461
-528,75,-460
-552,71,-449
-569,68,-420
-580,63,-374
-582,50,-318
-566,27,-264
-538,0,-209
-508,-33,-159
-484,-69,-116
-483,-99,-66
-502,-128,-1
-539,-156,67
-585,-184,133
-629,-205,193
-665,-215,243
-689,-219,285
-696,-216,321
-680,-205,349
-646,-191,383
-607,-184,425
-562,-189,470
-518,-200,514
-478,-215,563
-449,-236,621
-438,-259,687
-446,-285,748
-460,-310,843
-561,-310,892
-722,-242,773
-900,-232,492
-1125,-310,280
-1446,-440,263
-1682,-568,212
-1618,-643,197
-1323,-704,338
-952,-791,641
-591,-895,1028
-280,-986,1365
-37,-1050,1580
135,-1068,1654
250,-1028,1604
324,-943,1465
362,-845,1278
377,-757,1103
380,-694,1000
380,-664,977
388,-660,1011
403,-675,1069
431,-690,1114
473,-696,1126
530,-691,1104
599,-680,1064
678,-670,1030
796,-667,1043
944,-663,1079
1033,-645,1094
1020,-615,1092
933,-577,1085
810,-547,1082
686,-525,1077
596,-515,1067
543,-520,1060
527,-533,1049
543,-558,1041
585,-587,1040
641,-613,1047
698,-628,1057
749,-633,1071
791,-628,1088
822,-620,1108
843,-615,1132
852,-616,1159
858,-619,1190
868,-624,1220
892,-627,1258
932,-634,1313
984,-647,1383
1035,-665,1460
1084,-685,1535
1127,-702,1600
1169,-711,1651
1206,-718,1691
1241,-721,1727
1269,-722,1762
1288,-724,1795
1298,-726,1835
1296,-727,1879
1285,-728,1923
1268,-730,1966
1247,-735,2010
1229,-739,2059
1214,-741,2113
1202,-744,2169
1192,-752,2230
1189,-763,2295
1189,-781,2366
1197,-801,2438
1214,-820,2506
1238,-839,2568
1268,-862,2618
1302,-888,2669
1336,-918,2712
1368,-946,2745
1394,-972,2770
1411,-996,2782
1424,-1024,2784
1428,-1058,2776
1430,-1096,2766
1428,-1137,2760
1427,-1177,2762
1432,-1218,2768
1438,-1276,2776
1447,-1335,2794
1460,-1381,2820
1465,-1431,2845
1460,-1495,2854
1441,-1547,2837
1410,-1579,2796
1384,-1631,2728
1366,-1665,2649
1354,-1668,2564
1335,-1649,2471
1310,-1627,2363
1275,-1606,2238
1224,-1587,2099
1152,-1566,1960
1064,-1538,1834
970,-1504,1719
878,-1465,1613
799,-1421,1507
733,-1374,1388
681,-1330,1254
647,-1293,1110
630,-1263,954
623,-1236,791
630,-1216,619
650,-1198,415
672,-1164,119
685,-1100,-192
670,-989,-408
615,-823,-492
541,-638,-406
469,-469,-230
425,-339,-42
421,-265,91
429,-240,156
414,-239,187
358,-234,171
259,-216,85
131,-197,-74
4,-191,-259
-108,-213,-429
-202,-259,-579
-281,-316,-710
-342,-367,-818
-376,-394,-907
-368,-398,-959
-310,-378,-962
212,-310,-532
214,-294,-482
184,-266,-450
135,-230,-436
78,-194,-435
16,-158,-441
-47,-126,-447
-110,-93,-451
-164,-60,-458
-206,-26,-459
-242,1,-455
-271,17,-450
-294,22,-445
-303,23,-439
-297,23,-425
-284,23,-404
-269,25,-385
-253,24,-375
-238,16,-368
-226,3,-350
-223,-11,-320
-237,-22,-273
-266,-27,-220
-302,-20,-175
-337,-10,-147
-370,-2,-133
-398,3,-126
-428,9,-122
-456,19,-110
-478,29,-84
-492,42,-47
-500,53,2
-503,66,49
-502,74,86
-493,78,113
-485,77,140
-480,73,165
-477,69,186
-470,67,200
-466,70,219
-466,77,228
-471,82,253
-480,83,286
-483,74,317
-482,65,347
-560,22,357
-709,-47,288
-819,-73,305
-930,-149,233
-1014,-264,148
-1003,-297,171
-936,-213,200
-838,-58,242
-718,83,281
-597,141,291
-489,89,272
-401,-42,247
-315,-193,247
-195,-310,289
6,-377,381
565,-442,925
920,-383,1533
887,-383,1541
933,-462,1394
909,-513,1139
863,-469,959
699,-337,697
481,-179,454
320,-41,365
221,54,416
186,81,549
225,16,605
307,-80,726
420,-201,909
551,-327,1156
690,-438,1405
800,-512,1545
853,-531,1536
872,-500,1426
872,-435,1298
856,-363,1188
830,-308,1112
792,-293,1083
737,-323,1100
669,-384,1148
592,-460,1212
514,-536,1278
436,-605,1338
364,-665,1398
307,-712,1455
274,-739,1493
268,-748,1510
288,-738,1506
334,-719,1488
411,-698,1463
514,-681,1436
636,-672,1413
760,-673,1408
868,-680,1427
956,-690,1473
1023,-702,1535
1074,-715,1598
1112,-729,1648
1133,-739,1678
1146,-746,1693
1155,-753,1695
1163,-754,1692
1173,-752,1690
1191,-747,1692
1213,-744,1699
1236,-742,1714
1259,-746,1730
1279,-753,1763
1291,-764,1806
1294,-777,1857
1283,-796,1903
1260,-818,1951
1230,-844,1998
1196,-867,2045
1158,-886,2091
1122,-901,2146
1088,-913,2195
1052,-928,2237
1022,-952,2272
999,-981,2297
986,-1014,2322
986,-1052,2345
995,-1086,2374
1016,-1117,2402
1042,-1147,2427
1074,-1181,2446
1104,-1217,2457
1132,-1247,2464
1153,-1273,2461
1170,-1302,2455
1183,-1335,2445
1195,-1378,2437
1205,-1430,2434
1212,-1487,2446
1216,-1541,2474
1224,-1588,2515
1230,-1625,2555
1234,-1657,2575
1235,-1688,2561
1232,-1719,2507
1224,-1754,2431
1207,-1782,2349
1182,-1803,2283
1153,-1812,2231
1125,-1811,2190
1098,-1799,2142
1072,-1777,2072
1043,-1750,1972
1009,-1721,1848
968,-1687,1708
922,-1648,1562
874,-1605,1423
825,-1553,1293
772,-1497,1170
717,-1442,1050
667,-1397,920
623,-1359,771
581,-1320,592
545,-1275,356
520,-1215,29
506,-1132,-277
490,-1015,-493
468,-865,-599
452,-709,-571
455,-556,-477
486,-410,-346
546,-288,-254
638,-203,-197
733,-136,-167
769,-74,-261
758,-10,-386
728,65,-492
670,111,-571
583,106,-642
466,71,-712
322,28,-784
162,-8,-860
-2,-37,-942
-159,-63,-1034
-290,-76,-1112
-379,-87,-1160
-423,-91,-1176
-396,-62,-1155
-308,-2,-1105
-200,56,-1033
-99,86,-954
-28,92,-877
0,80,-803
-7,67,-743
-42,58,-695
-97,54,-659
-154,53,-637
-208,49,-630
-250,39,-627
-279,26,-619
-301,19,-598
-321,21,-569
-336,42,-540
-338,76,-513
-327,112,-496
-312,132,-486
-297,130,-475
-280,117,-455
-263,106,-421
-256,95,-376
-262,76,-324
-282,53,-268
-305,23,-215
-326,-17,-163
-331,-69,-116
-314,-115,-74
-283,-149,-39
-251,-161,-5
-230,-154,22
-226,-137,33
-236,-134,40
-262,-162,59
-298,-207,90
-323,-246,133
-325,-262,189
-308,-261,239
-274,-260,271
-226,-267,295
-170,-282,331
-115,-307,388
-78,-331,449
-66,-353,502
-70,-371,532
-92,-387,550
-131,-404,564
-178,-423,583
-229,-436,606
-283,-444,623
-331,-452,632
-376,-464,644
-410,-478,654
-436,-492,670
-453,-507,699
-463,-520,742
-463,-535,803
-450,-547,866
-424,-535,925
-452,-372,878
-705,-285,444
-1094,-480,83
-1344,-664,156
-1318,-763,526
-1038,-784,911
-701,-821,1201
-402,-887,1332
-141,-923,1330
86,-917,1258
282,-895,1173
440,-871,1117
570,-851,1110
658,-834,1141
702,-816,1182
701,-798,1209
660,-784,1210
596,-776,1188
538,-775,1155
502,-781,1128
491,-785,1122
496,-788,1135
511,-787,1153
525,-781,1168
538,-773,1178
547,-764,1180
557,-755,1183
568,-745,1183
582,-743,1182
603,-745,1182
635,-748,1173
680,-759,1158
735,-770,1147
796,-782,1150
857,-791,1167
916,-794,1194
971,-790,1221
1024,-783,1238
1068,-768,1239
1100,-751,1235
1113,-727,1229
1111,-701,1228
1100,-675,1234
1077,-651,1250
1046,-632,1267
1014,-617,1281
979,-606,1293
947,-600,1300
919,-597,1306
895,-595,1315
874,-594,1330
857,-596,1351
849,-602,1379
846,-612,1413
850,-625,1453
863,-642,1497
887,-657,1543
915,-671,1594
946,-682,1647
986,-690,1697
1032,-697,1736
1079,-705,1762
1123,-711,1778
1158,-711,1784
1190,-710,1787
1225,-707,1791
1266,-701,1794
1308,-694,1791
1345,-689,1787
1371,-685,1785
1387,-681,1790
1393,-676,1802
1393,-671,1815
1394,-669,1828
1395,-672,1834
1394,-680,1843
1389,-692,1862
1376,-704,1888
1365,-714,1918
1354,-721,1949
1347,-731,1970
1350,-743,1993
1360,-752,2011
1373,-761,2024
1385,-763,2030
1394,-765,2029
1399,-768,2021
1393,-781,2014
1384,-799,2014
1373,-827,2015
1358,-858,2032
1336,-890,2061
1310,-926,2103
1283,-966,2151
1257,-1008,2204
1233,-1057,2252
1212,-1110,2298
1195,-1167,2343
1185,-1227,2384
1181,-1287,2414
1175,-1345,2434
1169,-1400,2444
1163,-1454,2444
1152,-1502,2434
1127,-1545,2412
1088,-1576,2378
1041,-1600,2325
995,-1630,2251
954,-1672,2174
922,-1708,2106
900,-1719,2051
885,-1702,2001
873,-1672,1937
866,-1641,1841
859,-1612,1704
852,-1579,1531
848,-1547,1340
843,-1512,1152
825,-1471,969
789,-1421,798
739,-1367,609
683,-1316,351
619,-1246,6
547,-1144,-302
472,-1006,-533
395,-847,-649
334,-695,-621
289,-557,-529
279,-460,-423
319,-395,-406
400,-332,-431
472,-221,-507
515,-74,-607
527,59,-608
507,130,-516
460,132,-418
378,96,-417
242,28,-537
73,-38,-732
-108,-87,-939
-286,-113,-1121
-439,-107,-1281
-562,-75,-1434
-642,-30,-1579
-601,60,-1669
-667,-125,-1760
-667,-279,-1752
-562,-299,-1618
-408,-235,-1414
-271,-169,-1224
-158,-155,-1084
-70,-184,-979
-14,-233,-880
-2,-268,-781
-42,-275,-689
-125,-252,-621
-242,-221,-583
-378,-201,-577
-499,-196,-583
-582,-204,-579
-617,-230,-548
-604,-271,-485
-552,-325,-391
-485,-379,-261
-425,-426,-112
-393,-460,38
-392,-484,163
-416,-496,257
-460,-504,338
-520,-510,413
-591,-520,469
-663,-524,512
-728,-522,535
-788,-509,550
-842,-488,568
-889,-463,591
-929,-435,620
-970,-409,639
-1117,-230,616
-1287,-62,91
-1342,-146,-570
-1463,-303,-723
-1600,-418,-517
-1650,-473,-137
-1541,-507,264
-1192,-584,569
-808,-686,817
-490,-777,1028
-229,-832,1192
-10,-834,1304
166,-779,1345
307,-676,1279
418,-548,1101
506,-420,859
576,-315,630
627,-244,463
664,-205,390
683,-205,407
680,-236,505
676,-291,655
702,-350,820
739,-393,942
745,-406,994
701,-387,975
625,-339,917
536,-283,859
458,-232,815
396,-197,785
348,-183,770
311,-193,760
281,-221,754
259,-261,747
247,-306,741
246,-350,734
254,-392,731
268,-430,738
291,-463,753
325,-493,781
373,-521,817
434,-544,857
498,-562,898
564,-576,942
630,-586,986
690,-594,1026
743,-602,1061
789,-609,1095
830,-615,1122
864,-621,1144
889,-629,1166
903,-634,1194
907,-639,1223
904,-648,1252
896,-666,1273
879,-687,1285
861,-711,1307
844,-732,1340
837,-747,1383
834,-754,1429
831,-759,1469
830,-760,1502
833,-762,1524
845,-768,1537
867,-779,1550
894,-790,1568
922,-801,1596
952,-812,1635
983,-826,1679
1016,-840,1726
1057,-855,1777
1106,-870,1821
1155,-886,1860
1201,-900,1893
1240,-911,1924
1276,-915,1953
1307,-915,1984
1333,-914,2014
1348,-919,2044
1357,-932,2077
1364,-954,2117
1367,-982,2165
1369,-1011,2220
1369,-1036,2278
1366,-1061,2336
1361,-1086,2383
1352,-1114,2420
1343,-1143,2447
1343,-1172,2470
1344,-1198,2490
1344,-1228,2509
1340,-1253,2521
1334,-1280,2522
1330,-1312,2513
1329,-1349,2501
1332,-1392,2490
1337,-1442,2485
1345,-1488,2493
1352,-1530,2515
1352,-1571,2539
1345,-1616,2554
1332,-1657,2553
1308,-1689,2536
1278,-1721,2504
1242,-1748,2456
1204,-1778,2399
1160,-1805,2342
1110,-1825,2287
1062,-1840,2232
1019,-1851,2179
979,-1852,2126
940,-1844,2072
903,-1824,2010
861,-1793,1933
821,-1757,1832
782,-1723,1711
746,-1687,1567
713,-1650,1418
682,-1612,1266
647,-1575,1109
611,-1536,953
578,-1489,793
542,-1438,618
510,-1382,397
489,-1326,106
479,-1262,-165
469,-1170,-336
438,-1039,-391
389,-889,-303
339,-747,-172
304,-625,-78
311,-527,-70
361,-448,-129
428,-384,-193
492,-323,-216
526,-262,-213
513,-203,-220
466,-151,-269
400,-128,-401
338,-148,-615
274,-206,-876
174,-268,-1143
21,-301,-1399
-158,-289,-1639
-322,-238,-1820
-417,-185,-1913
-401,-137,-1869
-295,-107,-1745
-152,-109,-1571
-17,-144,-1398
92,-189,-1257
163,-223,-1156
186,-231,-1096
152,-225,-1064
53,-217,-1024
-90,-209,-971
-240,-191,-919
-363,-161,-883
-459,-139,-862
-520,-131,-843
-542,-126,-814
-520,-119,-771
-470,-119,-722
-403,-134,-668
-339,-160,-609
-292,-195,-523
-274,-229,-421
-289,-264,-309
-334,-300,-179
-394,-333,-40
-462,-364,101
-527,-390,232
-578,-407,347
-614,-417,429
-634,-419,479
-644,-419,526
-650,-419,576
-655,-417,644
-659,-412,724
-665,-400,804
-671,-382,872
-678,-356,922
-684,-328,951
-690,-293,939
-743,-174,840
-917,110,504
-1006,104,-41
-1053,-72,-344
-1194,-209,-345
-1246,-279,-242
-1176,-294,-66
-1039,-344,198
-866,-429,508
-663,-483,830
-441,-481,1167
-208,-441,1459
15,-396,1622
208,-358,1625
360,-322,1486
466,-286,1256
546,-249,1006
636,-213,791
766,-178,667
815,-99,635
704,-5,581
566,57,537
454,81,607
360,80,731
277,73,831
217,65,872
177,55,874
152,42,850
141,22,820
140,-2,801
143,-37,801
145,-76,813
149,-119,828
155,-162,835
173,-203,834
201,-240,839
228,-275,852
258,-311,859
304,-352,855
360,-396,850
421,-442,850
488,-490,857
569,-537,876
663,-581,902
765,-617,930
865,-643,958
948,-657,989
1004,-660,1020
1029,-652,1044
1025,-637,1060
1005,-625,1063
973,-626,1056
928,-641,1043
877,-663,1047
828,-685,1068
787,-704,1110
761,-715,1163
744,-718,1220
738,-712,1268
742,-706,1304
757,-705,1327
784,-712,1342
825,-725,1356
871,-738,1381
917,-751,1423
958,-758,1479
994,-760,1541
1030,-759,1611
1068,-763,1674
1110,-770,1724
1158,-780,1758
1204,-791,1784
1250,-801,1810
1295,-811,1833
1340,-830,1872
1380,-849,1918
1408,-872,1976
1424,-896,2042
1426,-924,2118
1416,-957,2189
1395,-998,2256
1365,-1043,2315
1327,-1084,2381
1282,-1122,2440
1236,-1156,2495
1194,-1187,2543
1160,-1216,2580
1141,-1243,2604
1139,-1269,2614
1161,-1289,2610
1198,-1306,2597
1244,-1325,2577
1294,-1351,2552
1344,-1395,2534
1391,-1452,2538
1437,-1507,2568
1481,-1545,2627
1525,-1562,2692
1553,-1599,2730
1554,-1704,2720
1534,-1823,2687
1519,-1910,2667
1506,-1973,2661
1491,-2011,2657
1471,-2020,2635
1443,-2014,2565
1405,-2001,2449
1352,-1981,2300
1288,-1967,2144
1215,-1964,1995
1141,-1961,1868
1083,-1953,1763
1039,-1932,1677
1000,-1901,1589
965,-1861,1482
936,-1820,1351
908,-1782,1190
878,-1748,1016
849,-1713,826
822,-1676,631
787,-1625,424
725,-1541,182
656,-1442,-118
588,-1344,-368
500,-1226,-505
396,-1083,-524
291,-938,-419
217,-806,-283
191,-698,-173
220,-616,-109
261,-551,-80
290,-491,-73
296,-424,-100
284,-351,-210
249,-295,-396
200,-272,-603
135,-281,-771
39,-314,-903
-86,-351,-1023
-225,-373,-1135
-330,-375,-1240
-377,-355,-1319
-351,-315,-1344
-268,-255,-1310
-172,-196,-1264
-72,-163,-1188
20,-150,-1113
88,-149,-1043
124,-147,-972
124,-137,-909
91,-123,-862
36,-113,-831
-27,-102,-814
-86,-87,-803
-131,-62,-796
-163,-30,-783
-189,6,-760
-217,43,-727
-255,81,-688
-303,110,-643
-357,130,-593
-414,136,-540
-470,139,-482
-521,144,-424
-558,151,-366
-575,159,-315
-570,160,-273
-544,148,-232
-511,124,-186
-479,96,-134
-454,72,-85
-443,56,-41
-445,48,0
-464,47,39
-501,52,73
-554,59,96
-611,58,110
-663,47,127
-699,32,158
-722,24,208
-729,21,265
-717,23,325
-698,20,379
-683,15,421
-681,8,453
-696,6,473
-725,11,484
-767,16,483
-809,13,471
-839,2,467
-844,-18,476
-828,-36,492
-786,-49,511
-724,-55,537
-651,-57,569
-574,-64,614
-499,-79,663
-431,-102,711
-364,-105,752
-368,-11,623
-516,4,253
-737,-145,-19
-886,-336,-70
-853,-462,32
-700,-554,208
-498,-645,423
-307,-722,674
-144,-780,916
-12,-820,1122
95,-857,1312
172,-889,1432
256,-897,1481
350,-883,1443
447,-853,1334
526,-818,1201
576,-789,1078
600,-770,992
602,-758,959
589,-753,977
573,-749,1030
566,-748,1100
570,-749,1166
582,-749,1214
593,-744,1232
597,-734,1217
594,-718,1172
585,-697,1110
571,-677,1041
556,-663,987
542,-656,957
524,-660,960
510,-672,994
505,-688,1045
510,-708,1094
524,-729,1130
553,-750,1151
596,-768,1158
647,-782,1164
705,-791,1169
760,-793,1179
806,-792,1188
842,-792,1193
869,-794,1190
888,-799,1176
903,-809,1157
910,-821,1137
915,-832,1121
921,-845,1115
927,-854,1119
938,-859,1129
955,-860,1146
978,-856,1165
1006,-851,1185
1040,-843,1199
1073,-835,1205
1100,-827,1214
1119,-819,1232
1129,-812,1259
1131,-811,1291
1126,-822,1322
1118,-841,1352
1109,-867,1379
1106,-894,1412
1109,-919,1454
1123,-939,1509
1149,-952,1565
1182,-963,1613
1218,-967,1647
1247,-967,1668
1267,-962,1683
1280,-958,1696
1289,-949,1710
1289,-940,1725
1272,-931,1739
1263,-913,1758
1256,-896,1776
1253,-883,1800
1251,-875,1828
1247,-867,1861
1244,-860,1894
1246,-851,1928
1253,-845,1957
1260,-842,1976
1273,-847,2005
1287,-859,2035
1303,-876,2073
1321,-898,2118
1338,-923,2170
1352,-950,2221
1364,-979,2275
1369,-1003,2322
1368,-1028,2362
1362,-1060,2394
1353,-1098,2418
1342,-1137,2438
1332,-1176,2453
1320,-1217,2461
1304,-1266,2465
1285,-1328,2473
1268,-1395,2490
1256,-1459,2530
1251,-1518,2582
1256,-1584,2630
1263,-1661,2667
1267,-1745,2688
1274,-1836,2696
1274,-1912,2704
1266,-1977,2703
1255,-2019,2688
1238,-2064,2641
1214,-2143,2553
1186,-2229,2442
1159,-2276,2340
1130,-2274,2259
1095,-2244,2191
1058,-2215,2119
1009,-2195,2026
947,-2182,1907
888,-2168,1765
837,-2144,1600
794,-2109,1414
761,-2068,1219
737,-2025,1021
726,-1981,811
715,-1938,578
691,-1874,282
621,-1743,-69
531,-1568,-357
476,-1449,-553
399,-1309,-619
302,-1148,-546
208,-985,-414
154,-832,-348
173,-691,-361
221,-550,-375
228,-405,-368
180,-271,-293
74,-173,-207
-72,-120,-229
-255,-116,-424
-457,-151,-744
-664,-173,-1078
-841,-143,-1371
-968,-66,-1634
-1016,36,-1894
-955,113,-2058
-784,140,-2074
-570,121,-1945
-348,120,-1731
-139,149,-1482
19,188,-1261
122,219,-1096
169,233,-992
173,230,-925
138,224,-885
76,220,-853
3,229,-825
-59,253,-788
-97,283,-740
-112,308,-681
-99,324,-613
-66,327,-553
-17,317,-507
34,298,-465
85,276,-419
125,260,-363
143,252,-302
147,247,-237
142,245,-176
130,232,-131
112,208,-93
90,167,-57
67,121,-25
47,73,4
35,25,29
29,-21,46
33,-69,55
44,-119,62
38,-287,220
18,-315,260
-7,-341,275
-33,-358,270
-51,-368,257
-65,-372,259
-78,-370,291
-92,-360,343
-108,-346,399
-117,-339,446
-117,-340,484
-117,-342,521
-132,-333,552
-159,-309,571
-195,-278,567
-233,-248,541
-270,-230,504
-299,-218,458
-311,-204,404
-300,-180,343
-269,-147,284
-224,-111,237
-185,-69,210
-171,-27,208
-181,4,214
-211,15,219
-233,1,221
-242,-27,223
-245,-53,229
-246,-66,253
-245,-75,281
-247,-83,316
-261,-91,363
-284,-99,406
-318,-109,432
-355,-122,446
-390,-142,470
-346,18,493
-569,325,214
-1034,254,-607
-1453,-149,-1189
-1656,-537,-1009
-1527,-738,-305
-1066,-811,490
-514,-893,1002
-38,-984,1179
282,-1014,1147
432,-943,1056
457,-802,988
429,-665,954
398,-593,931
377,-588,929
363,-631,944
349,-693,972
333,-750,1009
325,-781,1041
326,-778,1045
339,-763,1021
358,-767,996
450,-824,1050
669,-894,1105
892,-915,1099
985,-860,1073
925,-757,1077
768,-659,1111
582,-598,1139
426,-576,1138
314,-577,1101
255,-583,1041
245,-583,980
278,-575,931
340,-560,907
416,-540,910
495,-524,930
571,-519,956
641,-525,980
703,-543,997
756,-563,1014
794,-580,1032
823,-588,1058
847,-594,1089
866,-606,1128
885,-624,1175
898,-647,1224
904,-670,1272
909,-686,1317
918,-697,1349
932,-701,1366
946,-700,1370
958,-702,1367
964,-710,1363
964,-724,1370
954,-740,1388
946,-758,1409
948,-771,1431
962,-777,1451
987,-780,1468
1015,-781,1485
1045,-779,1504
1076,-778,1521
1102,-778,1536
1123,-776,1551
1138,-772,1568
1150,-767,1592
1157,-761,1622
1161,-757,1657
1154,-756,1698
1143,-762,1742
1129,-772,1792
1118,-783,1847
1110,-793,1902
1105,-802,1958
1105,-810,2012
1113,-819,2066
1130,-828,2119
1151,-836,2168
1176,-841,2212
1208,-845,2245
1246,-851,2274
1284,-855,2302
1316,-856,2325
1340,-856,2352
1358,-855,2380
1371,-858,2408
1379,-865,2434
1376,-880,2456
1369,-902,2477
1363,-928,2495
1363,-952,2514
1369,-973,2535
1378,-993,2555
1393,-1020,2568
1409,-1054,2580
1426,-1091,2587
1438,-1139,2594
1443,-1196,2598
1441,-1258,2609
1434,-1323,2629
1421,-1390,2655
1402,-1461,2682
1380,-1528,2704
1356,-1590,2715
1331,-1651,2706
1304,-1707,2678
1277,-1765,2636
1252,-1832,2588
1233,-1907,2545
1218,-1975,2514
1210,-2028,2491
1207,-2064,2459
1206,-2089,2403
1200,-2105,2320
1189,-2114,2225
1168,-2107,2123
1136,-2086,2012
1101,-2063,1896
1066,-2046,1777
1033,-2033,1662
1001,-2013,1551
975,-1989,1441
946,-1959,1335
918,-1929,1216
890,-1898,1071
861,-1863,910
827,-1808,736
766,-1721,552
703,-1632,315
642,-1550,4
565,-1453,-253
468,-1327,-380
356,-1176,-371
249,-1029,-249
160,-903,-81
94,-799,24
71,-696,16
104,-582,-37
158,-455,-68
187,-339,-35
161,-266,54
90,-246,87
11,-267,-19
-55,-306,-260
-133,-344,-624
-244,-360,-1062
-393,-347,-1506
-535,-304,-1839
-607,-244,-1910
-552,-175,-1769
-380,-113,-1492
-143,-76,-1241
83,-83,-1067
257,-101,-963
346,-112,-894
331,-111,-858
214,-103,-874
27,-87,-950
-172,-57,-1043
-331,-11,-1092
-422,43,-1075
-442,94,-1001
-404,133,-902
-336,153,-822
-267,155,-773
-216,149,-744
-189,142,-707
-183,132,-641
-194,117,-564
-217,95,-491
-237,63,-432
-247,35,-386
-243,10,-350
-229,-8,-314
-210,-27,-278
-197,-45,-242
-191,-63,-209
-196,-73,-182
-207,-76,-165
-223,-73,-153
-249,-64,-142
-284,-50,-135
-321,-32,-134
-352,-11,-147
-364,8,-170
-359,16,-176
-349,11,-154
-339,-4,-115
-325,-14,-76
-299,-7,-65
-261,14,-75
-216,33,-86
-173,35,-77
-135,14,-47
-101,-21,-14
-79,-57,19
-74,-78,53
-84,-83,87
-108,-80,120
-133,-78,150
-158,-79,174
-167,-82,194
-160,-82,210
-146,-79,230
-140,-67,255
-148,-44,285
-163,-18,304
-183,1,305
-196,7,313
-205,11,338
-203,22,387
-181,32,421
-140,27,436
-87,3,449
-22,-30,472
46,-58,504
97,-74,540
126,-82,576
135,-95,607
122,-115,636
96,-142,671
65,-170,707
45,-200,728
41,-228,747
51,-254,787
63,-275,843
63,-290,904
44,-308,953
10,-325,992
-28,-338,1031
-95,-368,1124
-170,-421,969
-219,-92,690
-432,378,-393
-789,451,-1233
-1139,149,-989
-1241,-392,-144
-1080,-920,604
-806,-1263,1117
-510,-1376,1438
-205,-1350,1592
147,-1328,1707
412,-1268,1762
476,-1143,1617
496,-1040,1332
526,-956,1056
543,-865,927
549,-780,958
544,-727,1106
519,-716,1300
479,-746,1450
437,-800,1496
402,-862,1462
381,-915,1396
374,-948,1345
379,-957,1323
394,-950,1319
413,-939,1314
429,-928,1299
443,-922,1270
459,-922,1236
478,-924,1201
499,-929,1175
518,-934,1159
538,-940,1151
563,-944,1156
595,-948,1173
632,-942,1195
673,-924,1217
718,-899,1236
762,-874,1254
797,-852,1269
815,-836,1282
815,-815,1299
796,-788,1319
761,-762,1332
708,-741,1337
641,-732,1329
573,-733,1317
512,-740,1306
469,-750,1298
449,-757,1288
460,-757,1279
502,-752,1270
574,-746,1257
664,-745,1239
760,-747,1220
856,-752,1203
943,-755,1193
1015,-755,1187
1070,-751,1185
1108,-740,1183
1119,-723,1181
1110,-706,1177
1096,-688,1174
1080,-674,1172
1068,-664,1174
1052,-659,1181
1035,-659,1195
1015,-662,1213
995,-667,1236
980,-671,1255
970,-671,1268
967,-668,1275
972,-666,1273
982,-669,1264
994,-672,1258
1014,-671,1269
1042,-662,1305
1073,-656,1360
1096,-656,1429
1107,-672,1491
1121,-733,1602
1123,-734,1606
1130,-739,1608
1135,-744,1611
1143,-750,1617
1154,-756,1626
1166,-764,1642
1180,-779,1664
1194,-801,1687
1204,-823,1715
1217,-841,1739
1231,-855,1759
1241,-867,1775
1244,-881,1793
1241,-897,1810
1236,-908,1827
1229,-920,1844
1219,-933,1862
1207,-945,1882
1193,-964,1901
1181,-990,1920
1175,-1018,1938
1174,-1047,1961
1173,-1081,1994
1175,-1118,2032
1181,-1165,2076
1189,-1223,2128
1196,-1295,2187
1202,-1375,2248
1203,-1459,2306
1200,-1545,2354
1190,-1637,2391
1169,-1725,2419
1140,-1816,2444
1099,-1904,2464
1046,-1986,2484
985,-2059,2499
918,-2122,2500
855,-2182,2480
799,-2246,2434
757,-2302,2379
734,-2342,2323
747,-2324,2272
762,-2378,2187
773,-2426,2073
783,-2420,1958
798,-2363,1850
807,-2285,1740
824,-2218,1612
858,-2177,1463
909,-2155,1294
966,-2127,1127
1022,-2086,967
1064,-2041,805
1062,-1974,640
997,-1866,443
909,-1752,148
801,-1628,-195
667,-1471,-471
507,-1268,-626
340,-1063,-626
196,-894,-467
92,-775,-268
59,-690,-139
84,-600,-75
100,-465,-151
102,-292,-254
90,-121,-260
53,24,-187
-45,125,-190
-187,158,-349
-342,115,-601
-503,28,-890
-627,8,-1196
-736,45,-1553
-803,90,-1970
-783,160,-2253
-671,184,-2340
-458,209,-2214
-172,239,-1923
94,230,-1567
295,182,-1257
428,117,-1064
476,79,-969
442,89,-901
322,132,-844
124,158,-804
-102,145,-790
-274,112,-781
-340,93,-748
-291,86,-668
-162,76,-558
-8,49,-457
110,9,-379
165,-29,-309
155,-50,-238
96,-55,-164
10,-56,-101
-73,-73,-60
-128,-103,-38
-139,-140,-23
-114,-181,-5
-72,-221,22
-42,-256,63
-31,-285,110
-37,-305,158
-52,-316,199
-72,-323,235
-89,-332,269
-107,-358,312
-133,-400,367
-165,-436,429
-195,-445,483
-218,-434,523
-233,-420,546
-235,-411,554
-226,-409,553
-221,-403,552
-228,-381,559
-246,-354,567
-271,-329,565
-290,-305,554
-301,-286,548
-305,-273,556
-307,-266,569
-313,-254,567
-330,-229,555
-350,-191,545
-363,-153,534
-364,-131,522
-345,-122,515
-308,-115,521
-259,-106,540
-216,-99,557
-173,-71,565
-147,-37,544
-161,114,513
-587,329,308
-1457,23,-582
-2060,-402,-1212
-1864,-356,-1063
-1187,-134,-505
-565,-105,127
-72,-218,684
290,-359,1007
572,-493,1076
807,-594,927
1014,-640,659
1205,-609,408
1362,-501,265
1462,-332,262
1478,-159,374
1402,-29,537
1239,23,684
1026,-4,776
811,-87,807
628,-183,795
484,-255,772
381,-289,765
318,-284,787
287,-251,837
281,-209,897
295,-178,944
326,-166,966
370,-175,974
415,-201,974
450,-234,977
469,-268,990
470,-295,1008
454,-314,1031
427,-322,1051
394,-323,1052
364,-320,1038
347,-318,1013
335,-317,988
334,-322,972
343,-333,964
366,-344,975
401,-355,992
449,-362,1011
497,-367,1028
542,-374,1044
579,-384,1057
607,-400,1067
629,-418,1078
638,-440,1089
649,-453,1108
669,-462,1128
693,-464,1151
719,-462,1179
736,-463,1218
737,-468,1255
727,-479,1293
706,-492,1326
687,-503,1352
677,-510,1365
677,-511,1362
682,-508,1352
685,-503,1336
685,-497,1318
682,-495,1304
678,-499,1296
681,-507,1293
692,-517,1295
718,-525,1299
753,-533,1304
785,-534,1307
809,-532,1314
826,-525,1324
835,-516,1332
841,-508,1337
843,-505,1340
839,-505,1337
831,-506,1333
823,-512,1327
814,-519,1328
799,-527,1331
784,-538,1342
766,-553,1358
751,-575,1376
741,-600,1399
742,-632,1427
756,-663,1462
782,-692,1500
812,-716,1546
848,-731,1590
894,-741,1628
945,-748,1657
994,-758,1677
1035,-766,1693
1065,-775,1710
1084,-777,1729
1098,-772,1753
1104,-769,1773
1102,-768,1791
1093,-774,1808
1084,-787,1824
1082,-806,1846
1093,-826,1878
1124,-846,1916
1170,-865,1957
1229,-886,1991
1294,-907,2019
1362,-928,2036
1424,-945,2048
1473,-962,2058
1506,-977,2067
1518,-991,2080
1509,-1008,2092
1479,-1027,2107
1426,-1056,2123
1366,-1087,2143
1302,-1120,2172
1238,-1153,2204
1182,-1192,2239
1138,-1241,2273
1107,-1302,2306
1093,-1372,2342
1091,-1445,2384
1097,-1520,2436
1109,-1600,2499
1120,-1681,2564
1128,-1751,2628
1129,-1818,2666
1119,-1902,2671
1098,-1994,2651
1070,-2071,2618
1039,-2121,2578
1004,-2161,2531
972,-2198,2476
942,-2228,2415
920,-2237,2348
908,-2214,2266
902,-2171,2163
895,-2129,2033
883,-2101,1880
868,-2078,1715
843,-2053,1547
808,-2024,1380
768,-1993,1213
721,-1952,1046
681,-1905,866
653,-1859,646
635,-1805,343
609,-1719,-76
559,-1578,-461
458,-1367,-688
316,-1111,-743
166,-882,-609
38,-717,-326
-41,-623,-31
-60,-574,148
-54,-528,240
-93,-478,289
-189,-419,256
-311,-364,91
-437,-339,-188
-549,-343,-493
-642,-351,-776
-723,-360,-1048
-770,-384,-1274
-712,-431,-1412
-521,-476,-1509
-244,-515,-1473
39,-551,-1303
253,-572,-1020
376,-585,-723
389,-582,-492
320,-568,-376
199,-546,-379
52,-513,-457
-92,-460,-556
-201,-391,-639
-260,-315,-678
-270,-248,-671
-236,-203,-625
-183,-181,-549
-133,-165,-458
-101,-148,-375
-97,-129,-317
-119,-107,-294
-152,-86,-291
-189,-75,-282
-228,-64,-248
-258,-46,-186
-268,-32,-104
-264,-27,-19
-262,-31,51
-277,-48,92
-306,-60,104
-329,-53,105
-343,-41,106
-348,-36,129
-342,-33,178
-331,-20,263
-327,-4,367
-334,15,451
-343,34,503
-346,50,550
-347,63,609
-358,87,676
-384,122,745
-426,171,803
-472,225,803
-512,273,758
-550,313,720
-588,345,721
-623,389,722
-643,447,695
-637,517,652
-611,593,614
-610,670,632
-764,825,657
-701,1078,-35
-596,1293,-485
-582,1435,-626
-681,1330,-1002
-638,110,-1519
-2311,-589,40
-2103,371,663
-558,631,44
1271,138,690
2511,-104,1003
2816,270,552
2159,956,-344
1218,1485,-464
318,1653,114
-367,1629,381
-398,1600,29
196,1471,-269
1026,1328,-297
1568,1242,-344
1603,1196,-423
1262,1156,-403
873,1087,-262
691,1007,-101
742,924,-25
870,850,-59
925,791,-124
872,752,-137
765,736,-86
665,731,-27
602,725,2
570,711,1
543,690,-12
505,666,-17
453,645,-16
402,630,-10
360,612,-7
325,592,-10
301,569,-12
287,545,-10
282,527,-1
284,515,4
295,499,10
316,469,21
347,429,46
383,386,74
421,341,110
455,300,145
481,261,179
498,224,209
508,188,231
506,154,245
498,117,259
487,82,270
482,45,275
465,13,286
428,-10,303
395,-29,312
372,-48,308
358,-66,310
353,-84,328
355,-104,357
355,-122,384
352,-139,404
347,-151,428
341,-170,458
338,-195,486
337,-225,510
339,-259,534
348,-296,561
363,-336,593
378,-380,622
416,-446,462
464,-521,188
445,-509,535
437,-498,879
458,-509,1128
507,-548,1226
567,-592,1190
621,-617,1069
673,-605,928
717,-565,812
754,-516,748
777,-475,728
777,-458,747
750,-472,795
693,-514,855
614,-564,919
522,-603,969
443,-610,998
389,-592,1010
352,-586,1003
337,-603,987
344,-647,986
380,-709,1014
440,-766,1081
521,-802,1179
616,-816,1282
711,-812,1363
793,-804,1408
857,-797,1410
907,-793,1378
943,-800,1341
968,-818,1324
988,-843,1338
1005,-865,1386
1026,-881,1448
1053,-892,1499
1086,-899,1524
1114,-911,1543
1145,-919,1561
1178,-933,1570
1214,-950,1585
1249,-963,1610
1275,-966,1654
1289,-959,1711
1295,-949,1768
1290,-940,1822
1280,-942,1866
1262,-955,1903
1237,-970,1947
1210,-981,2001
1183,-984,2067
1155,-979,2136
1126,-976,2198
1100,-977,2245
1077,-984,2276
1059,-1000,2296
1044,-1019,2318
1037,-1037,2350
1039,-1047,2393
1050,-1057,2437
1070,-1074,2479
1096,-1100,2512
1127,-1129,2533
1163,-1158,2543
1201,-1183,2541
1243,-1207,2526
1288,-1243,2508
1335,-1292,2494
1387,-1352,2492
1441,-1419,2512
1496,-1489,2549
1541,-1569,2598
1580,-1660,2649
1607,-1752,2685
1618,-1836,2697
1604,-1908,2676
1561,-1966,2620
1499,-2012,2535
1431,-2052,2433
1362,-2084,2331
1297,-2102,2239
1238,-2104,2157
1187,-2090,2072
1129,-2061,1963
1076,-2038,1811
1021,-2012,1634
963,-1971,1465
923,-1933,1306
898,-1895,1156
882,-1854,1008
875,-1819,851
855,-1787,672
809,-1741,435
739,-1663,64
655,-1548,-327
554,-1379,-613
431,-1164,-744
305,-953,-675
186,-780,-459
154,-661,-200
153,-545,-189
155,-390,-385
138,-221,-529
103,-107,-529
45,-73,-405
-57,-84,-303
-200,-79,-380
-252,84,-657
-33,528,-1006
-242,361,-1358
-454,158,-1750
-785,-62,-2079
-1160,-161,-2370
-1459,-123,-2607
-1514,32,-2674
-1235,254,-2527
-851,435,-2221
-451,493,-1882
-100,454,-1583
172,388,-1363
344,349,-1191
419,351,-1055
404,367,-972
328,374,-936
209,355,-928
100,312,-906
29,265,-841
5,228,-724
18,207,-570
55,203,-412
103,205,-273
160,196,-168
223,167,-86
280,129,-15
326,102,55
343,92,126
333,90,202
284,89,270
206,79,307
118,55,288
32,22,230
-46,-12,185
-108,-47,189
-151,-76,241
-181,-104,315
-202,-138,386
-204,-174,418
-202,-202,424
-219,-210,446
-261,-213,492
-313,-224,542
-349,-247,568
-349,-277,591
-321,-305,635
-282,-329,699
-253,-346,744
-234,-362,750
-233,-378,734
-249,-397,722
-268,-416,734
-285,-426,773
-299,-421,810
-314,-401,837
-326,-377,878
-330,-358,939
-330,-348,1001
-333,-341,1028
-357,-246,900
-374,489,-25
-722,767,-1709
-1105,49,-1778
-1479,-774,-459
-1511,-1222,902
-1269,-1340,1710
-771,-1271,1894
-162,-1135,1675
338,-954,1305
624,-727,958
789,-528,792
1289,-558,1193
995,-438,1311
459,-118,825
330,-186,870
355,-370,1164
183,-361,1115
109,-249,980
48,-212,1014
40,-191,1085
105,-166,1089
221,-155,1003
341,-176,885
437,-222,811
514,-276,800
560,-319,822
568,-342,842
556,-341,838
528,-330,810
485,-319,766
434,-311,726
384,-307,699
344,-305,689
310,-309,687
287,-312,688
279,-318,689
281,-324,692
293,-329,698
316,-334,706
347,-337,721
386,-339,738
427,-340,751
466,-343,753
501,-346,747
531,-351,740
556,-355,741
576,-358,750
602,-362,770
674,-357,815
714,-365,840
735,-377,841
747,-383,844
751,-387,854
743,-386,868
725,-388,885
691,-397,903
648,-412,917
601,-431,929
566,-448,938
553,-464,957
560,-481,982
580,-499,1014
602,-523,1045
625,-551,1078
649,-582,1113
681,-611,1150
723,-637,1182
774,-659,1208
829,-678,1228
881,-688,1244
916,-695,1258
944,-699,1266
957,-704,1269
966,-706,1276
963,-706,1280
948,-706,1281
920,-708,1278
886,-712,1274
850,-721,1277
816,-738,1283
783,-757,1297
758,-778,1321
745,-800,1352
749,-815,1383
765,-823,1416
792,-827,1451
828,-830,1483
866,-836,1506
902,-845,1528
935,-856,1547
964,-867,1568
989,-875,1589
1012,-879,1615
1034,-879,1643
1054,-877,1670
1073,-873,1694
1090,-869,1717
1104,-863,1735
1112,-851,1748
1117,-839,1754
1119,-827,1755
1120,-816,1759
1123,-807,1767
1130,-800,1785
1135,-800,1813
1138,-808,1847
1138,-823,1881
1137,-849,1914
1135,-876,1945
1138,-904,1970
1146,-931,1994
1157,-959,2012
1173,-991,2032
1191,-1031,2061
1211,-1074,2089
1227,-1114,2123
1239,-1153,2157
1249,-1190,2186
1257,-1230,2209
1258,-1276,2225
1255,-1328,2238
1245,-1387,2256
1231,-1453,2282
1213,-1526,2319
1194,-1596,2363
1178,-1655,2410
1168,-1711,2445
1155,-1780,2454
1142,-1855,2440
1123,-1929,2419
1101,-1997,2402
1077,-2049,2391
1045,-2081,2377
999,-2096,2348
950,-2106,2289
893,-2111,2192
831,-2109,2067
769,-2105,1928
715,-2093,1794
675,-2057,1665
647,-2004,1536
629,-1946,1410
604,-1893,1278
571,-1851,1138
536,-1814,985
509,-1771,807
491,-1723,605
480,-1666,360
475,-1587,7
467,-1473,-415
436,-1312,-752
380,-1105,-953
312,-887,-953
245,-691,-711
219,-534,-419
316,-413,-167
435,-300,-100
495,-200,-113
466,-139,-98
378,-119,-85
253,-127,-120
106,-164,-261
-44,-212,-487
-185,-254,-769
-340,-307,-1060
-505,-347,-1305
-633,-382,-1494
-611,-394,-1613
-444,-389,-1605
-213,-363,-1492
6,-323,-1276
185,-300,-1047
316,-309,-855
385,-339,-719
392,-363,-633
326,-362,-589
192,-330,-578
18,-273,-593
-144,-204,-619
-258,-129,-638
-319,-56,-623
-335,3,-560
-316,42,-462
-276,61,-349
-237,69,-242
-215,67,-141
-215,64,-59
-232,62,-4
-261,58,32
-285,46,73
-297,28,141
-298,4,227
-298,-15,321
-302,-28,405
-310,-25,462
-332,-9,504
-375,12,520
-438,46,536
-511,94,561
-586,150,582
-657,206,584
-712,261,572
-749,305,545
-770,341,516
-776,374,490
-757,406,469
-725,431,452
-683,452,423
-646,467,402
-608,496,363
-574,570,274
-604,792,18
-577,880,-530
-658,647,-921
-885,274,-1008
-995,-227,-530
-583,-62,144
-689,96,-123
-652,186,-229
-448,228,-94
-192,227,196
57,201,614
252,213,1200
262,277,1373
125,276,1164
28,263,989
-124,303,729
-302,423,425
-405,599,227
-409,748,177
-314,764,264
-98,718,442
149,623,572
340,506,595
458,400,545
508,335,473
511,317,393
477,328,342
446,363,334
453,422,375
459,448,427
459,432,477
450,388,515
436,337,527
425,297,529
419,272,528
413,255,531
401,239,533
383,213,535
355,181,524
319,142,508
283,106,493
255,73,475
237,47,475
227,21,486
223,-7,497
226,-41,511
236,-74,516
257,-103,521
281,-128,533
308,-147,561
342,-163,590
381,-174,621
427,-187,640
496,-213,595
541,-235,604
574,-266,630
599,-306,649
618,-347,652
630,-384,662
634,-420,672
637,-449,681
632,-467,712
629,-476,744
629,-485,779
649,-499,791
690,-519,789
743,-540,790
800,-560,804
861,-572,833
922,-574,871
978,-568,915
1022,-556,949
1044,-545,971
1046,-540,977
1028,-544,968
1002,-553,955
975,-559,949
947,-565,954
927,-562,967
912,-561,987
897,-582,1011
886,-620,1044
876,-665,1089
863,-707,1151
860,-737,1216
864,-758,1277
881,-781,1328
907,-811,1365
940,-855,1398
982,-903,1435
1027,-948,1483
1076,-986,1549
1130,-1016,1625
1185,-1046,1704
1233,-1074,1774
1272,-1101,1835
1300,-1125,1886
1315,-1145,1940
1319,-1162,1983
1312,-1178,2011
1296,-1190,2025
1275,-1197,2028
1245,-1192,2029
1208,-1186,2033
1165,-1183,2035
1117,-1187,2044
1069,-1191,2059
1021,-1192,2077
989,-1186,2099
973,-1177,2116
972,-1167,2126
981,-1167,2135
1002,-1175,2137
1036,-1188,2142
1078,-1200,2154
1122,-1215,2167
1163,-1232,2187
1198,-1255,2211
1224,-1287,2233
1239,-1326,2257
1243,-1372,2279
1239,-1424,2308
1227,-1484,2345
1214,-1548,2394
1197,-1610,2447
1182,-1668,2493
1169,-1715,2521
1159,-1755,2517
1145,-1790,2486
1127,-1821,2417
1105,-1844,2326
1076,-1856,2216
1037,-1858,2103
991,-1842,1990
939,-1814,1866
890,-1782,1722
843,-1753,1563
796,-1727,1399
750,-1700,1242
712,-1669,1090
689,-1630,950
676,-1573,811
672,-1511,671
671,-1451,516
674,-1387,322
670,-1302,28
658,-1181,-297
631,-1028,-546
595,-856,-687
560,-681,-659
535,-522,-491
566,-408,-299
655,-345,-98
701,-299,-51
678,-246,-83
596,-175,-119
494,-98,-175
424,-8,-256
370,29,-340
279,-68,-425
210,-158,-499
183,-160,-546
38,-317,-654
-87,-380,-768
-202,-397,-866
-286,-398,-935
-307,-363,-964
-261,-291,-944
-174,-207,-891
-75,-138,-831
13,-88,-769
80,-54,-711
124,-33,-652
142,-14,-601
134,-1,-567
109,5,-535
73,13,-507
38,24,-476
9,32,-447
-8,39,-431
-21,44,-433
-32,52,-443
-48,61,-449
-66,72,-445
-85,86,-434
-109,100,-423
-140,112,-401
-181,124,-359
-227,138,-301
-267,142,-245
-297,129,-190
-324,105,-140
-357,83,-86
-396,76,-41
-436,82,2
-472,87,48
-497,74,100
-511,42,167
-514,0,257
-501,-31,358
-480,-40,453
-449,-30,531
-419,-11,576
-394,6,599
-379,17,613
-370,22,632
-368,29,667
-376,41,708
-395,55,749
-418,65,788
-441,65,815
-463,60,825
-483,56,824
-505,61,814
-1387,-942,-431
-6981,-7891,-7680
-526,-971,7565
1778,7144,8203
2000,4381,3714
1294,1316,-594
935,29,-2406
690,-674,-2660
170,-903,-1960
-604,-879,-669
-1303,-776,764
-1669,-415,1848
-1742,84,2253
-1624,463,1908
-1360,607,1087
-669,455,474
-547,591,99
-729,431,-343
-513,200,-314
-63,-43,-109
410,-267,236
733,-454,726
832,-611,1227
825,-757,1467
754,-823,1419
670,-753,1193
578,-554,911
533,-284,877
534,-68,717
552,80,519
569,170,371
577,207,301
568,204,323
542,160,426
502,92,581
453,11,756
401,-67,912
338,-130,1010
271,-172,1053
206,-193,1064
145,-194,1080
93,-188,1107
59,-190,1149
48,-211,1216
60,-260,1295
93,-330,1370
143,-412,1418
212,-489,1447
293,-543,1464
386,-573,1468
481,-580,1469
572,-576,1466
657,-573,1466
733,-580,1472
803,-597,1486
873,-620,1513
944,-644,1550
1014,-659,1589
1081,-666,1639
1140,-672,1696
1188,-676,1756
1223,-683,1814
1242,-684,1872
1245,-689,1928
1233,-698,1982
1209,-727,2041
1175,-764,2108
1129,-814,2180
1079,-879,2252
1033,-950,2325
994,-1006,2395
961,-1047,2473
938,-1081,2552
923,-1122,2614
916,-1168,2676
915,-1210,2725
921,-1236,2764
935,-1259,2784
955,-1279,2779
980,-1298,2750
1012,-1309,2711
1051,-1308,2671
1099,-1301,2636
1148,-1297,2600
1196,-1299,2566
1237,-1308,2536
1270,-1329,2514
1296,-1366,2505
1313,-1407,2516
1321,-1446,2551
1321,-1484,2597
1306,-1522,2633
1281,-1564,2637
1249,-1606,2610
1217,-1636,2564
1182,-1644,2507
1145,-1636,2435
1101,-1611,2331
1059,-1569,2190
1017,-1523,2016
978,-1483,1830
943,-1440,1647
911,-1391,1480
883,-1339,1328
854,-1287,1185
831,-1236,1037
808,-1187,881
782,-1142,714
755,-1104,533
725,-1059,308
688,-1001,24
640,-929,-222
587,-836,-394
529,-723,-469
481,-603,-435
449,-493,-318
451,-404,-202
501,-330,-138
588,-268,-122
674,-201,-145
721,-137,-182
711,-85,-176
628,-54,-152
495,-52,-165
341,-79,-249
191,-126,-398
60,-176,-561
-45,-202,-702
-127,-196,-816
-182,-171,-903
-202,-151,-975
-191,-135,-1030
-145,-130,-1044
-79,-133,-999
-7,-149,-905
57,-177,-785
104,-202,-668
118,-214,-558
110,-212,-465
89,-196,-396
59,-172,-347
25,-145,-309
-8,-105,-280
-46,-64,-258
-83,-33,-240
-117,-23,-214
-150,-30,-184
-184,-52,-143
-223,-70,-92
-265,-72,-39
-304,-56,15
-331,-35,82
-341,-23,172
-341,-28,268
-338,-42,353
-342,-50,415
-353,-37,448
-377,-12,456
-413,11,451
-467,26,457
-539,29,483
-618,34,510
-693,48,522
-758,74,510
-815,107,481
-857,139,455
-872,160,438
-858,169,432
-826,185,447
-972,167,427
-1298,26,422
-1787,-492,527
-1794,-530,542
-1462,42,516
-1230,499,185
-901,448,68
-584,353,64
-375,287,6
-229,264,-173
-113,309,-464
-30,392,-687
106,480,-764
375,393,-685
963,103,-157
2036,-281,1559
2230,-351,1145
1617,-129,-397
1136,-47,-580
754,0,-299
422,57,168
127,140,551
-65,228,655
-175,290,533
-228,311,322
-233,291,149
-210,242,89
-167,181,142
-104,113,269
-31,48,411
33,-11,538
79,-67,646
101,-110,738
99,-138,812
93,-157,865
88,-175,904
88,-206,942
100,-251,1007
126,-311,1105
164,-376,1227
221,-434,1351
294,-476,1444
386,-509,1508
493,-537,1565
611,-561,1610
741,-575,1631
874,-584,1632
1004,-594,1640
1123,-601,1657
1220,-598,1675
1291,-589,1687
1339,-582,1686
1371,-588,1669
1396,-604,1659
1411,-619,1666
1424,-636,1700
1438,-652,1757
1455,-678,1822
1474,-711,1889
1487,-751,1963
1485,-797,2045
1471,-851,2140
1443,-913,2238
1403,-980,2352
1349,-1056,2489
1284,-1146,2648
1206,-1245,2824
1121,-1338,3002
1029,-1412,3160
930,-1459,3277
829,-1485,3337
734,-1500,3344
644,-1527,3300
574,-1573,3222
540,-1586,3132
553,-1545,3052
613,-1486,2968
713,-1460,2875
846,-1473,2775
996,-1499,2685
1156,-1507,2618
1319,-1500,2566
1472,-1487,2518
1601,-1475,2459
1697,-1475,2385
1755,-1486,2293
1767,-1500,2197
1734,-1505,2102
1667,-1487,2019
1572,-1459,1932
1464,-1430,1823
1354,-1400,1693
1249,-1362,1547
1161,-1317,1396
1085,-1272,1245
1015,-1226,1093
942,-1185,936
869,-1145,769
799,-1104,591
736,-1054,374
676,-987,89
620,-897,-156
567,-780,-305
518,-647,-345
485,-509,-257
465,-380,-97
470,-272,45
497,-202,110
518,-166,104
507,-149,46
469,-135,-41
407,-117,-153
325,-105,-301
242,-109,-448
164,-131,-557
90,-165,-626
27,-197,-672
-2,-213,-706
8,-215,-729
58,-208,-741
133,-197,-732
212,-187,-703
282,-178,-662
334,-163,-622
360,-141,-594
361,-111,-579
338,-73,-570
297,-35,-564
246,1,-556
198,36,-551
156,67,-552
126,96,-554
103,123,-553
83,150,-555
63,173,-554
32,188,-547
-9,193,-538
-68,190,-521
-136,175,-495
-207,152,-467
-278,122,-429
-341,95,-371
-396,79,-301
-430,74,-228
-433,71,-160
-419,69,-82
-405,72,5
-412,80,87
-441,92,142
-487,108,164
-538,116,165
-593,109,161
-646,96,172
-686,85,203
-705,84,246
-705,88,287
-688,92,315
-657,96,330
-622,97,346
-594,95,378
-583,96,418
-588,95,462
-606,90,496
-625,77,519
-633,59,538
-631,36,556
-619,12,568
-601,-7,577
-579,-20,585
-559,-12,582
-589,-14,607
-712,-41,618
-935,-17,603
-1162,-75,461
-1303,-231,134
-1267,-332,-102
-1080,-334,-105
-841,-302,72
-607,-313,341
-382,-374,608
-165,-460,820
32,-544,940
220,-616,974
400,-677,948
561,-724,904
691,-732,872
788,-687,860
849,-599,871
873,-492,900
865,-405,937
832,-352,979
778,-342,1013
710,-360,1039
634,-394,1064
572,-422,1092
539,-432,1134
542,-428,1193
578,-421,1267
632,-424,1343
690,-440,1415
745,-470,1466
787,-510,1519
813,-549,1588
840,-569,1656
862,-565,1707
882,-543,1734
897,-510,1746
902,-477,1740
880,-454,1703
838,-445,1661
778,-449,1631
710,-465,1620
646,-490,1634
597,-521,1672
567,-555,1730
563,-594,1802
590,-636,1894
647,-678,1998
727,-711,2117
826,-741,2232
936,-768,2327
1053,-797,2399
1170,-833,2447
1273,-868,2477
1363,-892,2505
1437,-914,2539
1489,-945,2588
1524,-993,2648
1536,-1056,2719
1527,-1121,2798
1503,-1189,2873
1468,-1261,2942
1432,-1330,2994
1397,-1387,3025
1368,-1427,3036
1343,-1454,3021
1325,-1473,2980
1314,-1487,2919
1309,-1495,2844
1304,-1493,2759
1303,-1488,2667
1303,-1488,2573
1306,-1487,2484
1318,-1478,2402
1336,-1454,2321
1360,-1427,2231
1384,-1399,2131
1405,-1367,2020
1413,-1331,1903
1410,-1294,1783
1396,-1261,1654
1373,-1230,1522
1341,-1202,1396
1299,-1175,1284
1250,-1147,1192
1191,-1119,1118
1127,-1095,1051
1053,-1073,979
977,-1057,890
906,-1039,781
837,-1014,640
769,-974,449
700,-910,184
628,-810,-62
553,-673,-240
478,-516,-323
412,-357,-266
358,-213,-140
323,-93,-10
316,-13,51
323,31,25
328,47,-69
332,53,-218
328,54,-406
319,44,-606
302,18,-784
282,-19,-917
251,-55,-999
206,-75,-1049
160,-68,-1087
126,-42,-1117
109,-4,-1136
100,27,-1139
95,41,-1123
89,35,-1110
74,16,-1089
39,-3,-1055
-13,-16,-998
-72,-14,-928
-134,-1,-860
-189,16,-801
-238,28,-748
-280,29,-702
-320,24,-665
-356,18,-637
-388,6,-623
-405,-16,-607
-413,-50,-574
-422,-82,-521
-446,-107,-455
-473,-123,-393
-495,-136,-340
-510,-150,-283
-522,-167,-216
-530,-184,-145
-533,-201,-69
-531,-218,4
-525,-230,72
-512,-240,120
-501,-246,154
-497,-251,188
-498,-252,234
-498,-255,288
-499,-261,339
-499,-271,382
-494,-280,412
-490,-289,435
-482,-294,443
-474,-300,448
-462,-308,451
-447,-321,468
-436,-341,526
-474,-307,563
-576,-202,430
-765,-224,152
-973,-327,-71
-1093,-406,-110
-1153,-476,30
-1147,-545,236
-1042,-582,440
-820,-586,642
-539,-597,827
-266,-643,963
-42,-703,1056
129,-748,1105
277,-754,1090
397,-715,1024
482,-633,968
527,-525,956
533,-415,977
514,-330,1003
480,-283,1017
440,-272,1026
405,-289,1031
383,-324,1039
381,-359,1059
403,-385,1093
448,-396,1138
512,-400,1184
587,-399,1218
672,-398,1242
759,-402,1274
846,-407,1319
930,-417,1374
1006,-427,1430
1071,-434,1472
1124,-434,1486
1162,-432,1466
1180,-429,1464
1182,-431,1482
1167,-439,1498
1146,-460,1497
1131,-497,1505
1130,-543,1529
1136,-593,1575
1151,-635,1647
1178,-663,1746
1220,-677,1863
1274,-681,1992
1330,-690,2106
1372,-713,2168
1397,-741,2209
1396,-773,2246
1380,-804,2299
1349,-833,2373
1301,-865,2470
1243,-898,2569
1183,-939,2669
1129,-987,2756
1086,-1037,2830
1058,-1082,2893
1048,-1116,2942
1059,-1134,2974
1089,-1146,2982
1132,-1161,2965
1183,-1183,2932
1239,-1206,2890
1295,-1219,2855
1344,-1219,2830
1390,-1223,2802
1429,-1231,2770
1461,-1238,2729
1482,-1243,2677
1490,-1258,2616
1490,-1292,2548
1484,-1336,2492
1476,-1374,2455
1466,-1396,2439
1453,-1404,2422
1434,-1404,2380
1404,-1399,2295
1366,-1383,2173
1326,-1352,2025
1274,-1313,1860
1216,-1277,1689
1154,-1241,1521
1093,-1212,1359
1038,-1183,1203
989,-1157,1053
948,-1133,909
913,-1113,767
882,-1094,624
855,-1085,467
833,-1075,259
813,-1042,-46
786,-970,-346
746,-844,-552
695,-672,-632
652,-493,-548
637,-324,-351
643,-184,-117
663,-87,54
661,-28,87
616,-6,-35
546,-5,-263
480,-14,-525
424,-42,-750
370,-86,-889
311,-143,-967
249,-203,-1007
193,-255,-1029
164,-287,-1051
172,-295,-1063
203,-285,-1054
242,-267,-1034
271,-249,-1010
275,-238,-974
252,-234,-912
206,-226,-835
140,-210,-753
62,-185,-677
-15,-151,-611
-84,-115,-562
-136,-82,-533
-174,-53,-521
-207,-33,-529
-236,-26,-547
-262,-36,-561
-284,-50,-569
-303,-57,-563
-322,-54,-530
-360,-47,-466
-415,-50,-383
-481,-63,-289
-549,-83,-179
-614,-107,-61
-669,-128,63
-710,-138,181
-726,-136,271
-720,-131,246
-690,-234,172
-634,-341,206
-560,-191,38
-534,-37,-81
-679,-35,-90
-886,-150,116
-995,-273,458
-926,-360,793
-739,-399,1007
-562,-386,1048
-463,-323,939
-402,-235,736
-345,-143,550
-291,-83,449
-236,-75,439
-158,-123,491
-57,-201,573
46,-259,654
121,-259,701
147,-199,710
119,-98,656
49,-27,542
-71,26,481
-203,93,416
-330,180,383
-424,264,331
-469,362,314
-497,461,353
-495,520,389
-423,501,412
-270,429,490
-48,362,665
198,358,904
401,414,1109
534,488,1202
608,564,1190
646,630,1138
693,677,1081
755,742,1057
827,823,1040
895,902,1018
961,959,1031
1018,974,1087
1035,948,1111
992,887,1099
889,818,1123
755,747,1230
609,668,1410
460,595,1548
266,569,1588
-24,599,1525
-371,642,1401
-717,635,1362
-1009,555,1460
-1173,454,1648
-1166,419,1802
-984,475,1811
-662,556,1687
-257,574,1576
146,471,1632
475,268,1796
706,42,1915
850,-131,1925
942,-239,1870
1019,-330,1844
1090,-462,1841
1176,-630,1857
1293,-787,1907
1438,-899,1967
1580,-968,2030
1692,-1015,2098
1763,-1057,2158
1766,-1092,2192
1700,-1119,2194
1581,-1134,2155
1435,-1147,2093
1287,-1169,2034
1158,-1173,1990
1060,-1149,1957
981,-1104,1917
906,-1059,1856
819,-1017,1784
712,-972,1718
589,-924,1673
465,-883,1652
363,-847,1627
300,-812,1590
286,-779,1559
320,-763,1568
387,-777,1625
471,-813,1694
558,-845,1723
639,-847,1696
700,-819,1647
727,-784,1623
722,-766,1629
707,-762,1650
700,-750,1664
719,-721,1652
756,-682,1604
805,-643,1534
861,-606,1459
918,-564,1384
965,-525,1311
1001,-491,1244
1031,-456,1181
1069,-421,1127
1120,-384,1080
1180,-353,1029
1244,-327,968
1299,-303,901
1333,-274,838
1339,-240,795
1317,-205,777
1269,-170,776
1204,-140,774
1129,-121,752
1057,-111,721
991,-108,686
928,-102,648
870,-88,599
815,-66,538
765,-43,470
718,-20,405
678,-2,344
647,5,292
627,4,239
619,4,184
620,6,123
626,11,49
632,20,-34
637,33,-123
637,52,-215
626,76,-294
611,103,-349
588,132,-395
543,159,-433
469,187,-462
371,220,-487
273,261,-504
190,303,-514
124,338,-518
63,362,-507
0,367,-473
-65,356,-432
-126,342,-417
-163,327,-423
-175,310,-437
-161,297,-444
-118,280,-438
-49,241,-429
20,193,-418
54,166,-402
40,171,-380
-2,190,-363
-59,198,-343
-113,180,-305
-150,147,-254
-147,117,-199
-117,98,-131
-79,81,-52
-46,43,22
-34,-7,109
-40,-59,209
-46,-112,303
-42,-170,392
-24,-239,478
9,-310,568
56,-369,674
91,-403,787
76,-420,888
11,-440,970
-80,-472,1041
-178,-502,1112
-249,-513,1183
-279,-504,1230
-286,-488,1252
-289,-472,1279
-306,-444,1302
-1033,-536,-974
-1584,-468,-1172
-1428,-588,-599
569,-752,2202
1695,504,6799
847,545,3518
-210,-421,-214
-1182,-1471,-2229
-1429,-754,-813
-1010,495,1880
-422,850,2711
138,517,1902
184,24,903
10,-100,563
92,157,952
330,333,1477
540,205,1585
473,-75,1494
276,-178,1567
245,-40,1570
275,131,1472
342,175,1239
329,141,1220
297,117,1333
319,158,1391
392,286,1456
449,331,1397
459,179,1242
493,85,1287
538,137,1367
581,275,1405
596,377,1387
588,399,1348
559,350,1302
530,295,1300
488,271,1308
434,278,1286
381,299,1253
347,301,1226
332,298,1247
331,284,1275
335,271,1282
346,265,1277
357,264,1298
346,249,1321
317,231,1303
278,228,1297
232,232,1282
198,233,1251
182,235,1243
182,237,1228
189,234,1238
209,234,1226
226,231,1214
246,226,1209
276,214,1193
310,199,1180
335,184,1177
341,173,1180
353,167,1177
358,156,1179
362,145,1177
347,134,1190
324,119,1215
304,107,1223
294,102,1220
302,102,1213
328,101,1212
358,91,1222
374,73,1232
379,57,1248
381,45,1254
385,39,1245
387,40,1232
390,44,1222
380,45,1226
367,40,1223
365,39,1203
360,43,1193
363,47,1184
366,48,1184
369,47,1189
370,45,1197
362,44,1211
359,41,1216
354,40,1220
350,40,1222
343,38,1233
333,34,1258
336,30,1273
324,28,1307
315,26,1338
318,23,1356
328,16,1362
333,7,1378
345,-1,1390
349,-6,1404
353,-9,1413
356,-11,1425
354,-15,1438
358,-17,1432
363,-22,1422
370,-28,1430
392,-33,1429
389,-36,1421
376,-42,1407
364,-47,1396
348,-50,1400
338,-57,1398
334,-63,1379
321,-66,1360
318,-66,1329
311,-61,1298
309,-51,1263
308,-43,1232
309,-31,1211
303,-24,1205
300,-17,1201
297,-12,1197
294,-7,1193
287,0,1182
281,7,1154
257,16,1137
242,27,1094
209,40,1064
193,57,1021
183,75,981
171,89,938
172,100,892
187,106,855
211,108,828
239,108,810
272,102,798
303,95,783
332,84,771
376,67,758
405,65,744
418,65,722
416,73,704
399,85,689
372,99,688
339,111,694
307,119,707
279,125,715
254,125,727
233,125,742
217,125,756
203,131,766
185,136,773
178,144,773
177,150,767
181,156,755
184,162,743
190,167,733
203,170,726
214,173,722
221,174,719
223,172,714
223,169,711
224,167,711
221,166,707
208,170,708
190,173,710
190,169,711
193,165,708
199,159,705
205,160,706
205,163,708
210,167,709
222,172,707
236,177,702
245,182,697
254,187,690
260,195,685
263,204,683
264,214,681
262,223,681
259,232,684
253,240,689
248,244,696
240,247,707
231,250,718
224,254,732
218,259,744
216,263,754
214,265,761
212,265,765
210,264,768
209,264,767
207,263,766
207,260,763
206,259,761
206,259,761
206,259,761
205,257,761
206,254,762
207,251,763
206,249,771
206,248,779
205,247,788
206,248,799
206,251,808
207,255,815
212,258,822
216,259,828
224,258,831
232,256,837
241,256,844
248,257,853
251,260,865
251,264,872
249,265,879
245,264,883
242,260,887
242,255,887
243,254,892
244,251,898
244,250,910
243,249,922
239,247,933
235,244,944
228,241,950
221,240,955
215,239,961
212,238,962
206,238,960
203,237,965
197,237,971
190,233,977
184,232,983
179,228,986
175,225,991
169,220,997
166,214,1002
161,210,1005
156,207,1010
153,206,1009
154,209,1011
156,212,1011
158,215,1009
162,218,1007
165,221,1004
169,222,1000
173,226,995
178,229,991
182,232,987
187,235,986
190,238,985
192,238,984
194,237,986
198,237,987
200,237,990
204,235,993
206,232,995
207,229,998
209,224,999
206,222,999
203,220,999
200,220,996
197,222,993
197,225,990
196,227,984
196,230,981
196,230,981
195,229,981
193,224,983
189,221,985
186,221,989
182,221,988
179,224,986
180,227,979
180,229,973
181,230,964
184,230,958
185,228,953
188,228,950
192,228,952
196,230,956
199,230,960
203,230,962
208,229,963
214,229,962
220,229,957
227,233,954
232,237,951
238,239,947
239,242,944
242,241,942
243,241,938
244,240,936
243,239,938
242,240,939
240,240,941
237,241,944
236,242,946
232,244,947
231,244,947
231,245,943
228,246,940
229,246,937
227,244,934
226,244,932
224,241,932
222,240,931
220,240,932
217,237,932
216,237,934
216,239,937
212,239,938
210,239,939
207,238,941
205,238,942
205,238,941
204,239,941
205,242,941
208,244,942
209,247,942
210,249,943
212,248,944
213,249,946
215,247,948
217,246,948
218,245,948
220,244,949
222,242,949
223,242,946
225,240,946
227,238,944
229,237,944
234,237,942
236,236,942
239,233,941
242,233,941
244,233,941
246,233,942
249,234,942
253,235,942
254,235,942
256,235,945
256,236,946
257,235,947
257,235,949
257,235,949
257,237,949
257,241,949
257,242,948
257,243,946
257,243,944
257,243,942
257,242,942
257,240,943
259,238,944
258,236,945
258,236,948
257,237,951
256,237,953
257,238,952
258,239,952
259,240,950
260,241,948
259,241,945
259,242,941
258,243,938
260,246,935
261,249,932
262,252,929
265,254,927
267,253,925
269,251,923
271,250,922
272,249,921
276,250,922
279,251,923
284,254,926
289,257,926
293,257,927
296,256,927
298,257,928
299,256,928
300,255,926
300,256,923
300,255,920
297,253,917
296,255,915
297,255,916
295,254,918
293,255,921
289,255,923
285,255,927
281,253,930
278,252,931
276,251,930
273,251,929
270,251,927
269,251,923
266,251,920
265,250,916
266,249,912
267,251,910
270,250,907
272,250,907
274,251,911
278,252,914
284,254,917
289,255,919
295,255,920
300,256,922
305,256,925
309,253,925
311,252,929
314,251,930
316,251,931
317,252,932
318,252,931
316,255,930
316,256,929
313,256,926
312,256,923
308,256,918
303,255,915
298,256,913
295,258,912
291,258,911
288,260,911
283,260,910
280,260,913
279,258,915
277,258,914
276,258,916
277,256,917
276,255,917
277,256,919
278,255,919
281,255,920
284,253,919
285,251,921
287,249,922
287,248,922
288,247,920
289,245,921
289,244,920
291,245,917
293,246,918
294,247,919
287,238,856
321,256,682
343,293,736
316,287,861
304,256,931
294,225,977
270,210,1032
260,228,1073
274,255,1076
302,271,1043
319,263,979
322,248,910
321,244,853
321,251,816
325,265,796
325,275,793
321,277,804
# balls=3,catches=20,detected=14,sampleRate=200,timestamp=1781212463,countMode=watch_hand
x,y,z
364,176,909
354,178,909
346,181,911
339,184,916
335,187,921
331,189,925
329,192,927
327,192,929
322,192,928
315,191,928
312,190,929
312,191,929
314,190,929
320,189,927
325,189,927
331,187,928
334,185,929
336,182,929
336,180,929
336,179,931
334,178,933
333,177,934
331,177,936
331,178,936
329,177,936
326,177,938
322,176,938
317,172,938
313,170,936
309,169,938
305,167,940
300,165,941
295,165,941
292,165,940
288,168,939
284,170,939
283,172,940
285,173,944
289,174,945
293,173,949
298,174,953
303,175,958
308,175,961
313,175,963
315,174,964
315,173,965
315,172,965
314,171,964
312,170,962
311,171,959
310,171,958
309,170,956
309,168,953
308,169,950
305,168,951
303,168,949
298,166,949
296,165,949
294,166,947
292,165,949
291,165,950
289,166,951
288,166,952
287,165,953
287,166,955
287,166,957
288,166,956
288,165,958
290,165,956
293,165,955
297,165,953
301,166,952
304,165,951
308,165,948
309,165,947
310,164,944
310,163,943
310,164,941
311,169,939
313,172,940
314,173,939
315,176,937
315,176,939
313,175,939
310,173,939
307,172,940
304,172,938
302,175,941
301,176,939
302,179,939
305,179,939
306,179,938
307,177,939
306,175,938
307,173,939
308,174,941
308,175,940
308,174,938
305,175,938
303,175,938
301,174,938
301,175,937
304,175,939
306,175,940
309,174,943
311,174,942
312,173,941
309,171,941
305,170,941
303,168,939
302,168,936
303,168,935
306,169,935
309,172,935
309,171,933
308,170,932
306,169,934
304,169,933
303,169,932
301,168,931
300,169,930
302,172,930
303,174,928
305,175,930
306,174,929
306,173,929
305,172,931
302,172,931
302,170,932
304,170,933
307,170,934
310,171,935
314,172,935
317,173,936
318,174,938
318,174,938
318,172,940
314,169,939
312,166,937
309,166,935
306,166,933
304,167,932
306,169,931
307,171,929
307,173,928
308,174,929
310,174,930
311,175,932
313,175,934
315,176,936
317,175,937
317,175,935
316,176,936
317,177,935
317,179,935
319,179,934
319,180,935
321,180,934
320,181,936
321,180,935
321,178,935
319,177,934
318,177,933
316,177,931
314,177,931
314,177,932
313,177,932
313,176,933
312,175,935
309,172,935
305,170,937
302,167,936
303,167,936
304,166,935
306,166,933
308,167,933
310,166,932
310,168,932
310,168,932
310,167,930
311,165,930
311,164,929
312,164,928
313,163,928
315,164,926
317,165,925
321,163,926
322,164,926
324,165,923
324,165,925
324,165,926
323,164,927
322,164,929
320,163,929
319,161,930
317,159,933
317,158,934
315,157,937
315,154,938
312,152,938
309,153,937
304,150,939
295,149,944
290,147,941
289,145,938
289,147,935
294,146,932
297,149,930
300,150,928
304,152,929
308,154,928
311,155,930
314,155,933
313,154,935
309,154,936
312,155,940
319,158,941
327,162,945
334,165,947
338,165,950
339,163,951
337,163,952
334,161,957
328,160,960
322,158,965
317,156,966
314,156,966
313,156,966
315,157,964
316,158,963
315,157,964
315,156,965
315,152,964
315,149,966
318,150,966
325,155,967
334,158,966
339,163,965
343,166,965
346,170,967
346,172,970
348,173,971
349,176,971
350,180,975
347,185,979
343,191,984
342,197,987
348,200,986
352,195,989
346,192,996
332,193,997
321,195,994
319,197,988
326,198,977
334,198,969
337,193,958
335,183,946
325,175,936
318,165,925
317,161,917
321,159,911
329,157,904
337,155,897
342,152,889
345,149,880
347,144,875
349,140,870
353,136,867
356,130,864
356,125,863
351,119,856
347,114,851
358,112,852
375,109,853
388,105,849
384,100,842
370,94,833
355,93,823
342,93,811
337,93,800
336,90,791
340,85,781
335,78,780
321,71,762
318,65,742
331,63,729
350,64,716
361,63,700
362,61,686
353,60,678
339,60,669
323,59,659
308,55,648
297,52,633
293,52,621
299,55,613
313,58,621
335,56,631
356,47,643
371,39,656
380,34,666
384,34,675
386,39,681
389,47,687
398,54,692
411,58,700
423,60,711
446,55,716
475,46,711
499,33,723
516,17,728
524,2,730
522,-11,721
522,-19,716
534,-20,708
552,-22,701
569,-24,696
586,-30,691
608,-35,685
634,-43,679
658,-50,676
685,-54,680
711,-55,690
738,-56,696
763,-56,702
783,-54,709
798,-52,719
805,-51,729
810,-47,736
809,-43,752
811,-36,772
819,-27,789
832,-18,801
846,-6,815
860,0,826
871,7,833
879,9,840
881,11,845
880,13,847
883,16,847
885,19,850
892,17,855
899,17,859
906,16,864
911,16,869
908,15,872
899,18,879
892,26,887
884,34,893
878,41,894
872,43,896
865,41,905
855,33,912
848,26,918
844,23,919
838,26,918
833,33,916
827,40,915
823,42,917
823,43,922
824,38,924
825,36,922
824,34,918
824,34,912
829,35,898
840,40,879
850,41,862
855,38,848
859,31,837
866,25,826
874,24,813
881,22,790
878,19,772
871,12,758
863,7,746
855,7,736
847,10,732
837,9,733
827,5,739
824,3,741
824,3,743
826,3,745
819,0,745
810,-3,740
795,-9,736
775,-16,733
765,-3,721
759,35,705
772,69,664
786,67,632
790,25,612
788,-38,604
780,-88,600
757,-109,596
713,-100,592
672,-65,587
647,-21,589
636,15,597
623,34,613
610,43,626
607,48,643
621,48,661
635,42,685
629,34,691
619,29,654
623,33,641
642,39,641
678,39,639
725,24,636
771,0,651
800,-28,637
831,-27,624
825,22,634
760,81,654
666,106,665
595,101,671
575,79,678
597,56,695
623,43,719
629,34,748
610,28,778
579,27,803
554,32,833
536,44,859
522,55,878
508,68,889
497,75,905
502,80,910
517,86,905
536,89,894
549,86,882
552,76,870
546,61,856
539,50,835
540,42,818
548,40,802
553,38,792
559,30,779
561,13,762
562,0,750
567,-5,738
577,-4,725
591,2,711
601,7,696
607,3,692
612,-6,689
619,-15,689
627,-19,692
629,-18,697
632,-14,700
632,-8,702
630,-2,702
625,0,707
618,0,710
611,-3,710
609,-10,708
606,-17,706
597,-25,704
582,-33,697
564,-38,688
543,-40,677
521,-42,665
498,-43,659
482,-42,650
470,-42,644
464,-43,640
456,-47,635
452,-48,631
449,-44,628
451,-40,628
453,-38,632
457,-39,632
465,-40,635
474,-40,636
483,-40,643
485,-42,648
484,-47,652
482,-53,656
482,-53,662
487,-49,670
495,-45,681
502,-43,693
508,-41,704
508,-40,715
506,-39,726
502,-37,739
502,-37,755
505,-36,769
510,-38,785
517,-42,795
521,-46,807
517,-51,816
508,-56,824
500,-62,833
494,-65,844
493,-68,856
493,-74,866
494,-81,874
494,-88,882
492,-92,891
485,-97,899
478,-101,901
472,-105,901
464,-112,900
458,-116,901
458,-119,905
462,-118,910
470,-120,917
480,-123,923
488,-125,927
493,-129,935
499,-131,942
510,-135,954
524,-139,968
542,-143,980
560,-148,995
571,-155,1008
574,-161,1017
571,-169,1021
563,-173,1018
556,-179,1012
548,-184,1006
545,-191,998
544,-200,995
545,-211,991
541,-222,984
532,-231,976
521,-234,964
509,-236,953
497,-234,940
484,-234,926
474,-233,910
461,-234,895
454,-233,887
448,-229,875
443,-225,862
435,-224,853
426,-224,842
421,-224,833
417,-224,828
415,-224,823
420,-223,818
427,-222,823
439,-224,832
454,-231,839
466,-242,846
470,-253,848
464,-258,846
453,-257,838
441,-251,827
428,-244,812
415,-243,795
400,-247,779
386,-253,759
372,-256,737
361,-255,717
355,-254,701
354,-255,684
351,-263,667
348,-272,654
348,-278,645
352,-277,636
359,-273,634
368,-269,634
378,-268,643
397,-270,665
425,-279,696
455,-291,727
478,-307,753
496,-317,779
509,-321,801
514,-320,814
515,-319,826
513,-315,842
518,-318,866
531,-331,893
542,-354,913
549,-377,928
544,-394,933
530,-400,934
510,-398,930
494,-389,928
487,-382,938
490,-380,952
498,-386,964
501,-395,983
498,-397,1003
494,-394,1026
490,-386,1044
480,-378,1060
469,-365,1085
463,-356,1115
465,-350,1149
477,-349,1186
494,-357,1231
513,-370,1267
525,-383,1302
526,-392,1331
525,-394,1351
530,-390,1365
543,-383,1378
549,-379,1399
553,-377,1416
553,-377,1432
555,-375,1450
556,-371,1472
553,-369,1501
547,-371,1534
545,-380,1567
546,-395,1599
553,-407,1634
568,-410,1669
584,-407,1704
599,-409,1741
610,-411,1776
609,-416,1812
610,-417,1853
622,-412,1895
639,-409,1936
649,-409,1984
664,-410,2030
681,-415,2081
701,-425,2138
728,-442,2199
765,-473,2260
801,-521,2318
803,-571,2373
796,-615,2394
815,-672,2395
806,-722,2365
768,-752,2304
715,-790,2229
655,-834,2162
608,-873,2080
591,-903,1980
613,-915,1869
659,-907,1763
698,-882,1660
716,-839,1562
717,-786,1464
725,-734,1362
740,-690,1264
744,-653,1184
757,-616,1100
779,-578,1025
795,-547,941
782,-511,872
745,-471,826
693,-433,787
617,-396,737
513,-358,699
389,-321,645
270,-287,572
163,-269,476
42,-245,359
-54,-223,202
-109,-212,37
-135,-212,-103
-145,-218,-207
-149,-226,-299
-147,-236,-371
-134,-243,-419
-112,-245,-444
-86,-238,-451
-59,-226,-448
-35,-204,-437
-19,-177,-428
-8,-147,-418
-5,-116,-411
-8,-89,-401
-16,-64,-387
-25,-44,-371
-38,-28,-355
-53,-12,-340
-72,0,-328
-95,12,-318
-116,25,-303
-136,34,-293
-147,39,-284
-153,44,-268
-156,46,-255
-159,46,-242
-163,44,-229
-169,42,-214
-170,41,-197
-167,40,-178
-158,41,-163
-148,42,-147
-138,42,-130
-127,42,-112
-118,43,-98
-111,43,-82
-104,44,-68
-94,41,-53
-27,33,33
-10,32,46
0,26,64
5,21,84
8,11,105
15,2,123
22,-8,137
25,-20,149
21,-35,162
19,-52,175
25,-68,186
42,-80,200
74,-91,215
109,-103,240
142,-117,268
171,-135,303
194,-156,334
214,-183,365
228,-214,394
233,-248,424
226,-277,448
211,-292,469
197,-292,497
191,-286,523
183,-289,553
172,-306,584
162,-332,624
163,-356,670
185,-374,723
225,-382,778
276,-384,835
329,-389,900
377,-402,965
413,-417,1023
441,-434,1072
464,-446,1109
481,-450,1136
495,-450,1169
517,-440,1228
561,-425,1287
630,-418,1336
710,-427,1385
781,-445,1429
845,-462,1474
909,-471,1533
976,-479,1595
1039,-486,1650
1090,-488,1695
1120,-481,1727
1132,-457,1753
1136,-425,1776
1137,-392,1793
1142,-364,1816
1143,-346,1844
1149,-334,1881
1152,-317,1918
1150,-300,1942
1135,-291,1953
1098,-322,1972
1062,-356,1993
1036,-379,2018
1014,-384,2052
989,-383,2093
968,-383,2134
957,-384,2175
958,-386,2216
971,-397,2242
975,-413,2268
932,-426,2285
921,-443,2314
924,-456,2332
935,-462,2341
948,-470,2346
962,-483,2354
978,-503,2360
991,-526,2370
999,-552,2383
1005,-582,2394
1012,-616,2397
1014,-649,2399
1024,-682,2399
1026,-719,2416
1009,-761,2428
985,-799,2429
957,-833,2423
938,-869,2391
924,-901,2327
919,-929,2238
918,-950,2142
909,-963,2046
889,-967,1946
862,-959,1826
838,-937,1691
827,-904,1549
824,-865,1397
821,-822,1234
810,-776,1066
792,-723,883
761,-658,684
725,-578,516
682,-491,374
644,-404,270
620,-320,193
599,-248,182
587,-197,185
595,-158,189
622,-125,207
664,-97,228
710,-77,254
746,-58,293
756,-45,320
728,-31,317
657,-7,282
555,23,200
449,65,73
364,107,-77
310,131,-219
284,123,-358
282,88,-480
301,38,-572
321,-14,-648
331,-56,-712
321,-84,-759
298,-91,-781
274,-81,-774
257,-55,-756
249,-18,-749
252,32,-740
259,90,-710
269,146,-672
281,191,-642
291,225,-608
287,249,-573
253,261,-560
189,259,-595
110,248,-642
35,234,-679
-22,214,-698
-59,184,-685
-77,131,-654
-79,61,-595
-68,-15,-514
-51,-87,-428
-34,-142,-340
-26,-177,-251
-43,-196,-178
-85,-204,-119
-136,-202,-66
-175,-194,-4
-205,-186,52
-237,-175,123
-280,-165,174
-321,-147,230
-334,-123,288
-326,-101,362
-309,-91,437
-294,-90,508
-282,-95,566
-266,-100,607
-254,-99,643
-247,-94,676
-245,-87,704
-254,-83,727
-282,-80,744
-315,-70,810
-352,-8,742
-523,77,624
-757,132,634
-1034,80,464
-1218,-10,324
-1212,-78,420
-1026,-151,561
-742,-244,692
-415,-349,861
-110,-455,1007
80,-558,1074
117,-635,1087
59,-658,1102
10,-615,1125
15,-532,1153
68,-457,1190
145,-426,1221
215,-442,1228
277,-488,1217
327,-533,1203
366,-558,1191
393,-547,1177
410,-512,1164
419,-463,1151
427,-421,1135
438,-397,1120
457,-394,1105
481,-406,1093
510,-425,1089
537,-440,1086
556,-447,1078
561,-442,1064
546,-424,1059
526,-397,1060
521,-367,1060
540,-340,1060
570,-323,1060
598,-319,1067
619,-326,1085
634,-340,1105
659,-355,1127
684,-367,1157
713,-377,1201
746,-387,1249
779,-400,1299
819,-415,1353
859,-429,1409
899,-442,1457
939,-449,1500
972,-450,1533
1000,-443,1559
1027,-439,1590
1050,-436,1626
1064,-436,1674
1058,-440,1731
1044,-454,1791
1031,-480,1860
1011,-513,1933
991,-545,2004
977,-579,2088
957,-621,2176
933,-672,2264
900,-732,2339
869,-801,2400
846,-865,2453
841,-911,2492
827,-963,2529
878,-979,2525
934,-998,2540
976,-1027,2541
1043,-1092,2535
1104,-1148,2527
1064,-1180,2517
1056,-1215,2499
1084,-1253,2477
1122,-1297,2452
1147,-1347,2421
1154,-1390,2383
1151,-1419,2336
1153,-1429,2276
1171,-1428,2211
1199,-1427,2158
1222,-1430,2094
1243,-1428,2020
1266,-1417,1947
1276,-1397,1868
1268,-1368,1766
1245,-1326,1648
1219,-1269,1517
1187,-1201,1380
1148,-1130,1249
1094,-1068,1133
1026,-1021,1001
953,-983,857
884,-941,712
825,-889,575
777,-824,442
733,-744,310
690,-644,185
649,-519,12
613,-370,-217
577,-198,-343
532,-55,-257
499,33,-83
484,78,128
510,81,319
589,86,481
694,100,568
771,110,575
772,116,523
677,113,429
531,113,313
405,125,189
339,138,42
321,130,-129
311,92,-287
289,31,-412
260,-31,-488
237,-81,-528
228,-113,-536
234,-131,-521
247,-133,-483
262,-121,-440
274,-103,-392
277,-92,-340
264,-86,-294
228,-86,-262
175,-87,-235
119,-83,-212
76,-72,-189
51,-52,-156
37,-31,-112
19,-14,-64
-25,-12,-17
-93,-16,17
-166,-13,38
-228,6,65
-268,34,95
-285,59,120
-288,65,144
-285,50,168
-281,25,192
-279,0,219
-277,-11,239
-272,-10,250
-264,0,260
-264,12,268
-279,16,270
-305,18,272
-327,25,271
-328,40,274
-304,54,278
-273,60,286
-243,57,296
-218,45,302
-200,35,306
-189,31,309
-184,36,310
-182,47,314
-179,64,313
-178,83,310
-180,100,307
-189,114,303
-210,129,299
-233,149,297
-250,175,300
-258,203,308
-263,227,385
-294,243,341
-365,288,68
-426,373,52
-487,405,73
-564,395,101
-623,376,139
-612,337,171
-513,265,195
-358,171,257
-192,79,323
-53,8,325
56,-42,333
145,-88,389
217,-140,458
267,-197,486
287,-247,474
300,-280,471
640,-195,534
646,-188,552
663,-174,580
706,-159,623
773,-151,687
843,-160,764
910,-180,844
970,-197,925
1025,-202,1000
1084,-194,1062
1148,-186,1125
1226,-193,1207
1318,-230,1302
1404,-287,1396
1465,-346,1489
1501,-393,1602
1526,-424,1712
1541,-439,1795
1552,-446,1837
1557,-445,1874
1555,-445,1911
1546,-452,1949
1518,-462,1992
1434,-486,2001
1345,-518,2000
1242,-553,1985
1194,-586,1967
1142,-632,1997
1086,-685,2033
1047,-745,2095
1019,-820,2184
1004,-897,2283
991,-967,2377
980,-1027,2454
974,-1079,2517
988,-1117,2570
1017,-1144,2603
1060,-1159,2614
1108,-1154,2610
1149,-1139,2607
1178,-1128,2608
1195,-1133,2595
1209,-1147,2572
1221,-1167,2551
1232,-1193,2526
1280,-1234,2511
1298,-1281,2485
1157,-1271,2465
1111,-1290,2417
1091,-1308,2351
1053,-1315,2270
1011,-1320,2177
977,-1320,2084
936,-1311,1988
886,-1291,1862
840,-1255,1704
806,-1204,1528
787,-1143,1351
788,-1081,1176
800,-1016,1005
813,-953,859
818,-901,737
806,-856,621
787,-813,518
766,-764,433
745,-685,347
722,-570,107
681,-394,-182
602,-204,-150
498,-84,116
416,-41,369
386,-56,543
430,-102,614
525,-153,589
595,-176,479
582,-175,356
477,-160,272
337,-132,203
227,-102,114
179,-79,-8
162,-81,-143
137,-110,-282
94,-153,-403
55,-191,-488
44,-201,-548
67,-181,-593
109,-145,-623
140,-113,-639
145,-95,-662
131,-83,-692
113,-69,-694
99,-45,-682
88,-20,-670
74,4,-671
55,29,-677
23,53,-689
-24,73,-696
-81,95,-696
-130,116,-692
-170,123,-671
-206,109,-634
-246,85,-581
-275,59,-514
-296,48,-443
-317,52,-363
-341,58,-286
-372,65,-214
-401,75,-136
-422,84,-67
-436,95,0
-450,104,66
-468,111,131
-481,118,203
-496,119,271
-508,117,326
-517,106,362
-519,95,361
-502,220,294
-604,293,168
-685,206,238
-782,79,148
-940,-11,57
-1099,-42,84
-1051,-43,186
-754,-65,315
-437,-120,483
-243,-195,635
-180,-269,721
-175,-315,773
-135,-315,778
-29,-269,748
95,-196,711
173,-124,683
171,-73,690
117,-56,739
55,-75,817
26,-121,896
61,-178,974
152,-244,1041
301,-307,1113
480,-355,1189
608,-375,1221
666,-370,1232
674,-349,1263
630,-316,1297
551,-264,1297
475,-199,1267
429,-130,1241
404,-83,1220
381,-69,1193
347,-88,1160
298,-127,1140
242,-173,1135
220,-207,1150
264,-233,1176
360,-263,1209
466,-302,1241
548,-348,1267
597,-394,1295
630,-434,1327
668,-465,1353
718,-486,1376
756,-496,1406
799,-503,1436
847,-508,1473
883,-512,1507
902,-514,1537
911,-520,1566
938,-530,1597
940,-543,1624
960,-568,1675
990,-599,1735
1019,-629,1779
1043,-650,1812
1063,-658,1847
1074,-660,1893
1075,-667,1953
1065,-687,2020
1047,-719,2087
1023,-760,2152
994,-802,2212
968,-837,2260
952,-862,2306
949,-885,2348
954,-906,2384
958,-932,2402
964,-961,2418
971,-990,2439
986,-1007,2441
1006,-1021,2445
1024,-1036,2433
1037,-1051,2418
1045,-1068,2411
1055,-1094,2402
1067,-1128,2394
1083,-1167,2393
1096,-1208,2382
1101,-1241,2352
1102,-1259,2313
1104,-1265,2286
1102,-1268,2257
1096,-1280,2216
1089,-1299,2173
1081,-1320,2116
1076,-1327,2027
1075,-1313,1923
1074,-1285,1813
1066,-1251,1683
1050,-1211,1531
1030,-1168,1367
1005,-1120,1195
977,-1070,1018
952,-1015,845
932,-968,688
922,-937,536
917,-915,396
904,-889,265
880,-854,143
859,-811,44
845,-752,-16
836,-655,-64
828,-516,-256
805,-321,-395
751,-132,-254
682,-4,22
609,37,323
552,6,564
543,-67,662
561,-107,611
575,-102,455
545,-66,282
456,-20,148
337,12,36
219,15,-82
131,-10,-212
85,-59,-339
77,-121,-438
87,-185,-494
102,-236,-512
116,-269,-503
130,-282,-466
143,-277,-428
156,-263,-386
157,-244,-339
137,-229,-300
103,-221,-278
76,-210,-264
76,-196,-234
106,-173,-191
136,-154,-136
131,-146,-81
76,-147,-41
-6,-147,-19
-90,-139,-1
-166,-121,26
-217,-100,67
-242,-80,115
-250,-71,162
-251,-72,211
-250,-73,257
-246,-71,297
-238,-69,337
-228,-63,367
-213,-54,383
-194,-36,406
-188,-17,426
-198,2,441
-208,23,447
-214,44,446
-227,57,445
-235,67,441
-233,79,432
-222,97,426
-210,121,425
-206,150,420
-215,170,419
-225,182,413
-227,195,401
-223,215,385
-223,242,370
-226,272,349
-233,299,326
-243,323,300
-262,340,282
-281,355,266
-292,373,273
-291,400,303
-326,434,169
-405,489,78
-532,516,93
-670,470,152
-740,402,186
-703,370,193
-565,375,268
-378,373,294
-237,355,257
-139,339,273
-60,316,340
12,286,404
83,257,443
155,219,474
211,161,480
247,90,467
285,21,469
331,-37,487
364,-82,522
424,-102,565
552,-103,585
656,-106,592
633,-98,606
526,-70,630
454,-35,636
443,4,649
481,49,681
558,82,726
676,88,783
823,62,838
956,17,891
1052,-28,944
1105,-59,1013
1133,-76,1093
1163,-88,1168
1219,-102,1247
1303,-124,1335
1405,-155,1411
1497,-190,1496
1564,-221,1586
1600,-239,1675
1627,-253,1761
1649,-268,1841
1656,-280,1925
1655,-290,2000
1635,-299,2058
1622,-322,2094
1598,-354,2132
1502,-404,2208
1432,-469,2273
1339,-545,2333
1196,-640,2404
1028,-736,2462
866,-834,2528
727,-933,2595
628,-1024,2671
564,-1129,2738
543,-1236,2809
571,-1322,2860
653,-1365,2892
770,-1375,2900
902,-1388,2864
1027,-1410,2820
1131,-1433,2755
1227,-1442,2663
1322,-1421,2565
1408,-1386,2470
1476,-1356,2415
1512,-1336,2382
1526,-1329,2334
1540,-1334,2275
1532,-1330,2187
1497,-1299,2077
1461,-1245,1952
1443,-1189,1815
1349,-1108,1667
1255,-1045,1494
1208,-994,1316
1171,-934,1131
1131,-870,949
1094,-813,782
1053,-760,632
1015,-713,509
973,-675,399
911,-642,306
826,-601,241
724,-515,176
654,-359,-121
594,-121,-427
515,113,-304
444,256,8
378,282,266
324,228,431
308,178,466
350,153,391
417,163,259
462,193,152
461,219,109
421,233,89
370,225,34
330,203,-73
299,172,-208
256,140,-346
204,114,-473
152,95,-565
122,92,-626
121,96,-670
132,103,-688
142,104,-691
155,96,-690
171,85,-685
176,63,-660
155,37,-636
112,10,-625
46,-9,-616
-36,-19,-610
-117,-20,-599
-177,-17,-578
-218,-12,-551
-253,-12,-508
-290,-19,-448
-331,-25,-380
-379,-30,-300
-427,-36,-221
-457,-38,-144
-468,-38,-66
-472,-39,6
-469,-46,63
-455,-52,113
-425,-65,159
-388,-88,208
-357,-114,244
-346,-145,279
-355,-173,310
-371,-192,328
-381,-202,337
-384,-208,342
-387,-215,346
-386,-227,357
-382,-241,369
-378,-254,377
-378,-268,418
-406,-283,488
-490,-241,138
-527,-104,84
-509,-36,194
-612,-82,249
-805,-144,269
-872,-201,256
-738,-273,272
-505,-348,380
-294,-415,501
-181,-483,574
-185,-556,636
-241,-614,723
-252,-630,800
-187,-597,841
-79,-538,871
28,-484,904
115,-447,937
169,-429,953
191,-432,974
204,-446,1004
245,-457,1046
324,-461,1093
433,-458,1135
551,-450,1164
664,-440,1187
758,-426,1207
843,-406,1222
924,-386,1236
1005,-371,1255
1080,-364,1277
1152,-364,1297
1226,-368,1311
1303,-371,1339
1374,-374,1379
1443,-376,1420
1495,-373,1463
1523,-366,1503
1530,-350,1535
1535,-325,1567
1531,-293,1606
1506,-261,1659
1457,-239,1718
1386,-235,1785
1303,-248,1852
1214,-273,1901
1125,-307,1959
1045,-345,2025
984,-388,2086
938,-447,2153
897,-520,2209
868,-600,2277
852,-684,2334
849,-757,2383
855,-828,2454
870,-892,2521
889,-960,2582
920,-1028,2641
959,-1088,2666
1009,-1132,2671
1070,-1156,2671
1140,-1165,2648
1216,-1161,2606
1275,-1160,2564
1321,-1168,2508
1369,-1178,2452
1428,-1188,2404
1492,-1200,2367
1542,-1219,2310
1565,-1232,2243
1563,-1237,2175
1527,-1232,2100
1485,-1224,2030
1445,-1219,1961
1400,-1210,1873
1361,-1192,1764
1334,-1162,1630
1314,-1118,1476
1285,-1060,1311
1238,-997,1147
1179,-933,988
1123,-873,850
1067,-813,732
1003,-755,615
933,-681,496
875,-582,322
833,-448,73
785,-277,-92
712,-125,-1
633,-42,190
557,-33,342
512,-81,430
491,-112,456
503,-94,426
523,-39,319
518,38,227
484,118,182
433,176,160
393,208,108
372,213,23
357,188,-95
322,144,-220
261,94,-333
199,56,-434
162,34,-510
154,27,-571
164,30,-622
174,36,-661
185,38,-688
191,33,-699
186,26,-688
171,21,-662
144,24,-652
115,41,-655
87,71,-644
53,103,-632
14,131,-634
-22,150,-631
-55,160,-621
-84,160,-600
-113,148,-572
-149,129,-534
-193,106,-491
-250,78,-435
-301,53,-383
-330,44,-333
-341,44,-277
-347,43,-211
-373,24,-152
-411,-4,-92
-435,-37,-22
-430,-68,50
-402,-95,130
-373,-121,203
-357,-140,266
-356,-147,330
-354,-150,388
-340,-155,444
-308,-170,498
-270,-200,549
-240,-238,588
-229,-276,611
-235,-302,622
-247,-313,624
-259,-314,618
-267,-310,616
-279,-307,617
-306,-308,623
-343,-305,637
-378,-293,653
-398,-270,669
-422,-237,657
-449,-195,717
-479,-160,793
-496,-110,717
-495,8,650
-601,143,478
-719,198,427
-711,160,533
-575,52,702
-346,-76,803
-124,-211,882
61,-334,958
226,-418,1003
367,-459,1024
447,-452,1046
454,-407,1076
411,-339,1115
378,-274,1144
400,-236,1170
474,-239,1187
554,-273,1193
597,-319,1190
581,-361,1188
559,-376,1177
551,-368,1173
572,-351,1179
623,-343,1211
696,-354,1260
779,-386,1301
855,-429,1327
924,-471,1358
989,-504,1406
1057,-527,1459
1119,-543,1496
1179,-551,1516
1227,-547,1538
1263,-528,1574
1295,-500,1609
1331,-476,1635
1370,-466,1664
1410,-475,1698
1427,-495,1736
1419,-518,1786
1398,-535,1831
1367,-547,1886
1334,-553,1940
1280,-558,1996
1220,-571,2054
1175,-602,2109
1139,-642,2164
1114,-690,2218
1093,-738,2272
1072,-791,2335
1049,-852,2378
1025,-910,2408
1011,-956,2442
1014,-991,2468
1032,-1023,2498
1054,-1061,2541
1072,-1103,2576
1093,-1147,2605
1119,-1187,2621
1141,-1217,2615
1153,-1237,2598
1169,-1254,2560
1190,-1273,2527
1208,-1306,2508
1215,-1352,2481
1219,-1402,2421
1240,-1430,2325
1270,-1424,2212
1288,-1392,2083
1283,-1348,1933
1253,-1299,1766
1211,-1254,1604
1179,-1221,1442
1152,-1193,1265
1127,-1160,1079
1106,-1120,892
1092,-1074,714
1082,-1028,544
1056,-980,394
1005,-938,261
930,-905,142
841,-869,39
754,-794,-51
679,-661,-308
606,-454,-519
542,-250,-371
495,-116,-36
463,-68,269
453,-92,462
497,-85,584
594,-54,548
686,-10,428
713,27,298
675,42,195
601,26,80
509,-19,-97
410,-81,-335
323,-138,-565
261,-186,-729
228,-222,-835
230,-249,-889
262,-265,-920
290,-270,-926
311,-265,-902
333,-250,-850
330,-235,-778
297,-233,-705
249,-231,-645
205,-220,-593
160,-196,-532
91,-168,-482
13,-147,-465
-80,-138,-460
-183,-132,-441
-275,-119,-403
-345,-86,-346
-395,-31,-287
-428,28,-233
-456,71,-158
-489,86,-67
-507,79,36
-510,69,139
-526,64,228
-560,66,306
-588,73,354
-601,80,395
-598,88,436
-603,96,464
-629,108,493
-662,124,508
-689,148,521
-706,169,534
-716,184,546
-721,195,565
-720,201,584
-706,205,604
-680,208,633
-646,212,705
-673,224,533
-698,322,460
-782,425,468
-923,412,524
-1030,313,445
-976,199,352
-761,95,427
-493,-17,563
-235,-128,680
-13,-212,766
156,-260,803
261,-278,791
299,-268,786
286,-237,793
244,-202,794
199,-176,780
190,-162,780
221,-161,809
277,-168,846
336,-182,880
380,-195,915
411,-209,954
430,-219,992
439,-227,1020
454,-231,1042
490,-237,1065
552,-248,1106
623,-267,1160
691,-294,1217
745,-320,1292
787,-339,1380
826,-351,1456
872,-358,1509
918,-366,1541
956,-378,1553
987,-392,1556
1030,-403,1564
1079,-411,1586
1105,-421,1618
1079,-433,1643
1037,-449,1649
991,-460,1646
955,-467,1631
940,-468,1596
953,-468,1578
987,-466,1615
1026,-483,1640
1054,-528,1675
1075,-597,1754
1092,-688,1836
1113,-783,1928
1132,-866,2026
1138,-924,2127
1131,-966,2227
1109,-995,2319
1082,-1018,2388
1058,-1039,2443
1042,-1060,2502
1028,-1079,2532
1020,-1089,2553
1027,-1094,2567
1048,-1097,2568
1073,-1107,2575
1102,-1129,2587
1129,-1156,2577
1155,-1184,2567
1183,-1217,2567
1212,-1264,2551
1241,-1320,2495
1262,-1372,2410
1284,-1404,2311
1313,-1419,2206
1338,-1417,2086
1356,-1407,1944
1362,-1384,1789
1357,-1349,1628
1341,-1306,1456
1313,-1256,1285
1282,-1208,1127
1260,-1162,977
1245,-1115,839
1233,-1064,698
1212,-1000,548
1185,-928,402
1156,-853,284
1125,-762,185
1087,-652,-8
1037,-502,-190
975,-338,-108
916,-220,154
873,-170,385
842,-168,500
835,-186,508
842,-185,430
806,-142,291
731,-78,173
639,7,87
552,84,-11
483,122,-111
430,112,-214
386,56,-317
354,-28,-396
336,-111,-456
321,-173,-496
307,-208,-513
302,-217,-518
300,-213,-520
301,-201,-499
301,-187,-468
297,-185,-418
294,-192,-357
281,-209,-300
247,-226,-269
193,-233,-257
134,-224,-241
87,-197,-211
66,-158,-171
58,-113,-122
45,-74,-69
3,-42,-7
-55,-16,50
-103,13,93
-127,47,131
-93,63,313
-94,44,348
-98,22,372
-92,13,387
-76,15,402
-61,23,427
-75,29,461
-127,32,482
-193,42,495
-236,70,498
-247,106,490
-235,135,475
-216,148,463
-200,148,468
-193,145,484
-202,157,500
-221,194,505
-244,252,503
-262,312,498
-273,358,489
-279,383,486
-284,389,485
-283,390,489
-276,395,498
-264,408,506
-247,428,510
-230,446,511
-214,459,509
-202,465,499
-179,523,551
-237,707,221
-356,788,48
-432,692,96
-656,519,25
-890,377,-165
-888,301,-126
-655,248,51
-349,183,215
-139,124,353
-69,91,449
-72,79,487
-106,100,510
-128,147,550
-116,195,606
-76,228,674
-15,241,747
50,231,806
105,190,862
148,130,896
264,55,917
417,-19,975
505,-84,1009
528,-136,991
533,-162,985
536,-165,988
547,-150,978
574,-126,955
619,-96,943
684,-71,960
777,-61,991
876,-72,1024
955,-105,1063
1008,-156,1110
1035,-219,1159
1044,-279,1195
1045,-330,1210
1044,-356,1207
1046,-355,1215
1051,-332,1246
1076,-299,1297
1131,-270,1362
1208,-255,1439
1287,-263,1526
1356,-288,1610
1408,-318,1692
1444,-343,1768
1443,-354,1840
1402,-345,1911
1322,-328,1987
1216,-317,2078
1097,-331,2171
976,-379,2234
864,-446,2281
764,-518,2339
675,-584,2381
595,-638,2425
531,-683,2464
489,-736,2476
465,-795,2480
461,-856,2482
478,-916,2492
503,-986,2513
573,-1031,2529
688,-1051,2547
817,-1057,2548
930,-1069,2550
1016,-1099,2542
1084,-1146,2513
1149,-1198,2471
1218,-1252,2434
1283,-1307,2394
1316,-1348,2349
1308,-1364,2301
1295,-1368,2251
1283,-1369,2189
1270,-1365,2099
1246,-1358,1998
1210,-1351,1876
1170,-1330,1721
1136,-1285,1548
1113,-1221,1364
1100,-1155,1167
1095,-1091,964
1089,-1032,769
1077,-983,592
1049,-943,435
1017,-912,288
992,-881,152
972,-850,54
956,-813,-17
931,-735,-60
897,-615,-272
843,-439,-432
776,-269,-318
717,-156,-18
658,-114,296
611,-144,454
600,-171,495
620,-160,401
650,-113,239
654,-59,79
603,-19,-64
509,-8,-198
402,-36,-334
310,-101,-475
244,-183,-593
203,-264,-668
191,-328,-706
202,-372,-700
217,-400,-670
223,-403,-634
220,-387,-575
189,-352,-488
144,-304,-399
108,-257,-333
58,-209,-274
3,-165,-212
-79,-125,-182
-194,-82,-158
-304,-36,-140
-387,13,-139
-448,66,-134
-498,116,-115
-548,156,-78
-594,186,-26
-612,207,35
-599,224,108
-580,236,182
-580,239,248
-599,238,298
-629,242,329
-655,259,345
-672,282,357
-688,308,365
-707,329,363
-717,375,384
-801,480,318
-967,529,205
-1357,453,-69
-1651,349,-296
-1482,251,-236
-1045,134,12
-630,47,259
-328,28,424
-158,74,522
-94,138,562
-111,187,566
-141,210,541
-126,200,498
-59,178,454
72,159,388
225,145,308
324,135,274
334,123,295
269,113,358
183,105,456
125,97,556
114,80,637
136,54,694
179,21,717
226,-10,731
265,-37,755
290,-58,790
300,-69,828
310,-71,861
329,-65,894
362,-58,918
400,-53,931
438,-55,935
469,-62,939
501,-74,956
547,-92,993
610,-113,1051
683,-142,1120
755,-177,1175
813,-217,1211
848,-256,1244
862,-290,1290
864,-321,1337
865,-343,1360
883,-351,1373
929,-348,1412
998,-352,1464
1061,-364,1504
1106,-387,1528
1140,-419,1541
1131,-455,1552
1119,-491,1587
1100,-522,1636
1064,-547,1686
1009,-575,1736
936,-610,1800
856,-652,1883
776,-705,1980
707,-771,2091
650,-843,2211
608,-917,2340
587,-987,2463
574,-1056,2572
560,-1120,2671
536,-1189,2764
497,-1259,2846
450,-1337,2914
418,-1413,2965
419,-1467,2996
454,-1497,3001
524,-1507,2991
599,-1524,2967
658,-1569,2947
695,-1636,2914
727,-1696,2858
775,-1735,2791
839,-1747,2714
911,-1746,2643
978,-1746,2569
1028,-1753,2475
1082,-1771,2344
1147,-1787,2198
1210,-1788,2057
1261,-1768,1917
1289,-1720,1765
1300,-1654,1598
1292,-1581,1428
1265,-1507,1251
1221,-1434,1062
1157,-1358,866
1085,-1280,671
1016,-1209,480
952,-1139,314
894,-1078,174
831,-1029,53
764,-991,-33
683,-945,-69
605,-849,-168
531,-683,-406
454,-468,-386
400,-274,-148
379,-155,166
372,-128,459
364,-172,675
366,-212,738
391,-227,644
404,-209,479
365,-174,307
261,-140,166
122,-122,43
-4,-123,-97
-87,-137,-249
-120,-160,-389
-122,-187,-486
-103,-212,-542
-65,-228,-564
-18,-229,-571
29,-216,-557
69,-198,-535
103,-180,-505
129,-163,-468
145,-141,-443
151,-115,-424
148,-87,-395
144,-58,-355
142,-28,-310
133,-2,-271
99,19,-235
43,45,-206
-27,87,-188
-102,146,-180
-167,216,-181
-216,278,-183
-252,324,-180
-280,349,-182
-298,350,-175
-305,340,-161
-304,322,-134
-308,294,-113
-322,266,-99
-341,251,-80
-355,251,-65
-364,269,-51
-372,300,-24
-377,335,2
-390,366,21
-398,389,39
-390,402,52
-368,408,66
-338,409,86
-308,408,112
-281,405,139
-261,395,165
-247,381,189
-238,364,210
-230,343,224
-220,326,233
-217,310,235
-226,294,229
-245,273,226
-270,248,237
-299,218,299
-358,172,175
-404,163,165
-473,175,126
-556,196,47
-601,213,65
-586,219,159
-529,214,248
-441,189,323
-340,132,396
-246,42,449
-174,-58,504
-112,-152,548
-53,-230,584
2,-291,614
45,-335,649
87,-364,681
122,-381,736
165,-394,811
223,-413,882
287,-443,935
350,-476,963
403,-498,975
447,-501,993
736,-442,1516
800,-481,1635
840,-522,1707
852,-542,1745
873,-530,1780
934,-497,1826
1026,-471,1868
1121,-469,1909
1184,-491,1953
1198,-527,1999
1190,-560,2039
1167,-584,2048
1144,-607,2074
1119,-625,2120
1075,-653,2157
1014,-696,2215
952,-754,2290
883,-829,2378
811,-924,2465
737,-1034,2552
680,-1143,2638
641,-1247,2717
609,-1333,2798
594,-1397,2888
592,-1451,2968
615,-1497,3005
665,-1529,3022
735,-1556,3042
817,-1586,3057
892,-1623,3056
951,-1656,3041
1004,-1672,2986
1067,-1665,2918
1186,-1668,2860
1251,-1654,2804
1196,-1632,2728
1230,-1651,2658
1274,-1677,2557
1298,-1692,2433
1324,-1693,2286
1347,-1669,2123
1352,-1616,1955
1347,-1549,1779
1335,-1486,1605
1319,-1434,1421
1291,-1384,1225
1252,-1326,1027
1212,-1256,829
1169,-1180,645
1119,-1107,472
1057,-1039,314
979,-982,192
885,-935,123
778,-870,91
667,-763,-120
535,-578,-362
380,-372,-265
246,-230,-9
163,-171,222
152,-171,385
218,-135,520
361,-78,532
514,-25,418
574,2,254
480,4,32
295,11,-184
136,40,-387
61,71,-604
26,64,-804
-11,25,-970
-54,-2,-1076
-80,-5,-1119
-70,11,-1136
-38,48,-1111
-7,86,-1041
6,118,-976
9,153,-927
-17,184,-882
-74,212,-854
-138,242,-841
-208,270,-826
-278,275,-797
-349,291,-745
-386,314,-692
-403,291,-629
-390,243,-551
-350,193,-492
-311,146,-434
-275,102,-370
-218,59,-297
-146,14,-213
-74,-40,-127
-22,-102,-43
13,-164,19
49,-205,64
91,-223,104
128,-235,146
148,-250,190
141,-272,228
106,-282,251
67,-275,277
51,-255,300
52,-235,324
46,-224,347
25,-210,372
9,-180,402
-4,-141,436
-22,-98,460
-59,-58,477
-122,-23,538
-255,17,607
-249,62,306
-147,187,252
-196,302,262
-462,283,204
-800,157,171
-892,48,235
-701,9,341
-468,-5,392
-385,-25,448
-447,-36,543
-520,-29,637
-512,-10,735
-419,3,836
-290,-4,902
-197,-50,953
-141,-110,1008
-111,-157,1091
-88,-175,1166
-63,-168,1217
-32,-158,1250
13,-167,1271
75,-195,1280
147,-226,1274
219,-250,1262
274,-272,1245
300,-303,1223
297,-343,1189
275,-387,1158
261,-417,1144
265,-428,1143
284,-416,1115
290,-387,1084
300,-346,1046
317,-306,1008
328,-273,973
322,-256,959
314,-253,975
330,-259,1013
371,-280,1055
430,-313,1100
488,-357,1143
547,-401,1189
608,-436,1239
675,-463,1317
749,-486,1413
820,-510,1519
889,-538,1619
958,-570,1713
1024,-599,1805
1081,-622,1884
1133,-635,1927
1179,-639,1955
1220,-635,1987
1252,-633,2027
1265,-636,2051
1265,-642,2074
1249,-646,2088
1228,-654,2118
1189,-662,2150
1145,-686,2193
1114,-734,2238
1086,-793,2281
1059,-849,2339
1027,-916,2409
989,-989,2477
953,-1066,2536
932,-1139,2595
936,-1196,2628
958,-1243,2651
985,-1284,2695
1009,-1329,2734
1042,-1376,2754
1092,-1407,2772
1149,-1422,2783
1205,-1429,2777
1255,-1444,2780
1293,-1475,2783
1317,-1519,2753
1342,-1561,2711
1367,-1598,2635
1389,-1625,2540
1399,-1643,2464
1395,-1659,2373
1383,-1675,2249
1362,-1677,2119
1341,-1658,1961
1334,-1613,1777
1341,-1545,1576
1339,-1464,1378
1321,-1385,1180
1287,-1319,988
1237,-1266,804
1173,-1220,619
1099,-1163,438
1019,-1097,285
929,-1016,154
832,-887,12
742,-696,-330
648,-434,-551
550,-212,-299
485,-111,84
463,-130,386
472,-219,624
544,-297,809
656,-345,833
704,-344,800
616,-303,734
394,-254,643
137,-228,483
-54,-222,258
-143,-234,6
-161,-266,-237
-174,-315,-440
-195,-370,-573
-209,-419,-648
-205,-454,-692
-192,-468,-695
-169,-462,-662
-136,-441,-617
-106,-413,-530
-79,-384,-442
-52,-348,-378
-31,-295,-317
-34,-222,-259
-65,-141,-211
-113,-51,-161
-156,43,-136
-206,120,-122
-263,163,-93
-321,168,-68
-366,149,-55
-375,129,-39
-355,121,-38
-328,118,-44
-316,112,-58
-313,106,-60
-317,103,-46
-322,106,-23
-335,118,13
-364,132,52
-419,149,83
-490,183,99
-565,229,108
-619,281,121
-637,328,124
-628,365,142
-609,385,171
-575,392,198
-541,390,225
-514,383,247
-485,376,246
-458,367,241
-433,352,236
-400,334,233
-354,322,237
-305,313,248
-254,306,250
-211,297,245
-185,289,236
-175,287,217
-181,287,196
-188,285,172
-189,284,152
-186,287,150
-184,289,157
-188,292,178
-185,337,152
-215,486,-241
-395,684,-578
-732,680,-523
-1006,455,-280
-861,154,-49
-418,-84,172
-7,-191,311
190,-164,384
169,-52,393
41,94,390
-59,227,408
-65,262,421
40,124,449
198,-70,562
201,-166,620
81,-99,683
13,35,671
35,138,572
67,168,489
47,133,454
-1,51,445
-2,-24,443
86,-72,444
244,-106,465
413,-152,504
556,-214,556
665,-283,605
754,-345,649
831,-394,709
904,-439,795
960,-487,881
998,-541,948
1053,-594,999
1145,-635,1068
1245,-656,1153
1340,-660,1232
1412,-654,1296
1457,-642,1359
1497,-634,1435
1519,-631,1515
1523,-631,1607
1527,-629,1708
1536,-626,1798
1538,-627,1867
1523,-635,1933
1499,-651,2010
1481,-667,2086
1468,-681,2146
1437,-700,2232
1358,-738,2342
1234,-798,2460
1083,-878,2580
928,-975,2706
774,-1072,2808
627,-1159,2909
489,-1238,3001
372,-1323,3074
295,-1420,3158
279,-1514,3226
333,-1603,3275
456,-1677,3310
626,-1727,3324
807,-1757,3326
962,-1774,3342
1072,-1808,3305
1157,-1874,3227
1248,-1955,3147
1356,-2024,3071
1455,-2064,3015
1515,-2088,2976
1549,-2117,2946
1574,-2164,2910
1594,-2221,2850
1590,-2248,2768
1558,-2232,2642
1507,-2176,2492
1441,-2097,2319
1367,-2013,2143
1302,-1941,1960
1250,-1873,1792
1197,-1803,1631
1124,-1723,1441
1033,-1645,1247
926,-1575,1070
807,-1521,901
684,-1472,714
574,-1416,531
486,-1326,381
415,-1161,194
366,-928,-262
296,-639,-553
228,-395,-274
239,-264,141
310,-242,417
394,-240,647
482,-255,767
507,-266,734
427,-249,609
260,-210,495
90,-160,400
-29,-111,249
-102,-78,15
-168,-79,-258
-253,-117,-499
-326,-168,-634
-348,-208,-687
-318,-242,-726
-269,-261,-746
-231,-265,-733
-212,-247,-705
-204,-218,-679
-196,-177,-649
-188,-134,-606
-191,-97,-560
-215,-71,-531
-256,-48,-515
-309,-22,-497
-362,17,-484
-402,74,-466
-429,149,-427
-450,231,-380
-464,310,-332
-477,371,-282
-493,412,-234
-495,440,-192
-466,464,-167
-410,486,-150
-352,509,-120
-310,529,-95
-285,547,-85
-268,570,-81
-253,590,-79
-232,603,-78
-207,606,-78
-180,597,-78
-160,580,-75
-144,556,-72
-132,532,-65
-119,512,-50
-102,494,-39
-89,480,-29
-71,469,-20
-46,458,-18
-16,445,-13
9,430,0
29,416,16
54,401,28
83,388,40
116,374,50
145,354,70
162,321,95
170,279,100
165,244,90
160,219,83
165,204,81
180,189,84
191,168,86
201,138,93
208,101,103
216,67,111
227,37,118
239,12,128
252,-7,148
264,-23,171
275,-38,195
279,-63,222
275,-95,255
266,-129,293
253,-156,336
235,-171,377
216,-178,417
195,-176,454
170,-165,483
140,-148,504
94,-137,522
46,-135,539
12,-124,558
2,-97,568
11,-61,580
20,-20,604
18,13,630
3,39,662
-22,59,679
-38,89,690
-15,128,701
44,171,703
111,197,700
158,197,694
187,182,698
213,169,718
243,169,738
271,181,750
289,197,757
288,206,775
276,197,803
257,179,828
232,161,853
198,149,868
154,139,873
104,131,869
63,129,866
37,131,864
18,131,867
-3,125,869
-22,119,889
-62,94,985
-93,67,873
52,155,444
312,488,469
295,787,416
-38,693,457
-395,352,492
-383,27,477
-101,-201,523
162,-327,616
278,-397,719
311,-468,844
358,-554,972
446,-635,1062
552,-671,1126
646,-650,1206
723,-579,1316
786,-493,1425
840,-429,1523
895,-407,1614
952,-428,1693
1003,-479,1769
1101,-543,1842
1268,-596,1892
1394,-623,1947
1383,-631,1990
1275,-626,2031
1158,-598,2059
1074,-546,2048
1017,-483,2002
970,-425,1961
920,-396,1925
879,-416,1903
843,-473,1885
822,-544,1851
817,-599,1850
820,-651,1872
823,-690,1909
828,-721,1955
841,-741,2003
868,-742,2063
917,-725,2122
971,-695,2163
1014,-665,2216
1030,-651,2287
1027,-660,2355
1012,-695,2413
994,-739,2458
982,-776,2499
984,-799,2530
988,-814,2550
972,-817,2542
960,-831,2546
955,-860,2557
949,-905,2577
942,-965,2600
935,-1028,2621
940,-1085,2645
955,-1144,2671
970,-1203,2684
983,-1261,2684
993,-1309,2671
1007,-1351,2638
1023,-1389,2595
1046,-1418,2529
1072,-1432,2461
1087,-1439,2378
1091,-1443,2283
1077,-1441,2176
1046,-1434,2049
1010,-1414,1911
986,-1382,1777
984,-1341,1639
995,-1290,1477
994,-1236,1315
971,-1190,1173
929,-1145,1047
874,-1093,914
811,-1024,793
741,-934,675
668,-804,517
602,-643,213
523,-435,-15
412,-243,104
288,-138,421
224,-121,663
244,-170,800
333,-240,841
421,-283,782
452,-289,705
383,-249,716
221,-184,717
49,-114,662
-68,-60,543
-124,-47,377
-156,-90,224
-190,-173,82
-211,-263,-56
-217,-331,-173
-215,-369,-258
-200,-377,-327
-169,-374,-390
-132,-359,-420
-86,-350,-412
-34,-350,-410
18,-351,-406
50,-351,-382
50,-343,-350
35,-322,-316
4,-281,-288
-36,-222,-276
-84,-165,-263
-139,-124,-231
-173,-106,-201
-188,-105,-174
-203,-106,-151
-231,-98,-130
-268,-79,-115
-303,-49,-104
-332,-16,-110
-365,7,-115
-396,26,-116
-417,44,-122
-424,62,-122
-423,78,-118
-426,96,-107
-438,114,-98
-446,141,-102
-442,173,-113
-436,196,-111
-428,203,-99
-402,210,-88
-361,227,-61
-312,250,-21
-269,274,24
-244,295,65
-236,314,88
-227,335,96
-205,357,95
-162,372,93
-114,377,87
-79,378,86
-51,382,74
-29,388,60
-19,394,45
2,404,28
32,411,13
63,412,0
92,408,-6
109,400,-1
103,392,6
76,385,9
44,384,21
16,393,27
-6,407,34
-15,424,39
-8,437,44
0,448,50
-2,460,46
-14,472,37
-23,479,28
-22,475,28
-7,465,38
27,450,48
78,439,59
130,436,69
169,433,82
184,428,127
185,437,221
117,570,27
-134,841,-1139
-423,837,-1338
-688,633,-240
-714,239,245
-379,-165,33
54,-496,106
461,-748,336
840,-897,456
1099,-871,570
1097,-658,625
902,-354,591
686,-97,548
543,71,529
497,147,562
492,137,683
490,49,822
504,-80,937
572,-206,1031
707,-299,1133
863,-347,1215
975,-360,1260
1007,-347,1284
978,-318,1309
931,-286,1336
885,-270,1370
847,-278,1408
821,-304,1462
818,-335,1537
841,-368,1624
872,-400,1703
880,-433,1755
852,-466,1774
797,-494,1762
739,-510,1723
691,-512,1661
665,-503,1619
663,-495,1623
659,-505,1619
638,-536,1594
597,-573,1549
540,-601,1497
485,-612,1438
444,-605,1379
429,-586,1327
434,-563,1288
455,-550,1261
491,-555,1246
532,-575,1242
569,-602,1247
600,-624,1264
630,-642,1304
664,-660,1374
700,-681,1451
737,-708,1518
772,-737,1571
800,-765,1609
820,-786,1645
842,-802,1682
873,-815,1717
908,-832,1753
931,-856,1780
931,-883,1789
925,-915,1791
917,-939,1805
909,-957,1828
899,-970,1847
886,-989,1858
867,-1013,1872
846,-1034,1889
819,-1057,1907
788,-1082,1918
764,-1109,1930
746,-1135,1946
727,-1161,1971
706,-1184,1998
687,-1213,2032
680,-1242,2060
688,-1270,2075
703,-1293,2094
715,-1310,2123
723,-1323,2146
728,-1338,2171
738,-1359,2198
759,-1386,2228
778,-1423,2271
805,-1475,2322
828,-1535,2377
838,-1594,2444
840,-1659,2508
836,-1726,2551
827,-1784,2581
817,-1838,2598
807,-1890,2605
786,-1946,2597
754,-2002,2569
713,-2050,2500
671,-2078,2398
641,-2081,2287
627,-2069,2180
614,-2054,2077
592,-2041,1970
559,-2022,1826
519,-1980,1651
483,-1909,1471
452,-1818,1285
425,-1714,1070
404,-1619,869
381,-1537,702
356,-1470,536
332,-1411,360
321,-1350,200
325,-1276,110
345,-1172,36
380,-1001,-82
403,-774,-463
371,-494,-621
299,-254,-392
251,-126,-102
256,-121,101
302,-183,289
387,-266,392
478,-350,425
506,-387,445
425,-366,522
246,-317,651
27,-271,762
-176,-221,736
-336,-162,561
-459,-122,344
-538,-109,118
-568,-112,-103
-568,-111,-313
-568,-108,-450
-586,-117,-549
-552,-142,-654
-484,-186,-699
-412,-245,-690
-322,-315,-651
-216,-369,-589
-99,-405,-500
30,-410,-393
174,-379,-293
296,-322,-227
346,-277,-173
304,-223,-109
208,-147,-71
104,-56,-63
32,29,-34
7,82,11
23,79,69
81,34,134
160,-18,176
204,-82,184
161,-70,187
116,-52,189
78,-27,197
41,-1,211
-8,27,232
-70,59,240
-143,98,238
-213,142,227
-268,184,217
-299,215,212
-301,234,223
-283,248,249
-274,265,264
-289,291,251
-301,335,224
-279,393,192
-235,438,177
-180,453,192
-122,444,212
-96,434,222
-99,445,220
-106,486,215
-96,540,208
-71,593,202
-35,636,206
1,668,228
24,692,261
23,721,290
5,757,303
-18,795,301
-31,827,296
-31,849,292
-35,868,298
-55,888,319
-88,909,331
-127,927,326
-165,940,307
-188,948,288
-195,954,265
-185,966,228
-170,979,189
-157,994,147
-156,999,94
-146,992,43
-100,982,-15
-73,990,580
-494,1300,-373
-700,1399,-2931
-746,1153,-1433
-309,499,-687
310,29,-707
872,18,72
1137,256,529
993,488,538
703,592,549
563,561,564
645,450,588
809,329,541
873,232,384
800,204,179
650,331,-94
480,621,-378
353,937,-384
258,1096,-115
244,1023,158
346,820,373
482,615,483
575,481,479
593,437,396
527,470,280
403,550,159
281,623,74
191,647,31
144,616,31
145,553,59
181,488,93
222,432,128
245,390,155
250,363,175
249,345,187
255,333,197
273,315,216
303,284,246
337,239,283
369,181,313
389,121,327
390,66,328
376,19,323
354,-15,318
340,-42,323
343,-61,347
368,-83,386
411,-116,437
450,-162,486
473,-206,516
477,-239,534
467,-258,544
456,-268,553
448,-272,566
451,-277,598
461,-291,636
463,-315,669
456,-343,691
442,-372,707
428,-392,732
426,-410,777
445,-433,840
486,-463,897
551,-497,948
618,-537,1007
665,-581,1067
681,-627,1116
667,-661,1154
638,-680,1193
609,-687,1226
581,-688,1234
555,-686,1227
539,-679,1232
539,-671,1252
552,-668,1286
584,-677,1332
633,-702,1383
685,-744,1432
722,-793,1477
742,-838,1524
752,-873,1576
769,-896,1627
805,-911,1664
865,-920,1691
944,-929,1715
1017,-945,1752
1071,-969,1788
1099,-999,1821
1100,-1032,1864
1078,-1066,1917
1040,-1099,1957
1002,-1125,1991
964,-1142,2015
922,-1153,2039
870,-1159,2078
814,-1166,2130
761,-1181,2192
719,-1203,2260
699,-1230,2319
697,-1249,2362
703,-1260,2398
712,-1254,2426
718,-1238,2442
726,-1227,2458
738,-1222,2468
760,-1219,2464
793,-1218,2462
838,-1219,2462
889,-1224,2469
940,-1237,2480
992,-1255,2494
1039,-1278,2499
1073,-1305,2504
1093,-1334,2504
1097,-1365,2493
1094,-1402,2482
1081,-1449,2493
1057,-1513,2523
1033,-1589,2529
1015,-1660,2523
995,-1714,2509
960,-1748,2468
909,-1765,2404
848,-1772,2319
790,-1771,2219
742,-1763,2098
696,-1740,1966
649,-1701,1837
608,-1650,1710
576,-1587,1574
560,-1515,1436
560,-1436,1291
567,-1366,1140
574,-1306,993
571,-1251,840
560,-1190,695
550,-1115,548
548,-1018,403
554,-894,249
553,-748,32
528,-579,-135
474,-406,-191
419,-262,-148
393,-166,-49
414,-116,13
477,-93,49
570,-74,87
653,-52,92
685,-24,96
629,10,120
502,60,114
341,128,59
182,201,-55
59,275,-222
-19,348,-412
-83,417,-609
-156,473,-785
-236,519,-941
-296,558,-1063
-324,586,-1136
-322,601,-1159
-301,603,-1144
-272,592,-1100
-238,577,-1032
-199,563,-968
-162,548,-896
-132,529,-816
-117,503,-738
-113,464,-671
-108,417,-622
-106,366,-592
-110,316,-568
-123,273,-549
-140,236,-534
-152,205,-530
-167,174,-518
-181,141,-497
-190,110,-464
-181,85,-431
-148,61,-390
-97,37,-332
-40,9,-270
6,-22,-196
29,-49,-123
24,-73,-54
0,-94,17
-20,-103,72
-33,-97,110
-38,-84,123
-37,-85,136
-49,-110,167
-71,-143,202
-89,-162,221
-95,-172,241
-98,-178,267
-108,-187,286
-115,-193,290
-97,-203,283
-46,-221,284
19,-257,290
65,-306,309
60,-354,338
27,-383,367
0,-396,395
-12,-399,423
-15,-406,458
-21,-420,495
-49,-439,541
-101,-458,590
-167,-472,628
-239,-476,659
-289,-477,682
-313,-484,701
-320,-500,723
-333,-519,740
-350,-531,761
-340,-537,744
-376,-514,590
-726,-492,569
-1017,-474,576
-1191,-396,451
-1313,-377,315
-1102,-438,376
-602,-463,513
-100,-562,717
343,-791,910
648,-1055,899
780,-1199,796
791,-1142,725
784,-937,760
857,-727,852
980,-632,901
1059,-637,892
1039,-659,903
931,-648,918
826,-604,922
779,-541,928
770,-495,925
742,-490,924
665,-519,922
552,-555,913
437,-571,900
339,-565,884
254,-538,864
190,-499,853
151,-460,844
130,-433,835
123,-425,830
126,-426,829
144,-428,830
184,-421,833
239,-408,835
305,-397,837
370,-400,839
425,-418,847
474,-445,857
519,-468,858
566,-473,858
609,-459,857
639,-440,855
654,-433,852
655,-445,848
646,-467,846
631,-482,852
620,-480,865
620,-459,880
623,-430,892
614,-410,899
592,-400,911
565,-402,930
550,-407,951
566,-414,971
619,-422,987
689,-431,1002
740,-450,1023
752,-478,1058
744,-508,1108
748,-537,1159
771,-559,1205
800,-570,1245
812,-576,1288
808,-576,1326
789,-574,1354
764,-573,1383
736,-579,1412
713,-583,1438
715,-582,1457
744,-577,1466
777,-569,1475
795,-560,1483
794,-550,1488
783,-540,1489
770,-530,1490
765,-525,1494
773,-523,1507
796,-527,1533
832,-537,1563
870,-554,1591
895,-575,1626
900,-593,1667
892,-607,1711
883,-617,1755
877,-625,1805
874,-634,1853
756,-748,2069
761,-767,2086
775,-789,2088
786,-818,2078
803,-845,2067
830,-868,2053
864,-888,2041
899,-912,2033
927,-938,2018
960,-963,2015
992,-990,2017
1017,-1020,2031
1027,-1056,2060
1018,-1102,2089
994,-1151,2128
961,-1204,2173
926,-1261,2212
888,-1312,2234
854,-1351,2244
827,-1379,2252
805,-1404,2256
782,-1431,2237
754,-1457,2194
725,-1474,2123
692,-1480,2027
661,-1471,1922
643,-1454,1819
648,-1441,1721
662,-1432,1632
676,-1425,1542
688,-1409,1443
699,-1378,1321
712,-1327,1185
724,-1260,1061
734,-1183,922
742,-1109,774
747,-1039,643
743,-973,539
728,-910,441
700,-850,347
659,-779,246
609,-687,66
552,-572,-101
490,-428,-148
425,-288,-68
371,-182,51
357,-112,229
397,-87,403
474,-88,501
563,-106,538
618,-123,559
617,-123,575
567,-105,565
487,-75,529
387,-39,454
280,-2,335
180,24,188
99,32,29
45,24,-114
19,10,-226
19,-2,-307
36,-21,-365
60,-52,-392
81,-91,-400
103,-126,-393
125,-146,-378
153,-142,-352
179,-119,-317
193,-88,-287
193,-60,-266
181,-43,-249
166,-33,-229
158,-20,-210
154,0,-183
145,35,-144
127,84,-115
96,140,-91
53,197,-65
4,250,-36
-41,299,-6
-77,340,13
-101,373,32
-115,393,53
-122,402,68
-130,402,87
-154,398,99
-185,400,101
-220,418,106
-256,442,101
-286,462,82
-304,468,63
-313,458,52
-315,436,37
-306,417,27
-288,406,14
-273,405,0
-263,410,-13
-249,414,-29
-225,419,-47
-198,415,-57
-173,412,-62
-137,404,-62
-97,393,-56
-61,384,-59
-21,370,-53
14,347,-37
45,319,-17
75,291,7
105,265,27
135,240,46
159,217,68
173,198,95
182,183,120
183,169,141
182,152,159
187,132,174
202,111,185
218,88,198
223,64,204
215,42,201
200,29,197
187,19,193
175,12,193
162,3,199
153,-5,213
151,-17,243
149,-31,277
137,-44,315
114,-59,358
73,-75,496
-39,-138,606
-155,-248,101
-54,-153,147
14,164,369
-69,396,314
-314,422,423
-549,299,480
-611,88,375
-482,-130,325
-269,-330,349
-86,-507,367
7,-667,420
31,-817,550
46,-938,716
128,-1012,856
278,-1050,963
472,-1056,1062
654,-1032,1151
794,-976,1213
886,-886,1248
932,-783,1273
937,-683,1315
910,-602,1378
869,-547,1445
851,-519,1506
889,-518,1564
968,-540,1610
1048,-570,1651
1093,-596,1689
1093,-607,1736
1069,-600,1781
1062,-579,1819
1087,-560,1854
1131,-553,1893
1166,-562,1939
1169,-584,1994
1132,-613,2043
1063,-636,2083
990,-650,2112
928,-653,2130
891,-650,2156
865,-646,2190
838,-656,2244
804,-683,2302
771,-724,2350
748,-774,2386
727,-827,2436
704,-880,2478
677,-924,2503
654,-963,2518
638,-1001,2527
635,-1033,2538
644,-1064,2545
658,-1100,2556
684,-1135,2562
707,-1164,2552
733,-1184,2521
750,-1196,2503
756,-1207,2490
746,-1225,2478
735,-1254,2480
730,-1295,2486
733,-1341,2482
747,-1382,2463
765,-1405,2426
783,-1410,2367
797,-1398,2285
805,-1372,2185
809,-1337,2062
810,-1294,1921
813,-1245,1792
823,-1198,1689
827,-1159,1591
819,-1123,1471
810,-1081,1334
804,-1026,1196
804,-958,1064
797,-881,917
782,-804,764
756,-728,617
717,-651,487
671,-563,338
627,-465,126
586,-350,-76
536,-224,-188
471,-123,-170
403,-66,-103
354,-42,-34
360,-43,47
432,-24,105
546,19,120
651,60,112
699,88,124
671,109,151
576,135,167
460,179,103
357,232,6
291,284,-90
263,315,-215
262,316,-363
257,294,-485
228,254,-588
175,213,-674
106,181,-737
44,155,-781
15,133,-810
18,107,-815
47,81,-785
89,49,-741
112,3,-684
122,-49,-626
143,-111,-564
170,-179,-490
189,-249,-397
194,-314,-296
190,-370,-194
172,-399,-98
139,-394,-34
97,-365,17
43,-315,71
-17,-270,124
-61,-242,175
-83,-235,220
-93,-243,272
-96,-258,319
-95,-278,356
-90,-300,383
-99,-317,399
-127,-322,420
-166,-311,431
-204,-285,435
-246,-257,440
-296,-234,430
-352,-216,415
-411,-201,400
-466,-188,383
-517,-175,376
-555,-161,381
-579,-147,392
-584,-137,408
-579,-127,434
-575,-116,456
-556,-57,505
-670,124,175
-1058,204,-129
-1651,59,-213
-1701,-80,79
-1039,-146,350
-402,-266,473
-137,-441,492
-89,-568,514
-67,-582,561
3,-504,611
104,-403,657
214,-335,699
308,-316,747
375,-334,789
414,-365,816
446,-395,824
486,-409,828
530,-406,826
560,-391,827
568,-377,836
555,-361,847
535,-347,850
515,-327,847
502,-309,849
507,-287,859
533,-266,883
572,-248,914
616,-233,945
655,-222,977
681,-218,1008
689,-212,1041
690,-212,1067
690,-209,1092
696,-202,1122
717,-191,1161
753,-181,1209
799,-179,1252
842,-187,1289
877,-202,1326
902,-223,1375
914,-248,1433
920,-271,1486
929,-296,1545
940,-322,1603
951,-355,1669
953,-393,1749
951,-441,1835
941,-493,1910
920,-542,1974
904,-575,2016
899,-597,2043
868,-607,2069
844,-627,2105
820,-659,2150
787,-706,2198
754,-778,2248
731,-860,2304
721,-944,2354
724,-1024,2405
739,-1093,2454
761,-1153,2498
795,-1207,2546
841,-1248,2582
890,-1286,2596
927,-1333,2611
955,-1384,2618
992,-1423,2593
1042,-1439,2564
1090,-1438,2550
1124,-1436,2541
1141,-1443,2530
1153,-1460,2506
1166,-1476,2451
1179,-1477,2370
1178,-1456,2264
1170,-1418,2134
1152,-1371,2004
1127,-1329,1883
1094,-1296,1754
1063,-1268,1637
1041,-1240,1532
1022,-1206,1420
1001,-1160,1272
971,-1099,1100
946,-1031,936
937,-967,785
948,-914,669
962,-883,573
954,-869,478
930,-861,376
891,-848,287
844,-813,233
801,-734,152
763,-620,-60
708,-464,-108
624,-324,38
545,-233,266
492,-213,477
465,-257,610
454,-337,608
436,-414,490
397,-459,324
341,-462,176
282,-433,58
219,-397,-55
149,-373,-191
72,-372,-361
-12,-400,-510
-82,-449,-597
-126,-506,-626
-152,-558,-665
-164,-586,-698
-160,-585,-687
-138,-557,-650
-103,-502,-617
-64,-432,-590
-31,-368,-534
-20,-323,-464
-37,-299,-394
-67,-278,-327
-93,-240,-265
-115,-173,-210
-143,-88,-166
-190,-1,-134
-260,77,-116
-331,145,-97
-384,197,-71
-407,235,-35
-415,260,8
-418,270,45
-424,264,67
-435,249,89
-435,238,115
-415,238,137
-388,252,157
-375,275,174
-379,289,193
-397,304,222
-405,322,245
-401,346,254
-383,494,110
-548,803,-863
-907,892,-817
-1181,788,184
-1152,539,145
-795,284,-110
-372,94,132
-28,-41,373
189,-104,451
277,-79,535
281,8,651
268,127,756
275,241,809
299,325,816
314,367,790
302,374,748
266,362,722
241,346,708
295,318,714
432,265,724
536,177,740
482,84,782
322,37,845
205,58,872
189,122,873
219,187,884
244,231,917
253,251,950
274,254,972
314,240,986
357,206,1000
386,155,1014
395,99,1023
385,49,1031
374,15,1050
369,-5,1073
373,-20,1093
373,-37,1098
369,-55,1092
360,-77,1071
348,-93,1044
342,-102,1027
340,-104,1023
349,-104,1053
380,-104,1122
424,-124,1180
473,-167,1209
511,-219,1220
540,-263,1226
575,-286,1250
628,-293,1284
687,-307,1331
743,-331,1394
788,-360,1437
826,-394,1484
850,-433,1513
857,-473,1515
846,-506,1513
831,-526,1519
818,-531,1517
803,-526,1498
782,-516,1475
755,-502,1471
732,-494,1475
717,-498,1470
703,-513,1463
692,-529,1457
681,-548,1455
685,-562,1470
701,-578,1509
726,-598,1563
759,-623,1619
796,-650,1683
832,-677,1749
857,-705,1812
874,-722,1875
878,-740,1953
866,-764,2035
836,-800,2115
800,-844,2192
765,-889,2256
748,-927,2313
749,-966,2366
759,-1011,2415
770,-1065,2454
785,-1129,2477
804,-1195,2479
822,-1251,2482
834,-1301,2477
833,-1350,2440
818,-1404,2378
799,-1439,2306
789,-1453,2238
788,-1462,2183
794,-1490,2140
803,-1533,2091
812,-1579,2021
834,-1606,1948
866,-1611,1881
902,-1598,1791
927,-1569,1673
942,-1526,1530
940,-1480,1367
933,-1436,1221
934,-1393,1077
943,-1349,931
951,-1300,788
941,-1254,647
911,-1214,511
864,-1180,367
805,-1146,233
739,-1094,122
662,-1008,-38
578,-891,-317
479,-730,-458
366,-574,-391
290,-448,-201
281,-367,-41
327,-330,106
384,-292,216
412,-259,275
410,-202,273
380,-111,211
317,0,151
229,116,39
131,213,-180
34,287,-432
-69,317,-683
-180,292,-922
-276,225,-1114
-306,149,-1226
-276,88,-1264
-224,45,-1264
-180,25,-1223
-122,25,-1166
-55,36,-1088
-15,39,-1015
-13,24,-937
-37,-12,-855
-49,-63,-754
-52,-113,-636
-53,-158,-530
-52,-178,-423
-46,-161,-331
-47,-107,-264
-77,-31,-220
-125,43,-172
-161,92,-91
-156,107,-5
-107,92,76
-61,53,160
-49,1,233
-48,-45,292
-42,-82,344
-43,-109,395
-70,-133,441
-117,-155,469
-167,-170,486
-223,-179,487
-282,-182,468
-335,-180,442
-379,-181,429
-405,-190,425
-396,-205,440
-349,-213,465
-288,-216,522
-232,-215,602
-184,-206,677
-161,-194,747
-160,-182,805
-157,-161,853
-138,-130,935
-109,-95,1031
-108,-65,1107
-152,-52,1159
-220,-55,1200
-278,-69,1246
-309,-90,1287
-314,-109,1326
-292,-123,1361
-249,-141,1385
-203,-165,1402
-170,-195,1417
-174,-222,1162
-466,37,416
-614,603,165
-471,533,1029
-196,-88,1425
77,-808,1180
469,-1161,1070
752,-948,1185
767,-473,1167
640,-122,1120
550,-45,1172
576,-217,1231
680,-484,1258
800,-629,1311
828,-575,1361
691,-418,1384
477,-286,1397
327,-231,1421
294,-223,1458
306,-234,1506
281,-240,1560
206,-232,1604
134,-207,1628
106,-180,1632
126,-166,1625
166,-171,1609
207,-185,1585
237,-197,1566
261,-199,1548
294,-194,1526
335,-187,1507
378,-182,1489
417,-181,1464
450,-182,1443
475,-184,1427
494,-184,1417
513,-183,1404
541,-186,1400
571,-196,1398
591,-210,1394
601,-223,1391
599,-231,1386
587,-233,1379
566,-229,1369
547,-220,1360
530,-215,1358
514,-217,1362
497,-226,1368
477,-239,1369
459,-245,1369
448,-243,1364
445,-238,1356
449,-234,1350
452,-232,1344
450,-234,1335
440,-240,1330
430,-245,1322
424,-248,1313
427,-246,1309
434,-246,1310
446,-250,1315
458,-259,1320
468,-272,1322
476,-292,1323
471,-314,1321
459,-337,1310
457,-347,1305
461,-344,1311
470,-339,1320
483,-337,1325
493,-340,1329
498,-347,1329
499,-354,1324
497,-359,1318
490,-360,1308
482,-358,1294
474,-356,1275
467,-351,1253
461,-346,1241
451,-344,1237
434,-342,1237
414,-339,1242
400,-335,1243
388,-327,1243
379,-316,1243
373,-304,1241
369,-292,1243
371,-281,1252
378,-273,1248
384,-268,1233
387,-267,1208
384,-263,1188
382,-260,1176
382,-255,1173
385,-250,1168
387,-246,1155
389,-245,1136
390,-245,1117
391,-241,1095
394,-237,1075
395,-228,1051
394,-217,1027
392,-205,1004
390,-190,985
391,-176,967
390,-166,946
385,-157,932
373,-151,925
358,-144,916
340,-137,900
323,-128,883
307,-120,865
296,-109,859
293,-97,867
293,-88,872
296,-84,864
296,-80,850
289,-75,836
279,-65,825
269,-49,812
258,-28,803
250,-4,796
253,17,787
262,33,778
271,44,772
276,48,765
281,51,761
286,54,757
290,58,750
291,64,744
287,69,736
280,75,730
276,81,723
271,87,717
270,97,706
270,106,698
268,113,692
266,119,691
265,123,691
271,125,690
280,129,685
289,133,679
296,137,676
296,142,674
293,146,677
289,149,682
288,152,692
289,153,703
290,152,711
291,151,714
289,150,717
286,154,718
277,159,723
271,165,728
265,170,730
258,175,736
257,179,740
261,181,742
268,180,744
274,177,749
279,175,752
279,174,752
272,175,749
257,178,748
241,183,744
230,191,739
223,201,734
218,211,730
213,218,726
213,223,729
216,225,733
223,224,736
232,221,738
242,217,742
249,216,748
256,215,750
257,218,756
258,222,767
260,226,777
265,230,793
270,231,806
273,230,816
275,230,821
272,231,831
268,233,843
265,235,861
264,236,879
267,236,887
270,235,891
274,235,892
274,236,892
276,236,891
276,239,894
273,242,899
268,245,901
266,247,903
265,248,902
262,248,896
260,248,888
258,247,882
256,249,879
257,251,877
261,253,874
267,252,873
269,250,877
267,248,885
269,245,891
288,241,896
300,237,902
309,235,912
317,235,921
323,232,929
319,235,930
313,240,931
308,247,926
303,253,926
297,256,927
292,255,929
293,253,930
299,250,929
310,249,928
319,249,930
324,248,936
324,247,943
321,245,946
316,245,952
312,243,957
310,243,955
310,243,952
312,245,949
313,246,946
310,248,945
308,252,949
306,253,955
306,251,962
306,250,969
304,247,970
303,246,969
301,246,971
300,248,971
301,249,972
302,252,972
307,254,973
313,254,973
321,256,970
328,257,964
332,256,961
329,254,958
323,253,957
316,254,958
310,255,960
305,257,958
302,260,958
299,262,957
295,261,954
294,263,950
293,266,949
293,271,945
293,276,942
295,279,939
301,281,936
308,281,932
315,280,929
314,278,926
310,276,922
303,275,917
297,273,915
295,274,915
298,277,914
306,280,913
313,281,911
317,284,908
320,284,908
320,286,908
321,287,907
320,290,909
320,288,908
320,290,905
320,293,902
321,294,900
324,295,899
329,298,901
333,299,902
331,297,901
325,296,899
331,294,891
336,293,886
341,294,884
343,293,887
347,292,889
353,289,888
354,288,886
354,286,885
352,287,883
350,288,884
350,291,886
353,293,885
353,295,886
354,296,888
350,297,888
347,296,889
343,297,891
344,295,893
345,294,893
346,293,893
344,290,891
336,289,893
330,289,891
325,288,895
322,288,896
322,288,895
323,287,892
324,286,891
322,286,890
322,286,888
324,286,890
325,286,891
326,284,891
329,282,891
330,282,889
332,281,892
335,282,896
338,281,898
342,279,900
347,278,899
349,277,898
351,277,898
351,279,899
350,281,898
348,281,898
344,281,895
340,280,890
336,279,890
334,278,889
335,278,891
336,278,891
336,278,889
337,276,885
337,276,883
339,275,882
341,275,878
341,274,877
340,273,874
339,273,873
340,276,874
343,278,872
349,282,873
355,284,875
361,285,878
364,286,880
364,288,880
363,290,881
363,293,882
361,297,884
362,295,884
362,293,886
362,290,884
360,289,884
359,290,884
358,290,880
354,290,878
352,288,877
349,286,878
344,283,874
339,282,874
334,281,873
332,283,874
331,284,876
332,286,878
333,286,879
337,287,881
337,286,880
336,286,881
335,285,881
334,284,883
336,285,887
336,285,889
336,285,890
336,287,888
337,289,887
338,290,886
343,291,887
348,294,890
353,294,892
355,292,896
354,291,896
353,288,899
352,289,902
350,290,903
348,290,903
344,292,901
340,292,901
335,292,899
330,290,900
325,290,899
323,288,900
321,285,901
320,283,901
320,281,899
320,282,898
320,281,897
321,281,895
320,280,893
321,278,892
324,276,890
328,277,888
335,288,868
343,287,884
344,270,882
349,262,872
363,268,866
374,279,867
374,288,875
366,295,887
359,306,900
362,322,903
365,322,905
358,305,910
347,284,915
341,270,911
343,267,905
349,273,895
# balls=5,catches=18,detected=10,sampleRate=200,timestamp=1781212501,countMode=watch_hand
x,y,z
536,107,848
531,111,849
526,113,847
523,118,848
519,119,849
515,120,849
511,121,850
508,122,850
507,121,848
506,122,845
503,118,845
500,117,844
498,116,844
497,114,843
497,113,841
496,112,841
497,112,841
500,113,841
500,115,840
504,117,843
507,118,846
510,118,848
511,119,848
513,119,852
517,120,855
521,122,859
524,123,860
525,123,861
524,122,862
521,122,864
517,122,865
513,123,865
509,125,864
507,124,865
505,125,866
502,124,866
499,123,866
494,121,868
489,120,868
485,119,869
483,119,867
481,119,867
481,121,871
480,121,873
479,120,876
475,119,878
469,119,880
464,118,882
460,118,884
455,119,886
453,119,888
453,120,891
453,117,892
452,116,892
451,113,893
448,111,896
449,108,896
451,106,896
456,104,895
458,102,895
462,101,896
462,98,896
463,97,896
464,95,894
464,95,891
466,95,890
467,97,888
470,97,888
474,100,888
477,101,889
483,104,890
486,104,888
485,105,888
486,107,888
485,110,887
485,114,888
487,115,886
486,120,884
486,120,884
483,121,885
482,120,883
480,119,881
481,120,882
482,118,881
483,116,882
480,114,883
475,112,882
475,110,881
477,109,883
479,108,882
478,108,884
474,108,882
471,106,883
467,108,883
460,108,883
455,109,880
452,111,878
449,111,881
447,113,881
444,112,881
441,112,882
441,112,880
443,113,881
446,114,882
451,114,881
454,115,883
458,115,884
461,114,883
465,113,882
467,112,884
468,112,884
472,111,884
475,111,885
477,112,884
478,110,883
480,109,883
481,109,886
478,107,884
472,106,884
465,106,885
461,106,885
457,107,885
452,107,889
448,107,888
443,107,889
439,105,887
436,106,886
434,107,886
432,108,887
431,109,885
429,109,885
426,108,887
424,107,886
424,108,885
424,109,885
430,112,884
435,115,882
441,117,882
446,119,881
448,119,883
451,119,883
450,120,882
449,120,882
448,121,880
448,122,879
450,122,879
450,122,881
448,119,881
444,117,880
444,115,880
441,113,883
438,111,882
430,110,885
421,109,885
411,109,885
406,110,884
404,109,883
402,109,885
400,106,886
396,101,886
392,96,886
390,93,887
389,90,887
389,88,885
391,86,881
394,85,881
399,83,879
405,80,881
411,79,886
417,76,888
419,72,886
420,68,888
416,63,886
412,58,884
410,55,877
411,55,876
415,52,876
415,48,881
413,42,883
411,36,892
405,29,900
396,24,903
382,22,904
369,22,901
357,22,901
347,22,899
340,18,892
329,10,884
320,1,880
313,-7,874
304,-16,863
296,-23,851
290,-27,839
286,-30,830
290,-33,818
297,-39,810
304,-45,808
314,-53,809
322,-64,809
332,-73,805
345,-79,803
356,-82,804
375,-81,811
410,-78,824
454,-75,842
501,-70,860
537,-66,881
560,-60,896
571,-54,904
573,-45,919
576,-35,936
583,-24,945
597,-11,950
613,1,958
631,11,964
640,14,963
644,13,955
639,11,949
633,8,940
625,6,929
612,7,918
597,10,909
595,13,899
603,20,889
613,25,873
620,30,851
622,38,835
624,48,820
636,57,807
652,63,797
673,67,790
702,67,779
728,66,776
748,64,779
766,66,782
786,69,783
809,78,781
835,90,777
863,105,767
888,112,760
903,110,754
907,102,748
910,97,737
915,96,724
911,98,712
907,105,701
909,115,688
914,125,673
922,134,658
937,137,648
955,133,639
972,129,627
985,124,626
998,122,624
981,127,584
929,143,530
863,171,484
819,201,444
813,217,418
837,213,403
863,189,393
882,165,384
892,153,378
900,159,379
901,168,378
900,175,379
898,185,368
877,204,338
832,204,307
788,178,296
780,141,327
816,107,377
872,81,418
929,63,448
967,51,472
983,51,489
980,69,503
970,100,514
972,131,542
991,150,583
1014,157,595
1040,152,587
1062,134,575
1054,98,548
993,58,524
886,24,530
789,5,559
730,0,587
695,2,619
660,10,662
612,22,707
553,35,750
492,54,798
449,78,839
428,97,873
420,111,904
434,119,926
474,125,942
536,125,942
599,122,917
652,115,875
695,105,838
735,93,805
776,87,769
815,76,737
849,60,716
876,42,700
894,29,683
902,25,671
899,28,658
888,31,650
871,31,654
850,31,662
827,33,669
805,46,681
783,67,691
767,87,706
746,97,721
723,103,727
703,105,724
687,110,723
670,116,716
656,122,696
645,129,673
642,134,661
650,138,646
661,135,636
665,116,622
665,87,602
673,54,581
690,33,562
698,31,558
702,32,562
707,28,579
707,24,592
689,32,598
655,53,593
617,83,584
591,106,585
585,115,587
599,103,603
625,79,625
651,54,648
667,38,658
672,33,662
668,39,664
664,45,664
656,47,665
653,46,662
649,41,661
646,32,663
646,24,664
650,15,664
654,1,661
658,-11,658
663,-20,655
663,-29,649
666,-36,647
676,-46,649
696,-52,657
718,-59,666
725,-65,673
719,-75,683
705,-84,687
693,-88,690
680,-88,692
670,-86,692
664,-83,689
663,-78,688
661,-72,690
663,-68,687
668,-68,689
664,-69,691
652,-71,677
649,-81,666
639,-91,689
631,-94,691
641,-94,668
672,-88,653
709,-88,648
737,-100,640
753,-122,630
767,-145,625
784,-164,621
803,-172,618
814,-171,618
814,-161,620
788,-149,618
744,-138,618
708,-129,618
695,-123,621
702,-117,630
718,-117,636
732,-122,635
738,-126,628
737,-126,625
733,-125,634
724,-121,640
709,-115,643
695,-107,644
686,-104,631
681,-110,608
682,-123,583
689,-139,560
704,-158,548
719,-168,538
737,-170,539
750,-159,542
749,-156,556
740,-171,590
733,-194,622
735,-215,641
747,-222,664
757,-215,687
758,-202,705
749,-187,726
737,-186,743
716,-193,748
691,-201,737
671,-201,732
664,-198,733
661,-193,722
661,-187,697
666,-180,682
669,-172,650
665,-167,614
655,-170,585
645,-178,558
641,-189,542
639,-202,536
638,-215,545
638,-225,566
636,-226,587
631,-216,617
625,-195,643
619,-174,658
609,-165,677
601,-164,697
591,-164,715
592,-156,725
598,-146,730
600,-139,733
599,-139,728
601,-147,719
606,-158,716
614,-170,714
621,-179,714
625,-184,717
630,-186,719
641,-186,725
655,-187,730
664,-192,740
660,-197,752
646,-199,761
630,-195,769
619,-187,781
613,-179,790
607,-177,793
602,-181,798
599,-188,802
596,-192,806
589,-192,803
577,-188,801
555,-182,806
526,-175,816
493,-169,826
465,-167,827
438,-166,829
418,-168,838
409,-174,842
409,-180,848
414,-187,854
430,-190,857
456,-195,859
483,-196,869
506,-189,866
521,-177,852
529,-162,842
538,-151,832
542,-153,824
538,-161,821
549,-170,821
581,-176,829
613,-187,841
634,-199,850
650,-206,859
662,-211,872
671,-211,880
675,-207,882
679,-201,881
677,-200,878
663,-204,873
636,-208,873
610,-209,871
590,-208,866
576,-209,858
572,-212,856
573,-219,858
576,-227,861
579,-231,861
585,-227,862
594,-221,873
600,-213,881
605,-204,888
611,-195,901
613,-188,900
606,-193,898
593,-203,911
582,-213,912
581,-216,903
589,-213,902
598,-215,902
602,-226,894
601,-241,884
607,-252,874
619,-249,851
635,-231,816
666,-214,784
689,-208,757
693,-217,736
660,-256,734
594,-345,740
559,-422,761
621,-380,824
662,-249,857
604,-155,811
563,-136,793
526,-173,799
515,-223,814
545,-254,829
585,-249,840
604,-236,852
620,-233,858
636,-244,873
638,-274,884
625,-302,890
655,-309,901
670,-306,916
651,-292,932
639,-276,938
647,-260,924
611,-257,967
574,-306,962
595,-267,908
565,-282,892
546,-274,877
535,-257,868
526,-255,862
525,-248,846
527,-249,830
523,-251,818
522,-248,823
530,-250,819
543,-249,805
548,-245,793
549,-244,792
553,-240,775
562,-242,771
569,-256,771
577,-269,767
575,-282,779
568,-285,788
574,-273,762
582,-260,746
586,-257,755
580,-262,766
573,-279,769
584,-287,743
596,-282,737
592,-272,760
581,-272,791
585,-277,794
574,-276,782
553,-277,799
515,-289,815
483,-284,795
486,-266,784
509,-250,775
516,-245,765
508,-247,747
520,-248,723
531,-248,726
498,-239,745
472,-221,724
461,-202,699
479,-192,679
504,-198,652
523,-214,641
545,-234,655
554,-249,680
544,-256,701
525,-251,716
526,-240,743
546,-233,782
546,-234,824
518,-237,843
480,-235,847
453,-228,845
454,-221,840
469,-222,840
482,-228,854
485,-241,863
484,-245,865
484,-243,865
487,-233,868
499,-217,862
515,-201,852
525,-192,838
526,-189,822
521,-189,808
517,-196,793
511,-206,779
499,-214,766
485,-223,757
479,-245,765
485,-282,768
482,-303,778
471,-292,783
459,-260,773
456,-232,771
450,-231,778
450,-251,779
445,-274,775
452,-284,771
454,-279,774
455,-266,782
458,-273,783
475,-282,785
502,-289,793
531,-305,808
529,-314,816
530,-308,826
557,-313,808
526,-323,816
548,-316,818
550,-319,810
564,-333,818
566,-330,826
553,-331,832
573,-320,818
609,-328,808
622,-328,814
637,-336,819
647,-365,815
566,-531,812
582,-653,795
694,-463,862
767,-289,830
754,-133,800
651,-113,842
556,-280,893
582,-393,857
638,-453,845
639,-458,846
611,-450,845
611,-397,853
606,-336,856
576,-322,858
566,-335,876
565,-348,893
558,-353,905
544,-349,920
532,-334,934
519,-313,939
505,-298,936
498,-285,935
488,-285,925
488,-282,913
484,-287,904
483,-291,895
487,-292,882
501,-298,874
505,-309,869
507,-320,858
509,-319,839
511,-319,818
514,-321,800
522,-333,802
521,-349,795
522,-370,790
528,-383,793
536,-388,796
534,-391,806
532,-395,817
531,-404,823
519,-419,830
509,-433,828
498,-437,821
488,-432,814
480,-429,809
472,-428,803
463,-430,799
462,-429,790
461,-428,784
453,-423,773
446,-416,772
441,-411,776
443,-406,782
440,-401,793
436,-389,795
429,-386,794
417,-388,785
405,-389,772
395,-392,757
384,-401,744
380,-405,738
372,-404,745
373,-405,756
379,-410,769
384,-414,778
380,-423,786
369,-434,792
356,-449,800
343,-461,806
330,-467,809
314,-474,817
299,-481,826
310,-484,836
321,-496,843
332,-502,853
330,-517,855
333,-529,860
323,-540,862
317,-543,869
306,-542,874
299,-536,878
284,-533,873
279,-519,865
272,-504,865
263,-493,865
286,-469,863
315,-457,863
375,-439,863
419,-419,864
432,-409,875
415,-407,884
422,-408,882
448,-414,878
454,-427,874
437,-441,867
403,-455,854
370,-471,851
367,-467,839
354,-449,838
312,-436,847
269,-436,855
245,-448,867
248,-463,882
268,-470,914
290,-477,939
305,-492,961
296,-508,973
272,-504,982
252,-472,986
240,-439,999
251,-435,1009
254,-476,1019
265,-526,1031
276,-540,1037
262,-523,1024
249,-513,1037
269,-515,1062
260,-515,1091
259,-510,1127
262,-513,1152
266,-523,1172
265,-535,1185
253,-542,1207
241,-537,1222
226,-525,1229
214,-510,1240
192,-489,1241
156,-476,1233
134,-470,1221
134,-466,1212
132,-464,1212
121,-472,1211
119,-476,1206
117,-458,1201
133,-429,1196
157,-418,1184
178,-419,1160
169,-442,1155
158,-446,1141
160,-435,1135
162,-411,1128
160,-389,1138
144,-364,1150
114,-355,1166
66,-358,1184
54,-348,1186
95,-322,1185
130,-287,1187
120,-261,1191
86,-242,1189
70,-230,1178
75,-220,1172
94,-205,1164
110,-192,1163
119,-176,1158
120,-163,1149
121,-155,1126
125,-150,1104
128,-147,1083
136,-148,1062
147,-151,1043
159,-157,1024
172,-164,1010
187,-167,998
202,-169,988
217,-167,978
232,-163,963
246,-160,949
264,-155,938
280,-145,930
295,-135,923
313,-121,922
332,-106,927
348,-91,934
359,-75,945
374,-62,948
386,-48,947
399,-37,941
412,-27,937
327,-180,1035
475,-380,1010
585,-132,872
577,187,791
504,325,781
434,268,821
379,86,834
415,-80,835
455,-164,830
471,-178,815
465,-150,789
475,-98,776
485,-50,753
492,-18,736
490,-5,731
484,-8,731
470,-19,731
453,-32,737
436,-44,745
432,-53,745
434,-51,742
440,-41,728
445,-25,710
445,-7,700
447,9,699
449,24,698
452,38,692
459,47,685
465,52,684
471,54,676
476,51,664
489,52,661
508,52,652
549,48,658
513,67,634
515,73,629
531,79,621
546,80,612
555,79,609
558,78,610
558,76,613
557,79,621
556,85,626
556,92,638
564,99,651
566,105,665
570,106,677
572,104,683
584,92,681
584,87,688
567,100,691
556,115,702
551,133,715
549,146,730
546,151,745
539,149,752
528,139,751
526,130,749
530,124,758
541,121,770
554,123,787
568,124,802
582,125,815
594,126,823
604,125,824
607,124,822
607,127,817
607,131,813
605,139,806
602,147,803
599,157,795
596,163,788
591,167,783
580,168,782
567,168,774
552,166,761
540,166,748
536,168,736
539,170,719
546,175,706
558,179,690
571,183,674
584,183,658
598,185,641
609,185,625
618,184,612
623,185,598
631,188,586
647,194,576
666,201,574
680,209,573
686,216,571
685,225,565
680,232,555
680,241,543
682,249,532
684,257,526
685,263,524
686,266,521
685,266,521
687,263,518
691,259,514
695,255,505
696,255,488
695,257,476
695,261,469
694,265,464
687,271,455
675,275,442
660,282,426
653,284,408
654,288,395
661,291,389
675,294,381
694,299,375
715,304,362
741,306,355
773,308,352
810,306,355
853,303,359
899,301,370
948,298,386
997,296,399
1038,289,412
1061,280,425
1068,270,436
1062,264,448
1045,259,460
1015,259,469
974,264,478
921,275,484
865,289,488
803,303,491
744,315,491
693,319,486
648,320,481
616,314,476
594,302,465
580,287,465
574,287,480
586,297,495
619,313,502
653,315,497
666,315,503
644,309,518
596,308,544
545,315,569
509,331,572
687,186,705
1187,-30,581
801,104,567
848,177,731
1123,228,612
1046,380,593
955,495,513
788,433,433
623,363,469
540,326,390
523,368,379
570,406,338
620,438,366
656,458,429
687,456,474
681,426,490
636,407,512
586,402,530
676,503,407
712,519,481
582,465,544
538,423,619
539,387,615
549,360,608
546,338,608
546,322,624
542,316,614
519,317,604
543,336,622
581,344,636
621,346,639
672,341,649
728,339,646
770,344,627
814,360,608
842,374,590
835,374,579
810,369,564
782,370,547
761,379,543
750,398,553
746,422,570
750,448,587
758,473,600
766,491,611
770,500,613
770,501,624
764,497,633
751,492,631
737,485,634
724,481,640
716,474,649
710,470,651
712,467,647
709,463,641
713,454,638
718,439,639
719,420,645
716,404,651
713,393,653
715,383,654
719,375,654
724,364,651
732,354,646
752,332,630
798,294,614
828,267,610
847,235,586
845,183,556
842,178,618
847,199,623
879,229,607
899,227,600
859,226,644
801,188,678
794,146,710
797,132,743
803,135,754
797,177,745
774,235,751
765,289,733
710,337,728
630,313,697
579,288,739
587,300,766
592,313,763
588,333,781
588,347,786
586,341,777
581,321,749
560,297,736
534,276,720
519,256,707
530,237,691
558,224,684
571,214,679
577,205,668
586,206,655
605,207,649
632,207,638
643,208,639
649,207,625
657,211,629
658,227,637
664,250,652
670,275,661
665,292,658
631,295,674
596,277,695
586,267,708
593,284,720
602,319,729
604,345,738
607,356,747
604,348,752
587,334,746
570,314,727
581,280,631
659,184,355
639,155,506
604,157,479
599,186,527
641,201,553
702,199,543
753,181,526
784,161,503
803,168,469
787,173,499
682,102,669
612,-3,807
607,-104,914
690,-175,944
846,-180,775
976,-119,613
867,-21,648
794,61,593
716,123,649
637,132,734
665,147,746
729,121,735
749,57,733
727,3,746
693,11,755
644,21,794
640,64,826
638,116,833
608,104,852
584,51,863
577,14,876
584,2,889
604,15,904
635,33,920
670,34,939
707,12,961
749,-7,974
771,-18,985
803,-11,995
839,4,998
864,7,998
894,20,993
911,20,975
904,11,946
877,7,932
843,7,917
816,30,909
823,36,900
843,81,908
869,144,898
896,184,880
904,210,873
893,215,872
861,195,879
819,187,886
804,184,892
806,183,876
802,164,863
803,-6,787
811,182,872
791,323,780
784,394,739
802,417,711
823,390,683
838,352,662
851,315,649
873,284,649
901,266,641
926,272,630
958,296,622
1005,305,618
1046,322,598
1079,333,585
1092,340,564
1095,344,528
1099,345,504
1100,268,518
1033,225,563
1012,172,534
1001,182,270
1007,450,-67
835,511,-72
634,394,-142
652,368,-257
850,302,-252
1003,147,-217
1062,-1,-171
1078,-82,-93
1064,-81,-9
1054,-10,68
1074,95,159
1115,193,244
1147,265,343
1158,306,438
1126,318,509
1090,305,566
1077,295,620
1056,279,630
1037,243,634
1046,209,635
1070,235,635
1081,297,650
1059,379,634
984,437,594
886,402,596
843,305,629
893,218,664
980,179,689
1045,170,712
1065,173,732
1057,177,752
1051,180,775
1064,184,803
1083,184,837
1092,190,871
1105,214,908
1117,242,948
1105,270,982
1067,301,1001
1014,327,1012
956,345,1010
904,357,994
855,366,976
812,374,956
774,386,934
736,392,915
698,394,900
664,394,886
645,387,870
641,374,855
644,363,838
635,348,828
627,344,827
615,351,820
599,350,821
591,346,829
594,345,831
588,331,823
567,322,811
536,318,781
511,323,779
529,343,758
528,359,731
497,365,713
468,359,707
462,363,703
439,339,698
420,330,689
408,349,682
399,369,674
386,370,659
370,366,643
355,367,631
346,373,618
340,388,614
333,410,618
327,429,629
320,439,642
313,446,650
308,449,654
313,459,652
322,466,648
335,469,638
350,462,628
362,450,614
376,429,592
428,486,559
475,486,573
448,448,565
410,400,564
441,397,575
501,424,591
529,458,596
523,481,607
502,484,618
482,476,627
467,466,635
459,470,637
458,475,636
456,478,636
449,482,632
440,474,634
438,470,626
438,457,617
444,451,612
436,473,618
419,498,608
424,500,591
457,496,570
489,490,547
492,486,526
482,483,510
476,479,497
479,481,492
487,495,498
493,512,519
492,530,546
489,542,568
488,548,583
495,552,599
496,573,612
486,575,634
467,578,645
447,589,641
430,591,632
418,589,628
410,581,617
402,571,599
389,553,582
386,542,564
400,537,556
406,526,558
403,524,559
413,524,563
437,522,569
461,533,576
475,543,584
485,555,592
485,573,601
482,586,615
481,600,642
489,624,632
509,643,598
526,662,582
515,653,582
481,625,579
466,613,572
466,606,585
452,603,608
433,606,625
425,612,637
416,623,648
403,628,659
390,630,657
385,634,646
390,638,629
402,642,610
410,644,593
410,642,582
407,633,573
410,622,560
416,619,545
420,630,532
421,634,518
421,636,506
425,638,492
439,643,471
446,641,459
428,641,435
396,630,410
368,618,384
355,599,355
347,585,333
340,569,306
322,552,290
304,534,273
293,526,254
290,521,231
299,511,197
305,485,151
312,441,106
315,393,60
305,348,23
277,312,-3
253,294,-29
223,282,-46
192,269,-53
166,258,-51
141,243,-46
117,222,-51
95,206,-57
76,189,-64
58,174,-81
40,156,-101
11,130,-126
-25,97,-155
-58,66,-184
-90,38,-214
-120,11,-241
-149,-15,-268
-173,-42,-286
-188,-68,-297
-195,-90,-302
-201,-110,-301
-204,-128,-291
-206,-142,-279
-203,-153,-262
-200,-160,-242
-198,-169,-220
-196,-180,-202
-196,-192,-180
-193,-205,-160
-182,-217,-140
-162,-233,-121
-143,-254,-102
-121,-274,-85
-101,-295,-63
-82,-319,-34
-59,-337,5
-32,-356,50
0,-372,112
44,-393,182
100,-420,262
160,-444,347
211,-457,428
252,-460,503
282,-457,569
298,-462,640
311,-469,712
311,-471,787
297,-466,863
282,-464,944
268,-464,1030
261,-463,1127
263,-468,1237
281,-476,1344
305,-491,1435
341,-513,1526
375,-541,1607
434,-580,1685
511,-579,1776
589,-553,1828
698,-542,1886
834,-523,1967
950,-513,2032
1062,-514,2105
1174,-543,2204
1273,-558,2297
1352,-550,2373
1411,-540,2447
1433,-533,2523
1418,-514,2603
1385,-498,2689
1354,-477,2782
1322,-453,2886
1284,-439,2994
1253,-415,3096
1225,-389,3182
1192,-369,3246
1163,-357,3295
1158,-348,3339
1172,-336,3380
1200,-317,3424
1232,-297,3466
1261,-280,3494
1286,-263,3515
1308,-257,3557
1327,-256,3615
1369,-266,3653
1411,-265,3695
1414,-280,3728
1412,-320,3725
1437,-385,3733
1438,-465,3757
1407,-524,3771
1392,-565,3751
1382,-605,3689
1384,-628,3627
1381,-660,3535
1379,-676,3389
1376,-667,3271
1330,-680,3125
1264,-678,2960
1176,-681,2811
1067,-698,2628
945,-708,2458
819,-716,2291
677,-718,2067
534,-705,1851
394,-716,1631
273,-741,1415
174,-760,1181
96,-766,961
19,-783,762
-73,-837,564
-143,-889,329
-184,-928,102
-216,-893,-174
-278,-817,-457
-364,-754,-739
-475,-746,-970
-538,-747,-1165
-535,-794,-1368
-582,-835,-1585
-638,-875,-1754
-673,-898,-1914
-780,-978,-2014
-963,-1138,-2105
-1167,-1304,-2182
-1332,-1383,-2252
-1442,-1372,-2308
-1525,-1324,-2347
-1606,-1272,-2351
-1702,-1236,-2320
-1793,-1231,-2269
-1852,-1246,-2179
-1860,-1263,-2079
-1831,-1258,-1981
-1785,-1237,-1883
-1723,-1214,-1784
-1638,-1204,-1686
-1540,-1203,-1587
-1438,-1208,-1483
-1335,-1205,-1369
-1230,-1197,-1248
-1123,-1192,-1127
-1017,-1188,-1001
-921,-1189,-865
-827,-1187,-717
-740,-1186,-566
-655,-1205,-437
-590,-1213,-307
-539,-1232,-184
-488,-1247,-44
-433,-1264,126
-383,-1267,308
-345,-1271,473
-319,-1266,618
-270,-1259,749
-183,-1258,917
-84,-1246,1128
31,-1228,1356
200,-1186,1605
382,-1104,1857
512,-1020,2068
632,-950,2218
761,-912,2304
910,-892,2364
1061,-866,2445
1179,-830,2574
1282,-804,2727
1383,-784,2886
1480,-782,3022
1491,-766,3141
1477,-634,3179
1530,-432,3219
1600,-268,3241
1642,-198,3254
1656,-215,3354
1689,-282,3504
1782,-346,3671
1931,-391,3859
2080,-421,4075
2182,-429,4267
2254,-403,4398
2314,-361,4465
2366,-329,4483
2450,-320,4462
2490,-352,4399
2418,-416,4276
2338,-471,4128
2316,-483,4093
2364,-444,4142
2415,-382,4165
2385,-350,4168
2252,-378,4102
2103,-440,4017
2020,-494,3935
1974,-526,3831
1956,-575,3760
1941,-672,3713
1916,-787,3634
1892,-887,3502
1843,-968,3311
1752,-1037,3101
1637,-1118,2885
1527,-1211,2634
1411,-1314,2367
1291,-1404,2139
1137,-1474,1894
954,-1520,1644
758,-1553,1387
547,-1560,1118
357,-1538,941
168,-1512,792
-9,-1479,666
-174,-1429,545
-302,-1364,427
-460,-1252,265
-721,-1105,-23
-934,-931,-237
-1070,-760,-488
-1202,-758,-831
-1234,-822,-1185
-1245,-861,-1483
-1267,-857,-1726
-1260,-842,-1836
-1197,-871,-1845
-1149,-926,-1851
-1161,-1009,-1839
-1205,-1091,-1813
-1258,-1143,-1771
-1303,-1163,-1735
-1365,-1149,-1706
-1457,-1082,-1654
-1536,-987,-1584
-1562,-885,-1508
-1546,-803,-1419
-1511,-752,-1315
-1461,-734,-1219
-1399,-730,-1118
-1326,-725,-1029
-1223,-723,-957
-1106,-721,-886
-1004,-708,-806
-895,-697,-721
-783,-694,-635
-685,-687,-551
-608,-675,-467
-557,-663,-392
-489,-653,-346
-435,-654,-301
-391,-659,-261
-355,-658,-217
-323,-654,-165
-296,-645,-101
-278,-631,-38
-263,-618,22
-254,-600,96
-255,-576,156
-255,-544,215
-256,-512,258
-248,-485,318
-225,-470,380
-192,-458,437
-151,-445,498
-105,-430,592
-65,-417,693
-35,-415,779
-13,-428,843
3,-445,913
25,-461,968
69,-466,1016
137,-473,1076
173,-470,1139
195,-459,1175
205,-448,1228
210,-445,1290
230,-456,1351
283,-465,1432
370,-458,1513
475,-432,1614
572,-408,1734
642,-392,1863
686,-380,1999
727,-370,2131
762,-362,2270
780,-353,2412
780,-344,2540
776,-345,2666
769,-354,2772
759,-354,2892
731,-329,3007
665,-277,3062
592,-218,3068
542,-190,3103
547,-224,3371
615,-292,3500
723,-320,3480
821,-301,3473
799,-251,3441
746,-183,3503
783,-83,3459
947,14,3442
1098,19,3451
1157,-71,3448
1104,-226,3439
962,-418,3401
877,-570,3355
954,-617,3372
1073,-592,3508
1085,-615,3617
1054,-684,3732
1030,-781,3846
1021,-871,3939
1008,-931,3998
988,-968,4046
953,-1002,4090
913,-1060,4104
872,-1146,4083
831,-1250,4014
809,-1345,3876
826,-1423,3675
882,-1479,3439
952,-1523,3205
1001,-1557,2967
1019,-1583,2737
1015,-1603,2501
1003,-1626,2244
982,-1638,1975
945,-1622,1728
907,-1579,1497
868,-1515,1233
830,-1445,976
785,-1379,767
741,-1312,556
707,-1239,305
686,-1166,93
674,-1103,-17
645,-1041,-75
626,-965,-73
627,-871,-61
636,-772,-58
596,-701,-39
536,-683,-101
458,-686,-299
355,-668,-593
273,-613,-882
205,-547,-1176
102,-540,-1415
-20,-630,-1600
-145,-780,-1706
-267,-914,-1723
-350,-982,-1701
-365,-984,-1639
-347,-961,-1563
-365,-947,-1506
-458,-957,-1496
-603,-983,-1495
-752,-1003,-1490
-854,-1001,-1448
-913,-971,-1377
-970,-926,-1288
-1044,-880,-1189
-1137,-834,-1078
-1241,-788,-935
-1305,-756,-773
-1329,-744,-602
-1357,-739,-449
-1399,-734,-358
-1436,-739,-305
-1460,-760,-256
-1463,-785,-216
-1458,-795,-182
-1479,-777,-130
-1522,-731,-70
-1554,-665,-14
-1560,-581,38
-1552,-492,100
-1537,-420,150
-1515,-357,180
-1485,-285,204
-1440,-210,253
-1386,-160,311
-1342,-126,442
-1269,105,634
-1774,282,-847
-2557,120,-572
-2743,-274,-355
-1578,-480,12
-430,-559,437
-325,-380,610
-783,-75,697
-966,130,692
-681,195,858
-243,131,1012
68,6,1065
210,-115,1089
294,-193,1092
422,-212,1091
601,-186,1095
794,-135,1113
953,-80,1135
1052,-31,1143
1132,20,1158
1266,73,1146
1456,124,1127
1613,164,1105
1646,211,1108
1519,286,1137
1303,365,1141
1077,428,1209
955,480,1375
916,497,1450
893,474,1530
884,431,1650
910,382,1792
982,330,1935
1070,273,2068
1118,191,2222
1109,88,2393
1098,-23,2596
1130,-119,2821
1191,-181,3021
1273,-218,3198
1359,-253,3358
1427,-326,3466
1512,-356,3563
1642,-337,3648
1737,-322,3754
1797,-333,3874
1841,-391,3982
1878,-482,4086
1900,-582,4146
1906,-677,4163
1900,-769,4172
1888,-859,4161
1916,-980,4155
1828,-1101,4114
1708,-1210,4096
1532,-1275,4046
1417,-1339,3981
1354,-1423,3889
1323,-1510,3789
1310,-1565,3683
1308,-1580,3560
1319,-1572,3477
1332,-1563,3386
1318,-1550,3247
1270,-1523,3051
1212,-1472,2803
1159,-1405,2512
1118,-1329,2211
1078,-1265,1937
1037,-1232,1715
1039,-1215,1479
1091,-1200,1258
1172,-1180,1034
1258,-1145,784
1321,-1095,522
1337,-1046,132
1282,-1016,-221
1139,-1022,-463
909,-1046,-688
650,-1067,-981
330,-1063,-1294
11,-986,-1560
-202,-788,-1691
-242,-506,-1740
-160,-234,-1817
-208,-74,-1998
-550,-57,-2227
-919,-89,-2457
-1091,-34,-2718
-1179,97,-3002
-1286,217,-3201
-1384,261,-3294
-1512,203,-3290
-1664,66,-3198
-1719,-117,-3007
-1636,-321,-2720
-1521,-528,-2412
-1489,-710,-2135
-1524,-872,-1912
-1571,-1033,-1730
-1597,-1191,-1568
-1615,-1314,-1328
-1636,-1389,-1021
-1618,-1431,-676
-1545,-1458,-295
-1473,-1476,53
-1478,-1480,303
-1549,-1465,467
-1628,-1440,593
-1639,-1316,1033
-1668,-1019,143
-2959,-1104,-776
-3837,-1412,-437
-2805,-1683,42
-1296,-1941,679
-669,-1848,963
-833,-1469,1223
-969,-1081,1500
-786,-923,1704
-502,-990,1730
-330,-1088,1752
-286,-1085,1759
-246,-1002,1767
-169,-924,1746
-104,-874,1706
-63,-837,1670
-8,-787,1602
44,-706,1552
77,-607,1511
92,-522,1482
87,-466,1444
90,-443,1403
128,-444,1368
262,-473,1347
468,-533,1263
604,-613,1245
597,-675,1275
524,-685,1268
472,-640,1254
473,-563,1254
523,-494,1257
596,-461,1266
669,-463,1283
725,-483,1300
760,-499,1322
786,-495,1344
817,-471,1364
849,-443,1386
860,-426,1421
852,-424,1453
833,-432,1483
817,-442,1523
799,-447,1534
784,-445,1562
778,-440,1607
787,-427,1651
805,-401,1696
824,-366,1747
841,-326,1793
858,-292,1831
884,-264,1864
919,-243,1900
965,-236,1929
1016,-242,1960
1068,-252,2002
1108,-263,2048
1129,-273,2088
1131,-278,2121
1125,-280,2159
1125,-280,2198
1142,-280,2240
1180,-281,2282
1229,-288,2327
1280,-308,2380
1314,-332,2423
1333,-356,2483
1356,-379,2558
1406,-401,2637
1467,-422,2706
1517,-446,2755
1542,-465,2791
1535,-476,2829
1529,-484,2867
1504,-493,2920
1460,-509,2997
1415,-533,3059
1389,-578,3132
1421,-591,3178
1549,-670,3238
1561,-752,3295
1444,-773,3373
1385,-802,3432
1347,-879,3505
1295,-1022,3567
1243,-1217,3604
1223,-1405,3618
1235,-1557,3594
1254,-1688,3507
1253,-1795,3346
1218,-1871,3141
1163,-1916,2942
1128,-1935,2746
1127,-1944,2525
1140,-1936,2283
1174,-1901,2071
1236,-1862,1845
1294,-1799,1662
1314,-1726,1559
1261,-1659,1406
1186,-1638,1214
1087,-1693,1029
1021,-1698,603
963,-1643,207
934,-1490,-193
905,-1218,-518
794,-774,-1192
580,-208,-1316
376,146,-735
205,195,-356
139,23,-104
316,-194,-6
515,-328,-117
532,-290,-350
322,-62,-649
22,240,-1000
-274,484,-1446
-531,563,-1842
-708,457,-2172
-771,280,-2358
-727,152,-2400
-657,97,-2303
-652,72,-2120
-685,15,-1973
-701,-110,-1807
-673,-294,-1606
-643,-502,-1411
-676,-705,-1260
-725,-868,-1175
-740,-971,-1106
-743,-1053,-1018
-739,-1143,-900
-716,-1216,-731
-724,-1237,-524
-788,-1219,-340
-854,-1200,-179
-882,-1202,-48
-884,-1216,47
-891,-1237,116
-925,-1247,173
-990,-1228,189
-1083,-1189,155
-1184,-1143,111
-1260,-1109,97
-1299,-1088,106
-1300,-1073,145
-1279,-1046,191
-1246,-1019,236
-1196,-999,279
-1133,-980,328
-1014,-986,735
-846,-909,41
-1571,-552,-341
-3234,-1070,-647
-3834,-995,-366
-2704,-652,-125
-1272,-871,-143
-465,-1289,120
-20,-1535,782
105,-1616,965
90,-1573,969
215,-1492,1132
349,-1406,1271
357,-1302,1395
310,-1223,1559
288,-1227,1598
367,-1256,1543
488,-1233,1544
551,-1172,1484
534,-1159,1377
722,-1184,1589
1287,-1179,1174
1447,-1207,1232
1111,-1234,1321
695,-1185,1289
399,-1095,1205
234,-1012,1170
170,-948,1182
243,-907,1176
411,-876,1214
585,-854,1248
697,-825,1274
777,-783,1286
883,-722,1287
1020,-648,1288
1145,-575,1290
1236,-492,1321
1299,-391,1377
1350,-278,1421
1379,-151,1449
1388,-19,1479
1393,113,1527
1387,245,1604
1392,375,1712
1408,497,1868
1432,610,2067
1458,708,2266
1471,770,2473
1464,785,2674
1419,771,2851
1332,735,3008
1284,697,3124
1233,664,3232
1221,602,3366
1371,444,3483
1204,456,3486
1075,478,3529
1072,468,3549
1166,429,3562
1290,395,3616
1437,305,3691
1569,129,3778
1664,-73,3863
1715,-248,3961
1699,-350,4069
1619,-389,4170
1497,-429,4272
1368,-537,4338
1278,-725,4360
1243,-920,4352
1260,-1053,4303
1320,-1113,4231
1402,-1138,4102
1474,-1183,3899
1523,-1245,3642
1563,-1289,3337
1637,-1301,2998
1761,-1293,2653
1910,-1296,2254
2075,-1324,1881
2199,-1404,1632
2187,-1588,1467
2043,-1888,1330
1839,-2288,1121
1682,-2643,741
1631,-2903,307
1557,-2935,-315
1271,-2775,-638
968,-2663,-312
678,-2659,49
477,-2702,325
537,-2685,291
688,-2498,-101
696,-2195,-608
426,-1986,-1030
-5,-1959,-1387
-252,-2064,-1831
-304,-2178,-2317
-445,-2264,-2659
-674,-2333,-2779
-729,-2344,-2802
-603,-2292,-2719
-493,-2220,-2606
-491,-2114,-2483
-538,-1967,-2324
-612,-1810,-2135
-791,-1625,-1927
-1064,-1387,-1703
-1297,-1106,-1468
-1427,-833,-1161
-1516,-648,-798
-1665,-563,-464
-1868,-507,-200
-2034,-455,37
-2133,-419,249
-2235,-382,416
-2365,-321,559
-2458,-220,661
-2532,-89,784
-2597,36,941
-2615,146,1124
-2555,244,1314
-2414,330,1489
-2236,399,1621
-2086,444,1720
-1973,494,1788
-1889,555,1848
-1825,617,1884
-1788,666,1958
-1715,828,2121
-1749,1733,1004
-2255,2147,518
-2806,1511,374
-3343,802,-228
-3272,407,177
-2225,182,1069
-868,-81,1407
-112,-346,1460
-97,-398,1508
-414,-51,1490
-631,558,1528
-512,1085,1619
-183,1363,1708
124,1357,1791
274,1147,1890
364,912,1997
425,750,2020
451,665,1996
478,639,1927
478,651,1862
443,677,1869
383,692,1918
319,674,1962
249,616,1965
147,527,1950
0,432,1932
-150,355,1886
-265,297,1806
-332,248,1725
-360,194,1677
-350,123,1653
-291,31,1630
-200,-66,1593
-96,-150,1538
30,-207,1472
204,-229,1403
426,-223,1358
681,-207,1331
942,-194,1321
1185,-190,1337
1374,-192,1363
1490,-177,1390
1544,-135,1409
1566,-59,1424
1582,34,1449
1568,123,1482
1473,198,1538
1352,243,1602
1266,260,1661
1219,258,1715
1195,237,1771
1192,203,1830
1200,160,1895
1205,110,1970
1201,68,2047
1195,38,2104
1205,30,2145
1238,46,2196
1307,66,2275
1394,64,2392
1401,-20,2529
1419,-64,2628
1436,-47,2808
1356,-100,2922
1335,-166,3094
1316,-238,3214
1280,-360,3341
1134,-485,3442
1013,-644,3508
940,-811,3530
885,-988,3533
853,-1160,3541
859,-1325,3520
900,-1482,3460
955,-1619,3360
1004,-1727,3201
1034,-1807,3030
1064,-1860,2839
1135,-1906,2619
1263,-1945,2403
1394,-1993,2259
1449,-2063,2218
1420,-2176,2158
1390,-2377,2020
1441,-2634,1850
1630,-2750,1574
1804,-2662,1331
1826,-2400,1009
1596,-1971,220
1039,-1506,-650
370,-1434,242
61,-1666,967
298,-1929,897
763,-1993,571
814,-1806,107
219,-1504,-313
-550,-1270,-662
-956,-1179,-982
-919,-1222,-1314
-704,-1350,-1584
-613,-1448,-1713
-697,-1462,-1784
-816,-1417,-1803
-834,-1405,-1750
-774,-1466,-1672
-736,-1545,-1593
-704,-1584,-1526
-640,-1576,-1406
-587,-1539,-1196
-563,-1471,-993
-574,-1380,-820
-603,-1274,-632
-630,-1171,-457
-686,-1095,-307
-794,-1025,-160
-904,-921,-75
-978,-791,37
-1034,-650,157
-1118,-483,269
-1212,-291,377
-1299,-90,461
-1385,103,535
-1476,267,597
-1581,411,629
-1666,565,667
-1719,742,690
-1761,920,675
-2172,1185,747
-3921,1630,-2711
-4816,1200,-3473
-3292,593,1152
-495,-337,282
706,-70,1334
959,526,894
191,1084,616
-820,1499,44
-1082,1965,204
-698,2248,730
-243,2119,1008
-74,1767,972
-86,1477,792
-70,1372,731
-49,1368,709
-98,1344,710
-123,1246,623
26,1163,638
90,1132,625
-91,1007,476
-336,820,433
-346,779,269
-49,881,315
136,973,296
163,978,288
189,897,303
246,765,301
285,597,306
296,421,323
350,280,330
440,191,311
489,129,292
466,85,285
400,49,307
350,22,342
333,6,373
345,9,400
387,38,432
459,84,489
543,124,567
611,135,653
626,109,726
554,63,822
451,18,895
347,-8,972
266,-23,1066
204,-34,1197
151,-55,1342
103,-88,1461
47,-138,1565
-1,-199,1690
-15,-266,1841
4,-337,2022
47,-419,2234
114,-502,2444
207,-579,2597
309,-652,2662
458,-706,2786
698,-753,3010
1002,-797,3169
1293,-843,3277
1469,-875,3408
1495,-885,3547
1432,-863,3676
1323,-800,3774
1201,-713,3824
1106,-649,3830
1051,-662,3808
1042,-758,3773
944,-864,3782
818,-948,3851
701,-1014,3955
616,-1088,4076
559,-1189,4234
506,-1331,4412
480,-1484,4553
509,-1600,4629
555,-1641,4646
624,-1624,4560
804,-1605,4408
947,-1594,4207
1044,-1611,3969
1132,-1632,3691
1236,-1652,3364
1349,-1669,3004
1458,-1695,2663
1520,-1709,2367
1523,-1730,2139
1437,-1775,1977
1309,-1826,1765
1186,-1883,1527
1145,-2002,1262
1246,-2051,908
1347,-1982,602
1331,-1798,120
1148,-1485,-576
942,-1180,-518
866,-1041,-252
843,-1088,-132
824,-1217,18
823,-1285,11
707,-1231,38
425,-1081,57
85,-893,-12
-181,-726,-225
-409,-643,-641
-636,-623,-1073
-798,-618,-1420
-879,-606,-1682
-952,-657,-1849
-1011,-771,-1885
-1077,-887,-1880
-1135,-945,-1866
-1148,-946,-1810
-1101,-958,-1727
-1033,-1024,-1650
-1021,-1126,-1542
-1099,-1196,-1390
-1192,-1178,-1268
-1279,-1102,-1134
-1358,-1006,-986
-1411,-917,-861
-1418,-839,-733
-1367,-787,-591
-1266,-771,-430
-1164,-797,-291
-1117,-847,-185
-1111,-878,-109
-1084,-870,-55
-1042,-833,-5
-1007,-789,50
-1004,-756,94
-1044,-737,152
-1083,-719,200
-1089,-684,233
-1059,-623,277
-1016,-549,327
-975,-474,361
-938,-398,367
-897,-316,383
-837,-225,409
-772,-124,460
-714,-16,525
-668,87,583
-632,186,661
-545,355,884
-698,577,553
-1542,462,-585
-2442,239,-1010
-1997,261,-78
-848,250,482
-29,156,523
295,53,756
197,-85,1010
-54,-208,1067
-186,-267,1021
-142,-257,983
25,-181,996
196,-100,1056
315,-60,1138
382,-83,1225
440,-164,1259
516,-280,1261
688,-445,1278
852,-614,1305
998,-749,1355
963,-803,1437
920,-794,1533
890,-735,1546
825,-647,1544
724,-564,1544
600,-506,1538
469,-476,1532
351,-469,1527
283,-479,1514
277,-499,1488
325,-524,1472
422,-546,1483
556,-562,1513
716,-567,1568
885,-564,1640
1030,-561,1725
1112,-565,1843
1118,-569,2003
1059,-567,2169
978,-549,2317
907,-521,2453
864,-477,2577
848,-424,2689
852,-366,2797
868,-317,2918
891,-291,3057
922,-304,3193
972,-354,3317
1036,-428,3411
1083,-484,3480
1100,-504,3515
1128,-495,3538
1163,-475,3568
1187,-470,3599
1198,-491,3624
1194,-548,3649
1206,-622,3705
1236,-702,3797
1270,-786,3893
1298,-878,3979
1318,-970,4073
1318,-1069,4159
1297,-1175,4244
1256,-1281,4310
1209,-1386,4318
1165,-1486,4257
1122,-1565,4155
1085,-1611,3993
1048,-1649,3813
1012,-1687,3604
992,-1715,3315
992,-1720,3003
998,-1703,2679
994,-1679,2355
961,-1642,2036
907,-1608,1708
860,-1603,1462
764,-1609,1314
587,-1638,1237
378,-1718,1040
185,-1945,937
61,-2279,794
97,-2493,653
168,-2517,457
104,-2273,-286
-202,-1954,-411
-511,-1763,-46
-683,-1719,335
-632,-1779,475
-365,-1801,294
-162,-1723,-79
-292,-1603,-408
-648,-1526,-634
-912,-1509,-778
-959,-1526,-911
-914,-1551,-1077
-908,-1548,-1232
-957,-1493,-1336
-996,-1390,-1390
-997,-1267,-1393
-935,-1179,-1356
-831,-1142,-1314
-795,-1084,-1252
-845,-962,-1212
-925,-785,-1190
-986,-596,-1154
-1002,-427,-1091
-971,-293,-1012
-908,-186,-930
-822,-86,-857
-738,16,-765
-694,127,-647
-678,236,-579
-650,344,-546
-567,437,-527
-445,498,-470
-309,519,-408
-157,504,-396
-1,483,-391
159,489,-383
318,527,-397
469,579,-418
618,623,-432
771,651,-449
893,670,-434
963,684,-395
984,697,-359
965,711,-316
929,726,-269
897,742,-215
858,756,-153
805,768,-104
739,766,-66
653,757,-50
536,739,-91
-11,698,-654
-993,658,-981
-2001,454,-1494
-788,92,116
1175,-149,766
734,-38,-219
-865,566,-899
-960,1270,-315
108,1617,256
1248,1411,348
1513,800,239
1652,420,48
1347,295,-42
1067,385,-22
991,621,51
1063,862,142
1184,930,153
1334,743,296
1463,450,369
1389,279,487
1301,240,668
1183,221,669
931,158,599
610,80,553
306,44,510
84,71,467
-2,116,418
54,121,382
193,69,377
343,-12,402
501,-90,467
709,-137,567
964,-148,680
1230,-115,790
1480,-53,901
1665,31,981
1774,123,1042
1839,213,1133
1876,282,1253
1879,314,1376
1848,311,1510
1778,283,1676
1674,244,1864
1541,206,2049
1403,170,2219
1267,129,2378
1148,83,2542
1072,49,2663
1062,20,2681
1076,-35,2736
1066,-120,2787
1021,-214,2832
968,-285,2899
936,-311,3002
928,-297,3137
929,-289,3297
937,-327,3463
964,-416,3555
1002,-548,3643
1049,-726,3715
1127,-947,3773
1270,-1183,3854
1355,-1393,3999
1336,-1551,4159
1323,-1699,4236
1331,-1839,4251
1307,-1975,4248
1228,-2108,4212
1165,-2185,4070
1117,-2243,3977
1082,-2297,3795
1071,-2343,3566
1074,-2356,3302
1081,-2332,3061
1089,-2297,2910
1096,-2274,2800
1096,-2267,2691
1067,-2265,2566
987,-2266,2490
841,-2269,2331
706,-2277,2077
624,-2275,1781
609,-2258,1495
651,-2223,1163
693,-2111,670
616,-1880,54
388,-1588,-175
262,-1365,170
266,-1304,174
292,-1376,-33
230,-1426,-149
107,-1345,-264
-113,-1164,-414
-298,-948,-605
-301,-729,-881
-193,-560,-1258
-250,-511,-1650
-497,-633,-1978
-716,-855,-2236
-787,-1020,-2400
-809,-1027,-2470
-846,-891,-2450
-894,-739,-2371
-929,-685,-2262
-965,-751,-2152
-1015,-890,-2062
-1073,-1023,-1982
-1104,-1081,-1871
-1095,-1072,-1735
-1050,-1043,-1596
-987,-1020,-1438
-940,-1022,-1218
-931,-1041,-968
-969,-1043,-713
-1025,-1012,-495
-1044,-968,-310
-1038,-935,-151
-1072,-926,-13
-1146,-929,122
-1224,-918,252
-1298,-871,387
-1378,-804,516
-1459,-737,628
-1527,-671,732
-1574,-612,840
-1599,-574,945
-1603,-555,1062
-1697,-314,2500
-1639,415,-2236
-2675,-49,-1435
-3753,-763,1810
-2591,-1412,-495
-977,-1616,323
-188,-1715,960
-526,-1428,1066
-1029,-895,1221
-974,-450,1460
-530,-263,1723
-193,-324,1724
-63,-467,1629
-54,-528,1617
-23,-453,1655
105,-306,1688
315,-196,1648
532,-193,1550
687,-279,1476
762,-404,1502
781,-518,1539
890,-580,1506
1102,-552,1435
1148,-469,1324
1005,-372,1228
809,-294,1163
649,-253,1145
528,-228,1152
452,-215,1137
421,-213,1099
416,-224,1096
441,-243,1149
533,-260,1230
683,-266,1308
824,-269,1377
896,-276,1435
892,-274,1478
856,-257,1522
838,-224,1567
860,-188,1592
924,-168,1613
1014,-178,1642
1110,-214,1676
1198,-258,1733
1292,-293,1800
1390,-306,1856
1481,-298,1924
1559,-270,2001
1618,-235,2046
1633,-197,2080
1608,-148,2099
1559,-93,2126
1521,-34,2166
1507,19,2210
1483,67,2267
1457,103,2339
1434,117,2417
1437,99,2512
1472,41,2645
1491,-69,2748
1386,-174,2904
1288,-215,2990
1243,-251,3098
1217,-303,3184
1191,-385,3261
1166,-505,3344
1180,-595,3418
1246,-631,3473
1320,-654,3519
1391,-676,3548
1461,-704,3555
1523,-750,3577
1554,-838,3619
1552,-955,3663
1545,-1070,3691
1556,-1164,3713
1582,-1249,3720
1606,-1351,3686
1623,-1461,3587
1635,-1551,3438
1650,-1624,3279
1652,-1675,3102
1643,-1714,2910
1634,-1760,2674
1592,-1790,2403
1509,-1800,2110
1418,-1812,1816
1326,-1820,1489
1247,-1817,1188
1160,-1810,1042
1002,-1840,1024
838,-1992,882
796,-2280,499
911,-2526,66
1102,-2720,-292
1216,-2828,-521
1151,-2817,-583
885,-2460,-1131
429,-1818,-1280
135,-1524,-715
-165,-1528,206
-201,-1676,478
141,-1758,236
361,-1585,-292
61,-1254,-797
-634,-1061,-1285
-1266,-1135,-1656
-1401,-1417,-1877
-1167,-1723,-2066
-1037,-1874,-2123
-1170,-1849,-2087
-1445,-1725,-1986
-1645,-1539,-1866
-1687,-1355,-1721
-1627,-1201,-1572
-1558,-1077,-1459
-1552,-959,-1345
-1630,-825,-1247
-1736,-649,-1176
-1807,-406,-1090
-1835,-129,-982
-1821,115,-852
-1751,294,-704
-1633,404,-555
-1513,474,-418
-1421,533,-317
-1328,605,-251
-1215,695,-207
-1100,789,-189
-994,868,-187
-903,924,-193
-821,951,-197
-743,954,-168
-637,958,165
-369,1215,113
-891,1326,-734
-1422,1023,-971
-1222,771,-1811
-893,760,-1881
-609,747,-1388
-290,611,-998
-14,411,-491
156,227,231
273,54,572
323,-108,713
286,-212,824
158,-219,913
29,-136,1013
-1,-15,969
19,89,940
119,220,698
200,330,295
219,455,5
197,514,371
127,457,1001
58,255,1358
5,-2,1538
41,-237,1582
177,-428,1557
371,-526,1424
522,-511,1245
576,-408,1134
575,-257,1191
571,-103,1335
634,-3,1423
768,12,1473
927,-49,1524
1064,-145,1568
1156,-231,1613
1205,-272,1684
1230,-257,1772
1264,-204,1863
1316,-153,1950
1365,-134,2042
1379,-155,2145
1370,-200,2257
1355,-243,2389
1339,-281,2504
1327,-312,2593
1315,-326,2679
1295,-323,2761
1269,-314,2876
1223,-317,3012
1147,-335,3144
1083,-374,3266
1050,-428,3391
1044,-487,3508
1011,-543,3642
984,-605,3783
974,-662,3889
979,-714,3981
1031,-802,4075
1093,-923,4153
1169,-1081,4197
1235,-1253,4205
1314,-1383,4218
1396,-1491,4222
1467,-1578,4168
1520,-1645,4098
1575,-1705,3990
1624,-1764,3840
1656,-1831,3679
1651,-1887,3524
1639,-1930,3343
1633,-1944,3116
1633,-1920,2876
1644,-1873,2643
1646,-1808,2380
1620,-1733,2129
1562,-1671,1914
1445,-1633,1786
1246,-1621,1694
1032,-1649,1570
912,-1684,1333
887,-1694,1047
899,-1652,725
904,-1562,473
870,-1407,221
713,-1097,-636
406,-694,-957
230,-427,-170
231,-349,182
293,-456,90
378,-633,10
434,-711,-14
384,-628,-77
203,-420,-128
2,-182,-247
-129,-3,-466
-240,58,-764
-376,5,-1058
-530,-110,-1365
-656,-231,-1605
-699,-335,-1749
-681,-425,-1799
-695,-489,-1770
-768,-523,-1717
-862,-535,-1646
-940,-546,-1551
-1001,-578,-1439
-1054,-650,-1309
-1102,-748,-1186
-1136,-851,-1069
-1155,-936,-946
-1182,-988,-833
-1223,-1009,-724
-1253,-1005,-617
-1254,-998,-503
-1208,-1011,-386
-1135,-1043,-261
-1054,-1078,-141
-987,-1093,-18
-930,-1082,89
-873,-1069,184
-802,-1067,256
-735,-1074,313
-688,-1079,355
-671,-1063,363
-681,-1019,346
-691,-955,316
-694,-882,296
-700,-812,280
-705,-745,262
-708,-681,254
-705,-616,254
-686,-558,257
-724,-528,777
-742,-402,259
-233,-27,-435
35,388,-556
-319,474,-880
-1053,86,-943
-1619,-535,-894
-1723,-972,-635
-1638,-1046,-228
-1333,-1004,-89
-945,-940,149
-594,-864,464
-376,-811,614
-334,-780,735
-406,-761,788
-444,-737,848
-329,-683,999
-97,-591,1209
138,-500,1400
310,-436,1553
404,-405,1657
440,-406,1711
489,-426,1665
610,-441,1700
775,-450,1657
967,-435,1436
1120,-376,1293
1175,-293,1232
1147,-221,1298
1070,-157,1377
976,-91,1347
821,-26,1264
605,28,1206
388,62,1226
265,83,1300
305,104,1383
500,122,1476
740,132,1571
937,137,1653
1068,140,1729
1163,146,1822
1245,160,1929
1331,181,2026
1403,193,2135
1430,189,2260
1395,162,2372
1320,118,2460
1247,76,2529
1203,44,2598
1182,30,2668
1164,21,2742
1132,9,2806
1087,-11,2866
1044,-46,2919
1004,-97,2968
962,-157,2998
946,-210,3015
954,-256,3033
968,-301,3049
986,-345,3079
1017,-392,3115
1071,-441,3155
1159,-478,3205
1297,-472,3264
1459,-455,3328
1616,-458,3383
1764,-488,3451
1904,-547,3537
2040,-611,3631
2155,-661,3733
2212,-704,3861
2183,-752,3985
2090,-809,4083
1962,-875,4152
1809,-955,4172
1649,-1054,4156
1491,-1170,4107
1343,-1287,3995
1215,-1390,3837
1121,-1465,3626
1051,-1519,3379
992,-1560,3104
936,-1596,2765
887,-1640,2435
855,-1684,2107
836,-1709,1738
824,-1712,1394
845,-1729,1103
878,-1761,995
829,-1821,1044
666,-1954,829
495,-2216,496
415,-2491,270
404,-2637,101
377,-2653,-27
285,-2447,-82
-72,-1800,-897
-607,-1120,-856
-1040,-807,-244
-1339,-886,444
-1168,-1165,348
-716,-1342,-154
-580,-1288,-759
-949,-1157,-1235
-1357,-1134,-1552
-1350,-1260,-1654
-1059,-1479,-1663
-897,-1653,-1706
-955,-1679,-1805
-1069,-1580,-1863
-1098,-1466,-1862
-1073,-1421,-1822
-1079,-1445,-1806
-1146,-1432,-1788
-1222,-1303,-1759
-1273,-1072,-1679
-1319,-803,-1547
-1369,-562,-1379
-1398,-373,-1172
-1372,-226,-961
-1267,-98,-792
-1099,18,-663
-938,118,-526
-827,206,-405
-743,284,-306
-637,351,-227
-469,397,-184
-272,421,-150
-74,435,-119
113,458,-77
290,484,-25
456,508,19
601,528,51
730,550,75
846,573,99
954,594,134
1041,608,170
1102,611,215
1132,605,267
1146,602,267
987,714,60
40,833,-459
-791,972,-368
-514,1069,-322
361,833,-384
1048,401,-552
1457,104,-377
1660,-39,9
1649,-59,171
1387,7,196
1010,129,199
700,275,262
571,429,438
623,542,620
750,580,734
834,552,807
846,500,882
823,464,946
804,444,1019
812,439,1093
836,443,1150
889,448,1170
973,433,1157
1120,394,1102
1250,340,1092
1269,274,1128
1330,232,1161
1437,234,1221
1597,271,1266
1770,316,1322
1885,343,1401
1927,352,1494
1968,360,1594
2014,393,1717
2046,459,1876
1995,535,2077
1846,573,2354
1618,539,2700
1379,429,3035
1193,273,3308
1080,101,3544
1013,-59,3774
965,-202,4062
919,-346,4399
869,-515,4746
819,-716,5033
785,-945,5235
796,-1174,5333
843,-1386,5339
929,-1542,5262
1042,-1635,5154
1140,-1701,4987
1198,-1769,4744
1210,-1837,4449
1203,-1882,4108
1201,-1891,3760
1197,-1869,3441
1165,-1839,3142
1117,-1812,2881
1088,-1777,2647
1115,-1733,2435
1191,-1678,2213
1290,-1614,2010
1355,-1545,1830
1305,-1469,1727
1138,-1416,1664
917,-1408,1458
713,-1447,1234
538,-1500,885
412,-1480,425
287,-1402,3
134,-1211,-405
-156,-764,-1429
-553,-137,-1615
-787,316,-1082
-918,521,-855
-940,595,-960
-771,588,-1074
-455,604,-1238
-175,747,-1437
-132,1016,-1635
-303,1252,-1906
-584,1355,-2226
-891,1359,-2479
-1072,1322,-2736
-1119,1251,-2959
-1086,1171,-3020
-993,1095,-2966
-880,1055,-2866
-783,1040,-2756
-706,997,-2665
-648,879,-2572
-580,679,-2466
-521,428,-2369
-494,185,-2272
-504,-10,-2141
-508,-159,-1954
-491,-310,-1707
-440,-509,-1448
-378,-737,-1207
-349,-935,-951
-352,-1075,-677
-334,-1178,-405
-239,-1301,-105
-116,-1468,189
-71,-1637,427
-119,-1772,638
-220,-1890,785
-386,-2022,869
-588,-2170,907
-819,-2299,905
-968,-2384,1005
-1059,-2448,1116
-1118,-2477,1234
-1162,-2473,1319
-1188,-2461,1365
-1168,-2457,1401
-1112,-2441,1414
-958,-2417,1441
-760,-2398,1455
-574,-2361,1502
-378,-2186,1409
-474,-1566,1116
-3923,-1904,-696
-4719,-1895,-232
-544,-1823,1383
2043,-2849,730
1543,-3314,770
288,-2592,1200
-227,-1727,1212
-138,-1334,1205
132,-1418,1283
395,-1580,1318
537,-1605,1286
512,-1539,1279
399,-1439,1263
324,-1361,1202
305,-1333,1152
284,-1347,1124
299,-1335,1084
415,-1300,1002
536,-1295,1005
519,-1306,1095
429,-1300,1135
350,-1286,1159
284,-1266,1188
244,-1243,1197
242,-1204,1179
274,-1130,1153
331,-1027,1117
405,-913,1072
474,-808,1039
536,-712,1014
605,-621,991
685,-537,990
775,-459,1032
872,-373,1098
1003,-274,1176
1172,-176,1242
1349,-95,1321
1510,-30,1418
1659,30,1522
1803,92,1608
1932,155,1707
2029,214,1828
2093,257,1938
2115,281,2049
2118,293,2170
2142,302,2291
2172,300,2398
2126,304,2496
2056,314,2555
2015,324,2613
1938,341,2701
1941,337,2790
1834,307,2854
1612,292,2948
1416,258,3059
1328,219,3194
1380,238,3250
1487,233,3377
1597,188,3491
1698,88,3611
1856,8,3704
2051,-41,3802
2230,-90,3883
2353,-168,3933
2400,-278,3958
2380,-414,3967
2312,-558,3957
2225,-696,3922
2134,-817,3850
2041,-929,3741
1943,-1039,3586
1832,-1135,3419
1713,-1223,3257
1607,-1293,3062
1526,-1346,2831
1452,-1382,2579
1379,-1401,2307
1330,-1411,2033
1342,-1423,1761
1370,-1447,1548
1352,-1522,1470
1264,-1636,1244
1195,-1768,907
1150,-1880,504
1116,-1947,149
1077,-1885,-211
953,-1562,-1029
715,-1087,-1167
507,-871,-667
242,-965,-232
128,-1133,-192
239,-1190,-302
363,-1019,-580
241,-688,-1048
-173,-401,-1527
-664,-324,-1871
-926,-439,-2181
-913,-614,-2472
-874,-727,-2688
-942,-740,-2740
-1079,-672,-2750
-1218,-609,-2744
-1309,-616,-2677
-1328,-676,-2579
-1292,-738,-2393
-1284,-761,-2184
-1330,-718,-2000
-1412,-606,-1824
-1476,-466,-1627
-1471,-327,-1425
-1419,-216,-1224
-1358,-135,-1029
-1319,-83,-828
-1284,-57,-641
-1242,-57,-440
-1195,-72,-246
-1149,-88,-82
-1108,-90,58
-1057,-69,153
-1017,-27,231
-996,9,314
-1005,18,401
-1037,8,493
-1068,-8,590
-1084,-25,676
-1074,-41,746
-1044,-54,795
-1001,-66,853
-885,-30,1031
-1062,324,251
-2049,586,-315
-2320,121,-1044
-1828,-172,-132
-1066,-405,288
-362,-675,31
72,-1032,611
425,-1389,996
629,-1657,956
628,-1715,1078
537,-1540,1357
502,-1221,1402
568,-849,1308
685,-540,1237
760,-372,1234
720,-372,1342
553,-504,1516
341,-701,1664
198,-902,1735
197,-1051,1768
266,-1107,1787
297,-1054,1756
258,-923,1717
217,-758,1719
242,-612,1748
332,-524,1757
448,-498,1731
557,-508,1696
656,-522,1663
764,-518,1638
885,-493,1612
1010,-456,1593
1117,-412,1585
1222,-370,1584
1327,-337,1589
1424,-310,1603
1537,-288,1629
1649,-262,1669
1742,-230,1718
1791,-188,1774
1794,-144,1833
1755,-105,1903
1685,-70,1983
1604,-44,2067
1548,-27,2138
1455,-15,2202
1345,0,2252
1293,23,2310
1288,58,2372
1276,102,2451
1263,141,2543
1270,156,2638
1295,146,2732
1332,127,2833
1377,120,2908
1436,95,3026
1498,44,3133
1552,-44,3242
1614,-120,3358
1672,-194,3481
1716,-298,3601
1739,-454,3692
1736,-638,3778
1698,-816,3841
1633,-964,3877
1560,-1083,3876
1495,-1190,3824
1465,-1324,3746
1439,-1488,3653
1409,-1650,3532
1377,-1764,3363
1369,-1832,3140
1375,-1862,2890
1346,-1847,2604
1298,-1835,2311
1248,-1813,2051
1226,-1785,1834
1254,-1751,1668
1306,-1737,1546
1279,-1768,1509
1127,-1867,1472
1009,-2023,1155
1019,-2159,816
1104,-2243,520
1145,-2254,217
1091,-2213,-28
973,-2112,-231
841,-1795,-552
533,-1208,-1760
273,-957,-915
241,-1074,289
329,-1503,680
623,-1909,492
831,-2009,-2
610,-1787,-625
134,-1502,-997
-268,-1372,-1201
-487,-1431,-1447
-596,-1590,-1675
-712,-1726,-1801
-871,-1774,-1882
-1071,-1749,-1919
-1247,-1669,-1883
-1366,-1569,-1775
-1454,-1485,-1669
-1541,-1413,-1574
-1617,-1322,-1482
-1658,-1204,-1388
-1669,-1078,-1286
-1709,-970,-1177
-1774,-869,-1071
-1790,-768,-958
-1773,-667,-829
-1756,-578,-698
-1727,-498,-571
-1682,-432,-425
-1631,-378,-280
-1582,-342,-152
-1554,-312,-40
-1551,-260,51
-1562,-172,106
-1573,-59,136
-1577,66,175
-1596,180,205
-1621,272,242
-1615,342,288
-1559,400,347
-1534,493,950
-1994,819,-770
-3656,820,-2254
-3586,581,-577
-1151,-26,65
234,-133,570
610,-22,518
322,18,580
-149,44,591
-394,123,382
-328,289,286
-86,501,510
198,677,859
438,704,1096
557,537,1144
534,252,1071
433,-21,1053
307,-208,1039
227,-303,1050
241,-308,1112
336,-269,1176
450,-230,1186
545,-223,1160
595,-249,1127
594,-314,1035
547,-409,962
472,-510,1028
406,-606,1170
373,-694,1330
378,-771,1474
398,-827,1602
406,-849,1676
406,-827,1695
431,-756,1692
508,-655,1730
653,-551,1845
839,-479,1994
1039,-457,2128
1222,-486,2259
1387,-537,2379
1545,-581,2448
1713,-584,2464
1861,-527,2448
1936,-439,2437
1967,-347,2433
1967,-288,2441
1861,-262,2444
1702,-262,2446
1554,-283,2461
1447,-310,2492
1377,-332,2515
1323,-337,2521
1269,-331,2551
1208,-326,2612
1138,-344,2706
1068,-396,2807
1004,-469,2906
954,-555,3008
929,-637,3103
936,-709,3194
976,-773,3295
1039,-840,3393
1108,-914,3493
1183,-991,3568
1266,-1066,3626
1352,-1135,3665
1432,-1200,3693
1507,-1269,3726
1567,-1367,3759
1615,-1491,3761
1665,-1632,3727
1711,-1751,3655
1741,-1832,3543
1737,-1859,3347
1705,-1862,3218
1712,-1899,3212
1722,-1959,2829
1723,-2016,2651
1682,-2038,2437
1604,-2029,2173
1517,-1990,1928
1442,-1933,1677
1397,-1880,1431
1381,-1837,1219
1357,-1801,1103
1276,-1794,1096
1176,-1819,944
1169,-1876,611
1241,-1958,265
1325,-2039,-38
1360,-2094,-272
1295,-2061,-456
1077,-1787,-994
623,-1197,-1402
261,-799,-723
48,-710,-112
-57,-810,232
130,-926,390
398,-948,186
341,-779,-378
-69,-548,-831
-540,-467,-1231
-824,-590,-1649
-866,-834,-1992
-823,-1045,-2244
-846,-1139,-2335
-924,-1146,-2325
-936,-1100,-2241
-847,-1056,-2105
-752,-1026,-1932
-738,-1014,-1770
-811,-1021,-1643
-927,-1038,-1530
-1051,-1058,-1465
-1173,-1059,-1434
-1287,-1013,-1389
-1373,-925,-1339
-1412,-818,-1246
-1420,-727,-1100
-1398,-673,-928
-1349,-642,-757
-1270,-611,-581
-1172,-576,-422
-1077,-551,-256
-1014,-541,-91
-983,-540,55
-983,-545,173
-995,-553,265
-1028,-584,337
-1048,-603,401
-1061,-606,462
-1092,-599,525
-1222,-510,1368
-1335,-360,774
-1441,-336,-1335
-1745,-369,-1265
-2275,-405,-1260
-2398,-430,-667
-1966,-553,-291
-1237,-726,62
-532,-872,687
27,-984,1053
350,-1023,1176
486,-961,1331
618,-815,1376
748,-719,1477
828,-691,1481
814,-671,1617
729,-616,1800
659,-533,1861
643,-443,1897
682,-372,1912
647,-290,1891
667,-204,1643
545,-51,429
355,147,-25
168,316,879
-19,384,1802
-122,359,2047
-64,310,1986
144,201,1891
349,39,1773
435,-139,1652
410,-290,1595
341,-386,1577
296,-422,1533
293,-407,1451
314,-361,1366
328,-307,1327
334,-260,1358
358,-235,1416
398,-242,1473
443,-274,1525
499,-326,1574
572,-387,1639
685,-449,1712
839,-504,1778
1001,-551,1847
1129,-589,1904
1205,-614,1950
1227,-619,1997
1212,-604,2050
1170,-573,2116
1092,-539,2201
967,-523,2277
823,-530,2358
696,-549,2437
616,-567,2524
590,-569,2621
617,-562,2721
683,-553,2813
770,-555,2896
866,-563,2972
966,-571,3029
1061,-576,3064
1143,-564,3105
1218,-537,3143
1295,-498,3161
1375,-469,3179
1449,-463,3199
1514,-481,3247
1562,-539,3349
1583,-636,3480
1589,-750,3622
1583,-864,3765
1562,-983,3900
1524,-1122,3991
1464,-1280,3996
1375,-1430,3936
1273,-1560,3842
1163,-1654,3670
1059,-1703,3464
991,-1726,3258
973,-1727,3026
988,-1730,2749
986,-1714,2443
994,-1697,2168
1008,-1692,1881
1008,-1669,1619
1007,-1648,1396
1008,-1640,1210
968,-1639,1101
872,-1681,1057
729,-1782,893
612,-1928,685
594,-2035,429
615,-2118,266
610,-2165,110
549,-2142,40
406,-1934,-261
56,-1494,-920
-223,-1221,-358
-271,-1188,532
-219,-1395,1042
-2,-1619,1042
216,-1624,727
187,-1362,316
-71,-1044,-25
-373,-890,-292
-545,-973,-516
-486,-1230,-702
-317,-1481,-846
-218,-1594,-968
-244,-1556,-1066
-350,-1451,-1083
-449,-1382,-1087
-505,-1365,-1066
-515,-1356,-1044
-534,-1305,-1023
-598,-1179,-986
-681,-1008,-938
-740,-814,-854
-770,-620,-747
-801,-439,-624
-839,-273,-499
-856,-113,-368
-838,40,-251
-789,164,-182
-724,248,-187
-664,303,-253
-592,348,-302
-498,390,-348
-395,420,-403
-292,438,-445
-180,451,-466
-89,474,-490
-37,519,-513
11,581,-526
91,648,-531
174,709,-539
232,761,-553
276,806,-555
329,853,-562
380,901,-563
424,934,-544
445,958,-537
267,949,-749
-261,875,-1052
-841,830,-1062
-1501,832,-896
-2635,681,-2008
-2491,476,-2886
98,507,-962
2616,619,-205
3519,616,-307
2805,437,15
1848,483,-498
1111,892,-668
593,1103,-693
310,1004,-490
158,799,-296
114,605,-121
145,501,6
202,406,-12
196,261,22
293,260,181
518,411,252
686,569,277
746,611,204
711,542,129
614,428,87
545,305,98
547,182,141
598,52,244
623,-82,366
609,-230,476
528,-384,515
408,-523,557
267,-628,601
124,-704,701
19,-754,803
8,-770,947
110,-739,1161
218,-664,1409
373,-587,1664
401,-546,1804
268,-540,1907
51,-557,1991
-171,-592,2017
-305,-680,2069
-515,-716,2084
-739,-676,2045
-897,-587,2097
-1008,-534,2139
-1223,-574,2060
-1483,-625,2120
-1647,-683,2169
-1717,-701,2122
-1688,-680,2076
-1444,-732,2131
-858,-848,2156
-267,-989,2180
196,-1036,2182
491,-932,2137
627,-782,2085
701,-687,2039
755,-658,1998
773,-657,1974
768,-634,1961
744,-563,1955
687,-471,1952
600,-383,1919
522,-308,1886
494,-272,1903
519,-297,1927
583,-360,1919
666,-403,1884
756,-416,1853
844,-428,1831
932,-450,1811
1018,-474,1792
1104,-484,1782
1176,-483,1748
1232,-473,1692
1268,-459,1666
1257,-459,1646
1201,-469,1595
1140,-470,1529
1123,-448,1461
1175,-412,1390
1281,-367,1300
1416,-324,1201
1536,-294,1082
1588,-264,969
1604,-218,852
1605,-157,747
1579,-97,669
1537,-58,600
1507,-41,534
1488,-45,474
1468,-72,372
1421,-118,264
1304,-140,191
1141,-92,119
991,9,52
890,120,13
830,196,9
793,234,21
782,265,66
799,312,130
830,379,182
868,430,191
907,442,222
946,438,280
991,448,372
1057,478,466
1099,519,507
1054,548,532
923,547,579
768,525,656
653,493,735
539,476,807
379,474,881
187,447,977
12,355,1092
-156,224,1227
-118,412,839
-208,2317,-1554
-1385,2007,-1866
-1583,-751,477
-2319,-3238,-161
-1587,-2826,294
-566,-991,1081
-398,176,1581
-614,336,2102
-678,-302,2184
-427,-968,2147
66,-1169,2359
643,-1008,2537
1100,-934,2642
1349,-1131,2561
1426,-1375,2283
1096,-1602,2208
425,-1766,2220
-158,-1771,2152
-405,-1592,2094
-478,-1403,2015
-597,-1319,1900
-817,-1333,1820
-998,-1348,1745
-1073,-1306,1706
-1075,-1221,1694
-1032,-1133,1684
-927,-1070,1658
-740,-1028,1606
-479,-1001,1532
-193,-978,1449
59,-956,1357
273,-930,1261
410,-890,1180
479,-838,1112
525,-771,1043
567,-696,991
594,-629,942
590,-580,894
557,-546,856
504,-510,815
435,-460,768
357,-396,733
271,-331,709
188,-274,699
114,-225,711
65,-192,727
44,-177,754
32,-178,787
13,-183,820
5,-175,849
13,-152,878
40,-135,898
71,-130,905
98,-135,894
120,-146,869
130,-156,844
133,-169,815
133,-184,780
135,-192,737
139,-197,694
143,-196,663
150,-191,642
160,-191,623
174,-198,618
192,-199,626
212,-190,650
221,-179,676
211,-172,704
193,-171,731
175,-176,754
155,-172,774
135,-152,784
113,-119,798
99,-85,828
93,-56,873
84,-41,915
61,-34,951
29,-23,981
-7,-5,994
-32,19,983
-29,42,955
-7,56,915
13,60,876
31,65,838
53,76,801
75,86,762
93,91,731
105,93,710
117,97,698
130,105,696
143,110,716
161,103,746
174,84,774
168,64,820
138,53,860
99,58,899
81,72,940
88,88,953
99,105,948
85,116,947
54,120,950
28,114,957
23,99,967
26,73,983
39,38,995
50,5,1010
55,-3,1034
55,4,1051
55,19,1057
55,28,1057
53,27,1046
58,13,1042
57,-2,1044
53,-12,1035
44,-9,1014
26,-10,1009
24,-17,997
45,-25,995
83,-35,1003
131,-45,1014
181,-56,1030
213,-68,1049
224,-74,1063
225,-75,1073
229,-79,1084
241,-86,1089
241,-96,1096
230,-102,1095
227,-90,1090
240,-67,1077
256,-44,1054
263,-38,1025
247,-49,1002
217,-62,978
184,-69,962
181,-65,958
209,-60,956
243,-61,956
253,-69,966
232,-85,990
203,-105,1004
183,-122,1012
170,-137,1009
164,-153,1007
148,-172,1018
139,-194,1029
144,-205,1045
153,-201,1061
133,-194,1074
116,-184,1079
127,-172,1087
152,-156,1108
162,-138,1132
164,-114,1168
160,-96,1215
150,-100,1273
148,-125,1326
148,-152,1387
145,-165,1441
133,-170,1499
108,-166,1526
54,-147,1455
-490,-35,832
-1487,933,-679
-1045,1608,-1496
-578,679,34
3047,-1971,-6139
3087,-1291,3208
691,-982,2931
-388,-1482,1834
-126,-1314,1119
104,-420,1037
20,188,2009
90,158,2103
384,-52,1691
597,-68,1559
386,26,1697
-168,73,1723
-648,79,1650
-640,68,1550
-224,46,1452
104,31,1372
85,65,1311
-105,153,1266
-191,225,1208
-129,221,1151
-49,152,1118
6,92,1084
59,83,1038
109,108,995
147,127,965
185,128,942
230,118,927
271,108,907
293,104,882
294,106,856
275,114,840
250,127,836
224,138,839
191,148,846
163,158,850
139,168,851
117,176,851
102,186,852
94,192,848
88,191,850
82,186,852
81,183,848
81,180,849
91,175,843
106,174,840
121,170,834
136,168,834
153,164,831
174,163,829
197,165,824
208,170,821
211,176,821
217,184,824
224,188,831
219,193,833
208,198,830
195,204,827
184,210,829
174,214,831
172,218,837
177,218,852
185,216,867
182,212,881
171,206,893
157,202,900
140,199,905
127,201,912
123,206,922
120,208,932
111,210,939
96,211,944
81,212,948
66,220,943
50,224,921
46,223,905
62,221,896
92,225,904
116,228,921
129,231,936
129,229,945
129,228,954
133,226,961
143,226,962
158,228,960
170,229,963
180,228,968
188,225,978
190,219,989
188,215,1005
182,210,1019
169,202,1029
147,193,1037
126,185,1042
110,179,1046
103,181,1051
99,182,1061
96,181,1076
92,178,1089
86,176,1096
82,176,1104
80,179,1111
80,184,1117
83,189,1117
84,192,1115
87,195,1117
101,195,1121
122,196,1123
143,200,1123
157,204,1120
166,209,1114
173,211,1109
182,212,1105
186,209,1102
181,205,1095
173,203,1083
170,203,1072
169,207,1064
167,214,1055
162,222,1046
157,223,1043
157,226,1041
157,228,1040
153,229,1038
145,234,1036
134,242,1034
119,251,1033
105,260,1027
95,268,1024
90,273,1023
84,276,1023
75,280,1024
65,283,1025
55,288,1026
44,293,1025
35,297,1022
30,299,1020
25,301,1015
23,301,1006
21,305,994
24,308,986
32,309,976
42,307,972
55,306,968
69,304,964
81,306,963
93,305,957
103,304,951
111,300,945
119,299,933
128,301,922
141,306,914
154,312,910
168,315,907
177,315,908
180,311,909
174,309,910
163,309,907
152,314,902
143,320,899
137,326,902
135,326,909
136,322,917
139,314,928
138,307,930
133,302,930
128,302,932
124,301,937
117,300,937
111,298,931
107,295,925
107,291,922
111,287,918
115,283,911
122,281,906
136,280,904
155,281,905
168,280,904
176,281,902
184,283,899
190,283,897
200,286,895
213,287,898
225,288,900
233,291,899
234,296,902
232,303,906
229,308,908
229,313,908
229,313,907
235,313,904
237,314,907
237,320,909
233,327,908
231,329,903
227,329,899
232,330,898
241,329,890
259,328,888
277,329,887
290,330,890
292,334,894
287,337,892
277,336,887
271,338,880
269,339,871
269,340,864
267,343,858
266,344,849
263,346,841
260,349,833
254,353,827
247,359,823
242,364,820
237,367,816
235,369,816
235,371,817
237,372,821
235,375,826
234,379,831
236,384,830
237,389,829
238,392,829
236,393,828
239,394,830
245,396,832
255,400,834
270,399,841
285,395,844
291,391,843
289,389,839
285,390,836
284,393,828
287,394,824
294,393,821
299,394,818
305,396,813
308,399,810
308,403,806
302,405,800
298,407,798
300,407,802
306,407,803
306,407,802
297,408,802
290,408,804
291,408,806
295,408,807
303,410,810
310,414,817
313,417,819
314,421,818
316,421,818
320,420,824
325,421,828
330,419,831
333,418,834
332,418,834
327,417,835
323,418,831
320,419,833
320,418,836
320,416,840
318,414,844
313,414,848
310,415,849
309,416,853
311,416,855
313,414,855
316,412,856
316,409,857
310,410,858
302,409,854
297,409,851
296,410,850
297,410,850
300,412,850
304,414,849
304,417,851
301,419,852
298,420,853
294,420,853
292,421,851
290,424,850
286,426,850
282,427,849
278,430,851
271,432,850
265,431,847
260,430,843
257,430,841
260,431,839
264,432,841
270,430,846
273,429,850
270,429,851
263,430,851
258,430,850
252,429,848
249,429,843
251,432,844
256,433,847
261,434,853
264,433,859
265,430,863
265,426,866
263,426,866
258,427,861
251,428,856
247,426,851
251,424,846
258,425,846
267,426,847
275,423,850
278,421,853
279,420,855
278,419,853
278,420,850
278,424,848
278,427,846
279,429,845
276,433,843
272,434,844
273,434,846
277,432,849
282,433,855
289,435,862
291,434,866
288,435,867
282,435,867
275,432,866
268,432,861
265,431,856
266,432,855
272,433,855
279,433,854
280,433,855
277,431,853
271,431,849
267,432,849
264,432,848
263,434,847
265,433,847
270,434,848
271,434,849
273,434,850
275,433,852
277,433,856
279,433,862
279,434,865
277,433,866
275,432,866
274,432,865
275,432,866
278,432,866
280,433,868
283,432,868
280,432,870
277,433,868
272,434,864
270,436,860
266,439,855
265,441,854
268,442,852
273,442,851
276,441,854
278,441,857
262,422,796
257,415,778
242,417,812
262,421,802
329,444,788
357,459,795
316,452,818
271,440,844
266,432,865
286,438,881
292,452,894
275,463,906
252,464,917
244,453,926
255,434,928
278,410,922
281,398,911
277,405,890
279,417,868
290,423,851
295,421,839
297,417,829
292,415,825
# balls=5,catches=4,detected=0,sampleRate=200,timestamp=1781212526,countMode=watch_hand
x,y,z
414,343,827
410,348,826
409,349,829
409,350,828
408,350,831
404,351,830
400,353,831
395,357,831
390,359,832
385,361,833
383,361,833
380,362,836
381,361,837
383,362,840
387,361,842
387,359,844
386,357,847
388,356,847
390,354,847
395,354,847
396,353,848
397,350,850
397,346,851
400,344,854
402,344,856
407,344,858
410,346,860
408,348,864
406,350,864
402,352,866
398,353,868
397,353,870
394,353,873
393,353,874
394,354,877
394,355,877
393,356,876
393,357,877
395,357,875
398,358,877
396,358,878
391,356,878
389,355,880
389,352,883
391,353,876
393,353,875
392,355,876
389,356,875
383,355,878
378,353,877
379,352,883
380,349,887
378,346,882
373,347,887
370,349,881
364,351,879
362,355,880
361,356,882
364,352,879
368,348,883
370,344,890
366,342,892
359,341,893
357,341,893
363,342,893
365,341,890
367,341,888
364,340,881
360,342,872
360,342,871
362,343,872
365,343,873
367,340,877
371,341,885
370,341,886
364,339,889
355,339,884
349,337,878
349,337,870
348,335,862
345,333,854
339,330,842
336,328,835
329,327,829
320,325,819
315,327,816
313,328,818
313,330,826
314,330,831
318,331,841
321,328,849
320,326,853
317,332,851
315,342,854
316,348,861
321,349,872
327,346,885
331,343,900
327,340,911
319,340,917
308,341,915
302,346,917
300,350,913
300,353,907
296,354,900
287,351,890
276,347,877
261,347,860
248,351,830
245,354,815
252,347,822
263,342,820
272,336,815
282,328,818
291,322,813
296,316,806
298,312,805
300,310,805
298,308,810
296,309,824
302,318,836
318,322,857
326,311,890
313,303,907
309,306,912
307,317,920
305,335,915
307,346,914
305,349,919
306,347,918
312,342,918
316,336,916
315,329,907
313,325,898
309,326,887
308,327,872
316,323,861
323,317,854
310,286,857
296,243,848
323,260,854
361,307,843
368,341,829
363,346,835
369,336,848
375,324,850
368,311,857
357,308,863
356,314,869
356,322,876
357,330,884
348,335,893
336,338,904
321,338,905
307,342,904
290,348,907
275,356,906
262,362,908
270,359,908
275,344,909
275,324,904
285,319,896
299,329,884
314,330,875
334,330,870
351,330,871
358,324,873
356,316,876
361,314,873
367,318,879
367,319,890
368,317,891
370,314,897
381,312,906
384,314,907
393,320,898
403,331,888
407,333,879
398,324,870
385,304,864
374,290,854
358,287,848
343,297,843
324,309,844
309,318,838
300,316,833
291,315,838
285,310,838
286,301,839
290,306,838
293,315,837
301,322,835
314,321,827
327,320,829
352,311,829
382,303,831
411,294,843
431,284,855
437,276,844
435,264,825
424,256,807
410,250,788
394,247,777
380,236,767
376,221,748
396,211,737
397,199,735
312,180,765
238,163,784
233,157,794
259,165,814
304,179,835
350,199,853
437,208,843
418,227,889
338,241,940
278,236,976
283,241,989
296,242,999
321,233,990
340,227,990
358,216,988
371,199,980
388,175,971
400,151,957
401,132,945
392,119,940
385,114,935
392,117,931
403,121,930
412,127,936
412,130,948
405,137,942
405,148,949
420,148,946
434,149,952
442,165,978
440,181,986
437,182,992
426,182,979
409,186,965
379,194,942
345,206,913
320,218,896
302,225,879
283,226,853
258,228,857
250,220,866
255,213,870
264,208,872
285,203,880
301,199,882
318,191,889
325,177,894
338,162,894
350,149,903
355,139,916
353,126,917
353,109,909
369,118,928
377,130,931
380,138,927
384,147,909
399,151,911
417,156,917
432,159,919
442,153,918
461,150,917
485,145,910
503,154,922
502,158,944
497,155,953
484,149,965
476,154,978
468,161,985
462,172,992
453,179,992
430,187,992
397,184,1011
369,183,1020
345,182,1028
335,176,1019
323,177,1014
320,178,1010
322,177,998
330,170,989
342,171,976
356,169,968
400,167,926
437,186,962
432,208,1037
461,183,1053
517,180,1053
557,188,1088
584,202,1107
600,214,1119
602,223,1132
595,223,1118
591,227,1086
493,269,1173
456,225,1140
458,243,1101
437,295,1091
395,321,1052
373,322,992
355,342,1015
337,343,1022
332,334,1020
332,342,999
333,382,1015
345,410,1010
352,440,1102
368,431,1118
380,416,1150
403,433,1145
425,479,1161
435,489,1154
453,462,1181
494,437,1189
535,421,1188
547,422,1177
530,430,1152
523,428,1137
545,419,1129
574,405,1126
597,398,1119
607,404,1139
609,415,1151
615,405,1138
614,416,1142
606,426,1146
589,426,1143
546,416,1132
504,400,1119
481,396,1099
478,407,1082
493,418,1073
526,417,1061
538,411,1057
524,407,1056
515,419,1052
526,446,1054
542,468,1052
551,469,1044
569,449,1029
592,421,1021
614,402,1003
643,398,991
676,405,978
707,424,971
727,434,966
725,439,958
724,448,941
716,455,933
702,457,920
678,461,899
659,467,875
654,477,845
649,464,813
642,450,771
645,449,715
647,459,653
632,449,587
601,432,538
573,409,482
550,391,436
526,381,396
499,369,358
482,357,320
469,349,282
454,341,241
438,336,189
419,321,139
396,299,98
396,275,57
398,272,29
396,274,9
361,261,-2
304,236,-9
242,211,-44
201,223,-164
96,226,38
73,84,-51
52,79,-126
5,115,-165
-34,108,-288
-104,129,-229
-144,43,-236
-151,-25,-281
-154,-24,-295
-185,-34,-309
-203,-69,-379
-234,-74,-325
-270,-153,-278
-269,-250,-306
-257,-256,-313
-265,-256,-320
-277,-285,-340
-270,-319,-373
-226,-331,-447
-285,-354,-278
-306,-506,-330
-264,-512,-340
-263,-471,-294
-269,-461,-272
-263,-470,-251
-233,-473,-259
-273,-471,-129
-306,-536,-95
-265,-547,-100
-250,-506,-33
-243,-485,15
-240,-483,75
-228,-487,133
-208,-492,192
-183,-498,253
-158,-516,306
-128,-545,354
-95,-568,396
-60,-589,437
-16,-619,489
26,-662,545
68,-702,603
115,-742,646
156,-785,679
191,-825,703
217,-854,727
237,-875,776
271,-880,848
315,-881,938
356,-895,1057
380,-930,1167
406,-993,1216
439,-1029,1293
478,-1017,1380
517,-993,1458
569,-977,1538
611,-962,1630
614,-945,1735
610,-932,1835
610,-919,1936
633,-891,2032
684,-858,2122
751,-826,2204
825,-791,2299
909,-761,2404
986,-753,2472
1049,-740,2566
1111,-717,2645
1163,-702,2698
1204,-681,2749
1236,-651,2801
1262,-619,2844
1282,-591,2890
1285,-558,2934
1280,-509,2994
1274,-460,3055
1261,-415,3109
1255,-359,3141
1257,-296,3164
1215,-257,3177
1149,-237,3167
1124,-210,3163
1145,-194,3176
1180,-208,3206
1201,-247,3246
1220,-286,3279
1260,-312,3326
1302,-334,3367
1322,-365,3413
1308,-410,3452
1288,-449,3499
1284,-480,3555
1252,-515,3614
1177,-569,3661
1108,-631,3684
1078,-689,3700
1074,-751,3671
1075,-811,3597
1075,-856,3483
1072,-887,3364
1046,-915,3249
1029,-946,3128
1029,-975,2994
1016,-996,2846
991,-1016,2707
948,-1038,2571
892,-1053,2434
830,-1066,2278
771,-1083,2120
707,-1117,1923
645,-1158,1737
589,-1198,1585
524,-1208,1456
435,-1199,1369
333,-1182,1163
219,-1186,935
140,-1227,793
68,-1251,615
-1,-1251,442
-67,-1226,241
-130,-1177,87
-234,-1098,-102
-355,-1059,-307
-469,-1032,-459
-580,-1024,-621
-656,-1029,-789
-722,-1013,-966
-817,-985,-1133
-924,-969,-1268
-1017,-994,-1354
-1096,-1062,-1397
-1175,-1137,-1434
-1236,-1198,-1442
-1282,-1217,-1486
-1318,-1187,-1520
-1355,-1142,-1519
-1391,-1085,-1502
-1423,-1041,-1470
-1442,-1011,-1426
-1450,-999,-1376
-1446,-993,-1319
-1434,-997,-1266
-1407,-998,-1217
-1361,-996,-1172
-1310,-999,-1121
-1262,-994,-1069
-1215,-982,-1021
-1168,-962,-968
-1118,-941,-916
-1067,-922,-860
-1014,-911,-801
-956,-891,-741
-899,-874,-676
-843,-853,-600
-784,-838,-516
-718,-828,-437
-651,-825,-362
-592,-833,-289
-539,-843,-215
-482,-854,-140
-419,-861,-63
-357,-869,25
-303,-874,118
-244,-900,149
-189,-912,250
-141,-909,336
-107,-919,423
-74,-947,494
-38,-972,582
12,-971,668
76,-958,741
150,-941,827
214,-932,916
258,-938,1000
300,-955,1082
368,-970,1169
479,-961,1251
598,-935,1320
684,-892,1417
747,-818,1530
820,-731,1642
895,-673,1770
969,-634,1884
1054,-593,1969
1143,-546,2042
1238,-505,2104
1319,-490,2176
1377,-486,2258
1432,-476,2373
1483,-470,2479
1531,-451,2594
1594,-422,2708
1656,-400,2820
1712,-383,2921
1765,-362,3021
1808,-325,3127
1854,-282,3235
1886,-244,3358
1902,-208,3473
1940,-168,3567
1989,-125,3655
2028,-83,3741
2049,-48,3822
2057,-21,3895
2067,-4,3958
2082,0,4026
2099,-19,4103
2090,-61,4169
2065,-113,4202
2016,-172,4201
1961,-240,4165
1920,-321,4111
1887,-407,4046
1831,-492,3987
1759,-574,3929
1686,-646,3859
1631,-708,3794
1606,-769,3727
1576,-847,3675
1538,-940,3610
1497,-1029,3506
1441,-1097,3353
1380,-1145,3155
1360,-1198,2965
1357,-1254,2775
1300,-1298,2594
1185,-1339,2402
1039,-1384,2145
894,-1421,1847
774,-1440,1538
692,-1531,1275
591,-1567,1008
409,-1356,767
219,-1161,598
89,-1168,417
24,-1194,277
-70,-1143,144
-267,-1044,-39
-513,-901,-301
-600,-742,-540
-685,-642,-827
-879,-635,-1122
-1034,-745,-1396
-1082,-874,-1646
-1079,-952,-1796
-1098,-1018,-1883
-1100,-1095,-1935
-1108,-1173,-1980
-1209,-1193,-1975
-1220,-1164,-1973
-1483,-1185,-1936
-1595,-1184,-1948
-1459,-1213,-1890
-1479,-1204,-1795
-1548,-1137,-1735
-1758,-1056,-1670
-1800,-998,-1623
-1796,-995,-1538
-1769,-993,-1424
-1694,-973,-1309
-1583,-941,-1197
-1461,-914,-1083
-1342,-890,-973
-1229,-874,-866
-1115,-865,-762
-1147,-819,-567
-843,-870,-705
-724,-859,-510
-736,-833,-412
-748,-786,-294
-559,-828,-405
-509,-804,-216
-487,-803,-181
-455,-810,-123
-407,-808,-82
-360,-816,-43
-323,-827,3
-284,-833,63
-244,-836,127
-203,-837,194
-159,-835,287
-105,-834,369
-43,-832,478
8,-827,596
37,-832,694
60,-845,799
91,-880,886
124,-943,976
194,-1006,1087
308,-1034,1213
417,-1030,1347
505,-1006,1478
573,-978,1583
648,-959,1653
783,-976,1721
782,-949,1823
711,-864,1863
643,-757,1916
644,-672,2000
730,-613,2090
853,-557,2171
902,-429,2168
776,-268,2159
688,-243,2400
860,-311,2642
1119,-330,2690
1279,-252,2729
1313,-133,2768
1274,-33,2724
1215,17,2800
1126,47,2948
1072,92,3103
1057,101,3109
973,68,3261
874,65,3385
956,113,3401
1115,160,3465
1161,178,3482
1093,151,3514
1012,82,3568
968,-8,3631
975,-97,3665
1004,-190,3706
992,-278,3725
950,-460,3827
854,-620,3821
799,-622,3817
740,-579,3845
724,-596,3843
739,-620,3860
751,-650,3845
767,-745,3835
818,-881,3801
915,-1023,3787
1044,-1159,3789
1177,-1287,3773
1289,-1399,3707
1361,-1496,3618
1378,-1572,3490
1345,-1626,3310
1296,-1660,3092
1250,-1676,2843
1218,-1674,2586
1198,-1659,2321
1186,-1631,2060
1176,-1591,1837
1158,-1548,1616
1136,-1514,1447
1088,-1498,1280
1014,-1534,1128
966,-1613,910
1008,-1663,597
1100,-1650,248
1177,-1558,-141
1173,-1357,-601
1081,-1107,-717
1003,-926,-553
925,-872,-383
785,-934,-225
746,-1016,-156
866,-1004,-220
985,-845,-455
930,-601,-843
709,-368,-1308
347,-243,-1703
-32,-251,-2082
-327,-359,-2528
-485,-490,-2902
-513,-593,-3075
-483,-657,-3085
-481,-674,-2999
-510,-638,-2878
-525,-574,-2727
-532,-542,-2557
-577,-594,-2368
-686,-733,-2154
-841,-923,-1948
-992,-1090,-1750
-1090,-1175,-1570
-1128,-1169,-1373
-1152,-1127,-1181
-1140,-1070,-1002
-1222,-1075,-756
-1339,-1142,-523
-1395,-1227,-276
-1389,-1303,-9
-1356,-1368,252
-1326,-1413,496
-1318,-1441,718
-1345,-1458,899
-1423,-1457,1039
-1537,-1436,1142
-1639,-1386,1220
-1712,-1315,1273
-1755,-1238,1329
-1769,-1161,1372
-1753,-1085,1391
-1793,-782,991
-2327,-316,-598
-3561,-649,-620
-3517,-957,1285
-1708,-1250,631
-212,-1721,1090
265,-1748,1473
-62,-1143,1446
-602,-488,1389
-1034,-69,1513
-1051,122,1746
-634,79,1797
-131,-103,1746
150,-270,1658
187,-300,1541
155,-212,1445
236,-59,1426
522,94,1380
858,133,1317
955,31,1345
728,-123,1361
389,-200,1317
145,-114,1278
55,97,1264
73,299,1240
152,387,1217
256,356,1226
374,256,1266
494,148,1313
615,71,1358
718,30,1393
792,8,1436
851,-16,1497
948,-46,1572
1103,-74,1668
1247,-105,1780
1343,-153,1896
1388,-195,2007
1408,-215,2115
1423,-214,2216
1437,-205,2296
1437,-201,2364
1421,-207,2419
1401,-213,2471
1387,-216,2525
1372,-205,2558
1355,-196,2578
1335,-185,2592
1315,-179,2595
1313,-175,2602
1309,-164,2611
1297,-154,2619
1278,-164,2660
1255,-202,2719
1267,-242,2777
1357,-303,2853
1428,-358,2905
1461,-399,3008
1487,-474,3114
1538,-516,3204
1579,-543,3305
1576,-603,3409
1550,-692,3497
1546,-796,3581
1576,-915,3640
1623,-1039,3720
1661,-1177,3771
1675,-1322,3790
1669,-1470,3781
1644,-1613,3742
1598,-1742,3661
1542,-1856,3545
1487,-1941,3387
1440,-1993,3138
1410,-2011,2892
1417,-2003,2653
1476,-1971,2402
1568,-1930,2149
1631,-1848,1906
1713,-1785,1670
1757,-1722,1444
1724,-1655,1296
1561,-1639,1261
1346,-1662,1072
1233,-1682,711
1241,-1650,289
1313,-1555,-85
1354,-1395,-390
1255,-1139,-850
1041,-803,-1108
897,-578,-834
817,-510,-578
818,-514,-457
943,-562,-279
1152,-573,-134
1161,-473,-203
854,-243,-618
400,57,-1126
-10,282,-1591
-381,337,-2170
-685,228,-2726
-817,52,-3045
-801,-109,-3186
-786,-233,-3199
-859,-320,-3120
-914,-360,-3020
-896,-381,-2891
-844,-430,-2742
-840,-548,-2553
-918,-748,-2330
-1014,-1000,-2128
-1094,-1231,-1956
-1175,-1386,-1836
-1249,-1451,-1751
-1309,-1449,-1621
-1362,-1415,-1462
-1407,-1372,-1294
-1462,-1350,-1063
-1488,-1365,-732
-1445,-1412,-440
-1360,-1459,-185
-1282,-1486,22
-1257,-1488,182
-1302,-1470,306
-1388,-1439,427
-1465,-1396,566
-1505,-1343,725
-1503,-1291,887
-1447,-1249,1045
-1333,-1229,1214
-1190,-1234,1401
-1001,-1254,1844
-1136,-1209,1002
-2031,-1178,1260
-2792,-1257,858
-2657,-941,836
-1981,-755,1120
-915,-830,1391
-83,-1102,1421
198,-1422,1265
44,-1561,1473
37,-1407,1603
403,-1091,1586
873,-774,1637
1173,-562,1779
1249,-509,1874
1142,-585,1923
930,-679,1981
743,-693,1995
658,-581,2020
604,-386,2010
483,-191,1972
331,-44,1926
255,34,1863
225,58,1791
166,38,1753
131,0,1762
221,-16,1769
413,10,1749
578,66,1721
636,120,1700
617,157,1684
585,177,1669
580,183,1651
612,179,1629
671,169,1614
735,155,1606
796,143,1597
857,139,1589
930,147,1575
1006,164,1558
1061,183,1545
1086,195,1529
1085,199,1514
1068,189,1501
1042,169,1489
1028,150,1483
1038,137,1474
1060,130,1461
1067,128,1448
1052,124,1445
1034,120,1444
1027,111,1445
1025,98,1443
1014,84,1449
1005,70,1464
1015,59,1474
1027,50,1482
1024,39,1489
1006,28,1490
987,21,1495
976,18,1497
971,17,1494
963,17,1496
954,16,1504
945,15,1505
939,10,1502
938,0,1495
939,-16,1484
946,-33,1475
952,-48,1470
958,-62,1465
958,-79,1467
948,-98,1475
936,-116,1484
929,-131,1494
922,-145,1504
911,-157,1506
900,-169,1499
891,-177,1497
883,-185,1487
877,-191,1473
866,-200,1449
844,-209,1422
820,-208,1397
801,-197,1370
792,-180,1343
792,-158,1314
795,-135,1288
789,-112,1267
769,-93,1256
754,-74,1247
754,-50,1237
762,-25,1229
766,-1,1216
746,18,1207
707,35,1203
665,55,1197
628,73,1192
596,85,1186
572,93,1177
551,102,1167
529,112,1168
500,116,1164
467,121,1152
429,127,1128
401,142,1094
377,159,1054
362,174,1009
354,188,959
349,203,909
346,212,876
350,207,847
360,193,813
370,177,788
380,156,768
399,134,760
427,119,756
440,117,731
424,124,705
384,133,678
340,143,662
305,138,651
302,128,637
326,118,624
357,111,616
369,101,635
330,83,671
276,67,682
229,55,683
195,48,682
168,44,680
144,35,674
135,15,679
141,-13,705
140,-44,736
133,-63,754
132,-84,779
142,-119,820
176,-173,882
204,-237,957
190,-296,1014
140,-341,1055
69,-385,1089
-15,-453,1097
-103,-521,1119
-131,-580,1145
-161,-609,1167
-256,-630,1191
-281,-648,1212
-459,-2122,-292
2869,-1953,-4566
4071,3810,-805
-814,955,1512
-2817,-2625,944
-1789,-3171,2322
-742,-1935,1407
-991,-392,1911
-1527,597,1875
-1226,1029,1749
-543,656,2066
-97,-34,1705
117,-529,1522
453,-614,1308
734,-443,1078
894,-372,941
847,-260,934
510,-47,953
128,110,843
-2,248,750
142,337,705
288,316,636
236,205,571
91,105,534
-9,97,542
-51,183,562
-34,296,574
28,373,579
93,391,583
135,382,572
170,379,550
208,386,527
248,401,503
282,416,481
313,432,459
343,447,438
365,460,422
378,472,408
386,487,394
399,501,387
416,510,385
429,513,381
440,512,371
445,513,361
446,515,359
450,521,356
463,526,352
481,530,343
490,533,339
488,533,339
478,538,338
473,546,341
470,557,327
471,569,323
487,577,329
514,582,342
531,583,362
528,578,381
514,570,407
501,567,435
498,568,459
508,569,482
526,568,502
542,562,523
550,549,551
546,533,576
540,511,605
533,490,633
531,469,651
533,452,666
536,446,683
546,447,703
565,452,722
586,454,754
596,450,784
590,444,816
587,436,851
591,430,886
602,420,925
612,410,967
616,400,1006
613,386,1036
607,371,1059
599,350,1074
590,330,1081
570,310,1087
539,293,1091
505,284,1095
473,279,1097
448,281,1099
429,286,1106
417,293,1120
412,297,1133
405,299,1150
393,300,1166
378,303,1180
370,310,1194
370,319,1210
376,326,1223
388,331,1233
403,331,1239
415,327,1240
422,322,1235
427,320,1221
434,321,1207
437,326,1194
438,332,1183
438,332,1172
439,331,1166
445,328,1157
450,325,1146
450,322,1132
442,320,1116
426,318,1098
410,319,1082
397,320,1068
383,325,1050
369,330,1037
358,335,1026
353,341,1017
348,344,1012
339,345,1006
330,347,1001
319,348,999
310,352,999
303,357,995
294,364,988
287,372,980
282,377,974
277,383,967
271,386,961
264,388,952
258,389,942
257,392,934
254,394,924
252,397,915
248,399,906
246,399,898
248,400,891
253,399,883
258,394,881
267,392,879
277,389,876
287,386,875
295,380,872
300,379,868
301,378,857
300,379,849
302,381,842
308,382,832
313,383,825
316,385,821
315,387,818
307,390,817
300,395,812
296,400,813
297,403,813
300,406,815
304,407,824
309,408,830
312,407,833
314,406,838
315,403,842
316,404,845
318,403,850
321,401,854
322,398,853
319,395,854
317,392,857
316,388,863
312,386,863
306,380,862
295,378,862
280,377,861
270,377,864
264,381,859
265,382,855
266,383,851
264,382,849
259,380,847
254,381,845
256,381,849
260,381,853
268,382,855
273,384,859
280,385,864
285,385,868
291,384,872
299,382,875
309,380,880
318,375,888
325,372,895
326,367,896
324,365,895
321,364,894
318,365,887
318,370,879
319,373,875
320,376,871
321,377,867
323,378,865
325,378,868
325,379,866
323,379,864
323,380,862
322,381,862
323,382,860
325,384,861
330,384,859
332,384,855
334,383,850
330,381,842
322,383,836
315,385,829
309,391,823
305,397,822
306,401,823
309,404,823
312,407,819
314,407,816
313,410,811
313,413,806
312,414,804
313,418,800
315,421,800
320,424,798
325,425,800
330,425,800
333,424,797
332,422,794
327,422,798
319,422,802
313,423,803
311,425,805
311,426,805
312,428,805
311,430,804
310,432,802
311,434,797
311,436,795
316,440,792
317,443,786
318,444,786
318,444,786
321,443,788
326,443,787
331,443,788
332,444,786
332,444,787
331,447,784
332,447,785
334,448,789
338,448,794
345,446,799
347,442,802
347,439,804
346,436,805
347,436,803
348,438,805
348,439,805
347,440,803
350,440,804
353,439,803
354,437,803
349,437,804
343,435,803
339,436,804
339,436,806
341,436,807
343,434,808
343,432,808
343,430,807
341,432,807
341,432,810
339,434,814
339,434,813
338,435,813
338,437,814
337,438,814
336,440,815
334,443,819
333,447,823
334,449,825
334,449,824
332,451,823
327,454,822
325,458,822
325,463,830
330,465,834
338,465,835
346,462,835
348,461,833
344,457,830
337,455,827
333,455,824
333,456,820
336,457,815
341,459,814
343,460,809
344,462,804
345,464,802
345,466,803
347,470,805
346,472,805
349,474,806
353,475,808
359,477,808
357,475,777
355,476,662
383,502,718
362,482,737
372,448,697
409,433,704
407,438,737
368,457,764
337,483,790
339,513,805
351,535,811
346,549,820
327,555,830
317,549,839
319,530,849
332,502,853
345,473,853
354,445,848
352,426,841
344,430,821
347,445,807
352,464,789
356,474,776
356,476,772
# balls=5,catches=12,detected=0,sampleRate=200,timestamp=1781212543,countMode=watch_hand
x,y,z
407,394,811
404,400,813
399,405,815
396,407,817
395,408,821
393,408,822
392,407,823
389,408,826
387,410,826
386,412,827
387,414,827
387,414,827
389,412,827
389,408,826
389,406,828
390,404,831
393,403,832
394,402,834
394,402,837
393,401,839
389,398,840
385,395,842
382,394,843
379,394,845
379,395,849
383,397,852
386,397,858
387,395,862
386,394,866
385,392,868
384,391,869
384,391,871
385,391,872
386,392,871
384,390,873
382,388,872
382,387,872
383,385,871
384,383,872
387,382,873
388,381,872
388,380,872
389,379,870
390,380,869
392,379,869
391,380,869
391,381,870
386,383,870
382,387,871
381,390,872
382,392,871
381,393,871
378,392,872
373,392,869
369,393,865
368,393,864
366,393,863
369,393,864
373,391,863
376,387,863
374,384,862
369,383,859
365,380,858
362,381,855
362,382,854
364,383,854
364,381,852
365,382,851
365,380,851
365,378,848
362,378,849
360,378,848
362,377,847
366,378,848
371,377,849
374,375,848
377,374,848
380,374,848
383,373,848
385,372,845
387,373,845
388,373,842
388,373,839
388,373,839
390,373,839
393,373,839
392,373,837
391,374,839
390,374,839
384,375,838
379,376,836
375,377,837
374,377,839
375,378,838
375,378,838
371,378,841
365,375,843
358,374,842
357,374,841
359,375,840
361,376,840
362,377,837
363,379,836
361,381,837
363,383,836
368,384,839
370,386,843
371,385,843
373,385,844
372,383,846
372,383,847
372,385,846
376,386,847
379,387,849
381,387,849
381,386,849
382,386,851
385,384,852
384,384,851
383,385,851
381,387,852
379,389,852
379,390,850
378,391,851
379,392,852
378,392,851
377,390,852
379,390,852
384,390,851
389,390,855
391,389,857
390,390,860
391,390,866
390,391,866
390,391,866
386,389,868
379,387,872
373,384,878
371,383,882
373,383,884
375,385,885
376,389,887
374,392,889
369,396,891
364,398,896
356,399,897
348,398,896
343,398,894
339,400,891
333,403,889
330,405,891
327,407,888
328,407,891
329,409,891
330,415,890
328,419,893
324,418,894
319,418,899
321,418,903
328,419,907
337,419,908
342,421,912
345,420,915
347,421,922
350,419,923
352,417,919
352,417,917
350,419,916
347,421,913
351,425,918
355,430,921
360,434,930
364,437,936
367,441,943
370,444,951
373,450,958
377,464,955
386,483,958
395,499,961
392,506,962
380,509,969
374,511,984
384,510,1001
399,514,1015
412,517,1030
416,523,1037
416,533,1042
412,543,1050
412,553,1055
415,560,1059
413,565,1062
411,569,1065
408,571,1062
405,573,1057
405,579,1050
409,585,1036
414,591,1023
414,594,1011
415,591,997
414,585,987
409,579,973
402,575,960
403,576,943
406,582,931
399,586,920
390,589,907
392,589,892
397,586,880
402,587,861
403,584,837
402,580,813
392,575,785
375,574,756
358,576,723
339,577,700
319,582,678
306,588,650
301,594,629
290,598,619
273,595,606
252,587,589
230,578,566
200,569,535
169,562,494
144,554,444
127,540,394
113,520,341
94,494,289
75,466,241
54,433,194
38,399,152
23,365,112
10,337,84
-2,310,61
-9,285,42
-17,262,16
-25,237,-19
-41,213,-56
-63,190,-91
-89,158,-123
-114,124,-149
-135,91,-170
-145,66,-187
-155,35,-201
-164,4,-208
-173,-29,-215
-184,-60,-225
-196,-89,-231
-205,-114,-243
-204,-139,-253
-193,-162,-262
-179,-186,-262
-171,-206,-267
-162,-227,-274
-152,-248,-281
-145,-268,-282
-136,-280,-275
-127,-287,-260
-106,-289,-247
-77,-289,-226
-54,-288,-201
-34,-298,-171
-16,-306,-132
3,-309,-80
23,-318,-18
50,-320,48
77,-329,118
98,-353,194
119,-375,261
145,-387,328
172,-393,399
196,-403,469
223,-416,549
243,-430,622
261,-443,692
274,-454,763
279,-472,821
270,-503,862
282,-540,916
308,-579,953
339,-611,986
373,-636,1019
418,-657,1040
468,-682,1059
532,-709,1076
607,-734,1112
689,-757,1169
779,-773,1246
880,-788,1332
965,-801,1419
1036,-813,1501
1102,-815,1581
1160,-801,1677
1193,-791,1779
1204,-788,1864
1217,-787,1939
1247,-781,2022
1280,-774,2089
1297,-773,2155
1293,-768,2228
1279,-756,2303
1267,-738,2374
1251,-715,2438
1239,-692,2513
1229,-673,2584
1220,-660,2656
1219,-647,2727
1230,-632,2797
1247,-619,2861
1267,-599,2908
1291,-570,2960
1320,-538,3015
1359,-507,3072
1400,-479,3143
1452,-453,3218
1498,-438,3307
1510,-443,3376
1507,-459,3423
1515,-470,3481
1539,-480,3552
1562,-495,3628
1586,-519,3678
1615,-545,3698
1631,-576,3697
1630,-603,3695
1615,-628,3691
1585,-649,3696
1541,-676,3689
1509,-701,3678
1490,-723,3654
1477,-744,3605
1451,-767,3519
1410,-787,3393
1364,-812,3252
1319,-836,3103
1268,-867,2944
1207,-901,2774
1128,-936,2594
1042,-968,2404
945,-1011,2209
819,-1075,1950
677,-1166,1617
521,-1237,1383
367,-1223,1270
271,-1145,1020
216,-1112,746
157,-1144,559
78,-1167,352
-9,-1143,47
-75,-1091,-305
-225,-1010,-680
-412,-999,-935
-620,-1082,-1170
-857,-1207,-1382
-1062,-1270,-1605
-1171,-1238,-1802
-1208,-1161,-1940
-1275,-1166,-2000
-1456,-1295,-2086
-1719,-1469,-2128
-1787,-1615,-2162
-1847,-1631,-2357
-1895,-1586,-2295
-1841,-1543,-2273
-1844,-1567,-2255
-1892,-1608,-2177
-1893,-1620,-2089
-1862,-1598,-1991
-1798,-1567,-1892
-1725,-1527,-1797
-1646,-1487,-1693
-1562,-1466,-1592
-1484,-1443,-1493
-1402,-1413,-1384
-1321,-1373,-1268
-1246,-1330,-1146
-1183,-1289,-1025
-1120,-1248,-897
-1066,-1198,-761
-1003,-1159,-637
-942,-1124,-509
-886,-1099,-396
-850,-1084,-283
-814,-1073,-180
-755,-1057,-70
-675,-1046,38
-594,-1046,144
-517,-1054,240
-450,-1058,333
-391,-1066,425
-317,-1072,528
-216,-1074,647
-103,-1079,788
8,-1083,915
136,-1087,1041
317,-1109,1177
330,-1123,1371
326,-1071,1512
487,-1005,1706
617,-959,1856
629,-899,1951
585,-793,2030
570,-661,2110
631,-570,2183
744,-551,2291
877,-585,2412
998,-622,2544
1087,-619,2683
1156,-569,2790
1217,-482,2839
1289,-316,2837
1452,-154,2882
1667,-97,2954
1836,-129,3022
1971,-164,3118
2103,-154,3241
2249,-126,3386
2352,-120,3563
2340,-122,3697
2289,-144,3830
2271,-176,3941
2247,-225,4057
2184,-278,4193
2131,-292,4336
2130,-279,4477
2154,-292,4582
2126,-339,4583
2045,-396,4528
1987,-451,4434
1984,-503,4306
1995,-558,4187
1967,-611,4075
1937,-648,3962
1941,-663,3850
1975,-667,3734
2013,-668,3631
2073,-682,3531
2156,-717,3452
2220,-773,3390
2284,-854,3308
2294,-948,3203
2228,-1036,3047
2115,-1120,2857
1957,-1198,2641
1759,-1276,2411
1553,-1351,2184
1336,-1408,1980
1098,-1445,1780
847,-1466,1568
621,-1482,1323
449,-1474,1095
298,-1457,901
177,-1449,759
77,-1454,616
12,-1461,447
-18,-1440,290
-107,-1369,149
-270,-1270,67
-464,-1145,-131
-663,-1070,-318
-866,-1065,-503
-988,-1103,-723
-1058,-1120,-919
-1197,-1083,-1096
-1385,-1004,-1223
152,517,829
151,510,832
151,501,833
154,497,836
158,495,836
157,492,844
159,494,847
153,488,842
150,493,865
150,496,875
151,501,887
150,503,892
148,501,903
147,499,906
146,498,904
150,513,899
169,560,887
176,552,886
179,521,886
186,478,883
195,442,884
202,428,882
203,436,880
199,458,874
190,483,871
177,502,867
166,509,865
157,507,868
152,499,874
149,489,884
149,482,890
150,481,892
151,484,896
152,491,898
147,496,897
140,500,901
133,504,904
130,504,906
128,502,907
130,497,910
132,494,909
136,490,906
137,488,901
136,488,899
138,487,895
141,487,893
144,488,891
147,485,890
149,483,887
149,480,886
150,477,884
150,476,880
150,476,876
152,477,876
152,477,876
151,477,876
149,477,878
146,476,877
142,475,877
139,476,878
137,477,877
137,480,876
138,483,876
138,484,876
138,486,880
139,488,882
138,485,884
138,485,886
137,484,887
137,482,888
137,482,890
136,483,889
135,481,887
134,479,887
135,475,886
136,472,885
136,469,883
137,465,881
138,465,879
138,464,875
139,463,876
141,463,876
143,463,877
144,462,878
145,461,879
148,461,881
152,462,879
155,464,881
155,465,879
155,467,877
154,470,878
153,472,877
153,474,879
152,475,879
152,476,881
153,476,880
153,476,878
152,476,876
149,477,874
148,478,871
146,478,871
147,479,869
148,480,866
150,480,864
153,480,862
154,478,860
156,477,859
157,476,859
158,475,859
156,476,859
155,477,860
155,477,859
153,477,859
155,479,857
154,479,856
153,479,856
152,479,857
150,479,858
148,479,859
146,481,859
143,483,859
145,483,859
149,485,860
155,487,862
159,486,863
161,487,862
158,485,860
155,486,857
154,486,855
155,488,854
156,489,853
159,490,853
162,490,852
163,490,853
162,489,852
160,488,852
157,489,851
156,488,850
158,489,851
161,490,852
163,491,853
165,490,853
164,490,854
163,490,852
165,491,853
168,493,852
169,493,852
169,493,854
167,492,854
167,493,853
166,492,850
167,493,848
167,495,848
168,496,847
171,496,846
174,497,845
177,497,844
181,497,842
185,497,840
187,499,838
190,501,838
194,505,837
200,506,838
203,507,840
203,506,841
205,506,840
205,507,838
204,508,837
202,510,835
200,510,834
197,512,834
195,512,836
195,513,837
197,512,837
198,512,838
197,511,838
195,510,839
196,510,842
195,509,841
193,508,840
190,508,838
189,508,836
189,507,834
194,507,835
199,508,836
202,505,837
204,503,838
204,503,839
203,503,839
204,505,840
205,507,840
205,508,843
206,509,843
204,510,843
204,511,843
203,511,843
201,514,842
199,514,841
197,515,840
194,515,839
191,516,840
187,517,841
183,517,843
182,516,845
178,514,845
175,512,844
172,511,843
170,509,843
170,508,843
170,508,843
171,504,841
173,502,839
176,501,840
181,499,839
186,499,841
188,499,830
177,506,805
195,518,806
208,513,795
205,495,787
203,473,790
210,454,806
215,446,820
215,455,831
223,498,831
231,542,831
229,576,829
217,591,824
203,576,822
192,543,824
190,501,825
193,476,828
196,473,825
200,490,820
199,512,812
193,531,805
185,542,800
179,543,800
179,534,800
185,521,802
193,510,803
198,505,805
199,505,807
200,510,809
197,517,812
196,522,815
195,526,819
195,526,825
195,523,828
199,520,833
200,516,834
202,513,838
203,511,841
201,510,843
199,509,842
198,510,844
197,508,842
197,506,841
194,503,844
190,499,847
189,497,849
188,494,852
191,491,853
189,490,853
185,489,855
181,488,855
177,488,855
173,489,856
174,489,857
174,490,860
175,489,863
175,489,863
172,490,865
172,491,866
172,493,867
173,494,866
173,497,866
172,498,867
173,500,866
173,501,867
174,500,869
174,501,870
175,501,869
176,500,872
177,500,872
178,500,874
178,498,876
180,498,876
178,497,876
177,497,877
175,496,875
173,495,873
170,493,871
167,493,870
164,492,866
159,492,865
159,491,864
158,488,864
159,488,868
160,487,870
160,486,871
164,486,871
166,485,869
166,487,868
165,490,861
163,491,860
162,493,857
161,496,855
162,497,856
165,500,857
168,500,859
169,503,861
167,503,862
165,503,861
162,504,861
162,507,863
162,509,866
164,509,870
166,508,871
169,509,873
170,507,873
169,506,872
168,507,873
165,506,870
165,505,868
161,505,870
158,503,871
156,501,872
155,500,872
157,500,871
159,501,874
159,501,874
154,500,872
148,500,873
145,500,873
143,502,871
143,504,874
144,506,876
148,508,878
151,510,881
152,510,881
154,511,881
153,511,879
154,512,876
156,511,873
157,509,872
159,507,870
160,504,865
161,502,864
162,498,861
164,497,860
165,497,858
166,497,857
166,497,855
166,498,855
165,498,854
165,499,852
166,500,851
166,501,850
166,500,849
166,502,847
166,503,845
165,505,845
165,506,845
167,507,844
169,507,843
172,508,841
175,508,840
175,508,839
177,509,838
179,510,838
180,511,837
182,511,837
183,511,836
181,510,834
180,510,833
178,511,831
178,512,830
175,511,829
175,513,830
175,512,833
178,513,834
179,511,834
179,510,835
181,511,835
182,512,833
183,513,833
185,514,831
184,515,828
184,517,827
186,517,826
185,520,826
184,520,826
181,522,827
180,523,826
176,524,824
173,524,823
172,524,823
175,523,821
176,522,822
176,520,820
172,519,819
170,519,818
167,517,818
164,518,817
161,520,816
160,522,815
158,524,815
160,527,817
161,531,818
162,532,820
162,533,819
161,534,819
160,535,819
160,537,818
161,537,818
166,537,821
171,538,822
175,538,823
177,538,824
178,537,825
174,536,823
171,537,824
168,537,825
168,538,825
167,538,826
168,537,828
167,535,828
167,533,830
165,531,827
162,530,829
163,531,832
164,530,834
165,528,834
167,528,834
168,527,832
167,526,835
167,526,835
170,526,836
173,526,836
175,527,834
176,528,834
178,529,836
180,529,836
179,528,838
182,529,838
183,528,840
182,528,842
182,527,841
183,527,844
185,527,844
184,525,844
185,524,843
184,521,844
183,520,845
182,519,845
180,519,843
178,516,842
176,515,836
175,515,834
176,516,831
176,519,829
177,521,827
177,524,824
175,527,822
149,502,757
171,514,738
204,545,751
186,526,715
208,516,689
242,518,705
238,516,739
197,508,757
174,516,772
186,542,796
206,582,816
200,614,837
175,631,852
146,624,865
123,604,876
119,583,873
132,571,863
154,565,856
176,565,843
191,552,829
175,520,815
163,495,795
167,487,777
181,493,763
# balls=5,catches=7,detected=2,sampleRate=200,timestamp=1781212566,countMode=watch_hand
x,y,z
286,424,855
284,426,864
278,429,872
271,435,880
261,439,886
253,440,892
248,437,894
244,433,900
240,428,904
231,423,903
224,419,903
219,417,902
215,416,899
210,416,899
204,414,901
199,414,904
201,412,906
202,411,909
205,409,911
202,407,915
201,408,917
199,409,918
201,410,921
204,411,923
209,411,926
213,410,927
217,408,929
222,406,930
228,404,929
230,404,926
231,402,923
233,401,920
235,400,916
238,399,913
242,398,914
247,396,911
247,394,911
247,393,913
245,391,910
243,392,909
240,393,908
238,395,906
237,397,907
230,397,905
225,397,901
224,398,898
226,397,897
227,396,894
221,394,892
214,392,891
211,393,885
215,394,882
221,394,878
221,393,875
223,393,875
222,395,879
221,398,882
218,401,887
216,404,889
212,407,894
213,408,897
213,406,899
214,404,900
214,401,899
212,398,897
213,398,893
216,395,892
225,392,891
232,390,891
238,386,886
241,380,884
246,377,882
251,376,878
259,375,873
268,376,869
278,378,866
287,379,863
290,379,862
290,378,857
291,377,851
297,377,849
303,376,844
310,376,839
309,375,836
307,376,834
308,375,833
309,374,830
308,370,829
303,364,820
294,355,812
288,348,796
290,345,778
295,347,764
297,350,758
296,353,752
294,358,743
287,362,741
276,366,735
270,372,730
270,376,725
279,380,717
290,383,711
300,391,707
304,395,704
303,400,701
310,407,698
320,420,694
323,426,688
319,426,695
316,427,702
316,427,698
322,427,701
334,430,699
348,431,699
359,432,697
366,431,696
373,426,696
385,424,693
395,421,685
390,415,679
381,405,675
373,395,673
370,385,675
371,380,681
367,375,685
363,374,687
356,376,688
345,378,693
332,379,699
322,380,703
311,381,712
307,380,717
298,378,721
280,379,724
261,379,722
249,384,720
235,385,718
220,380,724
213,375,734
215,375,744
222,377,754
226,382,762
230,386,768
234,386,771
237,382,776
240,376,778
242,373,780
242,369,780
242,371,777
238,375,776
237,376,773
232,371,767
227,363,765
226,352,759
228,340,754
230,332,752
234,331,749
238,334,741
234,332,733
228,329,729
225,330,728
229,334,727
244,341,730
265,343,734
282,331,743
284,317,750
286,312,756
291,307,762
299,302,773
309,290,783
317,276,792
327,263,797
338,251,802
351,237,805
356,220,809
363,205,808
375,197,807
384,195,802
381,195,796
367,194,790
352,184,782
332,173,780
328,163,782
336,153,789
345,147,797
352,143,800
353,139,805
352,142,812
357,154,827
374,176,838
377,188,840
362,182,855
360,174,870
383,179,869
383,180,866
349,164,874
316,142,877
302,127,880
297,119,878
294,112,877
288,100,877
286,82,876
288,63,881
296,50,886
304,42,887
309,36,888
315,27,885
325,11,880
326,-9,887
328,-26,890
340,-36,887
353,-32,888
357,-22,888
358,-12,895
359,-8,906
363,-7,910
370,-8,920
372,-6,923
356,-5,920
325,-9,919
297,-13,928
289,-15,943
291,-22,975
306,-33,1008
317,-46,1036
327,-57,1052
336,-62,1059
327,-65,1058
329,-63,1051
341,-67,1039
353,-79,1021
354,-100,1000
345,-113,980
339,-117,966
343,-114,963
353,-115,960
369,-127,958
389,-141,959
412,-155,955
432,-161,954
454,-163,955
485,-161,959
520,-162,965
540,-167,975
539,-171,985
521,-172,1002
520,-158,1004
523,-139,1013
505,-129,1025
460,-134,1020
422,-152,1015
424,-177,1023
470,-214,1031
541,-263,1039
610,-310,1018
636,-347,987
601,-359,946
540,-344,893
465,-316,856
382,-302,839
315,-299,831
292,-306,830
313,-319,833
359,-329,844
415,-332,862
469,-330,876
509,-329,884
538,-328,886
559,-328,884
567,-329,881
564,-331,871
554,-335,863
561,-338,868
591,-351,882
622,-372,899
643,-392,919
639,-401,934
591,-402,945
521,-398,955
455,-401,953
419,-405,944
431,-405,932
477,-404,917
505,-422,884
497,-441,864
517,-417,876
569,-393,846
559,-411,823
531,-442,827
553,-455,827
590,-457,817
578,-452,800
517,-437,783
460,-416,771
427,-400,765
411,-397,769
407,-405,786
414,-416,800
422,-429,819
428,-439,829
438,-445,838
455,-452,843
502,-460,834
562,-475,827
613,-489,810
656,-506,787
686,-526,763
706,-545,739
728,-564,717
757,-589,699
788,-619,694
814,-645,694
835,-659,700
851,-657,715
864,-642,745
888,-625,786
914,-617,814
922,-617,822
901,-619,817
864,-620,811
849,-612,819
863,-608,831
883,-609,840
906,-604,851
940,-596,865
987,-588,882
1014,-592,886
1002,-597,872
978,-588,859
957,-573,841
918,-563,828
877,-556,819
868,-545,811
876,-538,807
886,-533,810
890,-524,815
880,-513,815
856,-503,807
828,-494,797
802,-495,785
786,-507,780
786,-515,777
799,-504,770
803,-490,764
803,-479,759
807,-472,756
798,-467,752
782,-456,748
771,-445,757
780,-445,779
819,-444,812
879,-432,864
918,-414,899
918,-400,905
892,-393,899
849,-389,887
792,-380,877
743,-363,865
712,-348,858
691,-340,851
693,-334,848
708,-329,835
712,-338,832
719,-361,841
739,-380,854
767,-385,867
793,-374,868
818,-360,861
826,-352,855
809,-353,859
790,-353,873
773,-347,881
753,-346,893
740,-344,893
743,-345,885
773,-348,874
807,-365,873
824,-387,863
840,-400,850
861,-397,841
889,-382,838
916,-367,837
930,-364,836
923,-369,842
901,-372,848
857,-371,854
798,-360,852
741,-339,852
704,-322,847
686,-312,835
681,-307,818
684,-304,809
682,-299,816
680,-291,827
685,-280,836
699,-272,829
717,-269,821
732,-274,809
737,-280,782
734,-288,759
732,-298,738
735,-304,735
748,-302,739
778,-296,750
810,-294,757
818,-293,755
793,-289,748
778,-278,752
774,-272,772
776,-273,785
770,-273,785
751,-259,778
735,-238,765
735,-226,756
739,-230,747
733,-241,740
717,-247,739
706,-241,747
700,-225,749
695,-215,744
694,-216,737
712,-221,736
748,-231,740
790,-239,741
815,-239,751
823,-229,753
830,-211,751
845,-198,757
871,-193,766
898,-195,767
907,-195,768
891,-194,765
854,-188,763
820,-174,767
810,-156,770
805,-142,758
789,-141,748
761,-141,737
730,-127,725
691,-108,722
648,-87,727
587,-76,729
535,-72,748
522,-67,771
549,-64,795
635,-53,825
792,-31,786
982,-47,701
1020,-131,697
881,-220,727
774,-233,737
769,-169,761
811,-86,788
856,-39,809
882,-31,823
886,-35,835
874,-35,850
851,-34,866
819,-40,878
785,-50,896
769,-51,910
764,-44,921
760,-34,931
758,-23,917
749,-12,898
714,0,871
665,16,846
622,29,817
594,29,793
579,16,779
568,0,766
571,-7,760
592,-1,752
616,13,746
625,21,746
618,21,750
618,19,764
622,21,787
625,31,813
622,44,844
618,57,863
606,72,873
572,85,868
517,97,859
437,102,839
348,113,775
308,133,733
324,150,742
373,140,742
435,97,715
493,38,685
514,-17,649
529,-47,613
537,-46,589
537,-23,579
495,0,585
423,17,592
352,35,570
339,56,576
399,64,615
491,59,613
560,50,583
588,38,551
605,35,525
611,48,503
618,53,479
630,52,454
630,41,451
617,33,442
588,29,441
555,35,432
520,49,420
493,54,412
475,50,398
463,42,384
467,35,378
484,29,382
498,26,380
513,25,379
530,24,382
548,24,380
547,22,371
527,22,361
504,24,348
497,26,335
511,28,317
531,23,294
547,15,288
560,9,269
571,16,257
580,39,245
582,62,223
574,70,201
570,57,175
575,29,157
581,-2,155
604,-30,163
651,-51,184
701,-61,213
735,-59,247
757,-44,277
768,-17,305
762,18,326
750,50,349
733,74,374
714,83,403
702,75,437
711,57,471
735,38,488
760,25,491
767,15,483
761,5,467
751,-5,453
744,-22,439
746,-39,417
770,-50,397
787,-66,395
775,-91,398
755,-121,399
736,-147,412
729,-165,426
747,-171,460
793,-172,484
873,-163,507
979,-145,536
1074,-128,567
1117,-107,590
1098,-73,602
1046,-27,592
995,13,563
977,34,523
983,28,488
990,5,456
998,-16,426
993,-28,403
974,-29,385
956,-16,369
953,0,350
959,17,334
969,28,322
978,34,317
995,44,318
1008,55,321
1007,69,328
1006,91,329
1013,122,321
1017,148,307
1001,158,290
961,154,269
874,168,191
733,216,109
576,252,94
510,243,108
615,206,150
845,171,274
1158,171,292
1442,146,148
1576,93,93
1476,55,170
1246,56,262
1047,109,295
926,181,339
906,233,395
944,247,456
977,253,506
972,277,529
941,313,536
898,333,533
839,319,524
782,282,506
758,252,509
778,245,515
843,257,522
931,275,535
1004,274,538
1060,252,538
1134,238,536
1211,239,530
1255,249,522
1279,266,518
1309,286,509
1334,294,494
1333,288,473
1310,280,463
1292,276,464
1285,275,478
1278,273,499
1264,270,524
1254,268,552
1237,265,576
1211,254,598
1194,241,616
1168,224,623
1124,213,623
1085,218,616
1073,230,602
1079,232,586
1096,225,578
1105,216,567
1085,209,566
1046,196,563
1012,186,554
974,183,539
941,189,531
924,189,526
895,170,521
865,156,534
841,157,552
833,158,576
844,154,600
868,152,629
899,152,652
934,144,663
958,125,650
958,97,635
936,77,630
896,68,636
839,64,662
790,63,695
772,68,711
791,75,713
818,76,716
820,73,715
787,69,712
738,65,697
683,53,684
625,35,668
586,25,662
594,28,662
643,24,661
700,16,657
743,11,652
775,10,648
797,13,643
808,13,637
814,14,626
817,23,618
814,31,617
800,35,627
775,40,630
747,51,632
726,62,632
711,66,631
698,59,620
687,50,599
685,49,583
683,53,566
678,54,551
669,54,541
656,58,535
639,60,529
621,67,528
613,76,527
607,77,530
604,70,535
614,74,548
636,87,562
655,96,577
673,102,588
686,107,594
701,116,593
714,123,591
707,123,591
696,127,590
701,138,589
718,145,589
738,145,590
747,141,593
742,139,598
720,144,600
709,160,607
717,175,609
736,183,611
744,185,618
740,194,626
743,211,633
763,234,639
794,251,637
821,257,637
837,259,636
851,265,635
874,279,653
893,280,691
905,282,727
928,299,747
946,332,760
974,365,768
995,378,784
1002,371,805
1021,362,827
1062,357,842
1120,357,848
1183,363,861
1241,378,862
1285,403,859
1332,431,855
1393,455,849
1460,468,847
1509,475,844
1539,482,848
1555,492,860
1562,508,873
1557,521,886
1552,529,896
1545,533,890
1531,541,877
1507,554,865
1474,565,855
1440,574,853
1409,575,854
1383,571,857
1364,564,855
1340,558,848
1302,547,837
1262,536,813
1223,523,780
1181,505,742
1127,486,693
1078,476,648
1043,471,605
1024,464,576
1021,452,547
1023,433,520
1019,416,490
1002,401,456
969,391,420
922,386,378
864,379,335
811,371,290
766,364,248
723,357,210
673,346,175
617,327,135
550,298,97
470,256,60
378,204,28
279,151,1
183,105,-23
89,63,-53
-7,19,-79
-109,-25,-102
-207,-64,-131
-301,-92,-149
-386,-115,-157
-462,-136,-165
-530,-160,-165
-591,-192,-160
-654,-235,-152
-730,-288,-148
-814,-343,-142
-895,-396,-142
-964,-444,-142
-1015,-485,-147
-1035,-518,-155
-1032,-547,-158
-1022,-578,-164
-1018,-604,-167
-1020,-623,-166
-1013,-635,-161
-988,-636,-148
-955,-639,-139
-921,-640,-131
-885,-639,-112
-828,-632,-92
-751,-625,-72
-676,-625,-47
-612,-628,-23
-552,-624,-5
-488,-614,17
-425,-606,42
-367,-602,70
-313,-599,111
-254,-590,152
-184,-575,187
-112,-563,229
-38,-564,277
36,-581,320
125,-605,368
219,-631,411
289,-658,458
331,-675,514
372,-686,574
423,-692,632
482,-689,685
547,-673,739
623,-646,800
700,-616,861
778,-593,919
849,-589,974
907,-601,1020
961,-611,1045
1016,-609,1065
1077,-586,1087
1146,-552,1104
1223,-514,1116
1294,-482,1138
1356,-454,1172
1408,-421,1193
1453,-375,1217
1498,-323,1242
1541,-277,1258
1567,-241,1277
1581,-207,1287
1606,-172,1308
1653,-144,1341
1710,-135,1378
1759,-144,1409
1806,-154,1426
1851,-162,1424
1898,-164,1423
1941,-170,1437
1986,-184,1448
2035,-203,1451
2070,-221,1449
2100,-231,1443
2129,-236,1435
2164,-239,1446
2197,-251,1481
2231,-269,1544
2251,-287,1630
2268,-297,1711
2290,-302,1790
2305,-305,1862
2309,-319,1938
2294,-339,1998
2283,-352,2041
2291,-356,2070
2329,-346,2089
2385,-332,2111
2448,-313,2142
2508,-292,2171
2554,-270,2199
2594,-251,2238
2639,-232,2270
2704,-211,2296
2790,-185,2317
2885,-158,2328
2968,-137,2342
3034,-130,2378
3092,-133,2422
3159,-147,2467
3223,-174,2500
3251,-187,2522
3283,-187,2528
3314,-194,2524
3334,-229,2491
3328,-283,2443
3293,-334,2384
3250,-367,2308
3220,-386,2226
3183,-415,2142
3134,-465,2053
3078,-526,1978
3032,-582,1933
2981,-646,1879
2891,-724,1835
2723,-809,1785
2482,-902,1712
2187,-1015,1556
1883,-1144,1449
1629,-1249,1377
1441,-1301,1185
1264,-1317,938
1065,-1342,758
840,-1389,560
611,-1434,361
370,-1443,165
130,-1409,-24
-106,-1357,-180
-363,-1339,-339
-619,-1372,-493
-824,-1434,-600
-994,-1525,-705
-1182,-1633,-800
-1392,-1715,-915
-1586,-1741,-1038
-1779,-1738,-1111
-1990,-1765,-1121
-2192,-1854,-1080
-2335,-1965,-1040
-2418,-2021,-1057
-2482,-2009,-1103
-2543,-1972,-1135
-2587,-1945,-1163
-2562,-1939,-1174
-2634,-1983,-1185
-2598,-2009,-1168
-2501,-2028,-1099
-2421,-2035,-1032
-2351,-2008,-991
-2284,-1951,-959
-2219,-1881,-928
-2135,-1812,-878
-2022,-1750,-815
-1890,-1690,-736
-1750,-1624,-649
-1613,-1553,-553
-1491,-1486,-459
-1383,-1431,-370
-1280,-1389,-292
-1175,-1358,-224
-1075,-1336,-155
-984,-1320,-94
-890,-1310,-26
-780,-1302,40
-663,-1298,109
-551,-1289,184
-443,-1277,268
-327,-1268,358
-200,-1266,447
-63,-1262,543
87,-1246,642
233,-1207,740
401,-1147,852
574,-1081,985
726,-1011,1111
868,-944,1228
1003,-881,1343
1151,-803,1427
1321,-703,1489
1481,-593,1559
1589,-510,1646
1638,-463,1752
1688,-410,1857
1754,-330,1957
1790,-225,2089
1810,-103,2225
1842,18,2334
1880,125,2438
1913,213,2533
1954,284,2621
1999,361,2736
2085,455,2892
2228,541,3088
2398,574,3294
2548,552,3498
2657,519,3677
2737,511,3807
2778,537,3915
2799,580,4013
2806,608,4124
2798,607,4243
2772,584,4376
2734,552,4510
2710,513,4592
2717,480,4609
2695,438,4619
2596,366,4631
2496,288,4599
2466,243,4505
2482,225,4415
2476,189,4310
2457,126,4194
2502,62,4100
2609,6,3997
2717,-42,3874
2759,-96,3738
2718,-169,3592
2637,-258,3433
2550,-355,3259
2441,-453,3086
2307,-549,2896
2134,-647,2698
1910,-754,2490
1662,-866,2240
1400,-968,1983
1142,-1034,1704
924,-1051,1492
727,-1045,1373
535,-1054,1249
380,-1074,1070
236,-1086,861
96,-1062,653
-61,-996,360
-168,-937,201
-227,-925,-70
-285,-990,-392
-370,-1111,-728
-510,-1258,-985
-678,-1385,-1216
-794,-1463,-1418
-862,-1511,-1573
-946,-1549,-1673
-1092,-1590,-1693
-1259,-1647,-1675
-1407,-1712,-1652
-1507,-1754,-1641
-1588,-1741,-1612
-1677,-1686,-1565
-1751,-1613,-1514
-1792,-1537,-1462
-1790,-1474,-1407
-1740,-1427,-1338
-1658,-1392,-1261
-1563,-1362,-1193
-1464,-1334,-1139
-1369,-1303,-1091
-1276,-1260,-1038
-1187,-1209,-992
-1099,-1163,-934
-1009,-1121,-869
-922,-1085,-800
-837,-1049,-727
-766,-1009,-675
-689,-970,-569
-600,-920,-518
-522,-869,-469
-453,-822,-396
-387,-781,-325
-327,-747,-256
-274,-717,-185
-228,-689,-117
-181,-663,-50
-129,-637,15
-77,-614,89
-36,-590,162
-2,-566,238
27,-545,316
48,-528,392
51,-517,455
49,-508,519
53,-493,577
74,-471,644
120,-450,701
172,-443,756
222,-452,810
258,-477,858
281,-510,896
304,-531,923
345,-541,950
382,-536,984
413,-517,1018
436,-495,1070
486,-488,1137
491,-477,1227
488,-436,1301
550,-396,1399
625,-363,1508
694,-331,1610
763,-302,1695
819,-270,1753
869,-238,1786
916,-207,1804
971,-177,1822
1042,-151,1846
1126,-136,1877
1195,-133,1908
1239,-128,1938
1276,-106,1961
1319,-66,1982
1356,-21,1999
1383,19,2022
1409,54,2034
1432,82,2044
1434,103,2083
1421,116,2133
1403,116,2182
1377,100,2223
1349,66,2268
1318,36,2331
1296,21,2390
1291,14,2459
1299,-11,2533
1306,-71,2605
1294,-155,2706
1262,-243,2797
1212,-319,2872
1172,-384,2931
1151,-444,2969
1129,-489,3012
1116,-520,3058
1115,-529,3107
1131,-521,3160
1152,-508,3214
1137,-483,3264
1139,-459,3314
1215,-454,3363
1239,-449,3379
1279,-438,3401
1351,-422,3437
1465,-435,3449
1606,-487,3477
1756,-574,3514
1907,-687,3537
2053,-805,3541
2172,-919,3522
2242,-1027,3477
2269,-1137,3396
2239,-1238,3294
2168,-1335,3177
2079,-1428,3040
1998,-1500,2882
1940,-1550,2712
1902,-1581,2527
1868,-1596,2339
1837,-1589,2148
1812,-1575,1978
1778,-1561,1821
1740,-1555,1653
1691,-1544,1492
1652,-1538,1377
1642,-1559,1334
1553,-1590,1227
1370,-1622,1095
1157,-1657,952
970,-1680,631
818,-1654,210
685,-1550,-186
523,-1330,-519
396,-1089,-473
343,-952,-467
269,-898,-510
90,-860,-529
-61,-806,-410
-99,-706,-356
-75,-534,-538
-81,-343,-816
-195,-208,-1122
-351,-183,-1435
-491,-291,-1750
-604,-512,-2086
-687,-768,-2378
-739,-938,-2568
161,524,855
157,524,853
152,525,851
147,524,850
142,524,850
142,522,850
139,521,849
139,517,850
140,515,849
140,513,848
148,513,866
153,513,834
156,511,852
161,510,850
165,508,854
170,510,852
173,510,852
175,510,853
176,509,858
177,510,859
180,508,860
179,507,860
177,507,861
173,506,861
170,505,856
165,504,856
161,503,857
156,502,855
153,501,854
150,499,854
148,497,854
147,494,855
146,493,857
147,492,857
146,492,856
144,494,854
143,496,852
146,496,855
150,496,855
154,495,857
155,496,858
156,497,858
157,499,858
157,502,858
157,503,857
157,504,856
159,507,860
163,506,863
167,507,866
166,505,867
163,503,867
160,503,863
155,501,860
152,502,858
150,500,854
146,500,855
145,500,855
145,501,855
144,502,856
147,502,858
149,502,859
151,501,862
153,500,861
156,500,861
157,501,860
155,502,859
155,502,858
157,504,855
159,506,853
160,507,851
161,510,853
163,512,852
162,512,856
161,513,858
161,513,859
160,514,859
159,516,856
161,516,855
166,520,856
168,520,853
170,519,852
168,518,848
166,518,846
165,517,845
167,516,842
170,515,838
173,516,840
178,517,841
179,518,842
179,518,843
176,518,843
173,517,844
172,516,844
171,515,842
169,511,841
167,508,840
165,508,842
164,509,843
166,509,842
166,511,842
167,512,841
167,510,839
170,508,839
176,505,839
183,506,837
188,508,836
189,511,836
190,515,836
189,516,833
188,517,834
187,516,833
185,516,833
186,517,832
188,519,835
188,521,837
187,522,840
185,523,845
182,523,847
180,523,846
178,521,845
178,520,844
176,520,840
174,520,838
175,522,839
177,522,840
177,524,837
173,522,836
166,522,836
160,522,835
159,523,832
161,522,831
164,523,832
168,523,833
171,524,833
171,523,835
166,521,836
161,521,838
159,521,837
160,523,837
162,524,836
166,525,837
169,526,835
172,527,837
174,528,836
178,529,839
180,528,837
184,528,838
187,527,837
190,525,838
193,525,838
195,526,840
197,525,839
196,526,837
194,524,835
193,523,831
193,523,830
191,522,824
190,521,824
190,523,823
189,523,822
190,524,820
191,527,819
191,530,817
194,533,817
195,536,820
196,537,824
198,538,825
201,540,824
203,541,825
203,541,826
202,542,824
204,542,824
204,542,825
204,540,825
204,538,825
203,535,826
201,531,826
202,530,825
200,528,824
199,527,822
201,527,821
205,525,820
205,525,820
206,523,822
209,523,824
211,524,825
211,524,827
210,525,828
210,526,829
211,527,830
209,529,828
209,531,828
210,531,827
209,533,826
208,532,827
206,531,828
207,531,828
208,531,826
208,530,825
206,528,826
208,527,823
212,527,825
215,528,822
216,528,819
216,529,819
215,529,817
215,530,815
216,531,815
216,532,815
215,533,816
214,533,815
213,532,817
204,529,801
204,538,790
215,549,786
210,535,771
212,519,769
229,513,778
238,514,791
229,517,804
216,525,813
214,544,816
222,575,816
229,596,813
225,593,809
215,566,807
209,535,805
215,518,802
224,517,798
# balls=5,catches=9,detected=1,sampleRate=200,timestamp=1781212584,countMode=watch_hand
x,y,z
397,487,807
385,490,810
372,492,809
360,495,810
347,498,809
336,500,807
325,500,805
314,500,803
302,500,802
294,500,799
287,501,796
283,501,794
283,500,792
284,499,789
286,498,786
291,498,785
297,498,783
303,497,782
310,498,784
317,499,787
323,500,789
331,501,794
340,502,797
345,503,801
351,503,803
357,503,805
360,501,806
360,497,804
359,493,802
354,491,799
349,487,797
343,485,794
336,484,791
331,482,788
325,482,787
320,480,785
314,482,786
309,484,788
304,484,790
300,484,788
296,483,786
295,486,790
293,489,792
291,490,793
288,491,794
283,488,790
279,486,790
277,485,789
278,486,788
282,487,785
285,486,787
289,485,789
295,483,790
299,480,789
304,477,789
308,476,790
310,473,789
312,472,789
314,470,789
317,470,788
315,467,787
311,465,785
309,465,785
307,465,783
303,464,781
302,464,780
301,463,780
297,463,777
295,462,776
298,463,776
302,463,776
305,462,772
304,461,772
301,459,769
303,454,762
305,449,758
306,446,752
308,445,747
312,446,739
309,442,737
303,437,733
307,433,725
319,433,727
330,436,726
329,437,730
320,445,737
315,458,729
323,458,727
330,450,741
329,442,742
324,429,739
319,415,740
312,409,743
306,408,743
304,413,746
301,418,747
298,424,746
294,429,747
290,434,745
285,436,747
279,438,747
273,439,747
269,439,746
266,439,747
260,439,751
253,438,752
246,438,753
239,435,755
235,433,757
229,431,757
225,428,765
222,427,770
224,425,781
225,422,786
225,419,788
219,415,789
214,410,789
206,408,790
205,406,788
207,408,786
211,406,783
214,404,779
216,397,773
216,391,768
214,382,766
214,376,765
212,371,762
213,367,758
212,366,758
209,367,758
206,367,758
201,365,752
196,364,747
190,361,739
187,360,730
186,357,722
178,355,724
165,350,722
155,343,710
145,337,690
136,330,674
128,327,663
133,325,660
150,324,665
168,321,674
179,312,690
181,300,692
180,286,690
178,274,686
181,267,677
192,263,671
210,255,670
234,246,676
248,232,671
249,212,669
249,196,664
252,184,658
250,180,656
239,180,648
223,178,647
208,174,656
205,165,662
204,152,673
206,137,690
211,121,702
217,111,708
222,104,715
225,105,719
228,106,722
233,104,733
247,99,752
268,88,776
298,72,793
329,53,808
351,35,821
363,21,830
366,12,836
363,6,843
351,2,853
342,-5,867
341,-14,882
347,-27,893
351,-43,897
346,-59,900
335,-77,904
326,-90,907
320,-102,905
317,-112,903
315,-119,909
313,-134,918
304,-154,919
287,-176,923
273,-190,926
263,-203,917
260,-211,913
266,-217,914
276,-223,916
289,-231,923
298,-240,933
311,-249,948
328,-261,957
354,-268,965
376,-270,964
386,-269,960
389,-274,955
393,-284,954
401,-295,948
411,-310,948
419,-324,952
427,-337,958
438,-354,962
451,-361,968
442,-356,964
409,-359,968
368,-374,957
341,-394,943
335,-413,931
345,-427,927
370,-433,936
410,-434,944
452,-430,957
480,-424,975
495,-414,987
497,-399,997
494,-382,1006
490,-369,1010
490,-364,1006
498,-367,996
513,-372,990
529,-380,981
545,-390,975
560,-399,965
574,-407,953
587,-416,944
597,-425,932
601,-434,925
602,-441,920
599,-444,917
592,-447,913
583,-449,904
570,-444,900
555,-435,898
537,-426,896
521,-421,900
512,-424,899
509,-430,902
508,-435,909
512,-435,913
514,-433,917
512,-428,922
510,-422,926
507,-415,932
516,-405,938
536,-399,937
552,-397,934
556,-397,930
547,-396,934
537,-400,940
533,-405,944
531,-411,944
528,-419,942
525,-433,933
525,-446,929
531,-450,920
544,-442,913
554,-437,911
558,-435,909
559,-439,910
561,-445,913
569,-448,911
579,-448,910
585,-446,911
589,-448,912
593,-453,910
598,-457,911
603,-458,908
606,-455,903
603,-451,900
600,-451,895
595,-453,895
587,-460,894
578,-467,896
560,-473,901
540,-477,906
522,-483,914
511,-490,930
509,-505,946
505,-520,958
494,-534,971
478,-546,978
458,-555,982
439,-561,988
427,-569,986
419,-574,982
416,-583,977
416,-592,970
419,-600,960
425,-605,953
428,-610,947
427,-616,939
424,-622,932
421,-624,927
417,-622,925
420,-619,930
426,-620,934
436,-628,939
445,-634,942
451,-639,942
452,-641,943
446,-644,944
443,-648,948
445,-651,955
449,-660,965
449,-666,973
446,-675,980
444,-682,988
437,-687,995
424,-692,1000
411,-700,1004
398,-706,1002
393,-713,1000
397,-718,996
409,-724,984
417,-729,971
415,-733,956
407,-735,946
405,-732,941
409,-728,945
416,-730,953
417,-732,962
411,-734,974
403,-734,988
401,-734,1002
404,-740,1018
405,-752,1036
405,-767,1051
404,-776,1060
404,-781,1071
408,-784,1077
410,-789,1084
408,-792,1088
408,-795,1087
407,-795,1087
409,-792,1082
407,-789,1069
401,-784,1055
396,-781,1043
396,-781,1030
399,-781,1021
403,-779,1013
404,-772,1008
407,-765,1006
409,-755,1012
413,-748,1020
418,-741,1032
424,-735,1048
430,-729,1063
436,-722,1073
437,-720,1082
439,-721,1083
439,-722,1081
438,-716,1076
438,-707,1070
438,-702,1064
440,-701,1065
444,-701,1067
442,-711,1069
432,-725,1061
426,-734,1047
425,-726,1031
427,-707,1019
436,-686,1011
455,-674,1011
487,-665,1014
524,-658,1016
554,-653,1020
573,-652,1022
582,-650,1016
587,-638,1005
590,-621,998
590,-601,994
593,-580,990
606,-556,989
621,-533,983
629,-504,981
630,-472,980
631,-446,983
626,-426,979
609,-412,971
582,-400,953
548,-390,931
520,-376,912
502,-358,890
493,-340,870
495,-324,869
513,-312,873
540,-307,807
532,-305,773
497,-305,737
447,-306,680
446,-289,629
516,-260,594
588,-250,584
657,-271,586
652,-286,551
558,-260,516
468,-200,510
527,-118,540
639,-101,572
641,-144,580
581,-148,604
539,-101,631
524,-44,650
520,0,660
505,25,675
490,24,696
476,16,722
465,23,745
449,50,767
429,74,783
409,75,785
392,56,785
389,36,780
391,35,778
396,48,781
400,60,779
401,65,769
401,72,755
397,82,747
390,95,737
383,111,733
377,129,738
371,148,742
361,158,739
352,163,731
333,168,720
315,172,711
309,174,700
300,178,683
280,183,669
257,183,657
248,182,644
241,180,635
234,179,632
224,179,628
219,178,631
224,178,638
235,181,648
246,178,661
256,177,671
262,186,685
263,197,702
260,206,717
259,209,733
262,209,755
270,210,777
279,212,794
292,218,807
306,223,823
320,228,831
327,237,837
332,242,842
341,247,845
341,249,847
332,252,851
313,247,854
290,242,852
271,244,848
251,249,837
234,255,827
221,254,818
228,251,812
232,250,813
224,253,817
225,264,825
230,274,834
234,281,844
231,286,857
227,291,870
226,298,884
220,310,898
214,318,912
209,323,928
207,328,938
204,329,942
208,334,943
204,342,938
202,351,932
196,358,924
192,364,913
186,367,907
180,367,901
176,366,898
177,372,899
181,375,904
193,390,917
208,406,929
221,425,940
225,435,949
231,426,961
237,417,969
243,419,980
255,435,988
265,437,995
265,432,1003
259,446,1007
251,470,1011
243,485,1016
240,482,1018
231,477,1016
212,476,1012
196,482,1003
182,492,997
164,495,986
154,492,970
147,494,953
147,497,936
145,493,927
152,500,924
162,511,927
180,522,923
205,525,926
225,521,932
247,517,932
257,520,931
256,519,925
255,516,922
249,521,914
240,528,904
232,526,893
222,521,879
213,515,866
207,512,853
208,516,839
213,521,832
219,520,826
228,521,822
232,521,816
230,517,807
226,503,784
216,485,751
254,488,740
287,513,747
289,530,743
291,539,737
294,544,748
293,545,773
305,557,786
312,569,798
312,578,805
311,583,805
300,591,809
296,596,798
291,589,790
284,586,796
261,605,789
245,620,782
243,623,770
249,615,753
254,611,730
257,607,706
263,608,687
272,610,669
285,608,654
293,607,644
302,605,631
309,602,619
311,600,606
312,597,593
321,598,584
329,602,575
325,606,571
327,613,565
327,618,568
326,618,571
331,618,575
328,620,581
318,623,588
306,631,596
294,638,606
283,645,617
274,647,627
265,647,641
259,650,651
257,654,655
258,661,650
267,669,643
280,674,631
287,675,624
293,673,620
292,672,614
287,669,608
286,668,598
279,665,581
277,659,565
273,649,549
264,640,532
249,636,515
227,631,494
216,625,476
217,623,459
220,622,447
223,627,434
231,622,417
247,620,399
264,617,377
279,615,353
291,612,335
289,607,310
274,596,284
256,574,262
240,552,237
221,520,210
202,485,174
182,447,132
157,414,88
132,381,40
101,344,-6
71,307,-57
43,269,-106
17,242,-159
-10,215,-208
-38,187,-253
-65,158,-299
-95,124,-339
-114,89,-379
-138,62,-404
-166,36,-428
-190,13,-444
-214,-10,-443
-236,-30,-442
-251,-47,-437
-265,-74,-420
-276,-95,-410
-278,-111,-400
-282,-130,-382
-287,-148,-351
-285,-162,-327
-276,-173,-308
-268,-181,-291
-259,-191,-268
-244,-204,-247
-232,-216,-233
-220,-226,-215
-205,-236,-201
-187,-254,-192
-162,-274,-185
-138,-292,-182
-118,-306,-177
-98,-324,-157
-73,-345,-127
-46,-367,-86
-13,-387,-44
28,-407,0
75,-424,46
122,-433,102
162,-436,165
198,-433,226
235,-429,291
275,-424,370
318,-427,457
363,-439,549
412,-451,640
461,-471,726
509,-479,818
559,-478,912
626,-476,1013
670,-494,1097
710,-531,1205
760,-566,1299
809,-589,1388
862,-610,1488
901,-626,1564
919,-622,1613
958,-598,1652
1041,-569,1691
1146,-544,1722
1230,-520,1762
1305,-495,1819
1364,-463,1881
1396,-424,1952
1420,-382,2036
1456,-347,2131
1476,-334,2224
1486,-328,2314
1506,-316,2405
1531,-296,2490
1545,-277,2564
1548,-259,2632
1531,-246,2709
1513,-241,2787
1520,-230,2863
1545,-222,2945
1577,-216,3016
1610,-205,3085
1639,-180,3150
1667,-144,3212
1705,-100,3278
1750,-62,3337
1809,-27,3391
1879,-1,3465
1937,10,3525
1977,19,3575
2007,36,3626
2034,61,3694
2053,71,3769
2060,60,3841
2050,35,3905
2019,4,3960
1972,-26,3992
1928,-57,3981
1884,-86,3939
1857,-124,3862
1835,-160,3759
1817,-188,3648
1813,-213,3541
1833,-248,3438
1836,-303,3344
1803,-370,3238
1753,-446,3116
1695,-520,2979
1626,-600,2827
1528,-686,2638
1402,-784,2422
1282,-876,2239
1158,-937,2049
1011,-961,1816
868,-973,1567
760,-986,1333
644,-1053,1116
403,-1060,768
287,-1054,547
253,-1019,244
157,-1025,-79
5,-1099,-400
-169,-1196,-701
-370,-1299,-963
-587,-1390,-1192
-766,-1428,-1429
-867,-1429,-1639
-966,-1427,-1803
-1037,-1488,-1848
-1137,-1646,-1877
-1355,-1830,-1975
-1576,-1929,-2036
-1613,-1936,-2101
-1510,-1929,-2163
-1421,-1945,-2188
-1402,-1961,-2180
-1416,-1969,-2131
-1453,-1987,-2059
-1473,-2007,-1962
-1424,-2003,-1865
-1423,-1970,-1765
-1312,-1909,-1702
-1229,-1846,-1617
-1176,-1805,-1540
-1101,-1776,-1470
-1020,-1746,-1402
-938,-1703,-1324
-870,-1645,-1229
-816,-1582,-1114
-771,-1523,-1002
-742,-1471,-878
-718,-1425,-753
-696,-1391,-636
-673,-1361,-515
-634,-1337,-387
-568,-1327,-260
-485,-1324,-140
-389,-1326,-30
-278,-1328,67
-157,-1322,172
-43,-1310,278
61,-1290,386
191,-1283,505
276,-1291,614
323,-1264,713
393,-1187,802
486,-1107,906
563,-1050,1006
611,-1016,1112
639,-976,1236
676,-919,1365
726,-854,1515
771,-787,1671
823,-717,1804
855,-642,1954
813,-525,2055
855,-405,2187
927,-308,2253
995,-196,2334
1080,-31,2421
1136,70,2580
1165,47,2665
1280,-15,2740
1487,-22,2841
1736,23,2971
1933,75,3154
2053,115,3340
2123,158,3528
2175,211,3677
2235,269,3773
2292,329,3872
2327,379,3982
2303,399,4097
2220,388,4219
2127,378,4384
2039,374,4520
1984,369,4632
1967,344,4714
1970,296,4785
1981,238,4847
2006,182,4880
2067,122,4894
2152,68,4884
2262,45,4825
2372,40,4736
2480,38,4641
2573,10,4541
2631,-48,4424
2674,-128,4302
2699,-217,4172
2685,-319,4031
2621,-443,3898
2524,-576,3743
2390,-707,3542
2208,-845,3334
1990,-989,3107
1753,-1121,2876
1509,-1237,2620
1279,-1331,2338
1056,-1400,2039
840,-1454,1737
700,-1501,1440
606,-1533,1147
523,-1538,876
485,-1511,726
504,-1467,616
496,-1413,479
403,-1368,252
195,-1343,-34
-56,-1373,-258
-322,-1467,-501
-584,-1552,-901
-838,-1533,-1278
-1030,-1410,-1573
-1138,-1272,-1835
-1185,-1235,-2027
-1241,-1347,-2120
-1320,-1542,-2199
-1367,-1732,-2259
-1331,-1836,-2302
-1291,-1862,-2308
-1348,-1879,-2299
-1505,-1914,-2274
-1669,-1922,-2201
236,538,861
237,519,859
241,500,859
248,477,860
253,458,856
249,452,854
241,463,846
231,481,840
224,503,833
221,520,831
220,532,836
219,531,842
226,532,834
226,518,856
229,513,864
233,512,864
236,514,863
235,520,856
231,524,855
228,526,850
225,526,847
225,524,850
229,519,848
233,514,845
236,510,842
237,508,833
236,506,827
235,505,816
231,507,809
228,510,803
228,515,802
230,518,804
231,518,805
231,514,809
228,510,811
226,506,814
225,508,813
225,510,813
224,514,815
224,515,818
222,514,822
218,510,823
215,504,822
208,499,820
201,498,818
196,498,815
194,499,810
195,503,809
201,506,814
210,507,818
218,506,823
218,505,826
215,502,830
207,500,827
202,497,825
199,497,823
196,498,818
193,500,814
193,503,812
196,506,813
200,507,820
205,507,826
209,505,832
210,502,839
209,500,841
207,498,838
203,499,837
199,500,832
197,502,829
195,503,830
197,504,831
200,504,835
205,501,838
205,501,838
204,500,838
203,500,837
199,499,840
198,500,843
196,502,843
198,501,844
196,500,844
195,499,843
192,499,841
192,499,840
194,500,839
193,502,839
195,502,839
197,502,841
199,502,843
201,503,843
202,501,843
203,501,843
203,502,841
203,506,840
205,509,839
206,513,838
205,514,837
205,513,837
205,514,837
206,513,839
206,513,840
205,516,842
203,517,840
202,517,839
201,517,837
201,515,835
202,514,834
201,512,837
199,511,840
200,511,839
205,511,839
208,511,836
209,509,835
208,507,832
209,505,829
210,503,828
212,505,829
216,507,828
220,507,829
221,508,827
222,509,828
224,509,825
226,510,823
225,511,822
226,515,823
228,521,826
228,524,826
230,527,825
229,527,826
229,528,825
227,526,825
228,526,824
228,527,823
231,529,825
234,531,827
238,532,823
242,531,821
241,530,819
238,527,817
236,526,816
235,524,815
238,524,816
241,524,819
245,524,822
249,524,820
249,523,818
247,521,817
244,522,814
241,522,812
239,523,811
235,525,811
234,526,810
232,525,811
230,524,810
227,523,810
223,524,809
220,526,808
220,530,808
221,534,807
224,535,809
230,536,810
236,533,811
236,529,810
234,529,808
231,529,805
231,530,804
236,530,804
244,532,803
250,530,800
252,527,798
248,525,797
244,524,797
245,525,800
248,524,803
254,525,808
258,524,812
260,522,813
259,520,815
254,519,814
251,520,813
246,519,813
240,521,812
236,521,815
233,522,816
236,519,819
238,516,821
237,515,820
234,513,819
230,512,818
225,512,816
223,513,817
226,515,818
228,514,820
230,514,819
231,512,818
230,511,817
230,512,817
231,514,816
233,517,818
233,519,819
232,519,821
230,519,820
228,520,820
228,519,821
229,521,823
232,521,825
233,520,828
231,518,828
228,516,829
225,513,830
223,512,832
222,511,830
222,510,829
223,510,831
220,510,826
219,507,825
219,507,824
222,507,821
224,507,818
225,504,781
239,526,790
228,521,800
224,495,768
256,490,757
293,510,779
298,528,796
274,534,806
254,537,815
253,544,825
264,561,829
274,579,829
273,582,829
261,565,827
252,539,827
250,521,822
256,515,813
# balls=5,catches=9,detected=5,sampleRate=200,timestamp=1781212608,countMode=watch_hand
x,y,z
598,419,650
589,419,652
582,421,655
576,423,658
574,426,658
573,428,661
575,428,664
580,426,668
584,423,674
587,419,674
593,416,672
601,413,673
607,413,672
610,412,670
610,414,670
610,413,669
605,411,667
597,408,668
589,405,670
586,406,673
585,406,680
586,404,687
589,404,696
592,398,704
592,392,711
592,387,718
590,383,726
588,379,731
587,378,738
584,377,746
578,377,752
571,379,756
564,381,760
560,385,764
559,389,766
561,389,768
562,386,769
559,381,767
558,374,763
556,369,757
553,363,753
550,359,750
551,358,748
557,360,750
561,361,751
563,361,750
562,358,750
559,354,751
562,350,755
569,348,760
580,349,767
590,351,772
595,354,778
598,355,784
593,355,791
585,353,794
577,348,794
572,344,795
567,341,797
559,337,798
549,332,798
537,324,796
527,318,792
523,314,786
523,312,783
527,312,785
528,308,787
526,303,785
517,296,783
506,288,788
499,282,800
505,279,809
516,276,812
528,275,816
537,272,817
539,269,815
533,266,813
522,262,811
514,257,814
508,249,820
502,239,826
498,227,831
489,213,831
476,199,831
469,186,836
467,175,846
461,165,856
452,155,868
440,149,879
429,148,883
420,153,889
418,161,896
423,173,899
436,182,894
449,196,887
451,210,884
449,227,886
447,245,890
457,261,898
477,271,911
498,274,921
517,274,928
521,271,936
520,269,930
520,271,918
525,274,907
533,278,901
549,280,891
566,282,878
585,280,870
601,284,861
614,295,853
624,311,845
629,325,837
630,336,827
630,343,810
630,350,791
630,362,778
633,381,767
639,400,757
637,417,751
625,425,742
607,424,734
593,425,728
586,428,726
583,432,725
583,434,720
591,434,712
602,433,703
614,434,693
625,438,682
636,441,675
640,437,665
637,434,659
638,432,648
640,436,639
642,442,629
644,446,618
644,449,608
645,449,597
643,450,586
639,453,578
638,460,574
638,466,574
636,470,581
635,473,587
633,477,593
623,477,599
630,499,623
625,539,594
534,540,550
439,468,525
444,376,479
519,365,384
569,445,291
592,510,236
620,491,201
658,406,183
692,319,190
719,283,217
745,293,246
765,324,290
768,351,341
755,366,392
735,368,447
718,365,508
701,367,565
672,375,628
645,383,691
631,382,753
628,369,804
624,354,849
610,344,879
596,343,894
587,347,900
586,347,903
588,345,896
590,344,889
592,348,882
598,354,876
601,357,857
598,356,845
592,359,840
593,363,842
611,363,843
627,358,846
620,352,848
589,358,828
554,379,799
537,388,786
537,366,785
536,329,796
535,313,816
536,326,842
535,351,867
532,370,886
523,377,909
527,382,924
544,390,938
555,396,956
560,395,972
570,400,980
579,411,987
577,410,996
565,397,998
561,383,998
562,380,986
563,384,952
565,391,916
570,397,888
566,391,872
544,370,870
514,347,872
489,332,882
469,331,902
461,333,918
467,329,935
482,324,943
502,326,952
527,333,968
554,341,994
571,349,1025
576,357,1057
567,365,1086
546,374,1106
521,377,1119
497,378,1126
476,381,1128
457,386,1130
439,393,1130
422,395,1123
407,395,1117
394,393,1105
391,387,1087
400,379,1059
408,370,1041
421,359,1023
423,358,985
403,370,959
378,383,944
367,393,931
372,398,913
366,395,894
345,396,878
313,402,867
291,406,857
287,399,852
293,390,859
294,379,874
283,370,895
271,361,926
261,351,952
256,337,976
258,324,1002
260,309,1020
254,296,1034
238,284,1043
224,278,1044
213,276,1036
203,275,1028
195,275,1014
191,275,996
190,274,973
195,278,955
206,279,937
213,272,921
207,264,903
196,264,891
189,267,890
188,266,890
194,255,887
204,245,888
214,241,894
224,238,899
229,237,896
235,235,890
245,237,891
265,245,896
288,257,911
297,270,923
298,275,926
293,273,920
294,269,916
289,268,917
293,275,910
302,286,907
305,295,908
299,299,900
287,305,890
282,312,884
290,319,874
305,325,863
313,326,851
315,324,837
315,322,825
316,325,816
319,331,812
329,340,809
336,346,806
335,347,799
327,344,790
316,342,782
304,343,779
297,349,774
291,356,769
278,358,768
259,358,770
237,356,775
213,360,781
196,366,789
182,374,801
175,378,809
168,381,815
163,380,820
168,380,823
180,381,823
194,385,822
210,391,822
225,397,823
236,402,824
244,404,822
249,405,818
259,405,815
269,408,809
280,410,798
284,416,788
284,419,780
279,423,776
275,424,772
269,426,770
262,425,768
254,426,768
242,430,768
226,432,769
212,434,771
203,436,775
199,442,780
198,446,788
197,450,795
193,454,798
192,454,800
190,456,801
188,457,803
189,460,805
191,465,803
199,470,802
208,472,802
213,474,802
216,474,800
217,475,795
214,474,790
216,476,784
220,477,776
223,478,771
230,479,765
237,480,758
245,479,756
250,480,753
256,481,750
256,484,749
256,487,749
254,492,749
252,495,749
251,497,750
250,500,752
252,500,756
254,504,759
256,506,764
254,508,770
252,511,776
252,513,784
252,514,789
251,515,793
246,512,795
240,510,795
235,512,794
236,515,795
236,520,793
239,524,789
245,525,784
252,527,782
259,528,779
267,529,776
274,530,772
276,531,770
276,533,769
277,534,767
278,534,766
279,534,764
277,534,767
274,535,773
269,536,777
267,537,781
267,539,788
270,540,793
271,539,796
269,537,796
269,535,794
271,534,792
275,534,792
277,536,791
279,538,790
278,538,791
279,537,795
279,537,799
279,536,802
281,534,802
283,533,802
281,532,801
279,533,800
276,533,799
273,533,799
274,535,799
277,536,798
277,538,794
277,539,791
280,543,789
284,542,790
290,543,791
293,542,795
293,540,796
292,540,797
291,540,798
291,540,798
287,540,798
282,539,797
277,538,799
273,536,799
271,536,802
270,538,802
269,538,803
271,540,804
271,538,806
271,536,805
271,533,806
271,529,805
273,527,804
273,526,802
273,528,801
273,529,797
272,530,795
269,532,793
267,533,792
268,535,793
267,534,794
266,534,795
264,533,795
264,531,794
263,532,795
262,533,790
265,534,792
268,537,793
267,537,796
264,535,799
262,535,799
259,532,802
256,533,802
254,534,801
255,537,804
259,537,807
260,535,810
260,531,808
258,528,807
258,527,803
260,529,801
264,531,799
265,530,797
263,527,797
260,525,796
256,524,796
256,523,794
255,526,794
256,529,793
259,531,792
262,533,792
267,534,794
271,536,794
275,536,797
279,537,800
281,536,801
282,536,804
280,536,805
279,539,805
277,539,805
277,541,805
274,541,806
270,541,805
268,541,804
268,540,805
267,540,805
265,539,806
263,539,806
263,541,808
263,541,809
264,539,810
262,538,810
260,537,810
260,538,810
259,539,814
260,540,815
261,540,816
260,538,817
260,535,816
262,533,815
262,533,815
263,534,814
261,533,814
262,533,815
262,531,815
263,530,814
262,529,812
263,529,812
264,529,814
263,530,814
259,528,815
255,527,815
254,528,815
254,529,813
255,529,814
258,529,816
258,527,819
258,525,819
257,523,817
256,521,816
258,521,812
259,521,810
261,521,809
261,521,804
259,520,801
256,520,801
252,522,800
253,523,800
255,525,798
257,526,800
260,527,803
262,528,805
265,526,806
267,526,807
267,526,807
265,526,807
263,529,807
262,530,807
262,531,808
264,531,809
264,530,809
265,528,811
264,524,810
264,524,807
265,522,807
263,522,805
264,525,804
264,528,805
265,529,808
263,527,808
260,523,809
259,519,805
259,518,804
262,519,802
266,521,804
268,523,806
270,525,808
270,526,811
268,523,814
270,520,816
268,520,815
269,520,814
271,522,812
271,523,813
271,525,814
270,524,813
269,523,811
269,523,811
269,526,809
271,528,807
274,530,807
274,531,808
272,531,808
268,529,808
266,529,811
264,528,812
265,529,811
267,529,811
269,530,812
270,530,815
271,528,816
274,528,817
277,527,819
280,526,818
282,527,818
285,528,817
286,530,816
287,532,814
286,531,814
285,533,814
283,535,815
284,537,817
283,538,821
282,540,821
280,543,826
277,542,831
275,543,835
272,543,839
271,543,843
273,542,844
275,542,845
277,543,847
277,544,851
273,544,851
273,543,847
272,544,847
277,545,847
280,547,847
284,548,849
282,549,847
280,551,848
279,554,849
275,555,847
274,555,848
281,557,844
283,557,842
276,559,846
267,561,848
264,568,843
270,575,834
275,582,827
279,582,822
283,579,822
295,578,819
319,579,823
322,577,837
300,572,836
285,572,834
301,584,840
331,600,848
347,614,859
343,623,867
329,628,872
317,631,864
314,635,860
313,639,857
305,645,855
294,650,851
285,654,847
282,656,842
285,660,836
290,662,829
290,664,821
288,665,809
288,666,794
293,673,788
303,678,783
308,681,779
309,684,778
309,688,777
315,692,775
321,693,779
325,689,786
326,684,796
322,680,807
319,681,819
322,685,829
325,687,833
328,688,834
330,686,837
339,685,834
354,686,829
364,688,825
362,689,817
354,685,809
348,680,799
350,679,789
352,677,780
349,672,770
344,669,762
347,666,774
356,663,764
362,665,756
360,669,756
358,672,762
363,674,771
370,676,780
371,676,787
367,675,790
364,676,795
363,678,792
366,680,795
364,681,799
357,682,802
352,683,805
355,688,808
368,699,808
383,710,809
390,718,809
388,723,806
385,723,802
385,718,796
388,712,788
391,712,780
391,713,773
386,713,766
379,712,757
373,710,750
371,707,742
365,698,731
356,693,722
346,689,710
329,683,696
311,679,679
293,672,658
275,668,640
261,665,620
249,665,604
237,664,589
224,659,571
219,654,552
218,648,537
214,639,526
215,632,496
226,618,461
232,593,424
227,559,374
220,525,318
213,488,264
202,455,213
185,420,160
166,386,111
146,353,64
122,327,15
86,302,-27
46,278,-68
6,250,-109
-37,218,-148
-82,183,-175
-124,151,-195
-157,124,-209
-188,97,-217
-217,66,-227
-238,37,-236
-248,6,-242
-259,-33,-247
-277,-75,-250
-285,-114,-255
-279,-149,-253
-254,-180,-251
-228,-213,-252
-213,-239,-258
-199,-256,-257
-185,-274,-256
-174,-301,-260
-166,-323,-263
-148,-340,-252
-119,-351,-231
-98,-361,-208
-96,-374,-188
-94,-388,-176
-85,-403,-160
-73,-416,-141
-61,-427,-121
-47,-433,-101
-33,-436,-76
-16,-437,-42
-3,-440,-6
1,-447,35
5,-457,81
14,-468,125
28,-476,171
43,-486,210
58,-497,243
74,-507,277
96,-518,320
129,-521,377
171,-526,451
213,-541,530
257,-565,602
301,-587,670
345,-603,742
389,-609,813
432,-604,870
477,-593,927
527,-579,985
578,-577,1053
625,-592,1134
666,-622,1219
706,-652,1291
745,-675,1354
789,-683,1405
839,-681,1451
892,-681,1500
934,-680,1553
964,-677,1609
988,-678,1667
1020,-681,1725
1061,-679,1785
1104,-667,1841
1139,-644,1906
1173,-616,1976
1219,-591,2055
1262,-575,2142
1299,-557,2227
1329,-528,2303
1340,-496,2380
1344,-466,2450
1356,-438,2510
1384,-413,2573
1425,-391,2643
1472,-365,2720
1520,-341,2797
1567,-321,2869
1618,-300,2927
1663,-276,2976
1694,-248,3017
1709,-224,3048
1713,-200,3083
1713,-174,3114
1715,-149,3149
1717,-129,3183
1712,-117,3232
1690,-116,3276
1664,-119,3328
1653,-116,3379
1657,-103,3423
1656,-88,3465
1641,-84,3511
1627,-96,3575
1624,-118,3651
1625,-141,3712
1624,-154,3748
1611,-161,3759
1581,-176,3757
1541,-205,3745
1508,-238,3712
1493,-261,3666
1507,-270,3623
1529,-284,3586
1548,-316,3545
1546,-365,3487
1517,-421,3393
1471,-467,3278
1428,-498,3154
1384,-532,3025
1338,-578,2896
1295,-634,2760
1243,-695,2618
1179,-762,2445
1109,-829,2225
1048,-891,2074
980,-943,1900
875,-969,1701
773,-974,1527
711,-970,1408
647,-994,1289
549,-1054,1122
420,-1122,873
284,-1169,537
149,-1177,153
11,-1164,-228
-112,-1155,-543
-200,-1199,-798
-263,-1335,-1071
-368,-1562,-1333
-500,-1812,-1550
-643,-1934,-1759
-774,-1951,-1904
-883,-1995,-1976
-1023,-2118,-2038
-1195,-2239,-2121
-1324,-2294,-2179
-1405,-2296,-2203
-1480,-2311,-2194
-1561,-2349,-2173
-1628,-2401,-2148
-1659,-2437,-2107
-1659,-2433,-2057
-1645,-2393,-2018
-1618,-2333,-1991
-1573,-2277,-1957
-1522,-2225,-1914
-1466,-2175,-1849
-1411,-2118,-1754
-1363,-2046,-1649
-1306,-1959,-1534
-1228,-1872,-1411
-1150,-1789,-1285
-1082,-1715,-1145
-1016,-1644,-993
-940,-1582,-841
-856,-1530,-691
-764,-1486,-546
-678,-1450,-411
-605,-1422,-292
-541,-1397,-172
-484,-1379,-47
-432,-1373,65
-380,-1375,151
-323,-1369,231
-250,-1346,316
-158,-1319,418
-43,-1306,538
77,-1292,654
229,-1331,811
297,-1364,1019
341,-1273,1201
477,-1103,1350
592,-985,1450
700,-943,1551
825,-918,1648
915,-855,1756
935,-731,1903
969,-604,2040
1022,-523,2167
1057,-470,2278
1089,-392,2349
1133,-285,2403
1204,-212,2531
1262,-167,2603
1285,-18,2674
1383,158,2822
1485,216,2896
1543,175,2939
1609,139,3037
1779,148,3157
2010,158,3298
2165,167,3479
2220,208,3649
2281,281,3787
2346,349,3922
2370,385,4040
2349,363,4108
2243,301,4125
2213,257,4211
2246,219,4393
2232,166,4550
2253,141,4634
2328,159,4654
2362,168,4667
2352,140,4699
2323,63,4747
2327,-33,4738
2326,-93,4690
2311,-113,4619
2329,-109,4510
2366,-114,4390
2389,-142,4285
2378,-193,4190
2361,-256,4070
2339,-329,3940
2330,-411,3832
2312,-501,3732
2261,-596,3617
2188,-697,3450
2093,-810,3253
1953,-932,3039
1786,-1050,2831
1618,-1147,2607
1473,-1225,2368
1359,-1304,2120
1239,-1392,1852
1076,-1482,1588
867,-1555,1284
683,-1596,967
560,-1607,715
480,-1592,536
396,-1543,358
258,-1464,154
-6,-1396,-75
-399,-1364,-334
-757,-1385,-534
-919,-1420,-807
-962,-1430,-1046
-1024,-1346,-1264
-1181,-1193,-1466
-1394,-1079,-1616
-1569,-1109,-1768
-1670,-1266,-1827
-1720,-1454,-1852
-1751,-1569,-1873
-1774,-1577,-1877
-1782,-1541,-1858
-1788,-1533,-1851
-1843,-1570,-1843
-1927,-1622,-1830
-1971,-1664,-1810
-1958,-1693,-1756
-1917,-1707,-1672
-1876,-1697,-1564
-1820,-1668,-1456
-1745,-1632,-1342
-1665,-1594,-1227
-1551,-1537,-1105
-1409,-1478,-996
-1267,-1428,-895
-1139,-1393,-796
-1019,-1362,-703
-899,-1326,-613
-775,-1280,-526
-662,-1228,-440
-552,-1174,-352
-442,-1122,-268
-337,-1076,-191
-244,-1036,-119
-165,-1003,-53
-93,-973,11
-28,-953,65
28,-937,115
81,-923,174
121,-911,236
157,-903,276
178,-896,337
196,-865,401
245,-824,467
299,-782,541
335,-753,609
356,-739,691
385,-737,783
430,-745,868
495,-757,965
549,-766,1074
582,-763,1184
595,-745,1284
605,-716,1377
624,-681,1457
668,-647,1547
735,-619,1631
812,-599,1696
894,-586,1745
989,-573,1787
1101,-546,1824
1217,-506,1860
1324,-461,1895
1421,-406,1927
1517,-345,1961
1621,-277,2006
1732,-208,2068
1836,-145,2138
1905,-93,2183
1930,-43,2233
1916,11,2354
1881,80,2475
1873,148,2572
1859,191,2675
1818,197,2759
1796,177,2840
1787,142,2924
1780,101,2985
1765,56,3045
1738,7,3120
1690,-53,3164
1631,-116,3189
1568,-159,3215
1552,-188,3232
1595,-210,3236
1653,-235,3254
1742,-274,3313
1779,-314,3376
1714,-335,3418
1692,-352,3459
1745,-380,3487
1740,-378,3511
1752,-381,3534
1805,-401,3560
1890,-446,3585
1992,-506,3604
2083,-580,3616
2148,-666,3639
2186,-767,3680
2205,-881,3699
2209,-1000,3675
2182,-1118,3611
2125,-1230,3505
2060,-1326,3387
1999,-1410,3249
1942,-1474,3078
1883,-1513,2866
1825,-1527,2640
1766,-1519,2405
1700,-1492,2165
1643,-1457,1938
1590,-1423,1734
1543,-1404,1590
1503,-1406,1524
1427,-1421,1444
1331,-1443,1332
1242,-1454,1143
1176,-1429,866
1145,-1354,549
1136,-1236,285
1134,-1117,151
1152,-1062,71
1156,-1080,12
1102,-1109,7
1045,-1097,39
956,-1022,73
838,-921,50
708,-820,-12
598,-728,-205
471,-673,-516
269,-698,-822
24,-816,-1149
-195,-1010,-1487
-345,-1203,-1756
-438,-1332,-1918
-519,-1384,-2020
-617,-1388,-2061
-726,-1405,-2072
-771,-1427,-2049
-745,-1451,-2000
-728,-1477,-1937
-792,-1505,-1874
-924,-1542,-1794
-1045,-1574,-1715
-1092,-1594,-1627
-1087,-1597,-1522
-1087,-1585,-1400
-1116,-1552,-1272
-1156,-1497,-1120
-1168,-1429,-956
-1145,-1366,-793
-1104,-1325,-639
-1053,-1308,-497
-990,-1306,-360
-935,-1306,-223
-917,-1299,-105
-918,-1283,-10
-916,-1263,75
-919,-1237,166
-928,-1208,252
-933,-1175,335
-940,-1136,405
-960,-1088,473
-987,-1031,539
-1009,-969,594
-1015,-908,634
-1005,-849,663
-985,-792,681
-978,-745,689
-982,-701,695
-968,-640,706
-941,-561,721
-910,-476,739
-932,-405,400
-1029,-158,-260
-1481,-43,-1136
-1692,-44,351
-1216,-189,716
-434,-580,379
207,-982,574
380,-1106,804
254,-816,999
118,-362,1014
76,23,1045
138,253,1151
265,293,1203
390,170,1211
465,-19,1229
521,-159,1265
604,-170,1285
686,-59,1301
720,89,1327
711,196,1347
694,233,1340
686,220,1315
691,189,1299
706,170,1292
748,179,1302
826,209,1328
933,250,1371
1058,283,1422
1182,299,1482
1287,295,1557
1378,277,1648
1460,251,1759
1523,225,1884
1568,203,2013
1613,189,2129
1676,178,2226
1733,156,2292
1767,121,2336
1776,84,2376
1771,51,2431
1752,19,2502
1708,-10,2553
1643,-36,2592
1583,-56,2612
1550,-52,2626
1553,-21,2639
1579,17,2652
1609,48,2681
1630,57,2750
1633,40,2824
1613,8,2888
1596,-25,2943
1594,-41,2978
1596,-50,3022
1550,-55,3095
1508,-67,3169
1504,-93,3251
1545,-135,3329
1602,-188,3375
1671,-253,3400
1767,-319,3405
1879,-374,3427
1986,-420,3454
2062,-449,3473
2106,-463,3492
2119,-480,3479
2107,-497,3460
2093,-529,3432
2081,-585,3422
2081,-667,3441
2109,-768,3462
2121,-899,3469
2150,-1032,3436
2195,-1152,3354
2239,-1249,3266
2261,-1326,3182
2269,-1397,3103
2260,-1467,2994
2247,-1525,2846
2214,-1566,2654
2137,-1583,2418
2029,-1580,2176
1912,-1557,1902
1799,-1516,1662
1682,-1468,1462
1569,-1429,1288
1469,-1410,1140
1369,-1415,1015
1237,-1426,846
1118,-1443,689
1016,-1443,423
930,-1414,162
847,-1352,-26
714,-1238,-277
532,-1117,-390
374,-1051,-380
245,-1030,-310
106,-1009,-147
22,-931,20
0,-765,16
-5,-523,-93
-95,-279,-310
-301,-141,-613
-517,-158,-974
-690,-305,-1355
-805,-514,-1671
-849,-702,-1899
-828,-825,-2023
-769,-885,-2050
-709,-897,-1990
-692,-887,-1845
-707,-860,-1685
-715,-833,-1535
-706,-823,-1403
-691,-843,-1273
-693,-910,-1172
-737,-1021,-1082
-795,-1153,-1009
-841,-1279,-926
-877,-1362,-837
-909,-1383,-767
-924,-1356,-713
-928,-1310,-644
-929,-1265,-566
-900,-1234,-490
-831,-1222,-393
-738,-1218,-283
-639,-1201,-197
-559,-1162,-123
-487,-1100,-77
-434,-1027,-56
-432,-960,-33
-482,-896,-12
-551,-830,0
-593,-757,1
-592,-681,2
-550,-619,-11
-472,-568,-21
-410,-521,-9
-374,-476,-8
-338,-432,-1
-296,-386,14
-230,-346,40
-153,-319,77
-86,-314,109
-39,-332,145
-6,-365,182
12,-396,220
12,-418,258
-12,-435,287
-58,-452,318
-113,-476,360
-175,-503,465
-318,-302,826
-2271,-460,-2428
-4279,-1100,-798
-3080,-1250,619
-2,-1257,30
1683,-1212,163
1853,-1263,485
924,-1445,651
-347,-1450,851
-1019,-1189,1115
-954,-816,1389
-541,-519,1543
-117,-388,1656
221,-437,1738
459,-603,1756
541,-813,1661
519,-989,1602
487,-1044,1635
568,-939,1717
708,-743,1733
838,-572,1474
939,-478,1611
1049,-395,1758
1165,-282,1746
1208,-160,1674
1145,-54,1646
1021,29,1747
900,70,1794
838,78,1835
879,66,1904
1048,48,1915
1302,46,1883
1576,64,1874
1815,93,1925
2014,124,2005
2084,142,2124
2023,142,2248
1855,117,2358
1654,74,2465
1499,32,2587
1411,-8,2719
1378,-53,2858
1366,-106,2993
1364,-166,3095
1375,-221,3153
1403,-266,3164
1450,-311,3151
1505,-349,3164
1547,-372,3197
1571,-378,3223
1590,-359,3264
1631,-312,3290
1712,-259,3300
1848,-204,3310
2007,-159,3316
2163,-124,3332
2314,-103,3335
2453,-82,3343
2571,-48,3364
2652,-16,3405
2684,-19,3473
2668,-83,3561
2626,-219,3668
2588,-391,3788
2567,-562,3890
2559,-708,3946
2554,-831,3952
2546,-937,3897
2528,-1037,3775
2486,-1115,3603
2436,-1171,3402
2404,-1205,3182
2398,-1219,2936
2410,-1225,2689
2409,-1228,2437
2371,-1224,2199
2302,-1213,1962
2210,-1206,1731
2093,-1204,1519
1923,-1199,1281
1716,-1191,1043
1492,-1193,815
1282,-1224,647
1078,-1292,539
899,-1406,464
808,-1508,266
794,-1577,-23
737,-1558,-404
572,-1440,-396
373,-1354,-183
132,-1339,-44
-116,-1341,108
-213,-1301,42
-158,-1206,-201
-70,-1067,-648
-164,-982,-1271
-480,-1113,-1788
-748,-1462,-2145
-731,-1845,-2331
-555,-2173,-2310
-488,-2408,-2203
-639,-2540,-2115
-885,-2607,-2023
-1076,-2670,-1932
-1233,-2781,-1837
-1401,-2912,-1749
-1585,-2948,-1701
-1789,-2837,-1589
-1951,-2602,-1359
-2015,-2340,-1091
-1962,-2122,-856
-1828,-1953,-675
-1678,-1801,-510
-1556,-1644,-392
-1458,-1471,-323
-1352,-1304,-283
-1252,-1166,-273
-1170,-1041,-274
-1090,-899,-253
-1012,-732,-215
-810,-411,259
-1163,141,-340
-2092,129,-1916
-2526,-40,-2003
-2164,62,-1336
-1113,175,-953
-36,198,-770
631,42,-484
761,-190,-20
502,-396,296
222,-439,522
153,-285,613
323,-6,333
571,350,98
919,806,285
1164,1195,594
1146,1224,678
968,856,669
930,388,714
1117,89,880
1258,14,912
1230,123,860
1107,377,875
1011,662,843
942,855,760
826,897,687
753,812,626
841,679,600
1063,553,619
1302,448,645
1500,368,693
1692,319,842
1891,299,1061
2056,284,1280
2137,264,1483
2118,244,1668
2085,228,1857
2088,213,2048
2091,183,2233
2082,133,2386
2055,69,2496
1980,-3,2593
1860,-79,2698
1751,-156,2815
1667,-228,2915
1613,-281,2989
1607,-299,3045
1636,-279,3071
1659,-236,3092
1661,-198,3152
1667,-187,3215
1688,-210,3297
1712,-262,3424
1740,-334,3549
1782,-401,3657
1845,-446,3745
1932,-480,3810
2008,-495,3847
2055,-513,3889
2050,-548,3930
2009,-604,3970
1969,-674,4005
1952,-751,4029
1958,-828,4032
1964,-909,4018
1958,-1002,3987
1937,-1098,3939
1911,-1193,3869
1888,-1282,3770
1883,-1363,3646
1877,-1435,3527
1864,-1501,3411
1846,-1560,3293
1829,-1621,3190
1804,-1688,3084
1771,-1759,2947
1740,-1821,2790
1726,-1878,2615
1714,-1917,2414
1699,-1947,2191
1689,-1984,1990
1653,-2029,1822
1542,-2077,1667
1395,-2118,1518
1244,-2134,1329
1107,-2129,1124
981,-2098,880
831,-2021,523
656,-1917,148
493,-1821,-61
333,-1757,-267
136,-1722,-484
-106,-1694,-553
-375,-1618,-443
-569,-1447,-329
-641,-1155,-325
-664,-780,-375
-701,-428,-572
-794,-226,-978
-957,-220,-1497
-1173,-391,-1964
-1362,-668,-2299
-1400,-926,-2516
-1273,-1082,-2573
-1079,-1138,-2487
-961,-1150,-2342
-963,-1168,-2232
-1042,-1252,-2099
-1056,-1357,-1936
-947,-1461,-1798
-819,-1564,-1682
-845,-1644,-1571
-1041,-1672,-1477
-1259,-1651,-1343
-1338,-1605,-1136
-1277,-1575,-904
-1194,-1588,-695
-1164,-1618,-523
-1135,-1617,-399
-1070,-1576,-349
-993,-1511,-357
-916,-1438,-369
-834,-1357,-374
-737,-1263,-392
-658,-1156,-391
-602,-1039,-370
-554,-908,-334
-500,-777,-277
-441,-657,-201
-373,-555,-127
-315,-467,-39
-285,-394,59
-302,-342,143
-355,-304,202
-424,-274,247
-489,-241,290
-546,-199,332
-597,-160,373
-640,-124,424
-676,-77,737
-678,210,951
-634,247,-945
-574,146,-884
-831,11,-433
-1432,-225,-616
-1670,-362,-181
-1357,-494,367
-750,-615,489
-199,-732,599
209,-831,892
420,-890,1217
497,-890,1336
595,-795,1507
739,-621,1570
854,-379,1082
962,-121,928
1116,102,1568
1210,227,2185
1156,225,2295
1135,182,2274
1071,112,2206
913,59,2180
775,58,2224
798,110,2268
980,188,2296
1159,259,2331
1259,301,2360
1300,327,2373
1354,373,2354
1458,441,2334
1593,513,2304
1712,549,2301
1857,584,2304
2027,610,2339
2194,617,2455
2318,592,2606
2372,534,2764
2362,456,2938
2288,369,3102
2154,282,3259
1979,208,3426
1808,142,3559
1678,61,3650
1607,-44,3728
1597,-161,3771
1629,-266,3802
1683,-345,3824
1738,-407,3837
1791,-463,3836
1852,-511,3822
1911,-555,3807
1960,-590,3784
2013,-618,3772
2091,-643,3761
2202,-670,3741
2316,-705,3691
2398,-746,3638
2443,-798,3582
2458,-854,3506
2440,-913,3446
2406,-990,3364
2349,-1075,3255
2283,-1139,3135
2225,-1181,3008
2172,-1221,2837
2128,-1268,2629
2042,-1299,2423
1907,-1307,2205
1760,-1294,1979
1637,-1262,1758
1537,-1216,1538
1446,-1162,1330
1373,-1126,1159
1319,-1121,1032
1212,-1139,878
1053,-1172,787
901,-1205,620
790,-1186,350
695,-1077,-83
531,-858,-498
358,-648,-463
231,-501,-456
151,-382,-342
119,-244,-210
84,-67,-130
-12,148,-109
-172,382,-302
-294,614,-658
-359,805,-1067
-465,885,-1518
-694,809,-1920
-922,604,-2167
-973,379,-2287
-877,240,-2303
-806,253,-2215
-821,390,-2089
-834,548,-1957
-751,634,-1795
-615,597,-1639
-546,438,-1508
-589,221,-1409
-703,28,-1339
-808,-89,-1264
-841,-124,-1176
-801,-113,-1062
-735,-108,-927
-676,-142,-800
-621,-213,-678
-551,-292,-561
-466,-355,-473
-384,-405,-421
-311,-454,-405
-266,-499,-386
-243,-531,-356
-224,-550,-306
-217,-576,-250
-223,-627,-232
-255,-690,-251
-307,-740,-301
-349,-782,-321
-366,-814,-322
-370,-844,-312
-390,-865,-226
-423,-895,-111
-439,-945,21
-406,-993,133
-340,-1026,209
-250,-1055,255
-175,-1087,274
-140,-1119,282
-120,-1160,279
-85,-1209,266
-62,-1242,265
-58,-1255,303
-48,-1273,355
-25,-1315,411
12,-1357,461
41,-1392,507
75,-1470,341
-1551,-1609,-712
-5582,-2161,-2352
-2095,-1641,446
2682,-1540,869
3590,-2135,467
1278,-2221,1074
-633,-1698,1273
-659,-1168,1535
287,-985,1686
871,-1203,1624
598,-1444,1523
104,-1438,1464
-74,-1296,1401
-12,-1224,1331
48,-1292,1269
53,-1418,1193
18,-1510,1116
-18,-1541,1073
-31,-1521,1140
28,-1470,1108
187,-1404,989
411,-1352,863
643,-1356,692
789,-1425,545
854,-1538,458
810,-1657,487
645,-1709,511
594,-1694,583
667,-1650,691
762,-1591,754
800,-1475,807
715,-1271,878
587,-1024,983
486,-828,1123
407,-724,1286
345,-685,1452
290,-628,1600
235,-461,1762
172,-213,1900
155,-5,2020
254,87,2139
461,97,2228
687,120,2316
872,230,2405
996,355,2479
1105,412,2516
1246,420,2573
1394,460,2643
1519,576,2734
1599,745,2845
1633,914,2945
1608,1041,3048
1474,1109,3196
1339,1099,3383
1373,1018,3642
1555,883,3836
1729,722,3952
1821,597,4062
1858,546,4140
1870,538,4242
1845,551,4266
1934,565,4331
2013,628,4307
2077,646,4235
2136,642,4121
2237,625,4017
2366,574,4010
2423,412,4009
2439,289,4025
2434,277,4036
2353,270,4086
2208,194,4121
2064,42,4128
1973,-136,4132
1987,-297,4095
2106,-443,4022
2289,-586,3911
2477,-726,3754
2641,-844,3542
2753,-902,3279
2805,-904,3000
2769,-857,2704
2651,-789,2374
2496,-722,2059
2322,-673,1748
2162,-643,1427
2021,-627,1090
1876,-623,752
1731,-633,448
1558,-652,404
1306,-662,461
1032,-619,276
799,-497,-105
516,-210,-630
220,122,-549
173,302,-484
313,358,-501
509,321,-518
598,196,-659
364,-13,-994
-149,-249,-1444
-592,-437,-1863
-702,-526,-2151
-601,-545,-2388
-564,-585,-2541
-659,-702,-2618
-817,-881,-2650
-977,-1084,-2653
-1048,-1268,-2599
-1063,-1420,-2507
-1113,-1568,-2408
-1237,-1724,-2317
-1384,-1884,-2162
-1461,-2034,-1964
-1438,-2142,-1767
-1360,-2203,-1565
-1293,-2221,-1347
-1268,-2189,-1144
-1292,-2116,-944
-1343,-2030,-722
-1348,-1956,-513
-1226,-1913,-313
-989,-1912,-98
-775,-1896,125
-645,-1815,310
-504,-1681,405
-322,-1542,444
-124,-1425,448
62,-1314,410
229,-1196,372
397,-1057,360
545,-897,371
662,-722,396
777,-539,457
928,-364,546
1097,-201,644
1198,-45,717
1247,127,741
1334,315,742
1432,510,737
1477,697,728
1526,858,705
1591,979,705
1631,1054,722
1639,1088,747
1595,1092,790
1519,1070,810
1402,1029,837
1237,1010,845
1041,1025,868
826,1041,899
600,1018,915
343,951,944
62,871,997
-214,821,1072
-455,817,1157
-661,850,1214
-968,873,1677
-881,941,507
-416,1425,1042
-472,1495,64
-938,1307,-129
-2016,868,348
-2637,283,433
-2415,-218,987
-1886,-714,1590
-1425,-925,1945
-1118,-694,2252
-1058,-282,2420
-1116,9,2544
-1002,103,2562
-680,73,2569
-261,11,2579
178,-18,2621
568,-3,2663
811,49,2693
846,123,2692
752,220,2626
658,350,2529
672,503,2390
803,646,2228
936,741,2110
996,770,2016
972,750,1925
874,715,1884
735,688,1842
590,677,1785
460,673,1732
374,674,1706
343,671,1696
368,658,1708
422,635,1743
496,594,1781
582,532,1823
682,451,1840
780,362,1842
870,283,1841
941,226,1830
973,198,1813
981,198,1800
1002,224,1774
1055,254,1746
1131,281,1712
1202,311,1660
1231,343,1594
1199,370,1520
1134,396,1454
1059,413,1387
992,422,1316
940,424,1244
902,432,1181
873,438,1100
843,446,1029
810,457,982
790,472,939
794,485,896
819,498,859
834,502,841
815,494,822
787,473,800
787,453,772
822,438,733
886,429,709
940,422,715
969,402,718
978,369,716
964,336,724
921,300,741
868,270,727
797,263,695
717,269,662
627,277,619
540,270,572
474,241,492
411,196,432
332,141,393
303,98,340
326,74,333
364,40,329
395,1,335
399,-30,368
396,-66,423
410,-118,485
425,-176,529
436,-234,545
463,-298,558
509,-373,579
546,-446,606
549,-511,633
527,-556,649
506,-584,669
468,-610,694
403,-646,737
335,-715,713
167,-764,732
-1166,270,-177
-3024,167,-1335
-3424,-576,268
-2400,-634,-1541
-671,-694,-1785
775,-995,-640
1572,-1443,-329
1946,-1957,-325
2039,-2218,170
1875,-2073,445
1691,-1638,679
1618,-1129,930
1453,-676,1083
1059,-384,1176
585,-321,1337
291,-476,1420
242,-750,1421
406,-984,1410
628,-1088,1380
701,-1054,1276
654,-917,1117
600,-744,944
551,-598,782
483,-514,667
382,-484,572
264,-483,507
184,-477,468
202,-446,443
307,-384,448
432,-302,462
543,-210,481
649,-125,508
748,-71,543
820,-50,580
854,-53,615
871,-65,647
870,-70,670
836,-56,663
787,-24,649
735,13,637
684,33,626
638,35,617
611,26,614
581,15,620
542,0,621
505,-3,615
466,18,613
421,70,612
389,144,610
379,215,599
393,272,592
421,310,595
449,332,614
472,348,640
492,369,664
512,403,687
529,451,711
545,503,731
565,549,748
592,577,768
627,585,777
662,574,781
694,549,789
717,529,795
721,521,795
707,538,788
684,575,781
660,621,780
632,654,788
598,667,805
568,661,824
546,645,853
529,633,884
516,633,911
511,651,932
518,676,945
540,700,956
567,715,972
597,718,993
629,712,1014
667,697,1036
705,680,1058
739,666,1074
774,659,1081
810,660,1088
836,671,1092
851,689,1100
857,705,1104
855,712,1113
849,710,1117
842,699,1119
829,682,1120
815,660,1122
800,641,1120
790,632,1120
782,627,1130
776,628,1141
764,630,1160
740,623,1181
712,608,1202
688,586,1219
672,559,1230
665,535,1236
658,520,1235
648,511,1234
628,505,1230
608,501,1221
590,495,1214
579,487,1204
578,481,1196
597,481,1188
627,479,1180
652,475,1178
649,466,1187
624,444,1194
596,420,1196
569,395,1193
541,382,1183
514,376,1171
496,374,1165
489,375,1152
485,372,1142
480,356,1145
472,326,1141
458,286,1145
430,245,1149
396,211,1140
354,182,1144
316,149,1164
309,115,1177
333,80,1184
370,44,1206
398,-4,1266
413,-73,1312
428,-154,1346
460,-220,1385
506,-257,1432
558,-279,1495
599,-305,1560
610,-355,1620
605,-416,1650
603,-449,1691
609,-450,1712
606,-444,1715
566,-464,1720
519,-497,1707
486,-517,1674
403,-528,1632
370,-513,1588
369,-492,1544
356,-479,1497
323,-463,1460
298,-447,1487
-133,-763,2254
-407,-75,-602
-1422,1680,-275
-1630,1429,-1726
-1576,14,-793
-1358,-1485,-665
44,-2562,5
2868,-2466,-1392
3487,-2024,35
1483,-1652,1296
-77,-524,1067
125,752,1854
1172,1509,1983
1220,1280,1960
523,283,1899
168,-638,1676
302,-995,1610
609,-749,1465
653,-227,1230
365,173,1017
61,301,790
-25,210,561
54,3,368
162,-198,239
237,-276,162
246,-234,163
206,-142,223
176,-46,307
194,30,381
259,89,432
334,132,458
380,162,466
390,191,457
378,216,438
354,236,415
323,248,386
294,252,361
267,252,334
243,248,308
221,247,289
203,250,271
196,257,248
203,270,227
214,283,206
224,295,189
230,304,176
234,313,179
246,321,189
268,328,202
299,335,202
328,340,202
347,350,195
363,361,179
381,372,159
394,384,142
394,391,130
389,396,135
386,400,153
387,405,165
386,413,175
379,428,180
368,443,190
355,460,196
349,476,205
352,491,226
360,506,259
362,515,296
358,518,332
349,519,364
350,524,389
366,533,406
384,548,417
395,563,428
396,576,446
395,591,467
393,602,492
386,610,515
378,617,540
372,624,564
370,631,595
373,637,634
382,638,683
404,634,745
437,627,802
466,617,853
483,612,898
487,610,929
480,607,954
464,600,979
442,583,1003
422,560,1021
408,535,1033
399,511,1037
393,494,1040
386,483,1041
374,478,1049
362,472,1055
351,459,1059
345,444,1062
345,425,1063
354,407,1061
373,393,1059
403,383,1057
434,371,1064
459,358,1080
477,345,1098
493,330,1124
506,316,1159
517,301,1193
528,286,1225
533,272,1246
534,260,1257
530,253,1258
521,245,1251
507,237,1241
492,232,1226
484,223,1212
476,213,1199
468,199,1185
457,187,1170
444,177,1153
435,172,1141
429,170,1131
429,164,1119
430,151,1098
427,135,1077
424,119,1061
426,111,1048
434,108,1042
444,107,1052
458,107,1066
471,104,1080
481,96,1096
484,84,1109
482,75,1112
479,69,1116
478,68,1127
471,70,1139
456,69,1147
438,59,1155
423,48,1152
414,39,1141
408,40,1132
408,49,1129
410,62,1129
411,74,1137
412,85,1153
402,89,1169
381,86,1182
356,81,1190
333,77,1188
319,81,1180
313,95,1168
315,112,1161
317,128,1156
313,137,1154
305,140,1151
292,140,1149
278,140,1141
265,145,1136
256,153,1128
248,162,1125
241,167,1127
232,165,1131
219,159,1128
207,151,1123
196,145,1119
186,143,1111
178,146,1100
174,153,1084
171,162,1064
167,165,1044
163,164,1024
155,162,1001
146,160,976
140,162,954
144,170,932
152,178,913
159,186,895
157,190,879
143,194,867
129,197,855
116,201,843
103,206,834
93,210,827
82,215,823
74,217,819
75,222,819
86,225,819
106,228,821
133,229,826
164,228,835
188,221,849
208,206,859
223,185,861
233,163,858
236,140,850
233,120,840
226,104,820
222,94,803
219,91,798
218,86,801
218,75,810
221,53,820
226,26,824
235,0,828
248,-18,832
262,-25,842
271,-23,856
275,-23,872
272,-29,887
264,-45,901
250,-68,915
233,-97,931
214,-127,953
199,-151,982
189,-170,1011
185,-189,1037
190,-207,1063
206,-222,1086
227,-238,1105
244,-249,1124
259,-260,1139
273,-271,1149
288,-282,1157
304,-291,1159
319,-295,1154
331,-290,1148
335,-283,1142
332,-274,1133
323,-265,1125
311,-263,1117
302,-262,1109
291,-265,1099
278,-265,1098
269,-266,1094
262,-266,1089
259,-264,1085
261,-260,1078
262,-255,1072
264,-249,1065
265,-243,1055
268,-233,1047
275,-219,1035
282,-204,1023
288,-184,1008
287,-160,991
277,-133,977
263,-106,966
249,-81,959
241,-60,952
240,-41,950
241,-28,946
241,-16,944
239,-6,942
230,6,942
218,21,939
208,37,943
203,53,947
200,66,953
200,74,961
202,76,969
204,76,975
206,76,982
209,76,992
210,80,1001
212,82,1005
213,82,1007
211,82,1005
208,81,1001
204,82,996
199,82,991
194,81,982
186,79,972
174,80,959
155,81,949
140,86,944
135,92,940
141,98,935
151,103,934
156,102,934
156,100,937
152,96,943
145,91,950
138,87,956
133,85,963
127,81,972
119,79,981
112,76,989
108,72,1002
107,66,1010
110,59,1019
114,51,1025
117,42,1035
116,33,1039
115,24,1039
114,21,1043
113,18,1045
110,14,1049
109,10,1048
113,6,1047
120,4,1045
130,2,1042
138,-1,1037
144,-5,1034
145,-8,1028
145,-9,1019
149,-7,1015
157,-4,1010
168,0,1004
179,3,999
188,4,998
195,8,996
200,11,997
205,16,996
209,22,997
211,29,997
212,34,999
213,37,1002
211,40,1005
209,41,1006
208,44,1010
209,46,1015
211,46,1019
214,45,1021
213,43,1022
209,41,1023
201,37,1023
190,35,1025
178,32,1027
168,32,1030
166,31,1031
168,33,1032
172,31,1032
173,29,1032
171,28,1032
166,25,1030
160,24,1027
154,24,1024
150,25,1021
151,28,1018
154,31,1015
161,33,1010
164,32,1007
164,34,1006
164,32,1003
162,35,1002
166,37,999
169,40,996
175,43,993
180,47,990
184,48,987
189,49,988
193,48,985
192,47,983
189,48,981
184,48,982
178,49,983
174,49,985
171,47,985
165,45,967
171,80,921
163,83,959
130,54,947
131,32,945
163,25,965
187,26,988
186,26,1007
185,29,1014
191,48,1016
190,71,1010
179,88,1000
# balls=5,catches=16,detected=9,sampleRate=200,timestamp=1781212629,countMode=watch_hand
x,y,z
539,488,663
538,485,670
537,483,674
534,485,679
530,486,684
527,489,688
524,490,693
521,489,698
513,489,702
506,492,703
508,497,704
515,498,709
517,497,707
509,496,702
500,498,696
496,501,699
492,498,696
481,494,692
476,485,691
480,480,688
498,476,696
518,473,699
522,475,704
508,478,713
497,484,718
492,491,719
491,496,718
495,496,718
501,495,723
506,495,723
511,498,737
519,486,751
524,468,744
519,457,738
513,455,735
513,458,740
512,463,741
504,466,738
494,469,740
490,476,741
493,481,743
497,484,744
496,489,746
492,488,759
487,474,765
479,465,750
476,462,750
474,460,748
472,463,744
474,469,748
475,474,754
474,480,759
474,486,762
476,491,763
476,492,767
475,489,765
475,486,764
473,483,761
473,482,757
475,483,756
479,485,752
479,484,750
480,482,747
483,479,745
488,477,743
495,476,741
499,475,741
503,474,738
507,472,737
509,472,736
512,473,739
515,474,736
515,477,735
517,478,735
516,479,736
515,480,737
512,478,735
511,478,733
511,480,728
512,480,725
513,482,723
515,483,723
513,484,722
511,483,725
508,482,727
507,482,725
508,482,725
505,482,722
503,481,719
503,483,717
508,485,716
514,486,718
518,483,720
518,481,723
518,478,728
520,478,731
522,476,731
519,474,729
515,472,728
508,471,721
503,470,718
505,471,719
511,475,724
516,478,730
519,481,734
520,481,738
518,480,744
513,480,747
510,479,752
506,478,759
496,475,761
485,472,763
475,469,764
467,467,764
460,467,766
457,469,768
452,471,769
445,470,769
440,471,772
437,471,771
439,471,770
440,472,770
442,472,768
446,475,765
450,478,762
454,480,759
458,481,755
460,482,753
463,483,751
465,482,752
468,483,750
469,482,750
472,482,750
475,484,751
480,485,754
481,485,754
479,483,754
475,481,752
469,476,750
463,474,750
459,474,748
457,475,747
456,475,747
453,475,746
450,475,744
450,475,742
452,475,736
457,476,735
460,477,730
465,477,726
466,478,725
470,477,723
471,477,719
475,478,718
478,479,716
481,481,714
484,482,711
486,482,707
487,483,705
488,483,701
488,485,698
488,486,695
486,486,693
488,488,687
489,487,681
490,485,676
490,482,670
490,479,668
490,478,661
492,477,660
495,476,666
499,476,667
499,475,668
493,472,666
485,469,660
476,464,651
472,462,647
474,461,648
481,460,656
489,456,664
496,451,675
497,445,685
494,439,689
489,431,688
488,428,682
493,426,681
490,421,675
479,408,661
469,389,652
472,369,643
489,356,646
509,347,656
522,339,666
523,334,670
511,328,676
495,317,676
482,311,674
490,314,662
519,326,641
553,343,650
580,331,683
589,316,711
581,288,719
570,275,724
564,282,725
552,293,745
532,299,758
512,307,765
513,311,771
534,316,771
550,319,768
551,306,776
540,287,768
535,288,758
531,297,767
559,287,811
572,232,829
533,151,815
517,113,834
536,124,853
557,155,869
578,203,872
562,244,897
521,261,938
505,270,958
494,261,977
503,263,975
501,262,989
488,277,981
464,295,985
438,325,975
415,352,966
389,357,957
370,354,930
362,359,911
357,355,880
354,339,855
364,326,824
377,325,776
384,309,761
392,298,718
408,308,689
427,323,676
452,338,666
487,355,657
519,369,643
547,380,628
576,384,603
628,391,584
696,411,583
758,457,579
775,514,578
782,580,579
798,628,585
833,650,583
854,643,580
848,647,567
838,668,545
821,685,533
796,667,530
779,651,508
784,646,496
795,657,481
812,675,478
834,693,471
848,702,479
848,702,487
837,694,492
827,691,479
821,706,458
823,696,460
824,697,445
826,700,443
811,695,441
784,688,442
759,687,436
774,707,433
759,697,399
677,608,388
555,467,307
547,419,157
653,493,69
737,548,-22
847,498,-98
931,403,-128
1041,509,-83
1072,577,-84
1053,549,-8
1061,525,97
1052,541,211
1006,592,296
998,650,362
1007,657,436
964,605,509
889,547,560
826,532,588
807,544,600
800,546,606
731,519,625
643,493,666
587,485,708
513,457,708
468,432,704
492,474,673
526,539,680
541,538,691
541,470,683
561,397,681
609,364,687
662,378,696
698,410,698
722,443,688
759,468,679
807,487,676
849,496,677
881,493,682
905,489,689
917,489,699
921,496,712
919,508,715
918,528,718
909,547,723
882,553,723
868,560,725
856,569,728
841,572,733
832,576,742
827,574,749
832,574,752
834,581,755
832,588,750
830,591,748
825,584,749
820,575,748
820,571,746
800,563,762
769,557,778
749,548,786
724,540,791
692,530,797
667,517,796
641,503,800
614,489,800
581,482,795
546,478,810
521,473,833
499,469,847
481,466,867
473,468,885
473,477,901
464,488,918
445,498,937
431,499,958
415,489,978
391,471,1004
369,450,1021
346,438,1030
323,437,1029
295,438,1025
271,437,1017
260,432,1012
260,425,1015
270,417,1020
273,402,1027
260,386,1038
245,368,1041
246,350,1039
268,333,1026
284,318,1006
277,302,988
250,287,978
220,276,970
207,270,963
205,270,952
209,270,943
217,268,931
227,263,921
230,261,913
229,266,912
234,276,912
248,286,913
260,295,915
266,305,915
267,313,917
268,319,917
271,324,914
276,328,909
281,334,906
283,342,908
277,344,912
271,345,909
274,350,902
284,358,897
297,366,891
306,369,881
318,376,869
331,387,855
341,402,845
354,417,839
366,430,831
376,438,824
379,445,814
377,457,805
372,469,801
373,478,802
383,491,805
398,505,813
406,519,817
410,534,820
412,548,824
415,558,827
418,571,828
419,581,826
416,589,827
414,595,829
419,603,835
427,615,844
434,631,849
442,646,852
451,656,857
461,659,859
468,659,859
472,654,854
473,651,845
471,649,833
470,647,815
471,643,800
467,635,787
461,625,773
456,616,761
447,609,743
437,604,724
424,601,701
409,593,681
397,585,664
389,576,649
381,561,634
367,538,609
342,506,575
315,466,531
291,420,480
273,366,425
251,299,363
219,224,313
172,149,264
132,83,209
94,25,148
47,-36,84
0,-103,11
-57,-161,-54
-106,-203,-122
-143,-234,-199
-174,-264,-256
-202,-295,-309
-239,-320,-360
-297,-339,-400
-360,-354,-426
-424,-371,-445
-477,-396,-451
-518,-423,-440
-543,-438,-420
-561,-445,-392
-583,-451,-367
-603,-455,-338
-607,-463,-308
-601,-478,-282
-584,-493,-259
-556,-501,-236
-521,-501,-210
-481,-502,-188
-435,-506,-170
-391,-514,-152
-353,-513,-134
-303,-504,-101
-234,-498,-59
-156,-500,4
-89,-507,83
-30,-512,164
29,-503,255
86,-481,356
145,-459,472
212,-446,593
286,-435,709
357,-426,813
421,-415,914
483,-399,1017
548,-375,1125
614,-354,1239
674,-341,1348
731,-324,1451
796,-299,1547
868,-275,1634
946,-245,1711
1035,-215,1788
1126,-186,1876
1208,-158,1977
1293,-127,2089
1400,-88,2196
1527,-44,2283
1652,0,2376
1755,41,2472
1841,67,2581
1921,84,2698
1988,103,2809
2024,115,2905
2046,136,2970
2081,165,3013
2115,203,3087
2142,249,3203
2153,306,3322
2183,374,3432
2229,449,3515
2261,515,3588
2257,559,3685
2242,577,3814
2226,577,3925
2218,584,4005
2221,613,4075
2230,647,4105
2251,669,4079
2255,666,3975
2238,650,3902
2265,646,3842
2300,644,3776
2333,623,3719
2373,578,3649
2392,510,3559
2356,419,3452
2288,315,3339
2190,205,3223
2077,94,3079
1952,-14,2919
1794,-131,2740
1607,-263,2540
1421,-406,2305
1251,-556,2056
1102,-699,1823
938,-844,1608
766,-975,1399
589,-1062,1191
460,-1078,995
392,-1035,759
313,-997,491
154,-1061,208
-57,-1252,-101
-293,-1482,-472
-505,-1676,-868
-631,-1791,-1227
-720,-1852,-1546
-834,-1942,-1775
-989,-2075,-1975
-1159,-2188,-2124
-1289,-2247,-2219
-1374,-2282,-2287
-1453,-2322,-2350
-1518,-2392,-2392
-1566,-2475,-2413
-1602,-2533,-2396
-1650,-2542,-2347
-1702,-2495,-2284
-1723,-2411,-2208
-1713,-2325,-2137
-1666,-2245,-2060
-1567,-2174,-1977
-1434,-2098,-1890
-1295,-2014,-1790
-1169,-1923,-1684
-1050,-1829,-1561
-946,-1739,-1424
-844,-1651,-1280
-753,-1567,-1124
-675,-1496,-956
-608,-1440,-793
-550,-1399,-627
-491,-1371,-469
-431,-1350,-308
-369,-1325,-154
-325,-1309,-22
-283,-1307,90
-215,-1304,217
-133,-1286,363
-45,-1251,527
55,-1199,670
179,-1131,788
317,-1109,965
369,-1100,1149
424,-1030,1315
554,-899,1486
688,-771,1633
791,-662,1758
900,-577,1936
967,-523,2066
965,-473,2192
982,-391,2337
1060,-305,2470
1110,-239,2607
1106,-128,2697
1317,-44,2833
1578,-2,2957
1710,53,3057
1759,171,3092
1815,317,3067
2000,473,3054
2270,588,3084
2386,589,3161
2422,546,3258
2508,564,3403
2631,644,3590
2703,733,3800
2705,794,4002
2686,822,4168
2652,822,4308
2612,782,4443
2565,691,4553
2461,537,4581
2283,372,4564
2207,270,4557
2258,244,4538
2351,253,4547
2416,256,4535
2476,234,4461
2534,198,4349
2564,162,4216
2590,123,4098
2589,85,4024
2582,53,3955
2569,19,3881
2536,-32,3791
2462,-114,3659
2358,-213,3532
2236,-319,3347
2081,-437,3155
1908,-564,2975
1726,-698,2768
1519,-836,2547
1312,-971,2314
1130,-1083,2048
979,-1190,1771
855,-1297,1490
769,-1400,1251
673,-1492,1038
543,-1566,840
428,-1609,674
349,-1612,477
242,-1599,243
71,-1586,-1
-191,-1615,-249
-473,-1703,-490
-699,-1787,-804
-840,-1793,-1176
-967,-1725,-1477
-1125,-1617,-1704
-1284,-1525,-1851
-1380,-1494,-1953
-1425,-1523,-2041
-1440,-1564,-2105
-1465,-1585,-2130
-1528,-1603,-2133
-1624,-1634,-2126
-1723,-1677,-2105
-1801,-1712,-2067
-1841,-1719,-2009
-1839,-1683,-1909
-1797,-1619,-1784
-1733,-1561,-1660
-1667,-1518,-1534
-1592,-1487,-1411
-1488,-1452,-1304
-1366,-1418,-1205
-1252,-1387,-1111
-1141,-1359,-1020
-1011,-1327,-933
-872,-1286,-847
-742,-1236,-760
-631,-1181,-675
-537,-1125,-594
-454,-1073,-512
-373,-1025,-436
-297,-981,-352
-236,-943,-267
-183,-915,-184
-132,-896,-106
-69,-883,-40
0,-872,28
66,-860,95
131,-845,173
213,-820,255
304,-793,334
379,-766,408
428,-741,489
467,-716,566
518,-689,645
575,-656,729
667,-626,812
710,-612,932
685,-551,1024
720,-473,1132
792,-407,1253
845,-366,1402
868,-356,1563
879,-362,1737
909,-369,1918
963,-367,2099
1027,-345,2262
1084,-296,2408
1117,-238,2540
1135,-180,2681
1162,-128,2812
1200,-78,2926
1242,-26,3026
1303,14,3106
1402,36,3186
1542,34,3330
1665,35,3375
1755,76,3392
1775,145,3392
1693,219,3397
1564,302,3525
1519,404,3629
1592,478,3690
1664,456,3689
1728,367,3612
1765,276,3555
1860,161,3566
1796,11,3641
1618,-163,3731
1492,-325,3887
1440,-463,4043
1448,-564,4177
1494,-637,4230
1554,-687,4225
1623,-711,4172
1714,-713,4119
1829,-704,4068
1930,-708,3985
1997,-729,3861
2038,-767,3729
2076,-819,3591
2133,-875,3447
2199,-932,3292
2247,-979,3083
2252,-1014,2864
2205,-1034,2644
2122,-1040,2416
2015,-1035,2201
1897,-1024,1990
1793,-1009,1799
1723,-1000,1631
1701,-1011,1499
1672,-1033,1366
1597,-1055,1203
1501,-1068,1055
1392,-1062,851
1257,-1031,539
1089,-965,223
925,-883,-12
806,-826,-155
722,-793,-257
648,-760,-283
581,-670,-235
512,-498,-247
423,-293,-251
319,-82,-394
203,109,-756
127,247,-1160
101,317,-1499
23,295,-1786
-161,170,-2091
-335,-18,-2345
-411,-214,-2440
-402,-336,-2401
-373,-355,-2289
-359,-301,-2202
-353,-258,-2113
-369,-300,-2019
-428,-462,-1939
-541,-722,-1863
-680,-1007,-1771
-832,-1237,-1688
-1008,-1381,-1626
-1191,-1450,-1580
-1335,-1466,-1512
-1416,-1452,-1425
-1469,-1434,-1315
-1502,-1431,-1174
-1507,-1436,-1020
-1468,-1435,-868
-1372,-1436,-709
-1247,-1440,-552
-1155,-1454,-426
-1092,-1482,-301
-1051,-1520,-164
-1024,-1547,-26
-980,-1560,92
-909,-1577,206
-842,-1606,327
-805,-1639,442
-811,-1661,551
-876,-1673,650
-966,-1680,719
-1042,-1694,780
-1092,-1723,836
-1127,-1755,874
-1168,-1779,911
-1201,-1791,952
-1204,-1800,1006
-1194,-1822,1096
-1110,-1844,1166
-930,-1786,1025
-783,-1554,770
-810,-1290,704
-906,-1240,748
-860,-1365,748
-624,-1506,705
-301,-1603,704
-17,-1618,731
142,-1546,793
205,-1426,895
271,-1313,1015
373,-1236,1149
492,-1183,1273
593,-1128,1393
651,-1052,1520
650,-970,1624
609,-903,1703
564,-868,1770
553,-870,1816
590,-900,1852
652,-936,1867
711,-959,1872
751,-950,1838
781,-907,1773
807,-847,1703
845,-767,1646
906,-659,1604
986,-544,1570
1064,-454,1532
1139,-410,1513
1206,-396,1510
1274,-386,1514
1361,-359,1503
1472,-303,1521
1596,-221,1566
1710,-124,1613
1789,-26,1669
1820,68,1744
1823,159,1833
1839,257,1936
1878,352,2018
1922,444,2096
1945,528,2190
1938,591,2301
1909,629,2416
1875,650,2540
1851,668,2643
1850,694,2723
1868,724,2804
1902,735,2891
1936,715,2989
1898,690,3034
1851,675,3108
1845,658,3204
1870,639,3302
1927,612,3393
1987,569,3489
2036,515,3584
2095,464,3660
2161,418,3697
2210,377,3720
2246,328,3736
2289,271,3741
2340,198,3749
2383,104,3770
2426,-12,3800
2471,-146,3818
2519,-272,3811
2566,-387,3802
2600,-501,3787
2636,-613,3752
2685,-714,3669
2731,-790,3536
2744,-845,3351
2709,-878,3130
2629,-888,2905
2515,-881,2669
2383,-868,2422
2238,-861,2167
2087,-867,1918
1934,-883,1677
1790,-916,1462
1704,-970,1305
1658,-1073,1287
1495,-1211,1323
1310,-1362,1298
1162,-1447,1013
1033,-1417,664
883,-1254,390
786,-1048,297
797,-952,238
838,-994,196
837,-1107,51
753,-1254,-176
591,-1367,-327
428,-1420,-413
320,-1419,-476
247,-1385,-563
133,-1345,-693
-15,-1312,-829
-137,-1271,-1010
-231,-1232,-1152
-344,-1232,-1288
-498,-1267,-1369
-642,-1308,-1414
-746,-1330,-1420
-815,-1335,-1408
-856,-1334,-1400
-870,-1338,-1392
-877,-1353,-1341
-894,-1379,-1261
-916,-1414,-1170
-916,-1440,-1068
-888,-1456,-996
-845,-1452,-957
-826,-1430,-885
-857,-1396,-815
-881,-1347,-759
-911,-1290,-677
-954,-1222,-563
-999,-1141,-424
-997,-1058,-304
-943,-973,-219
-877,-884,-151
-816,-805,-80
-785,-746,-30
-790,-703,-10
-803,-662,7
-811,-608,20
-818,-547,49
-832,-482,88
-863,-424,134
-909,-376,168
-963,-329,199
-1032,-278,240
-1104,-229,290
-1175,-191,325
-1240,-154,355
-1309,-99,1020
-1435,15,1705
-1992,-164,-3215
-3013,-254,-3140
-3278,-144,863
-2084,-268,314
-711,-383,-365
145,-321,661
558,-279,969
716,-295,898
763,-313,776
740,-357,515
709,-347,723
758,-200,871
773,19,808
657,198,877
534,334,1020
485,472,1085
511,638,997
351,832,343
62,956,181
-111,1004,555
-2,1043,943
362,1063,1143
752,1024,1317
948,909,1493
912,759,1644
801,665,1731
748,652,1743
764,697,1704
831,753,1772
917,755,1962
1004,662,2170
1072,496,2361
1114,320,2501
1144,183,2596
1179,114,2680
1216,106,2796
1254,126,2923
1314,156,3033
1408,177,3141
1529,178,3265
1677,163,3384
1851,142,3493
2016,118,3571
2177,67,3654
2315,6,3704
2393,-44,3701
2392,-80,3776
2319,-98,3891
2204,-121,3991
2078,-169,4052
1954,-246,4065
1834,-337,4083
1736,-427,4103
1683,-505,4128
1675,-578,4166
1699,-658,4179
1748,-733,4178
1812,-795,4193
1883,-852,4182
1971,-892,4129
2070,-916,4056
2149,-930,3974
2193,-946,3862
2223,-969,3697
2247,-993,3527
2283,-1026,3343
2311,-1075,3147
2323,-1136,2937
2304,-1191,2691
2263,-1235,2430
2199,-1260,2164
2126,-1266,1895
2049,-1250,1627
1965,-1217,1354
1894,-1195,1123
1820,-1195,969
1679,-1218,799
1478,-1259,646
1276,-1271,301
1092,-1232,-86
883,-1141,-499
619,-978,-865
390,-788,-908
274,-635,-855
236,-477,-726
221,-254,-535
190,-3,-457
69,230,-706
-93,411,-1141
-243,471,-1595
-395,354,-2008
-520,95,-2414
-595,-156,-2637
-631,-261,-2701
-668,-242,-2693
-752,-199,-2649
-845,-206,-2613
-870,-286,-2573
-825,-428,-2482
-781,-610,-2364
-819,-816,-2261
-940,-1024,-2156
-1078,-1214,-2023
-1165,-1375,-1920
-1197,-1498,-1839
-1196,-1570,-1749
-1162,-1606,-1617
-1100,-1648,-1459
-1022,-1708,-1281
-946,-1795,-1091
-861,-1895,-908
-759,-1987,-749
-648,-2078,-608
-569,-2179,-484
-543,-2287,-351
-563,-2381,-223
-623,-2451,-95
-684,-2505,42
-749,-2564,190
-822,-2611,321
-882,-2629,451
-931,-2625,588
-980,-2621,706
-1015,-2607,813
-1032,-2575,900
-1020,-2497,877
-1179,-2420,972
-1820,-2433,741
-2858,-2630,-26
-3196,-2705,64
-1103,-2319,658
1132,-2221,709
1494,-2343,1011
651,-2229,1284
81,-1876,1336
182,-1511,1379
619,-1278,1417
989,-1208,1371
1125,-1215,1318
1097,-1179,1304
1056,-1074,1281
1070,-953,1268
1112,-868,1226
1137,-811,1171
1136,-740,1140
1108,-650,1148
1053,-521,1161
1000,-353,1163
950,-208,1180
883,-118,1243
839,-75,1310
856,-37,1397
892,19,1506
905,90,1602
892,168,1694
883,245,1783
908,316,1856
963,379,1921
1034,434,1997
1116,479,2055
1204,509,2107
1290,518,2179
1370,507,2229
1447,492,2278
1525,500,2361
1603,534,2439
1678,566,2512
1766,571,2612
1939,557,2708
2108,548,2769
2236,571,2824
2390,592,2927
2530,604,3018
2631,606,3116
2678,607,3218
2673,622,3320
2604,645,3416
2500,667,3505
2400,675,3591
2339,659,3669
2326,602,3760
2365,509,3856
2450,401,3939
2552,298,3977
2640,215,3995
2700,131,3972
2716,45,3948
2709,-48,3907
2690,-157,3864
2693,-278,3831
2738,-383,3803
2793,-480,3768
2811,-586,3707
2789,-705,3618
2722,-824,3496
2630,-927,3372
2526,-1010,3227
2432,-1070,3046
2381,-1115,2847
2356,-1154,2648
2317,-1194,2442
2244,-1242,2216
2139,-1290,1964
2009,-1328,1694
1905,-1369,1420
1861,-1440,1244
1766,-1537,1073
1652,-1659,896
1570,-1744,468
1464,-1774,-147
1265,-1737,-643
1014,-1630,-700
800,-1550,-694
592,-1476,-613
451,-1362,-496
427,-1224,-501
493,-1073,-793
457,-940,-1220
147,-927,-1705
-303,-1097,-2148
-555,-1363,-2471
-496,-1582,-2616
-428,-1758,-2678
-529,-1914,-2668
-708,-2037,-2639
-811,-2117,-2605
-836,-2166,-2527
-874,-2188,-2460
-987,-2189,-2412
-1141,-2153,-2334
-1264,-2036,-2256
-1346,-1847,-2166
-1384,-1603,-2048
-1402,-1362,-1899
-1419,-1163,-1743
-1415,-994,-1575
-1351,-848,-1385
-1235,-730,-1167
-1108,-638,-975
-1005,-564,-797
-918,-510,-645
-848,-475,-527
-824,-461,-416
-846,-465,-313
-897,-475,-207
-983,-482,-72
-1114,-488,86
-1297,-491,261
-1507,-488,422
-1708,-466,580
-1875,-418,746
-2016,-356,899
-2195,-225,1440
-2241,133,1043
-2396,-24,-1947
-2948,-291,-392
-3403,-391,1464
-3031,-575,79
-2506,-683,742
-2114,-760,1309
-1723,-838,1416
-1266,-852,1553
-966,-757,1753
-479,-649,1896
89,-504,1793
587,-378,1463
1113,-294,726
1651,-198,329
2048,-64,892
2065,76,1608
1553,163,1940
849,226,2055
317,336,2031
3,509,1971
-141,715,1890
-275,897,1704
-530,1013,1393
-854,1073,1487
-1069,1054,1903
-933,907,2212
-464,655,2342
30,413,2358
376,270,2303
614,238,2208
821,304,2142
1028,395,2164
1230,448,2205
1404,422,2245
1580,348,2301
1783,268,2365
2057,205,2460
2362,154,2571
2625,106,2687
2777,58,2825
2785,9,2968
2675,-21,3095
2495,-37,3225
2258,-46,3345
1973,-73,3476
1644,-150,3654
1312,-293,3821
1040,-488,3933
906,-687,3973
939,-841,3918
1135,-921,3809
1443,-944,3699
1749,-978,3594
1994,-1059,3546
2199,-1169,3540
2402,-1271,3536
2633,-1352,3540
2876,-1408,3559
3095,-1449,3575
3268,-1489,3563
3371,-1542,3527
3381,-1598,3441
3322,-1625,3313
3242,-1624,3123
3114,-1602,2889
3012,-1602,2912
2992,-1675,2897
2874,-1752,2484
2692,-1775,2286
2437,-1740,2060
2151,-1665,1783
1876,-1571,1547
1612,-1494,1386
1393,-1468,1303
1242,-1479,1094
1178,-1505,873
1165,-1520,482
1199,-1439,25
1167,-1230,-357
951,-886,-837
701,-530,-951
571,-278,-1073
460,-62,-1183
317,179,-1373
140,485,-1601
-33,847,-1832
-204,1186,-2188
-446,1273,-2458
-650,1101,-2710
-709,881,-2896
-677,768,-2925
-711,770,-2914
-840,793,-2945
-987,735,-2953
-1084,554,-2844
-1092,272,-2620
-1071,-70,-2377
-1091,-417,-2185
-1158,-697,-2022
-1239,-874,-1859
-1278,-955,-1710
-1241,-978,-1554
-1108,-983,-1335
-896,-1008,-1068
-642,-1065,-785
-355,-1152,-496
-58,-1250,-223
211,-1343,30
403,-1426,230
477,-1504,352
475,-1562,405
404,-1607,430
266,-1657,410
131,-1699,371
58,-1728,354
27,-1750,390
-33,-1781,469
-149,-1815,546
-261,-1832,617
-343,-1827,699
-399,-1808,782
-416,-1778,872
-417,-1745,950
-598,-1347,603
-1902,-835,-2633
-4042,-1660,781
-2975,-2212,102
436,-2685,-508
2279,-2786,476
1201,-2579,827
-490,-1930,1027
-909,-1097,1248
-430,-630,1496
-61,-638,1576
-138,-899,1686
-400,-1161,1712
-424,-1234,1688
-92,-1110,1734
355,-935,1788
681,-824,1789
723,-783,1884
630,-698,1842
728,-486,1781
976,-337,1609
1154,-342,1519
1120,-490,1456
893,-661,1448
583,-696,1506
331,-582,1538
194,-427,1506
151,-336,1492
113,-305,1506
104,-264,1506
206,-153,1528
408,19,1555
634,205,1573
818,368,1606
926,483,1657
991,545,1706
1041,588,1789
1125,639,1910
1267,712,2034
1434,798,2164
1594,892,2319
1738,983,2477
1858,1072,2624
1958,1155,2751
2002,1212,2889
2071,1262,2977
2091,1273,3081
2057,1253,3145
1978,1233,3174
1883,1201,3190
1776,1086,3186
1673,877,3215
1592,615,3297
1534,375,3347
1496,185,3361
1479,54,3364
1485,-5,3349
1522,-35,3320
1613,-72,3295
1782,-144,3282
2002,-238,3262
2265,-336,3227
2536,-417,3218
2782,-486,3233
2969,-567,3244
3088,-667,3247
3136,-765,3213
3126,-841,3115
3054,-889,2998
2923,-922,2832
2751,-946,2608
2552,-971,2373
2339,-996,2138
2140,-1020,1905
1971,-1046,1671
1843,-1060,1427
1753,-1058,1193
1710,-1050,975
1713,-1058,780
1699,-1084,572
1597,-1121,408
1442,-1163,189
1289,-1161,-147
1154,-1120,-740
1009,-1030,-1180
800,-872,-1525
448,-595,-1578
121,-374,-1364
-52,-244,-1252
-11,-117,-1004
243,48,-655
507,256,-709
410,504,-1074
-99,736,-1546
-666,862,-2111
-1016,847,-2622
-1078,740,-2956
-985,574,-3118
-916,388,-3104
-943,223,-2960
-1013,124,-2742
-1017,104,-2524
-896,118,-2283
-720,95,-2065
-618,-16,-1874
-695,-215,-1705
-896,-440,-1597
-1117,-605,-1537
-1262,-650,-1511
-1280,-599,-1437
-1159,-538,-1259
-997,-578,-1018
-836,-739,-786
-651,-922,-568
-473,-1039,-402
-345,-1096,-280
-226,-1139,-170
-77,-1220,-82
47,-1369,14
68,-1564,106
0,-1765,206
-116,-1953,304
-249,-2112,393
-409,-2246,514
-608,-2389,651
-836,-2540,775
-1086,-2670,899
-1331,-2762,1047
-1549,-2804,1220
-1735,-2804,1396
-1837,-2760,1582
-1842,-2676,1743
-1781,-2569,1870
-1657,-2468,2031
-1538,-2419,2032
-1266,-2304,1903
-974,-2081,1370
-797,-1711,1031
-802,-1497,856
-713,-1554,820
-326,-1629,723
107,-1573,643
362,-1472,586
492,-1372,598
630,-1257,659
761,-1108,748
796,-913,859
717,-685,976
578,-457,1092
486,-261,1215
464,-126,1335
460,-44,1450
456,15,1570
427,75,1658
386,140,1709
403,203,1728
484,248,1710
597,278,1651
727,312,1566
856,344,1517
976,390,1465
1096,466,1400
1249,579,1341
1418,706,1308
1534,811,1329
1577,877,1392
1569,908,1469
1550,915,1574
1563,918,1678
1621,921,1782
1700,916,1860
1772,889,1938
1818,838,2053
1850,771,2170
1869,709,2292
1865,671,2443
1844,658,2607
1805,677,2732
1760,725,2826
1711,794,2899
1685,843,2932
1698,867,2977
1663,946,3000
1662,981,2991
1702,962,3005
1789,895,3077
1920,797,3192
2084,705,3315
2264,630,3420
2436,574,3498
2577,522,3549
2678,472,3572
2735,421,3586
2750,360,3617
2715,276,3661
2652,164,3691
2607,43,3700
2601,-63,3678
2619,-148,3615
2635,-237,3529
2637,-347,3406
2622,-473,3252
2607,-582,3107
2605,-644,2939
2621,-649,2752
2636,-613,2548
2632,-566,2341
2611,-521,2129
2577,-480,1913
2532,-445,1691
2476,-417,1462
2400,-398,1220
2285,-399,1013
2122,-441,905
1894,-497,777
1671,-564,680
1486,-610,589
1340,-595,412
1225,-484,145
1134,-292,-77
1100,-108,-220
1103,16,-326
1104,68,-400
1089,63,-506
1047,45,-645
964,32,-857
842,33,-1088
690,55,-1334
497,100,-1577
270,148,-1783
47,166,-1948
-148,141,-2053
-276,108,-2085
-320,101,-2093
-336,103,-2068
-329,124,-2012
-323,155,-1913
-321,172,-1805
-324,162,-1685
-328,123,-1566
-365,55,-1445
-435,-29,-1369
-482,-115,-1327
-476,-208,-1279
-437,-312,-1230
-394,-427,-1168
-371,-549,-1085
-389,-657,-1025
-431,-710,-1027
-467,-700,-1001
-487,-688,-966
-505,-725,-906
-492,-789,-822
-467,-851,-695
-454,-882,-547
-490,-873,-409
-594,-844,-290
-669,-801,-221
-605,-769,-130
-479,-780,-6
-469,-845,107
-609,-966,199
-763,-1120,247
-838,-1258,268
-862,-1401,288
-898,-1599,322
-947,-1829,415
-977,-2039,543
-1004,-2182,712
-1060,-2290,894
-1102,-2401,1080
-1069,-2508,1231
-997,-2591,1385
-887,-2638,1524
-746,-2647,1609
-634,-2634,1661
-594,-2609,1697
-606,-2566,1728
-504,-2516,1910
-442,-2430,1801
-1498,-2286,1041
-2903,-2220,890
-2900,-2237,469
-1904,-2325,348
-666,-2588,363
488,-2812,460
950,-2828,561
828,-2410,850
839,-1722,1264
915,-1260,1580
776,-1229,1762
539,-1404,1808
468,-1519,1816
539,-1548,1822
617,-1586,1754
713,-1703,1787
793,-1703,1755
726,-1585,1683
470,-1517,1779
285,-1473,1773
272,-1409,1676
351,-1344,1583
459,-1296,1484
579,-1263,1416
705,-1216,1409
837,-1126,1449
1015,-998,1471
1213,-857,1468
1417,-693,1465
1564,-488,1506
1625,-237,1603
1657,23,1749
1669,280,1905
1670,520,2084
1662,733,2302
1664,925,2505
1749,1115,2734
1907,1284,2928
2065,1416,3156
2208,1509,3416
2352,1578,3678
2540,1629,3922
2743,1662,4128
2942,1687,4249
2986,1725,4339
2923,1731,4470
2924,1693,4496
2983,1629,4533
3094,1548,4573
3155,1428,4576
3219,1336,4548
3269,1311,4484
3217,1274,4440
3087,1150,4335
2932,953,4215
2840,763,4074
2879,641,3909
3052,580,3754
3323,548,3622
3657,513,3478
3948,470,3344
4084,429,3206
4002,399,3010
3727,361,2757
3350,296,2451
2951,212,2051
2575,119,1625
2324,-48,1436
2320,-302,1404
2366,-645,1657
2322,-1054,1745
2092,-1429,1354
1675,-1720,605
1178,-1985,333
953,-2239,149
946,-2414,-48
1048,-2442,-193
1048,-2351,-275
840,-2323,-391
529,-2493,-595
271,-2820,-894
220,-3091,-1296
312,-3162,-1594
355,-3097,-1729
182,-3083,-1761
-126,-3200,-1746
-382,-3328,-1727
-558,-3331,-1700
-700,-3199,-1661
-825,-3000,-1595
-957,-2774,-1508
-1018,-2540,-1393
-1089,-2318,-1231
-1188,-2062,-1023
-1283,-1733,-821
-1348,-1357,-609
-1377,-984,-440
-1369,-662,-312
-1318,-387,-215
-1253,-135,-133
-1209,100,-81
-1194,311,-8
-1207,495,32
-1239,654,67
-1283,789,104
-1361,899,144
-1450,1005,181
-1292,1343,-174
-1404,1705,-930
-1748,1848,-1425
-2088,1772,-675
-2028,1445,-530
-1696,1018,-610
-1381,699,-362
-1182,476,-162
-1089,432,-96
-1029,570,-160
-872,854,-235
-462,1209,-232
41,1542,-117
507,1739,65
803,1783,245
873,1748,420
827,1715,580
762,1747,723
684,1839,841
578,1917,900
421,1932,904
235,1870,883
72,1734,853
-29,1597,840
-89,1496,862
-152,1424,929
-227,1351,1027
-359,1287,1139
-466,1190,1231
-495,1053,1304
-418,913,1347
-237,802,1381
28,733,1399
354,697,1430
722,677,1468
1091,658,1501
1374,638,1554
1540,593,1599
1619,526,1654
1649,460,1741
1670,408,1870
1742,363,2077
1872,302,2297
2057,251,2438
2233,204,2537
2354,163,2613
2425,142,2656
2468,147,2705
2502,178,2815
2560,222,2949
2643,255,3081
2722,251,3225
2765,195,3347
2760,109,3428
2678,10,3519
2533,-93,3632
2351,-215,3734
2158,-354,3816
2004,-497,3854
1924,-633,3865
1906,-761,3876
1927,-876,3860
1975,-977,3793
2060,-1057,3709
2168,-1105,3597
2241,-1120,3497
2298,-1143,3399
2337,-1201,3296
2341,-1289,3235
2319,-1373,3171
2291,-1435,3044
2262,-1463,2883
2245,-1472,2684
2267,-1486,2427
2275,-1487,2181
2282,-1478,1948
2269,-1454,1689
2243,-1422,1437
2171,-1401,1246
2032,-1391,1086
1872,-1398,917
1696,-1394,672
1514,-1363,403
1339,-1300,144
1181,-1247,-175
1069,-1208,-456
982,-1205,-651
833,-1220,-785
597,-1205,-876
273,-1117,-867
-58,-961,-883
-277,-772,-1033
-418,-571,-1310
-550,-411,-1699
-728,-366,-2154
-968,-454,-2629
-1119,-611,-2936
-1122,-758,-3110
-1091,-839,-3176
-1118,-817,-3136
-1238,-735,-3032
-1391,-700,-2919
-1471,-797,-2811
-1435,-1031,-2734
-1365,-1312,-2638
-1386,-1550,-2533
-1486,-1694,-2455
-1602,-1725,-2331
-1696,-1663,-2162
-1761,-1570,-1954
-1777,-1528,-1651
-1671,-1568,-1318
-1443,-1655,-986
-1230,-1770,-636
-1072,-1897,-334
-930,-2009,-82
-811,-2102,154
-740,-2200,381
-687,-2304,605
-633,-2394,832
-582,-2459,1074
-537,-2493,1309
-516,-2514,1505
-563,-2549,1677
-660,-2586,1768
-742,-2592,1790
-773,-2543,1823
-758,-2210,1876
-1650,-1481,-316
-3703,-2296,966
-2396,-2748,1131
662,-2540,909
1572,-2494,1248
510,-2153,1520
1,-1521,1686
420,-1059,1793
985,-889,1845
1181,-868,1807
1060,-816,1788
938,-659,1804
930,-469,1819
923,-349,1818
921,-299,1781
1036,-251,1709
1164,-198,1607
1111,-165,1583
866,-139,1651
591,-92,1719
382,-3,1757
269,117,1749
255,230,1707
300,298,1664
351,325,1622
390,327,1583
484,326,1576
681,341,1584
942,367,1596
1186,394,1625
1345,414,1673
1423,441,1717
1460,479,1785
1481,530,1881
1497,585,1968
1503,636,2050
1498,677,2127
1480,702,2195
1443,713,2256
1389,719,2324
1347,729,2393
1322,752,2475
1313,780,2556
1310,800,2621
1302,822,2713
1304,836,2797
1320,830,2870
1337,826,2897
1358,862,2929
1429,924,2904
1561,956,2895
1712,912,2898
1869,799,2921
2030,646,2990
2178,486,3062
2289,332,3135
2329,211,3210
2292,120,3267
2203,52,3300
2081,-1,3305
1958,-59,3298
1873,-137,3275
1839,-221,3223
1853,-300,3183
1924,-378,3148
2049,-465,3112
2194,-557,3097
2329,-645,3068
2451,-724,3019
2549,-795,2944
2590,-852,2846
2578,-883,2726
2526,-889,2581
2455,-879,2414
2382,-863,2229
2304,-846,2038
2214,-838,1841
2114,-836,1643
2004,-838,1463
1889,-841,1301
1782,-845,1146
1685,-857,980
1593,-879,822
1506,-922,726
1379,-978,635
1246,-1026,412
1135,-1051,189
1055,-1039,-52
982,-962,-456
878,-828,-737
754,-673,-797
621,-546,-817
428,-453,-798
222,-386,-710
97,-308,-672
35,-212,-638
1,-76,-810
-53,73,-1141
-158,171,-1441
-340,151,-1738
-594,2,-2015
-864,-209,-2263
-1034,-385,-2436
-1028,-472,-2522
-918,-487,-2488
-816,-495,-2381
-751,-557,-2234
-727,-690,-2050
-729,-867,-1885
-750,-1053,-1746
-772,-1219,-1617
-770,-1348,-1511
-757,-1441,-1415
-772,-1503,-1323
-839,-1551,-1243
-950,-1603,-1118
-1022,-1650,-963
-998,-1671,-783
-913,-1660,-590
-822,-1632,-410
-746,-1607,-250
-690,-1584,-121
-648,-1564,-28
-627,-1547,43
-619,-1538,102
-620,-1534,137
-620,-1526,177
-599,-1505,236
-559,-1472,314
-513,-1431,395
-482,-1386,475
-473,-1340,549
-470,-1300,610
-459,-1269,657
-442,-1252,841
-426,-1109,908
-500,-749,-276
-849,-773,-465
-1321,-1182,290
-1472,-1443,26
-1113,-1417,35
-655,-1299,449
-408,-1311,668
-356,-1433,750
-313,-1475,916
-165,-1357,1052
36,-1143,1143
193,-952,1267
273,-838,1366
297,-780,1422
327,-744,1478
415,-711,1512
535,-662,1541
644,-587,1577
743,-486,1603
831,-375,1619
895,-279,1645
946,-205,1670
1040,-155,1655
1194,-111,1619
1366,-59,1580
1470,9,1526
1469,86,1486
1418,175,1476
1398,273,1503
1446,380,1540
1553,489,1570
1692,591,1601
1818,672,1641
1896,724,1709
1927,748,1802
1943,761,1922
1926,776,2081
1912,800,2231
1904,826,2383
1890,851,2515
1878,876,2618
1875,906,2703
1869,928,2780
1852,934,2860
1827,928,2926
1799,910,2989
1789,875,3061
1796,826,3146
1835,776,3246
1907,724,3303
1998,667,3366
2092,622,3439
2196,583,3498
2321,537,3553
2440,473,3612
2522,397,3682
2586,299,3741
2643,174,3792
2695,34,3812
2742,-114,3831
2782,-260,3821
2823,-385,3800
2858,-497,3747
2874,-611,3648
2858,-733,3519
2805,-840,3356
2736,-913,3174
2677,-956,2985
2625,-977,2797
2566,-993,2585
2480,-994,2363
2410,-984,2112
2330,-969,1865
2221,-952,1620
2093,-936,1364
1954,-924,1079
1793,-916,779
1627,-909,503
1474,-908,316
1287,-927,239
1090,-972,241
963,-1025,89
931,-1054,-149
925,-1031,-469
788,-887,-820
558,-686,-714
390,-622,-614
324,-731,-540
343,-874,-423
504,-949,-266
679,-871,-343
629,-656,-553
276,-451,-724
-198,-391,-979
-571,-512,-1272
-761,-753,-1569
-824,-996,-1852
-862,-1149,-2071
-901,-1210,-2194
-939,-1229,-2237
-983,-1243,-2200
-1049,-1272,-2110
-1114,-1314,-1992
-1134,-1357,-1832
-1101,-1384,-1670
-1053,-1425,-1544
-1048,-1490,-1464
-1104,-1567,-1427
-1213,-1624,-1371
-1362,-1642,-1285
-1500,-1611,-1146
-1586,-1542,-982
-1603,-1455,-818
-1570,-1367,-632
-1479,-1300,-440
-1322,-1277,-258
-1169,-1290,-96
-1049,-1319,52
-936,-1331,178
-817,-1303,263
-726,-1254,316
-700,-1216,362
-720,-1187,400
-752,-1151,454
-709,-1027,736
-953,-889,199
-2241,-1243,-402
-2862,-1499,-215
-1827,-1273,337
-162,-1020,638
745,-1066,608
685,-1268,814
80,-1354,1074
-299,-1192,1131
-221,-876,1182
-2,-622,1277
138,-516,1348
179,-547,1381
157,-648,1414
157,-746,1451
235,-794,1476
385,-782,1488
568,-735,1493
750,-676,1493
913,-610,1486
1062,-535,1483
1168,-456,1469
1200,-379,1448
1165,-299,1439
1084,-217,1440
985,-145,1453
911,-81,1498
887,-26,1559
905,14,1611
944,43,1646
998,75,1687
1072,132,1754
1162,214,1823
1253,316,1893
1362,431,1977
1484,548,2063
1599,658,2146
1682,764,2223
1713,864,2289
1703,940,2373
1721,981,2477
1736,987,2588
1678,983,2695
1671,989,2831
1690,998,2961
1697,1002,3077
1686,993,3193
1669,970,3305
1667,944,3407
1696,907,3502
1745,850,3606
1786,756,3724
1822,614,3807
1854,444,3871
1863,314,3901
1856,234,3928
1841,172,3943
1829,107,3924
1843,16,3906
1902,-95,3884
2008,-211,3839
2140,-304,3790
2266,-369,3727
2362,-420,3666
2430,-470,3614
2480,-526,3568
2517,-593,3547
2535,-666,3497
2526,-727,3385
2484,-772,3239
2410,-804,3059
2326,-829,2851
2234,-857,2635
2124,-893,2402
2000,-928,2171
1877,-960,1946
1767,-990,1714
1674,-1023,1480
1594,-1057,1251
1521,-1091,1008
1442,-1125,748
1362,-1168,495
1306,-1258,343
1250,-1393,461
1106,-1550,708
951,-1724,675
955,-1865,182
1032,-1975,-186
1053,-2043,-268
848,-1935,-229
513,-1743,-195
245,-1611,-337
119,-1557,-407
150,-1514,-499
229,-1443,-708
131,-1372,-870
-234,-1364,-1005
-679,-1446,-1128
-985,-1565,-1216
-1076,-1663,-1252
-1033,-1720,-1237
-991,-1745,-1187
-991,-1745,-1124
-1030,-1732,-1051
-1069,-1713,-971
-1104,-1700,-893
-1118,-1694,-833
-1111,-1677,-796
-1106,-1632,-724
-1124,-1543,-645
-1167,-1409,-601
-1238,-1243,-584
-1321,-1060,-542
-1368,-871,-477
-1350,-702,-370
-1279,-576,-228
-1198,-498,-106
-1128,-451,9
-1057,-401,106
-976,-328,179
-908,-246,235
-864,-167,250
-848,-99,249
-839,-43,241
-849,7,239
-855,62,216
-862,125,196
-892,193,167
-936,259,142
-967,326,123
-973,400,81
-937,471,13
-857,530,-53
-745,575,-119
-619,620,-183
-489,681,-201
-334,816,288
-237,1186,586
68,1305,-1735
359,1290,-2884
323,1081,-2742
102,618,-1459
-121,192,-464
-1,67,-641
524,286,79
1048,654,635
1329,1028,590
1223,1271,542
900,1340,809
673,1250,982
712,1106,985
758,1008,1005
701,968,924
568,953,335
510,1081,-68
629,1295,236
868,1377,773
1108,1207,1143
1183,847,1449
1140,510,1669
1168,356,1839
1424,405,2077
1845,558,2284
2243,686,2452
2521,714,2631
2709,676,2849
2891,643,3023
3078,661,3057
3148,724,2868
2975,801,2555
2663,807,2612
2518,698,3164
2723,483,3790
3037,181,4214
3070,-156,4450
2820,-448,4652
2565,-640,4780
2453,-770,4823
2414,-885,4787
2343,-1014,4723
2232,-1154,4636
2129,-1278,4517
2080,-1347,4309
2067,-1343,4025
2041,-1279,3687
2000,-1184,3371
1946,-1100,3133
1896,-1061,2935
1884,-1058,2727
1939,-1087,2520
2031,-1106,2281
2106,-1097,2015
2130,-1058,1747
2076,-992,1455
1956,-918,1164
1815,-853,864
1705,-803,557
1620,-756,299
1493,-728,193
1308,-708,-101
1125,-651,-434
949,-541,-771
675,-363,-1265
381,-236,-1278
208,-224,-1188
229,-241,-1205
328,-210,-1110
325,-72,-1124
155,184,-1358
-58,501,-1700
-279,806,-2105
-608,971,-2449
-972,931,-2692
-1209,745,-2900
-1279,548,-3000
-1233,436,-2985
-1162,423,-2884
-1119,458,-2776
-1116,479,-2682
-1177,432,-2567
-1287,303,-2449
-1365,114,-2334
-1362,-98,-2240
-1276,-298,-2144
-1122,-466,-2073
-1011,-601,-1970
-1034,-741,-1867
-1138,-906,-1786
-1149,-1092,-1658
-998,-1301,-1500
-800,-1547,-1292
-627,-1807,-1019
-419,-2032,-684
-199,-2208,-347
-47,-2369,-14
30,-2528,289
61,-2678,556
11,-2798,733
-155,-2870,865
-354,-2932,951
-807,-3017,975
-3351,-3311,-19
-5497,-3830,590
-2046,-4163,1425
1949,-4391,1270
762,-4252,2049
-1729,-3417,2072
-1339,-2616,2102
179,-2768,2308
702,-3284,2390
366,-3339,2394
279,-2991,2444
622,-2640,2460
932,-2507,2377
1039,-2485,2278
1045,-2371,2117
1065,-2106,1895
1030,-1584,1818
959,-1156,1428
1113,-997,1339
1260,-957,1239
1390,-1045,1039
1421,-1221,1082
1320,-1383,1117
1095,-1451,1163
815,-1410,1187
576,-1316,1151
412,-1237,1090
308,-1202,1016
247,-1189,955
221,-1161,913
224,-1094,887
248,-990,889
256,-871,904
235,-762,929
201,-662,976
188,-571,1026
200,-499,1084
231,-457,1153
269,-448,1237
305,-471,1347
374,-498,1461
517,-503,1529
729,-489,1583
955,-467,1629
1147,-433,1669
1270,-381,1670
1318,-324,1646
1307,-257,1671
1301,-169,1688
1357,-51,1669
1481,98,1671
1605,253,1712
1709,396,1803
1692,550,1879
1670,725,2002
1710,909,2164
1809,1077,2325
1915,1197,2510
1992,1264,2707
2058,1305,2851
2133,1358,2962
2191,1428,3055
2202,1491,3118
2184,1531,3168
2171,1542,3219
2158,1526,3266
2131,1499,3306
2101,1458,3302
2055,1386,3275
1973,1289,3271
1904,1182,3274
1857,1085,3254
1821,998,3242
1788,923,3233
1768,832,3247
1772,724,3261
1823,621,3252
1951,525,3208
2129,424,3116
2315,328,3003
2486,240,2867
2620,162,2750
2706,88,2630
2730,20,2495
2696,-41,2322
2609,-96,2108
2466,-149,1870
2269,-197,1609
2040,-242,1331
1822,-280,1069
1637,-319,829
1489,-364,596
1379,-426,387
1312,-513,226
1305,-619,132
1354,-746,224
1316,-919,436
1262,-1109,316
1227,-1296,5
1207,-1467,-439
1175,-1617,-670
1081,-1682,-585
988,-1728,-527
959,-1780,-477
1034,-1757,-319
1138,-1658,-271
957,-1554,-430
494,-1518,-716
84,-1549,-1055
15,-1594,-1315
168,-1677,-1483
206,-1826,-1625
68,-1947,-1738
-98,-1952,-1756
-224,-1882,-1726
-314,-1822,-1742
-413,-1828,-1749
-502,-1911,-1657
-575,-1994,-1442
-678,-2004,-1188
-831,-1921,-947
-1003,-1767,-710
-1135,-1563,-460
-1217,-1341,-174
-1233,-1130,119
-1200,-957,437
-1142,-818,709
-1034,-689,888
-904,-545,993
-828,-376,1062
-838,-181,1127
-912,25,1208
-941,342,1574
-2737,665,-500
-5556,-220,-958
-3822,-222,374
-86,118,713
1791,81,651
1099,7,1465
-333,210,1476
-453,773,1446
303,1413,1571
651,1788,1622
222,1766,1639
-378,1477,1693
-309,1274,1845
709,1266,1774
1211,1403,1382
240,1453,1619
-944,1285,1841
-1613,1297,1977
-1761,1584,1829
-1667,1970,1689
-1487,2281,1587
-1379,2380,1374
-1272,2264,1163
-1071,2017,1026
-835,1733,951
-606,1471,948
-441,1279,955
-290,1172,975
-81,1131,1026
174,1136,1099
430,1152,1180
631,1148,1254
784,1113,1318
920,1054,1366
1038,973,1404
1118,875,1422
1153,775,1425
1152,686,1436
1132,622,1474
1111,579,1525
1095,550,1565
1076,527,1604
1059,508,1612
1038,489,1598
1001,461,1587
948,422,1586
891,374,1592
845,325,1598
813,279,1615
798,237,1636
790,197,1640
777,159,1625
746,123,1594
698,92,1554
641,65,1514
590,38,1466
549,11,1401
523,-25,1339
511,-67,1285
511,-111,1229
511,-153,1184
515,-186,1153
515,-213,1132
523,-239,1129
543,-273,1134
587,-310,1151
652,-353,1173
718,-403,1175
767,-456,1172
793,-499,1168
809,-523,1164
821,-529,1171
832,-533,1217
846,-550,1289
851,-588,1350
840,-643,1393
810,-697,1398
762,-738,1379
702,-758,1347
643,-764,1309
586,-764,1268
531,-770,1227
480,-784,1195
430,-795,1167
383,-802,1138
337,-801,1104
294,-786,1067
258,-752,1036
227,-704,1008
199,-651,977
177,-601,962
162,-556,956
153,-512,962
147,-468,974
140,-424,990
132,-387,1016
125,-360,1039
121,-341,1058
124,-330,1073
140,-322,1086
164,-315,1108
182,-315,1138
184,-323,1175
168,-349,1211
138,-387,1232
104,-421,1235
73,-437,1222
46,-440,1196
22,-434,1157
0,-432,1113
-26,-436,1073
-48,-446,1038
-56,-454,1008
-48,-452,980
-29,-441,950
-5,-426,929
14,-406,911
37,-388,893
75,-368,870
128,-346,836
190,-321,807
257,-295,763
330,-273,722
401,-260,692
456,-256,664
492,-259,632
509,-261,606
525,-251,572
546,-230,540
567,-205,512
573,-185,490
571,-174,473
564,-173,463
553,-177,461
535,-177,459
522,-172,454
514,-157,447
515,-138,436
517,-120,422
509,-112,414
489,-112,405
465,-114,398
444,-117,396
429,-123,395
426,-130,391
437,-138,387
453,-141,390
467,-140,394
482,-136,391
496,-132,399
507,-129,424
516,-131,461
528,-128,504
561,-107,546
608,-61,578
661,0,612
707,47,646
738,78,671
758,99,717
768,111,781
774,94,840
787,53,898
813,18,960
842,4,1032
866,-1,1112
872,-19,1180
860,-57,1233
822,-96,1273
758,-129,1312
677,-161,1346
585,-187,1379
513,-217,1424
499,-256,1488
536,-289,1543
587,-300,1591
611,-290,1635
602,-269,1672
587,-262,1715
566,-269,1755
534,-272,1799
518,-262,1837
539,-241,1865
571,-210,1904
601,-206,1942
601,-240,1960
548,-282,1953
501,-261,1894
550,-198,1812
638,-180,1773
653,-232,1629
408,105,1144
-991,1419,-765
-1538,968,-138
-578,363,365
1676,-462,-806
3253,-1689,-393
2665,-2650,552
1177,-2288,1050
319,-1112,1474
37,-131,1779
64,377,1964
354,487,1885
565,287,1761
567,-29,1616
536,-253,1447
534,-301,1343
501,-233,1274
424,-162,1197
363,-139,1100
368,-126,979
414,-90,849
458,-42,745
498,8,668
544,44,606
582,55,571
601,55,557
605,61,555
599,77,559
596,106,566
599,141,574
596,169,579
578,187,580
548,202,565
515,217,551
487,229,548
462,236,542
440,241,533
423,243,519
405,244,506
380,247,494
357,256,485
337,268,483
314,283,492
292,299,502
277,315,515
266,327,532
254,333,547
236,337,556
212,339,563
188,341,566
169,345,572
162,355,597
168,365,632
178,371,664
180,369,689
170,362,706
147,351,722
120,343,735
98,340,740
86,345,740
82,351,747
81,356,753
79,358,757
65,353,766
44,344,774
20,334,783
7,330,795
8,331,813
21,335,834
45,338,848
69,340,857
84,334,865
89,321,876
84,305,890
78,291,903
82,276,926
97,260,955
115,243,981
136,226,1010
159,211,1040
184,199,1065
205,187,1085
219,176,1109
227,160,1132
231,143,1145
236,127,1158
247,108,1162
263,91,1153
283,78,1146
298,69,1136
312,66,1122
325,63,1118
337,66,1122
350,73,1128
358,77,1132
366,82,1136
371,86,1144
373,88,1146
372,85,1143
367,84,1137
354,82,1134
339,84,1140
325,91,1146
316,101,1147
305,115,1148
294,129,1147
285,142,1143
279,153,1135
271,161,1126
262,169,1118
251,174,1112
238,178,1101
226,181,1097
216,184,1091
210,189,1083
210,196,1077
218,205,1066
230,215,1055
240,222,1044
246,226,1036
246,227,1030
245,225,1025
240,223,1022
240,219,1020
242,217,1016
248,216,1007
250,218,998
253,221,987
254,225,978
252,229,965
249,233,955
248,237,945
248,238,936
244,238,927
239,238,920
235,238,914
234,237,907
239,240,900
251,246,897
264,249,891
270,253,884
270,252,877
265,251,868
258,252,859
253,254,851
248,257,842
244,263,836
240,270,831
236,274,828
233,277,824
228,277,826
221,277,832
217,275,836
214,274,841
213,272,845
209,271,848
201,269,851
193,267,851
184,268,854
174,268,856
167,271,858
161,273,858
157,276,855
154,279,850
153,282,846
155,287,846
163,293,848
178,297,850
193,302,851
204,303,852
212,303,851
219,305,847
228,307,843
238,312,843
251,318,845
265,324,846
275,330,846
279,335,845
282,340,842
283,347,838
283,352,832
282,356,830
278,359,826
271,361,823
264,362,820
257,362,820
250,361,818
240,362,815
232,364,813
225,367,812
224,371,809
220,371,806
216,373,806
211,373,809
208,376,811
206,376,813
204,380,813
202,381,818
202,384,820
203,384,821
203,386,825
204,387,833
206,388,841
208,389,847
212,390,850
218,393,850
223,394,851
227,396,852
231,397,851
234,397,855
240,397,861
246,397,861
252,396,861
254,393,862
254,392,863
251,389,861
250,388,861
250,389,864
250,387,867
248,388,867
244,387,873
237,386,874
229,384,876
218,383,875
208,382,876
201,381,874
195,385,870
192,389,868
188,394,868
187,397,868
186,403,866
189,408,867
192,412,872
195,416,874
196,419,873
197,420,875
196,423,876
194,423,880
192,423,884
189,424,891
188,424,894
187,424,898
185,425,902
183,425,909
180,423,914
178,419,920
174,416,926
172,411,929
171,408,931
172,405,933
177,404,928
179,404,923
180,404,917
178,403,906
177,401,899
177,399,895
179,397,890
181,397,884
182,399,880
185,401,875
189,406,870
194,410,864
198,415,860
200,417,859
196,400,795
227,423,851
194,423,891
168,407,800
189,418,767
226,452,805
239,475,833
219,474,849
188,460,872
170,439,897
181,419,914
217,404,925
229,402,936
206,414,929
173,432,918
157,443,899
160,447,880
176,446,866
194,442,856
208,434,856
211,426,859
207,420,864
200,415,870
192,413,871
189,415,870
187,417,865
189,422,859
193,426,860
194,428,865
195,430,871
193,426,879
190,422,888
185,417,894
177,413,902
171,412,907
163,412,913
156,411,915
153,411,920
153,410,925
153,406,929
153,400,932
148,393,931
142,387,928
132,384,923
125,381,919
118,382,914
118,384,913
124,388,916
134,391,919
144,396,925
151,397,930
152,397,935
150,397,937
147,397,940
144,396,940
142,395,938
145,395,938
152,395,940
157,396,941
163,394,944
168,395,945
171,394,942
170,392,937
169,392,935
168,392,930
166,391,925
164,391,920
159,392,913
151,392,911
143,393,913
133,395,912
126,396,912
121,395,910
118,396,912
116,397,913
113,398,913
111,399,912
108,402,914
107,405,915
107,406,918
108,409,919
109,410,920
113,410,920
117,410,919
120,411,916
127,412,916
133,413,916
140,414,916
144,414,916
148,412,912
151,410,913
153,409,911
155,409,912
157,410,910
157,410,909
157,411,906
154,411,903
149,408,901
147,408,899
146,407,899
147,407,899
148,406,899
148,407,899
145,405,899
144,406,899
141,407,900
142,409,899
145,412,901
149,415,904
154,417,907
157,420,911
157,421,912
154,421,910
150,421,914
149,421,916
149,422,914
149,421,912
150,421,911
152,422,910
153,423,905
153,423,901
153,424,899
153,423,899
155,423,896
159,423,897
162,421,896
164,421,894
165,419,893
164,418,892
163,419,891
165,421,892
164,423,892
166,423,890
169,424,889
169,425,886
167,425,881
163,427,877
160,429,875
157,430,872
151,431,873
150,430,875
147,428,861
168,450,838
161,454,887
126,421,850
126,406,798
163,419,808
195,436,845
196,443,870
174,437,894
167,421,911
189,411,922
191,418,920
170,426,909
149,426,890
144,421,870
# balls=5,catches=12,detected=7,sampleRate=200,timestamp=1781212653,countMode=watch_hand
x,y,z
358,603,717
350,603,722
345,606,726
339,611,726
330,613,725
321,613,724
315,612,721
312,611,720
312,610,717
313,609,715
316,610,714
318,611,713
320,613,709
324,614,708
330,615,707
337,616,707
342,615,708
346,614,711
349,613,717
353,612,720
356,612,727
360,612,731
362,611,739
361,611,746
358,608,752
354,605,754
351,603,754
350,601,757
351,600,759
351,599,763
347,597,765
344,593,767
340,590,768
335,587,771
332,582,773
330,578,774
326,574,774
323,570,770
320,566,771
315,563,768
312,561,767
307,560,765
304,558,766
301,557,767
300,558,771
304,561,773
307,564,780
312,567,783
316,570,787
318,570,792
317,569,797
317,569,799
314,569,803
315,568,803
314,568,802
315,569,799
313,568,798
309,567,797
305,566,795
303,566,790
305,567,788
308,568,784
311,569,782
310,568,782
306,568,781
306,566,781
309,567,783
316,567,782
320,571,783
319,572,786
315,571,790
310,573,791
307,573,790
303,572,795
302,572,794
302,571,793
303,572,794
304,572,792
304,572,792
303,573,791
304,571,790
308,569,789
312,568,786
317,568,787
323,569,788
329,572,787
335,574,789
339,576,789
340,579,792
338,579,794
341,579,795
345,581,797
349,581,801
347,581,799
347,581,800
345,579,799
345,579,800
346,576,800
347,576,803
351,576,803
352,577,803
351,579,802
347,582,801
339,585,799
328,590,800
319,594,802
313,597,800
306,600,799
300,604,801
292,610,805
286,615,810
281,618,817
274,619,824
263,618,832
248,619,839
233,621,853
222,625,868
216,633,883
210,638,896
202,642,903
194,644,908
184,644,911
172,642,907
163,642,902
157,643,899
157,646,897
162,648,896
169,650,895
172,653,893
174,656,890
167,658,891
162,662,891
166,669,894
177,677,903
188,687,917
194,697,928
194,703,937
188,703,947
177,707,956
159,712,964
136,714,971
127,719,968
126,725,968
130,732,968
141,740,960
148,745,957
152,752,954
152,763,943
149,771,936
152,775,925
161,775,913
173,777,906
178,782,901
180,787,898
188,789,895
193,790,892
196,789,888
198,789,883
199,793,881
202,799,880
203,801,877
202,805,877
201,807,875
200,811,877
200,816,878
201,817,879
201,819,879
202,819,877
201,819,872
198,820,865
193,824,859
195,828,852
200,830,844
203,834,837
202,834,833
201,833,830
201,831,830
198,828,824
190,829,821
178,830,817
168,831,810
164,828,800
165,827,791
166,827,783
166,835,778
166,842,774
159,841,768
157,838,756
162,836,741
169,835,726
173,830,712
178,825,694
178,820,679
181,817,659
182,817,644
173,810,630
170,797,616
169,790,603
163,784,588
153,775,570
144,761,547
140,754,523
135,746,497
134,736,471
137,725,445
142,717,418
156,705,393
171,700,370
179,691,352
182,679,327
188,675,303
183,669,281
176,648,267
180,628,244
174,598,228
167,558,199
157,518,167
139,467,136
121,417,88
91,369,41
52,315,-4
8,265,-51
-30,219,-96
-61,174,-133
-96,131,-171
-123,99,-201
-146,59,-225
-164,19,-247
-174,-20,-267
-191,-62,-283
-205,-102,-304
-216,-148,-325
-226,-191,-342
-234,-228,-352
-238,-269,-358
-241,-306,-366
-243,-333,-366
-247,-354,-358
-252,-377,-345
-255,-400,-336
-256,-414,-320
-256,-437,-318
-256,-446,-307
-254,-455,-292
-252,-464,-277
-244,-469,-264
-239,-468,-251
-236,-473,-238
-230,-474,-230
-228,-474,-224
-234,-481,-215
-237,-482,-207
-238,-483,-199
-234,-488,-191
-227,-490,-180
-219,-493,-166
-208,-492,-151
-191,-490,-137
-168,-484,-120
-143,-480,-96
-110,-474,-66
-73,-473,-24
-33,-471,16
9,-476,62
45,-481,116
78,-491,183
112,-502,252
151,-511,325
201,-520,400
267,-526,487
335,-531,574
390,-534,657
447,-534,742
495,-537,832
518,-538,909
551,-533,991
593,-525,1085
631,-524,1198
661,-528,1312
689,-534,1407
715,-539,1479
742,-533,1536
771,-519,1584
819,-490,1628
895,-446,1679
989,-398,1742
1071,-364,1809
1146,-351,1889
1230,-352,1993
1334,-353,2107
1435,-343,2232
1519,-320,2368
1595,-287,2499
1684,-255,2624
1785,-235,2742
1870,-221,2861
1936,-211,2988
1995,-203,3120
2044,-196,3249
2069,-192,3362
2071,-185,3446
2045,-167,3515
1992,-144,3573
1939,-112,3621
1916,-71,3662
1916,-29,3714
1921,3,3770
1940,37,3809
1970,76,3830
1998,118,3873
2027,157,3918
2054,177,3956
2076,176,3994
2097,163,4025
2114,160,4040
2117,166,4046
2090,164,4036
2059,160,4011
2053,163,3986
2050,150,3958
2042,124,3929
2026,89,3873
2005,39,3788
1968,-27,3698
1923,-86,3596
1852,-158,3476
1769,-235,3348
1686,-309,3212
1596,-384,3076
1516,-457,2927
1438,-539,2773
1367,-627,2608
1287,-720,2415
1196,-828,2226
1100,-911,2066
1005,-967,1854
928,-1007,1612
882,-1027,1376
835,-1067,1155
749,-1136,959
671,-1211,791
566,-1230,442
429,-1220,201
298,-1219,-96
118,-1257,-396
-93,-1328,-618
-302,-1414,-823
-467,-1526,-1004
-556,-1651,-1232
-587,-1792,-1427
-662,-1908,-1629
-768,-2022,-1651
-1003,-2118,-2025
-1316,-2249,-2082
-1401,-2342,-2132
-1408,-2332,-2253
-1492,-2335,-2302
-1588,-2362,-2302
-1619,-2370,-2283
-1625,-2387,-2256
-1607,-2414,-2195
-1593,-2426,-2108
-1596,-2412,-2006
-1604,-2340,-1916
-1598,-2255,-1831
-1581,-2177,-1738
-1467,-2117,-1643
-1351,-2076,-1554
-1248,-2028,-1475
-1147,-1956,-1393
-1037,-1873,-1298
-931,-1794,-1189
-825,-1726,-1060
-733,-1674,-921
-661,-1632,-777
-584,-1593,-629
-503,-1551,-483
-427,-1519,-343
-341,-1503,-204
-241,-1493,-73
-136,-1486,56
-35,-1478,198
55,-1463,355
154,-1452,511
253,-1453,656
359,-1442,776
492,-1460,908
548,-1477,1062
607,-1399,1242
717,-1235,1451
768,-1109,1641
789,-997,1829
811,-874,2007
852,-758,2132
900,-665,2211
961,-572,2285
1040,-478,2369
1104,-395,2469
1179,-296,2609
1272,-173,2774
1343,-53,2934
1390,53,3048
1384,160,3131
1362,266,3190
1311,362,3164
1414,506,3126
1655,597,3169
1800,551,3245
1906,463,3304
2023,421,3433
2163,434,3619
2349,483,3815
2461,545,4018
2448,597,4225
2416,633,4396
2419,649,4518
2435,653,4606
2468,637,4685
2487,567,4716
2344,404,4667
2152,247,4742
2098,172,4801
2117,150,4800
2203,176,4812
2376,261,4765
2495,364,4664
2503,423,4557
2472,406,4499
2454,300,4473
2399,124,4411
2337,-53,4297
2306,-188,4177
2260,-286,4043
2195,-372,3882
2134,-461,3729
2075,-558,3542
1980,-682,3352
1844,-831,3140
1678,-998,2920
1502,-1172,2665
1332,-1338,2375
1202,-1474,2103
1084,-1564,1808
976,-1620,1546
867,-1667,1334
743,-1728,1071
624,-1786,803
530,-1804,590
446,-1747,376
302,-1652,122
116,-1580,-139
-93,-1609,-347
-336,-1744,-607
-591,-1903,-959
-816,-1950,-1330
-949,-1844,-1666
-1001,-1731,-1848
-1037,-1761,-1957
-1095,-1956,-2011
-1223,-2190,-2058
-1327,-2292,-2103
-1352,-2240,-2108
-1354,-2160,-2099
-1417,-2156,-2068
-1522,-2208,-2056
-1622,-2264,-2015
-1665,-2280,-1944
-1651,-2246,-1842
-1625,-2174,-1723
-1597,-2079,-1602
-1554,-1970,-1477
-1473,-1857,-1346
-1362,-1748,-1217
-1250,-1651,-1099
-1145,-1572,-986
-1040,-1501,-881
-934,-1431,-783
-833,-1361,-680
-734,-1293,-578
-640,-1231,-467
-546,-1174,-354
-448,-1123,-242
-351,-1080,-135
-260,-1043,-21
-179,-1013,91
-111,-993,196
-57,-984,294
-9,-981,380
35,-973,464
81,-958,542
128,-933,620
165,-900,693
199,-869,751
238,-844,803
283,-830,849
338,-827,895
402,-840,937
471,-862,983
540,-890,1019
620,-904,1038
698,-887,1090
746,-837,1142
821,-784,1196
918,-738,1279
1009,-707,1385
1084,-683,1477
1133,-664,1533
1170,-637,1575
1202,-597,1613
1245,-544,1660
1283,-477,1704
1311,-396,1746
1326,-312,1790
1323,-230,1840
1301,-146,1849
1262,-62,1817
1213,35,1824
1182,142,1875
1187,248,1922
1218,337,2004
1250,407,2116
1301,468,2212
1390,529,2306
1508,582,2386
1616,618,2447
1684,642,2516
1697,656,2584
1677,667,2650
1644,670,2721
1622,665,2785
1627,644,2852
1653,606,2935
1706,548,3014
1730,476,3081
1667,426,3136
1610,393,3197
1532,374,3282
1420,365,3359
1340,350,3451
1296,324,3562
1278,289,3679
1279,248,3822
1288,190,3963
1297,112,4088
1303,30,4188
1324,-47,4256
1365,-135,4360
1415,-241,4456
1480,-349,4530
1574,-470,4560
1688,-598,4523
1809,-723,4394
1904,-844,4206
1977,-953,3969
2026,-1008,3675
2048,-1033,3384
2057,-1054,3111
2062,-1081,2840
2072,-1115,2541
2095,-1150,2237
2113,-1181,1973
2116,-1200,1724
2075,-1199,1499
1981,-1194,1305
1917,-1227,1096
1879,-1294,882
1831,-1360,692
1761,-1416,655
1574,-1451,696
1370,-1513,775
1276,-1559,575
1259,-1531,362
1159,-1445,282
861,-1239,174
620,-1015,229
640,-926,247
908,-968,261
1344,-1049,185
1634,-1099,-69
1435,-1085,-452
879,-1084,-810
339,-1134,-1142
72,-1232,-1426
94,-1351,-1591
235,-1479,-1664
316,-1608,-1713
270,-1700,-1738
155,-1740,-1762
34,-1727,-1743
-67,-1684,-1680
-157,-1643,-1587
-248,-1614,-1500
-354,-1580,-1409
-464,-1532,-1290
-596,-1469,-1175
-730,-1407,-1067
-870,-1355,-965
-1019,-1316,-874
-1164,-1279,-808
-1273,-1241,-735
-1317,-1206,-643
-1305,-1177,-587
-1282,-1169,-533
-1286,-1186,-458
-1296,-1199,-353
-1255,-1196,-201
-1357,-1218,-49
-1422,-1204,64
-1443,-1161,170
-1491,-1109,304
-1559,-1055,438
-1635,-995,551
-1691,-920,656
-1719,-830,759
-1719,-738,848
-1702,-672,937
-1691,-646,999
-1686,-631,1030
-1652,-596,1044
-1602,-531,1071
-1571,-458,1093
-1552,-392,1085
-1523,-330,1079
-1465,-274,1076
-1383,-225,1068
-1296,-185,1081
-1174,-14,1695
-1520,187,472
-1936,-193,-1990
-2321,-363,-18
-1759,-384,1281
-590,-375,307
79,-482,656
307,-655,1106
246,-826,1251
147,-894,1355
173,-818,1329
295,-663,1261
502,-494,1233
784,-364,1403
1037,-300,1584
1120,-295,1623
962,-322,1663
644,-367,1692
319,-395,1660
103,-383,1660
30,-358,1641
29,-359,1581
55,-410,1586
143,-474,1626
336,-512,1701
604,-524,1771
883,-524,1815
1120,-523,1844
1312,-510,1862
1488,-464,1879
1655,-385,1902
1783,-286,1941
1838,-188,1998
1905,-97,2069
1958,-28,2147
1975,13,2222
1949,40,2285
1910,70,2322
1873,116,2341
1830,169,2358
1772,219,2387
1695,244,2470
1604,233,2586
1526,189,2729
1475,128,2889
1456,52,3021
1468,-23,3119
1490,-86,3188
1507,-134,3240
1504,-174,3285
1481,-215,3341
1469,-264,3406
1484,-319,3464
1522,-377,3531
1582,-438,3603
1670,-493,3643
1781,-541,3662
1897,-583,3688
2007,-641,3718
2116,-716,3770
2243,-803,3829
2386,-902,3888
2543,-1013,3936
2712,-1119,3932
2887,-1218,3868
3025,-1302,3776
3099,-1381,3663
3070,-1448,3531
3018,-1516,3384
3013,-1620,3178
2962,-1699,2987
2891,-1749,2747
2784,-1776,2434
2659,-1781,2202
2539,-1767,1998
2437,-1749,1785
2358,-1734,1553
2278,-1718,1310
2179,-1711,1087
2068,-1718,891
1888,-1730,699
1672,-1745,616
1487,-1748,445
1368,-1720,193
1315,-1673,-20
1219,-1590,-301
1118,-1505,-351
1103,-1470,-361
1132,-1498,-349
1105,-1528,-240
1062,-1525,-211
921,-1471,-336
641,-1400,-585
325,-1328,-895
25,-1288,-1179
-161,-1318,-1436
-243,-1405,-1677
-304,-1511,-1894
-398,-1595,-2063
-552,-1644,-2149
-751,-1676,-2199
-944,-1707,-2209
-1080,-1721,-2199
-1141,-1709,-2128
-1166,-1681,-2026
-1184,-1653,-1922
-1206,-1647,-1829
-1244,-1649,-1737
-1317,-1623,-1638
-1406,-1557,-1558
-1493,-1467,-1477
-1569,-1377,-1364
-1601,-1317,-1258
-1595,-1291,-1138
-1567,-1298,-1015
-1526,-1317,-882
-1478,-1324,-711
-1431,-1311,-537
-1383,-1275,-375
-1323,-1222,-230
-1245,-1164,-92
-1096,-1078,28
-995,-1009,490
-1893,-1379,-74
-3080,-1890,-1122
-3040,-1868,-891
-1384,-1363,167
235,-982,388
824,-842,339
537,-823,488
-101,-826,791
-470,-742,800
-370,-572,761
-117,-420,847
56,-338,886
101,-322,885
47,-363,876
-60,-427,857
-130,-465,852
-67,-446,885
106,-364,957
304,-253,1017
462,-141,1085
602,-16,1174
751,96,1139
895,176,1048
983,208,1066
1050,185,1146
1140,134,1240
1218,77,1384
1255,23,1527
1256,-19,1614
1248,-27,1686
1256,10,1771
1291,81,1858
1335,159,1921
1381,222,1962
1432,260,2004
1477,269,2047
1498,253,2074
1493,220,2093
1474,179,2108
1445,133,2121
1406,96,2121
1365,68,2126
1330,48,2132
1297,49,2141
1273,68,2170
1284,87,2227
1305,103,2303
1349,117,2379
1409,137,2464
1480,156,2554
1547,161,2646
1600,151,2738
1643,125,2827
1674,85,2916
1693,42,3006
1703,5,3083
1708,-21,3119
1694,-47,3124
1661,-82,3117
1607,-118,3119
1546,-149,3134
1492,-165,3156
1461,-172,3187
1448,-177,3238
1454,-184,3298
1493,-197,3347
1558,-217,3392
1647,-243,3454
1747,-282,3525
1853,-341,3604
1963,-428,3702
2075,-537,3796
2194,-679,3868
2305,-842,3922
2414,-1011,3943
2516,-1164,3919
2586,-1294,3827
2619,-1399,3687
2614,-1495,3519
2566,-1575,3319
2483,-1629,3093
2386,-1649,2855
2300,-1646,2609
2233,-1632,2368
2166,-1622,2123
2092,-1617,1882
1937,-1587,1663
1887,-1577,1480
1898,-1603,1253
1863,-1639,1074
1769,-1682,951
1606,-1716,820
1402,-1737,688
1233,-1762,721
1114,-1772,673
1038,-1748,589
971,-1724,454
888,-1720,424
781,-1718,434
624,-1705,404
424,-1671,188
220,-1611,-221
45,-1541,-674
-102,-1508,-1052
-210,-1541,-1324
-281,-1646,-1539
-345,-1779,-1650
-418,-1877,-1715
-511,-1919,-1688
-602,-1916,-1670
-662,-1895,-1658
-683,-1883,-1662
-692,-1884,-1665
-724,-1899,-1674
-793,-1912,-1670
-889,-1907,-1664
-988,-1880,-1669
-1062,-1814,-1673
-1106,-1721,-1639
-1105,-1599,-1550
-1085,-1465,-1435
-1060,-1349,-1311
-1029,-1254,-1163
-991,-1173,-1034
-930,-1098,-920
-876,-1019,-780
-851,-934,-638
-837,-850,-526
-815,-779,-402
-796,-727,-295
-801,-699,-198
-827,-675,-115
-854,-644,-60
-888,-595,-13
-907,-527,34
-892,-443,94
-853,-362,144
-792,-292,184
-715,-233,238
-636,-185,308
-559,-136,382
-492,-84,448
-442,-26,500
-403,39,533
-372,100,560
-357,151,589
-349,193,611
-349,223,619
-358,246,674
-298,330,999
-477,590,544
-1029,515,-916
-1701,4,-1267
-2089,-333,-444
-1520,-352,-59
-596,-312,-137
161,-286,161
710,-336,521
1005,-405,772
1014,-493,825
816,-547,908
617,-515,1041
552,-382,999
580,-175,854
666,55,851
802,245,951
956,339,1034
1018,300,1119
1045,188,1247
1068,52,1353
1102,-66,1419
1109,-137,1473
1075,-163,1522
1047,-144,1595
1051,-96,1685
1069,-43,1764
1102,1,1820
1183,43,1865
1320,85,1928
1478,120,1999
1611,140,2045
1690,150,2089
1713,159,2128
1689,180,2158
1633,209,2183
1579,241,2217
1544,263,2264
1512,264,2327
1476,246,2388
1438,212,2437
1421,172,2469
1432,135,2516
1454,93,2585
1457,43,2656
1426,-7,2747
1367,-50,2865
1296,-92,3017
1239,-137,3162
1217,-184,3280
1230,-225,3384
1271,-257,3474
1344,-288,3553
1444,-325,3623
1565,-372,3695
1688,-429,3769
1808,-491,3833
1928,-550,3878
2047,-607,3904
2160,-675,3915
2249,-753,3906
2305,-847,3893
2321,-957,3899
2316,-1076,3871
2331,-1189,3837
2369,-1293,3778
2411,-1391,3703
2419,-1483,3597
2377,-1556,3417
2287,-1599,3174
2187,-1614,2912
2098,-1609,2658
2020,-1587,2413
1975,-1566,2176
1914,-1543,1937
1836,-1516,1701
1740,-1492,1431
1624,-1476,1169
1506,-1470,976
1382,-1487,795
1220,-1529,650
1001,-1586,596
774,-1674,597
629,-1792,375
576,-1912,-16
552,-2025,-397
478,-2107,-522
268,-2038,-783
-84,-1793,-656
-395,-1560,-496
-564,-1362,-246
-470,-1159,-106
-156,-979,-165
69,-848,-363
-32,-815,-712
-396,-899,-1092
-747,-1061,-1411
-856,-1239,-1617
-688,-1369,-1717
-487,-1443,-1755
-428,-1468,-1737
-472,-1457,-1701
-533,-1417,-1642
-580,-1352,-1580
-611,-1278,-1512
-607,-1214,-1423
-575,-1172,-1334
-547,-1150,-1249
-550,-1130,-1159
-575,-1099,-1074
-603,-1039,-972
-642,-952,-858
-689,-858,-790
-734,-762,-722
-758,-676,-635
-721,-597,-542
-629,-518,-454
-539,-442,-326
-496,-368,-204
-500,-301,-103
-526,-236,-20
-540,-175,31
-537,-118,58
-537,-70,93
-554,-38,119
-585,-22,137
-626,-19,161
-668,-19,193
-702,-20,220
-724,-18,236
-726,-13,243
-724,-8,240
-732,-7,240
-751,-8,247
-778,-7,252
-802,0,247
-805,18,245
-732,71,558
-630,274,312
-1472,399,-479
-2375,-61,-2015
-2760,-329,-1370
-1875,-172,-173
-536,-26,-383
333,-56,-577
840,-140,-411
1003,-218,77
915,-305,439
800,-386,533
787,-375,563
844,-254,649
944,-76,686
1070,83,671
1216,208,711
1396,303,944
1535,329,1044
1513,262,958
1280,146,932
945,29,941
658,-45,920
469,-74,969
415,-84,1123
504,-106,1252
731,-116,1320
1041,-90,1391
1332,-42,1477
1559,12,1564
1733,61,1674
1878,101,1817
1996,124,1991
2080,118,2182
2122,76,2389
2121,18,2572
2101,-20,2667
2067,-28,2683
2053,-3,2706
2058,42,2746
2046,83,2779
2012,111,2834
1978,128,2880
1967,136,2906
1962,140,2918
1939,129,2954
1896,98,2988
1843,54,3051
1800,-11,3146
1774,-107,3264
1780,-208,3385
1808,-307,3484
1843,-398,3556
1861,-485,3607
1853,-581,3649
1818,-678,3676
1780,-764,3710
1760,-843,3744
1776,-934,3754
1822,-1020,3771
1894,-1100,3752
1979,-1164,3711
2055,-1213,3648
2113,-1251,3590
2147,-1295,3526
2165,-1349,3474
2183,-1410,3395
2205,-1452,3266
2211,-1473,3108
2194,-1477,2906
2149,-1465,2668
2080,-1440,2418
1995,-1411,2182
1898,-1381,1949
1802,-1361,1714
1712,-1345,1494
1629,-1340,1290
1550,-1345,1120
1474,-1371,942
1414,-1435,780
1339,-1524,697
1223,-1620,678
1105,-1742,810
1041,-1865,669
1005,-1982,359
905,-2090,109
714,-2187,43
484,-2246,-10
268,-2239,-71
137,-2169,-96
116,-2052,-257
149,-1940,-516
105,-1891,-801
-78,-1938,-1111
-346,-2071,-1389
-512,-2210,-1569
-484,-2284,-1644
-376,-2294,-1666
-368,-2294,-1638
-512,-2311,-1632
-679,-2308,-1631
-746,-2251,-1622
-731,-2157,-1577
-723,-2063,-1500
-781,-1969,-1421
-898,-1865,-1322
-1008,-1710,-1190
-1112,-1533,-1039
-1215,-1366,-908
-1298,-1211,-797
-1363,-1061,-699
-1419,-915,-624
-1482,-770,-573
-1555,-624,-492
-1622,-480,-385
-1663,-337,-278
-1660,-189,-170
-1617,-32,-86
-1565,115,-23
-1526,245,12
-1505,362,20
-1497,471,34
-1489,575,44
-1572,658,-64
-2477,615,-83
-4595,147,-1121
-4783,-149,-2633
-2367,-69,-665
97,209,863
1373,541,424
1691,814,10
1405,1055,-44
1057,1309,-42
1032,1588,-113
1056,1754,-152
1012,1725,-113
835,1469,-92
623,1165,-32
449,951,58
323,868,120
255,859,148
190,814,136
158,785,323
119,694,373
96,571,443
160,425,542
265,257,567
330,81,604
329,-99,635
279,-292,680
237,-497,769
267,-718,923
303,-945,1105
352,-1141,1319
489,-1248,1515
767,-1231,1594
1111,-1065,1484
1436,-819,1783
1645,-648,2066
1544,-572,2175
1125,-655,2448
526,-633,2635
-34,-573,2553
-500,-523,2566
-720,-616,2860
-868,-741,2838
-947,-801,2836
-833,-838,2841
-556,-817,2756
-214,-764,2681
120,-694,2611
470,-605,2515
823,-515,2382
1091,-421,2255
1311,-299,2176
1581,-126,2140
1864,44,2141
2081,175,2144
2220,264,2170
2318,335,2209
2369,404,2244
2343,471,2265
2226,521,2283
2039,519,2288
1820,468,2330
1625,397,2440
1492,330,2577
1388,276,2757
1277,224,2968
1180,160,3172
1141,92,3362
1159,27,3512
1205,-37,3606
1241,-83,3673
1278,-161,3770
1293,-273,3900
1304,-401,3992
1180,-518,4070
1242,-627,4054
1383,-745,4014
1534,-884,4071
1635,-1047,4085
1706,-1249,4121
1758,-1495,4191
1789,-1764,4183
1776,-2001,3999
1720,-2155,3728
1618,-2178,3411
1503,-2116,3034
1389,-2011,2640
1288,-1899,2273
1218,-1804,1948
1196,-1731,1685
1203,-1664,1445
1230,-1598,1179
1251,-1549,935
1249,-1526,693
1278,-1539,501
1362,-1618,574
1289,-1652,718
1002,-1602,585
970,-1614,-467
1286,-1789,-854
1474,-1943,-756
1339,-1991,-808
949,-1910,-1039
190,-1370,-1327
-829,-557,-698
-1412,-272,-798
-1272,-131,-1119
-565,-27,-1244
282,-5,-1820
269,-42,-2365
-680,-219,-2893
-1702,-443,-3328
-2105,-551,-3617
-1801,-455,-3696
-1237,-224,-3613
-928,-11,-3386
-1012,15,-3112
-1273,-186,-2892
-1476,-502,-2726
-1536,-785,-2561
-1532,-976,-2395
-1534,-1085,-2233
-1545,-1138,-2096
-1566,-1178,-1947
-1608,-1234,-1758
-1661,-1311,-1550
-1672,-1387,-1326
-1578,-1442,-1077
-1341,-1479,-824
-991,-1516,-558
-683,-1568,-296
-495,-1664,-91
-367,-1823,94
-234,-1982,245
-168,-2086,368
-189,-2139,494
-270,-2167,635
-365,-2201,784
-496,-2245,911
-672,-2279,1020
-831,-2286,1108
-932,-2259,1175
-966,-2227,1245
-958,-2211,1328
-920,-2203,1425
-836,-2190,1545
-688,-2173,1671
-517,-2140,1746
-351,-2093,1784
-182,-2033,1820
12,-1989,2079
330,-1771,1851
-347,-1214,952
-1452,-1186,514
-1673,-1215,648
-710,-1391,473
411,-1870,464
1250,-2404,496
1569,-2522,611
1434,-2256,820
1269,-1800,1049
1287,-1335,1202
1337,-991,1351
1304,-808,1408
1222,-788,1449
1174,-891,1479
1182,-1017,1508
1228,-1079,1572
1284,-1069,1613
1340,-1054,1686
1429,-1055,1752
1483,-1022,1761
1433,-933,1716
1296,-811,1712
1188,-689,1697
1180,-575,1642
1221,-478,1578
1272,-394,1503
1356,-322,1429
1493,-262,1369
1676,-217,1337
1854,-187,1335
1981,-163,1309
2048,-133,1326
2058,-85,1359
2042,-17,1406
2015,69,1477
1965,147,1549
1896,209,1622
1811,270,1717
1735,334,1812
1676,392,1922
1612,424,2033
1545,427,2152
1494,416,2280
1461,410,2417
1450,413,2541
1448,426,2657
1451,441,2761
1467,451,2853
1497,456,2934
1546,460,3007
1613,476,3048
1711,480,3090
1811,471,3121
1903,466,3154
1995,468,3185
2081,474,3219
2150,478,3260
2196,476,3288
2213,462,3334
2195,432,3417
2160,383,3502
2126,317,3569
2091,233,3626
2050,122,3687
2010,-14,3750
1987,-171,3817
2004,-334,3875
2038,-505,3889
2048,-684,3849
2050,-853,3785
2078,-984,3688
2132,-1086,3564
2201,-1176,3395
2256,-1250,3199
2281,-1318,2992
2265,-1383,2779
2204,-1431,2555
2122,-1462,2354
2048,-1477,2160
1983,-1486,1938
1921,-1498,1697
1850,-1501,1440
1782,-1492,1238
1709,-1491,1132
1579,-1501,1076
1425,-1540,1001
1303,-1590,820
1200,-1609,503
1085,-1567,182
925,-1423,-159
729,-1163,-281
683,-920,-264
859,-805,-167
1150,-807,-2
1380,-866,103
1366,-956,130
1075,-1075,39
638,-1215,-228
258,-1327,-575
60,-1377,-936
-5,-1395,-1257
-58,-1416,-1581
-127,-1476,-1898
-175,-1578,-2082
-132,-1703,-2139
-93,-1890,-2153
-155,-2082,-2096
-282,-2159,-1991
-412,-2121,-1844
-508,-2042,-1669
-471,-1993,-1487
-333,-2018,-1296
-643,-2143,-1120
-835,-2249,-975
-899,-2309,-856
-874,-2296,-759
-870,-2211,-673
-891,-2060,-561
-910,-1890,-410
-910,-1732,-282
-881,-1596,-167
-844,-1477,-24
-811,-1374,121
-752,-1271,253
-698,-1164,400
-699,-1051,523
-755,-931,594
-868,-807,632
-1004,-688,624
-1142,-588,607
-1274,-511,617
-1402,-460,663
-1510,-430,715
-1600,-405,762
-1675,-383,812
-1706,-357,865
-1704,-336,905
-1695,-356,915
-2020,-416,1229
-4399,-1009,-525
-5569,-1440,-1295
-3132,-1182,1052
-123,-856,1269
1085,-318,1480
782,-108,1325
315,-201,1233
85,-236,1240
95,-161,1368
117,-114,1508
68,-140,1626
-5,-203,1697
-15,-261,1674
101,-287,1609
234,-280,1550
284,-251,1495
226,-204,1475
111,-137,1485
-21,-54,1489
-130,15,1488
-186,59,1463
-184,68,1402
-146,51,1336
-87,45,1298
-7,64,1264
120,118,1226
268,191,1164
401,267,1075
489,347,1095
537,433,1090
559,528,1057
546,612,1012
456,645,978
275,619,984
62,554,1012
-137,464,1060
-308,372,1119
-447,298,1172
-566,238,1232
-667,194,1316
-734,172,1440
-726,159,1575
-628,106,1704
-494,-3,1850
-358,-165,2026
-197,-330,2211
-30,-439,2390
146,-501,2539
360,-542,2662
612,-571,2774
877,-603,2882
1099,-654,2954
1271,-716,2994
1396,-753,3005
1530,-758,2946
1628,-731,2900
1779,-691,2869
1821,-643,2895
1752,-603,2956
1627,-580,3023
1509,-573,3097
1426,-575,3170
1368,-584,3259
1335,-600,3337
1319,-622,3411
1298,-668,3507
1270,-752,3595
1254,-853,3677
1297,-927,3759
1406,-964,3783
1565,-969,3754
1734,-960,3731
1893,-958,3706
2044,-953,3701
2204,-940,3714
2395,-919,3724
2628,-885,3725
2886,-867,3723
3141,-904,3714
3328,-994,3690
3412,-1123,3629
3403,-1254,3523
3311,-1361,3380
3163,-1446,3221
2973,-1526,3032
2769,-1601,2811
2587,-1663,2561
2444,-1708,2308
2340,-1742,2054
2257,-1781,1785
2171,-1825,1488
2065,-1867,1227
1943,-1904,1031
1808,-1934,843
1667,-1948,733
1472,-1949,709
1279,-1978,641
1236,-2003,167
1327,-2003,-474
1443,-2004,-853
1526,-1970,-1014
1375,-1772,-1367
1127,-1437,-1396
882,-1151,-1181
516,-945,-903
200,-754,-622
174,-558,-571
245,-361,-740
0,-248,-1081
-589,-320,-1669
-1241,-586,-2228
-1600,-940,-2647
-1516,-1263,-2868
-1200,-1535,-2930
-1014,-1735,-2873
-1063,-1821,-2765
-1216,-1840,-2666
-1313,-1859,-2559
-1308,-1949,-2413
-1241,-2142,-2265
-1217,-2385,-2145
-1345,-2595,-2042
-1609,-2711,-1932
-1919,-2715,-1771
-2143,-2592,-1519
-2219,-2379,-1212
-2138,-2161,-892
-1962,-2013,-583
-1709,-1916,-326
-1445,-1839,-112
-1210,-1765,0
-979,-1691,56
-762,-1632,62
-648,-1555,60
-653,-1454,81
-571,-1101,501
-903,-709,-255
-1887,-900,-1700
-2507,-1200,-1886
-2196,-1067,-969
-1133,-827,-223
-158,-913,-66
386,-1127,275
502,-1246,680
437,-1213,826
428,-1033,1054
458,-783,1404
381,-506,1133
240,-237,1056
216,-23,1403
346,125,1880
565,125,2081
765,46,2123
871,-90,2083
872,-227,2048
907,-282,2020
1076,-247,2032
1310,-155,1987
1491,-58,1842
1551,24,1725
1487,96,1699
1366,164,1685
1273,232,1699
1241,297,1764
1241,350,1849
1248,381,1947
1245,397,2063
1249,401,2200
1289,395,2361
1353,367,2546
1428,310,2716
1515,239,2818
1586,178,2882
1615,147,2937
1602,148,3008
1571,175,3083
1532,203,3153
1474,208,3222
1420,186,3294
1394,145,3338
1400,101,3356
1423,64,3354
1447,43,3357
1459,39,3377
1447,41,3386
1405,39,3392
1361,34,3414
1343,38,3432
1353,43,3420
1378,42,3443
1422,23,3493
1486,-8,3533
1564,-37,3564
1650,-52,3614
1737,-64,3662
1818,-101,3698
1882,-170,3731
1925,-262,3742
1965,-369,3734
1991,-483,3730
2004,-607,3743
2028,-751,3721
2059,-897,3675
2095,-1040,3646
2117,-1175,3554
2113,-1291,3397
2080,-1381,3220
2027,-1443,3037
1977,-1475,2831
1940,-1484,2596
1905,-1481,2375
1838,-1468,2154
1739,-1446,1920
1608,-1415,1693
1446,-1369,1476
1318,-1328,1251
1228,-1311,1025
1112,-1306,833
971,-1314,723
796,-1330,618
619,-1360,480
484,-1394,238
392,-1386,-345
305,-1293,-703
166,-1089,-818
6,-831,-606
-102,-547,-456
-179,-263,-238
-252,2,-222
-314,228,-452
-404,405,-939
-529,525,-1453
-677,546,-1854
-851,453,-2221
-958,269,-2495
-974,57,-2525
-963,-110,-2466
-1011,-205,-2343
-1043,-207,-2188
-982,-149,-2046
-872,-140,-1898
-801,-246,-1837
-834,-495,-1802
-989,-850,-1773
-1226,-1258,-1742
-1452,-1609,-1690
-1573,-1798,-1611
-1573,-1803,-1473
-1492,-1710,-1296
-1354,-1617,-1131
-1188,-1572,-924
-1017,-1578,-684
-850,-1606,-445
-707,-1635,-255
-600,-1654,-133
-527,-1657,-62
-462,-1645,-36
-386,-1634,-29
-321,-1633,-16
-306,-1635,-7
-317,-1624,0
-325,-1585,37
-319,-1517,88
-309,-1439,152
-306,-1377,219
-296,-1345,276
-256,-1334,330
-199,-1336,387
-144,-1329,435
-102,-1303,491
-68,-1258,545
-40,-1205,588
-26,-1158,638
-3,-1118,694
6,-1087,746
-22,-978,566
-599,-669,525
-2794,-931,-398
-4177,-1291,-1651
-2519,-1061,382
852,-1188,696
3095,-1452,492
3240,-1696,602
1921,-1763,824
509,-1560,1056
-154,-1145,1077
26,-657,1144
612,-302,1223
999,-254,1250
1034,-484,1239
893,-773,1207
817,-899,1166
903,-863,1084
1093,-758,1082
1336,-650,1171
1446,-582,1199
1294,-531,1239
995,-483,1274
709,-438,1260
505,-386,1250
381,-339,1257
312,-313,1273
295,-307,1313
343,-307,1375
462,-297,1430
631,-265,1471
798,-205,1513
939,-122,1552
1059,-25,1599
1171,59,1656
1284,115,1722
1381,137,1791
1449,143,1866
1535,152,1931
1624,178,1978
1699,217,2037
1768,255,2129
1825,286,2251
1873,320,2364
1903,350,2434
1904,365,2482
1876,372,2528
1832,371,2571
1797,397,2601
1752,457,2619
1668,495,2647
1560,493,2694
1456,473,2767
1382,465,2855
1338,478,2942
1308,504,3030
1279,530,3115
1265,542,3188
1280,545,3253
1333,540,3303
1422,523,3354
1534,470,3418
1650,386,3484
1766,292,3577
1888,203,3633
1972,152,3696
2023,121,3755
2054,73,3811
2054,-29,3886
2007,-188,3970
1927,-385,4062
1846,-578,4128
1791,-742,4137
1763,-887,4114
1754,-1019,4047
1765,-1153,3928
1783,-1274,3793
1805,-1381,3619
1837,-1483,3417
1886,-1573,3180
1951,-1631,2898
2024,-1657,2647
2079,-1667,2385
2079,-1660,2102
2030,-1654,1831
1925,-1649,1537
1759,-1631,1240
1559,-1609,931
1389,-1608,637
1199,-1627,501
927,-1646,406
684,-1694,276
513,-1740,-430
341,-1783,-1121
612,-1951,-1376
774,-2061,-1456
711,-2027,-1616
223,-1524,-1841
-518,-836,-1003
-958,-434,-775
-818,-143,-922
-205,79,-694
411,204,-954
346,216,-1184
-401,-18,-1607
-1165,-438,-2023
-1401,-834,-2344
-1115,-1056,-2537
-735,-1134,-2598
-554,-1154,-2580
-602,-1174,-2577
-750,-1228,-2569
-813,-1315,-2543
-742,-1419,-2425
-636,-1537,-2250
-636,-1653,-2082
-798,-1716,-1929
-1050,-1679,-1816
-1244,-1534,-1683
-1348,-1338,-1527
-1387,-1146,-1355
-1363,-974,-1082
-1239,-828,-715
-1015,-730,-341
-779,-699,-15
-634,-709,230
-594,-718,408
-585,-717,545
-568,-737,647
-550,-802,742
-567,-896,830
-633,-979,928
-743,-1020,1044
-860,-1007,1173
-934,-951,1333
-965,-887,1499
-979,-841,1626
-891,-832,1436
-2983,-1702,89
-5662,-1749,-928
-2657,-934,1243
779,-401,1532
2278,-334,1992
2359,-354,1915
1717,-384,1762
1120,-407,1715
844,-285,2007
783,28,2072
597,405,1909
162,653,1794
-265,624,1712
-389,430,1668
-168,321,1662
154,280,1663
363,271,1598
440,305,1558
416,360,1528
366,403,1504
399,437,1447
479,429,1394
553,361,1359
630,265,1345
667,191,1311
649,167,1274
614,208,1250
616,279,1213
660,312,1169
678,286,1151
641,220,1136
559,124,1071
436,19,965
305,-75,864
187,-183,731
110,-313,567
82,-441,423
86,-556,304
90,-623,217
95,-643,170
154,-661,154
279,-696,172
408,-751,250
449,-828,342
432,-889,482
459,-875,619
629,-782,681
753,-768,726
816,-876,779
869,-1075,873
872,-1273,948
817,-1380,978
778,-1428,1020
796,-1431,992
906,-1406,1087
991,-1353,1179
860,-1291,1229
698,-1282,1342
875,-1338,1318
934,-1274,1319
974,-1108,1456
996,-979,1440
1082,-975,1469
1261,-1014,1497
1438,-985,1493
1633,-843,1448
1788,-725,1392
1952,-668,1382
2193,-607,1472
2312,-530,1591
2231,-485,1652
2153,-491,1737
2229,-503,1808
2405,-497,1863
2575,-469,1881
2642,-433,1861
2635,-387,1827
2597,-348,1792
2530,-336,1739
2535,-335,1724
2650,-315,1699
2783,-290,1687
2851,-273,1686
2867,-269,1670
2865,-290,1659
2856,-334,1641
2836,-392,1611
2775,-443,1573
2669,-478,1553
2530,-508,1557
2385,-547,1568
2246,-598,1570
2105,-655,1568
1972,-715,1568
1850,-771,1583
1734,-818,1584
1613,-851,1566
1484,-873,1531
1358,-887,1481
1239,-897,1441
1132,-904,1403
1024,-920,1366
915,-951,1314
830,-995,1283
772,-1019,1199
715,-1016,1134
662,-991,1076
627,-953,1013
612,-909,951
607,-867,873
601,-829,804
596,-796,759
593,-769,721
592,-745,683
584,-718,664
569,-683,655
545,-648,638
517,-612,626
477,-577,619
419,-556,621
363,-540,615
328,-530,593
301,-525,577
261,-525,574
213,-513,554
175,-482,532
143,-437,514
102,-401,486
51,-381,453
13,-368,427
30,-338,416
87,-303,420
140,-276,402
155,-265,385
119,-275,378
51,-306,372
-24,-349,370
-88,-410,387
-138,-473,390
-205,-516,396
-289,-535,405
-347,-532,438
-398,-513,491
-469,-481,564
-534,-441,687
-583,-397,828
-669,-373,954
-769,-357,1084
-817,-351,1220
-803,-372,1301
-772,-425,1394
-805,-507,1511
-922,-585,1630
-1058,-648,1751
-1296,-789,1249
-3342,-1204,1360
-4398,-1099,656
-5479,-1468,868
-6498,-2309,-3656
-2576,-1473,665
5644,-1262,3262
6838,-3383,746
3838,-685,1246
1118,315,1831
-1067,235,1816
-886,270,1329
1208,-189,1470
2077,-1172,889
1602,-798,886
-106,-462,1341
-812,-428,561
-543,-362,524
-146,-225,707
-167,-2,694
-449,241,709
-753,345,848
-885,295,921
-882,164,972
-831,39,998
-859,26,939
-771,136,814
-560,255,702
-361,343,571
-196,387,430
-2,355,313
212,373,211
450,407,144
609,423,109
682,417,84
670,381,93
683,361,68
679,379,54
639,395,42
579,406,8
510,423,-17
458,429,-23
398,431,-12
328,430,16
255,416,64
172,397,126
99,371,191
49,350,264
30,345,338
38,352,405
76,379,455
132,421,489
153,426,504
192,407,511
223,379,500
240,335,484
271,290,473
318,259,473
364,237,489
398,220,508
425,193,526
435,152,544
443,110,573
457,63,598
468,6,607
483,-49,618
479,-88,621
467,-93,631
455,-73,654
444,-40,688
423,-17,725
376,-16,761
333,-32,806
327,-60,856
345,-85,905
353,-101,969
345,-101,1036
328,-87,1124
307,-70,1211
271,-61,1276
225,-63,1328
180,-76,1356
136,-104,1376
131,-140,1400
181,-174,1418
258,-202,1437
325,-226,1446
378,-243,1443
414,-245,1427
439,-233,1413
473,-214,1409
504,-201,1425
509,-199,1457
493,-202,1501
467,-203,1558
435,-199,1626
401,-191,1688
362,-185,1746
310,-188,1789
260,-202,1814
224,-217,1825
207,-230,1826
207,-239,1817
219,-249,1805
237,-257,1799
237,-268,1770
226,-272,1729
222,-263,1670
247,-248,1596
285,-235,1514
307,-236,1438
314,-247,1364
319,-251,1279
317,-254,1196
304,-262,1118
279,-277,1046
264,-294,986
261,-320,959
208,-332,932
114,-337,897
11,-346,856
-76,-345,827
-119,-350,811
-135,-374,810
-155,-406,803
-176,-430,783
-211,-432,747
-238,-420,710
-247,-414,658
-257,-423,604
-246,-437,573
-203,-450,561
-146,-467,567
-94,-480,583
-69,-480,606
-70,-465,636
-70,-437,676
-51,-408,742
-28,-387,811
3,-371,884
60,-346,965
136,-305,1038
179,-238,1094
157,-142,1126
111,-34,1158
160,26,1205
288,-4,1216
406,-94,1218
493,-154,1226
571,-128,1221
607,-21,1174
569,127,1141
589,247,1168
791,275,1242
1070,204,1286
1210,62,1308
1110,-72,1380
899,-116,1483
682,-50,1557
444,25,1572
249,38,1558
243,21,1586
389,-5,1600
526,-44,1627
582,-73,1648
580,-71,1643
567,-37,1619
569,5,1576
570,45,1523
560,72,1466
551,67,1404
531,49,1349
507,32,1300
491,18,1259
481,10,1222
474,3,1190
469,1,1164
469,3,1148
470,8,1137
463,10,1130
450,12,1121
432,13,1122
416,9,1122
400,-2,1118
384,-19,1107
369,-33,1095
356,-43,1084
341,-46,1070
323,-50,1061
301,-53,1070
280,-61,1082
260,-75,1081
244,-91,1073
234,-107,1063
232,-120,1055
244,-126,1048
266,-123,1042
289,-119,1039
305,-115,1034
310,-113,1029
306,-114,1023
299,-115,1015
290,-113,1007
279,-110,998
269,-104,989
261,-95,980
249,-87,977
233,-85,981
217,-83,988
209,-86,993
204,-87,997
201,-89,1001
200,-88,1000
200,-84,995
198,-77,988
193,-67,976
189,-57,964
183,-45,956
177,-36,947
171,-29,940
166,-22,937
167,-19,933
175,-15,932
187,-10,929
202,-2,916
214,7,902
227,18,890
238,32,880
250,45,874
261,55,867
268,61,857
279,65,845
292,70,829
314,74,813
335,78,801
350,83,792
358,86,785
361,89,780
360,94,774
358,99,767
355,105,760
347,111,761
338,117,765
323,122,769
305,122,765
295,125,761
287,130,757
282,138,754
279,147,752
276,157,754
271,165,755
262,172,752
253,177,750
247,183,750
247,190,745
256,199,744
271,210,743
290,223,740
312,235,738
332,246,733
348,253,724
358,258,715
359,262,708
354,265,702
349,269,698
342,275,696
340,279,693
340,283,693
339,288,694
336,292,697
336,298,701
340,303,710
345,305,720
348,304,730
347,302,735
341,296,742
333,289,746
326,282,750
326,279,759
331,279,763
338,282,766
341,285,769
345,289,774
347,295,774
352,302,773
358,308,772
362,313,771
364,317,770
363,321,771
362,321,772
362,323,772
357,322,771
351,322,772
344,321,773
336,323,779
330,325,784
326,329,792
323,333,801
320,337,807
318,343,815
315,351,824
314,359,832
314,368,840
315,373,850
316,378,855
315,381,861
307,382,871
302,381,874
300,381,875
304,386,878
314,392,886
326,397,888
337,402,886
345,403,885
350,402,881
354,400,879
358,399,878
363,399,880
369,400,883
372,403,885
377,405,884
376,401,884
372,396,887
359,390,893
347,382,895
335,374,890
323,369,886
313,366,882
307,363,877
302,360,871
304,360,870
314,361,869
330,365,870
347,368,869
358,370,863
348,351,765
388,355,857
358,330,846
340,316,757
376,340,752
420,378,806
443,418,832
441,458,841
429,491,860
415,508,882
406,511,894
399,498,895
397,477,893
398,456,887
399,432,877
394,402,868
388,384,860
384,381,844
380,388,833
375,400,825
369,409,817
360,409,817
351,399,818
347,387,821
347,373,822
347,361,817
342,353,816
335,350,814
329,353,815
328,359,821
332,371,834
340,383,848
347,390,858
352,394,868
349,393,879
346,388,885
340,382,888
334,377,892
334,378,901
342,382,912
354,385,918
359,388,917
355,385,915
345,380,913
334,375,907
324,368,898
317,360,890
305,353,883
295,349,877
290,348,879
292,347,885
296,347,892
295,346,897
294,343,905
289,338,908
284,334,908
281,332,906
277,332,900
276,332,893
273,333,885
272,332,879
271,330,876
271,327,872
272,324,878
275,323,887
276,321,897
283,323,905
289,327,910
294,333,911
299,340,907
300,344,901
302,347,894
302,346,887
304,345,882
307,344,879
314,347,881
326,349,890
336,350,902
341,349,911
339,345,912
331,339,915
320,334,912
311,330,905
305,327,901
305,326,899
308,328,895
314,330,897
317,330,897
319,330,898
321,330,897
323,330,896
322,331,893
318,331,888
314,333,883
310,335,880
309,341,874
310,349,869
316,356,869
323,365,868
330,371,867
335,378,866
338,381,864
339,384,859
341,387,857
348,390,856
357,393,856
364,393,853
369,392,848
370,391,846
372,390,843
374,390,840
376,389,830
398,416,768
423,437,803
386,412,798
358,388,702
373,381,675
397,369,721
405,353,731
403,350,737
394,358,771
382,369,812
365,374,837
352,384,847
338,398,858
334,412,864
359,436,854
383,452,854
396,458,852
409,454,840
422,442,828
428,419,825
427,396,822
426,379,824
424,372,822
420,372,820
# balls=5,catches=9,detected=6,sampleRate=200,timestamp=1781212669,countMode=watch_hand
x,y,z
484,312,814
480,306,813
474,304,813
467,304,813
462,306,822
456,310,826
453,315,829
452,321,829
454,325,830
454,326,827
451,323,827
446,320,833
440,316,835
428,310,831
417,306,831
406,305,834
398,308,836
402,314,839
413,320,842
426,324,846
433,320,847
436,314,850
437,311,853
436,308,853
438,309,849
441,311,846
446,313,841
451,312,837
455,310,832
460,306,827
466,303,821
469,298,818
469,293,817
468,288,810
469,283,804
469,281,808
470,281,815
462,278,822
446,274,829
428,270,837
419,267,841
414,266,847
415,265,856
418,264,864
419,263,869
418,263,872
413,266,881
410,268,887
408,269,888
410,272,888
411,275,889
411,275,887
408,273,890
406,270,891
403,266,892
404,263,894
411,263,897
420,267,892
421,274,884
413,282,887
408,289,872
413,295,868
425,298,858
436,291,847
441,281,840
442,271,837
437,264,837
428,263,837
423,259,826
420,253,823
418,247,821
413,239,816
405,232,822
406,223,828
418,218,826
428,221,837
428,233,856
420,250,874
415,268,897
414,282,913
422,297,919
421,303,914
403,307,900
376,306,891
355,299,885
345,287,884
340,271,879
334,251,873
323,230,861
317,213,843
318,204,827
330,204,817
345,210,801
349,220,800
342,232,803
336,240,805
345,241,803
365,240,803
388,235,815
407,227,818
423,216,820
444,204,818
464,198,810
475,203,797
469,214,794
450,228,793
429,233,800
419,233,813
434,227,826
464,219,837
484,211,858
480,199,881
464,188,893
448,175,902
424,166,913
392,155,914
356,144,904
322,138,905
298,141,910
294,155,920
303,172,934
315,186,943
321,195,951
339,200,963
370,197,970
402,184,971
410,166,977
404,155,979
402,164,965
404,190,960
416,225,954
436,255,950
444,275,945
434,276,937
408,264,930
385,245,928
363,224,926
351,211,927
348,202,930
348,198,927
345,194,914
337,190,899
334,186,881
332,181,865
329,171,849
328,159,843
334,147,843
343,138,843
354,131,843
366,130,847
378,133,855
388,138,871
395,139,890
399,141,906
414,145,917
432,147,926
451,157,937
469,176,944
479,188,938
486,197,937
494,199,930
513,204,920
532,209,916
552,208,913
569,198,912
577,183,914
605,173,887
618,185,898
606,200,879
617,220,851
629,244,842
633,265,838
629,273,832
628,271,824
616,263,808
664,272,795
703,288,784
722,306,776
722,318,770
713,321,759
710,317,750
713,311,733
733,310,717
736,316,696
762,326,684
780,334,671
793,337,654
813,332,647
830,332,637
833,335,627
808,336,618
769,327,608
739,321,601
707,328,592
696,338,587
690,347,583
672,350,585
653,346,583
626,337,589
598,328,591
574,323,593
567,323,593
583,328,597
603,325,608
581,314,613
590,287,639
623,249,642
593,261,645
323,386,531
105,479,449
101,358,445
238,240,483
418,179,496
563,145,521
676,148,544
756,178,573
808,217,600
841,255,635
864,290,664
857,304,678
832,305,687
802,286,689
792,248,693
802,212,640
853,194,568
905,215,514
928,239,519
862,249,548
759,260,597
705,254,629
689,223,656
687,185,686
685,160,709
680,158,732
677,169,762
683,186,786
692,204,800
704,219,812
717,233,819
730,240,813
743,234,815
762,242,812
777,243,793
791,250,814
797,264,800
810,269,808
839,260,822
879,259,860
923,267,894
957,278,926
977,280,965
993,284,1017
1012,305,1072
1022,318,1131
1024,308,1186
999,272,1232
965,230,1261
921,194,1267
886,165,1259
835,138,1233
787,102,1193
739,71,1155
691,55,1096
667,48,1022
666,38,950
676,23,892
686,8,833
692,0,787
690,6,738
685,29,671
675,60,619
670,98,578
672,136,541
665,168,516
654,196,495
638,223,485
610,247,465
570,270,449
520,290,423
456,303,387
377,298,333
315,287,253
277,311,157
238,332,77
167,285,44
76,197,10
11,108,-17
-43,8,22
-58,-82,74
-66,-161,143
-46,-187,168
29,-143,193
174,-38,248
333,51,316
453,80,392
508,56,460
521,9,510
532,-22,531
553,-30,526
579,-22,515
598,7,509
610,68,503
597,132,499
574,197,518
558,261,548
557,298,607
579,303,715
628,294,854
674,325,976
692,380,1079
690,431,1169
691,467,1268
716,504,1360
762,534,1423
798,546,1473
820,535,1466
836,518,1440
849,497,1410
831,465,1373
811,432,1341
798,402,1302
795,370,1257
806,336,1214
823,304,1170
831,286,1135
825,282,1117
816,284,1105
819,288,1093
824,288,1089
823,291,1087
813,288,1084
810,280,1082
805,264,1070
796,233,1046
780,198,1022
770,167,992
771,145,960
788,129,932
809,118,906
829,113,882
845,113,867
860,122,855
870,135,844
879,157,839
883,180,836
874,191,821
846,194,807
796,184,776
722,174,756
619,131,649
520,76,647
440,40,614
406,-16,592
409,-91,592
441,-155,626
478,-193,646
510,-203,665
540,-180,685
579,-129,693
623,-68,707
668,-14,721
715,34,741
745,79,767
759,115,765
775,148,749
793,178,757
791,201,750
783,210,746
778,199,743
777,182,732
772,179,725
752,197,712
711,215,687
656,210,664
604,195,666
579,186,666
568,176,673
559,170,695
567,176,735
578,180,780
582,177,830
604,179,901
641,194,950
674,218,994
696,248,1023
691,266,1021
640,265,981
616,258,960
595,244,916
576,232,870
564,230,831
556,227,800
555,220,766
555,210,746
552,198,738
549,196,732
548,204,739
551,219,744
544,235,747
530,251,738
516,270,716
510,286,691
514,291,671
518,282,647
510,261,619
491,226,601
465,183,600
452,149,592
452,142,586
468,159,587
498,195,588
531,239,586
572,278,585
600,300,590
619,307,598
626,303,603
611,288,609
593,265,599
560,232,591
508,203,601
458,207,616
386,252,635
407,296,626
376,296,634
359,271,650
342,232,663
327,198,655
312,196,636
294,183,609
271,172,582
273,160,551
275,139,525
280,123,511
282,132,505
256,130,480
214,128,466
197,145,454
198,171,450
213,191,467
223,197,495
241,177,545
265,153,600
304,165,657
345,184,713
383,200,756
424,216,788
456,232,806
492,251,818
528,259,826
574,276,823
602,274,812
626,270,800
644,269,782
654,254,761
658,234,750
659,208,740
656,182,737
652,155,745
658,128,742
686,110,734
693,95,746
650,84,782
594,105,827
610,172,872
686,262,912
770,344,937
833,405,952
890,449,942
947,472,922
973,469,911
961,437,899
934,388,889
901,331,894
936,282,905
989,236,908
1031,235,912
1032,274,920
999,319,927
949,353,937
910,377,946
890,394,955
879,403,970
860,403,1003
833,395,1042
809,358,1113
801,309,1164
806,288,1188
822,291,1203
831,321,1213
830,352,1215
832,379,1212
846,393,1198
853,388,1166
867,370,1141
887,349,1117
908,330,1094
918,317,1072
907,301,1045
878,297,1017
850,293,990
823,285,957
796,276,921
774,264,896
750,254,874
726,248,854
695,241,829
690,239,829
716,217,809
698,211,792
668,220,802
670,222,817
679,221,816
693,232,826
714,244,845
728,255,847
732,272,846
739,286,837
749,304,817
762,322,798
768,330,768
751,337,743
707,335,727
653,319,718
624,302,699
596,300,648
596,308,645
594,317,657
581,327,663
582,349,683
599,368,705
616,373,715
628,368,721
625,371,735
605,377,748
584,389,769
574,402,794
571,419,823
581,439,850
594,460,874
611,479,896
626,492,917
628,498,939
623,499,949
635,506,947
669,510,936
705,515,919
731,523,903
742,533,907
749,550,917
763,568,924
772,573,901
817,604,999
849,628,992
885,627,1015
907,628,1032
906,628,1020
899,628,1040
897,641,1045
910,648,1045
919,657,1041
902,671,1020
860,687,1019
812,694,1029
783,691,1030
779,692,1024
782,703,998
773,706,959
758,704,917
739,700,885
704,688,847
661,683,808
647,703,763
663,723,735
666,729,702
649,720,670
623,700,649
593,675,634
550,636,614
514,598,582
497,580,552
475,568,526
452,558,507
435,544,500
412,508,512
396,477,536
373,467,553
339,457,563
316,417,562
317,357,543
356,274,454
402,173,391
393,152,319
229,319,349
47,292,361
91,206,151
149,181,17
44,88,-62
-119,-18,-140
-182,-55,-163
-174,-47,-129
-193,-45,-104
-248,-70,-102
-300,-116,-115
-323,-149,-142
-313,-164,-158
-298,-173,-172
-292,-193,-175
-299,-208,-170
-317,-218,-178
-333,-234,-196
-346,-246,-211
-373,-253,-207
-364,-308,-246
-319,-304,-259
-335,-298,-242
-345,-335,-263
-329,-359,-276
-308,-367,-297
-290,-380,-329
-268,-402,-353
-248,-425,-375
-238,-440,-391
-234,-448,-401
-223,-460,-401
-216,-470,-396
-209,-477,-380
-210,-480,-369
-200,-486,-332
-203,-488,-331
-207,-487,-313
-202,-476,-283
-172,-499,-232
-172,-498,-215
-183,-482,-186
-200,-472,-150
-193,-475,-93
-188,-486,-63
-175,-482,-12
-145,-488,27
-110,-480,79
-63,-460,144
-16,-459,231
3,-465,305
10,-456,372
34,-453,431
79,-454,489
122,-461,548
163,-469,591
199,-484,628
229,-497,667
261,-508,705
300,-528,738
347,-552,773
398,-565,804
454,-564,842
510,-552,904
578,-543,989
652,-535,1072
735,-523,1162
836,-504,1255
940,-487,1348
1040,-454,1445
1122,-416,1545
1188,-386,1658
1238,-367,1774
1274,-345,1868
1307,-317,1952
1321,-301,2044
1315,-296,2142
1299,-285,2243
1288,-258,2343
1284,-217,2431
1279,-185,2517
1274,-166,2599
1304,-149,2674
1449,-125,2739
1226,-129,2819
1252,-78,2901
1358,-65,2958
1386,-72,3005
1403,-67,3049
1467,-52,3112
1521,-43,3178
1579,-35,3268
1604,-48,3336
1630,-60,3408
1657,-68,3469
1701,-79,3526
1738,-105,3570
1765,-136,3618
1765,-158,3639
1755,-174,3656
1742,-175,3680
1711,-175,3678
1677,-185,3676
1635,-210,3670
1616,-213,3659
1619,-200,3682
1621,-193,3721
1613,-184,3749
1597,-170,3764
1586,-156,3770
1586,-146,3773
1591,-146,3773
1590,-156,3763
1567,-179,3730
1526,-217,3655
1477,-258,3556
1433,-306,3433
1394,-360,3280
1349,-418,3075
1311,-460,2977
1273,-566,2815
1242,-663,2649
1198,-731,2474
1135,-811,2251
1076,-911,2044
1002,-1013,1877
898,-1087,1751
760,-1108,1528
658,-1109,1257
570,-1106,1106
480,-1123,916
345,-1129,676
210,-1107,421
48,-1067,130
-132,-1050,-165
-318,-1057,-443
-495,-1101,-682
-689,-1169,-944
-853,-1257,-1183
-1002,-1345,-1445
-1097,-1414,-1663
-1160,-1509,-1856
-1231,-1650,-2013
-1331,-1768,-2150
-1410,-1842,-2253
-1477,-1891,-2322
-1545,-1947,-2346
-1594,-2017,-2368
-1632,-2103,-2380
-1655,-2188,-2371
-1659,-2253,-2342
-1641,-2278,-2304
-1600,-2271,-2255
-1548,-2247,-2191
-1496,-2224,-2115
-1438,-2205,-2038
-1370,-2182,-1944
-1289,-2152,-1839
-1200,-2112,-1717
-1115,-2061,-1592
-1041,-2001,-1465
-974,-1940,-1337
-907,-1889,-1203
-841,-1840,-1064
-765,-1797,-915
-685,-1754,-770
-604,-1726,-620
-518,-1705,-480
-436,-1679,-335
-355,-1651,-194
-279,-1631,-60
-217,-1622,84
-141,-1628,192
-35,-1615,317
37,-1582,437
122,-1540,555
340,-1497,701
335,-1475,886
444,-1443,1112
489,-1457,1320
520,-1410,1504
593,-1292,1707
628,-1168,1877
677,-1050,2025
752,-939,2171
835,-836,2313
904,-729,2435
986,-623,2563
1070,-517,2667
1142,-399,2791
1242,-214,2949
1398,-12,3123
1522,112,3235
1618,149,3276
1757,188,3361
1923,268,3464
2086,343,3598
2221,392,3726
2316,423,3852
2369,448,3982
2414,477,4123
2458,512,4256
2482,551,4391
2463,580,4540
2403,582,4664
2307,549,4756
2235,499,4816
2196,456,4852
2163,403,4871
2147,349,4883
2116,290,4874
2105,221,4805
2095,155,4718
2103,110,4623
2154,85,4533
2236,59,4449
2305,25,4360
2345,-12,4252
2391,-45,4135
2424,-90,4039
2425,-160,3950
2418,-252,3815
2383,-362,3643
2293,-481,3472
2161,-603,3279
2022,-728,3066
1881,-859,2859
1728,-989,2654
1552,-1122,2440
1375,-1245,2195
1202,-1352,1909
1026,-1446,1622
872,-1515,1377
770,-1554,1171
692,-1564,979
606,-1573,831
501,-1574,713
417,-1596,549
313,-1673,262
-83,-1677,-72
-475,-1546,-294
-680,-1425,-563
-816,-1439,-881
-892,-1495,-1172
-976,-1532,-1406
-1052,-1546,-1578
-1113,-1574,-1674
-1145,-1640,-1742
-1163,-1737,-1780
-1275,-1836,-1815
-1172,-1913,-1900
-1145,-2028,-1917
-1217,-2094,-1882
-1321,-2102,-1829
-1402,-2076,-1749
-1435,-2033,-1660
-1443,-1986,-1568
-1446,-1944,-1479
-1421,-1900,-1401
-1379,-1848,-1315
-1334,-1774,-1197
-1247,-1686,-1120
-1158,-1600,-1054
-1079,-1507,-948
-982,-1417,-851
-871,-1344,-760
-766,-1283,-678
-668,-1220,-589
-583,-1163,-508
-506,-1111,-434
-438,-1065,-367
-378,-1027,-277
-313,-986,-195
-248,-950,-111
-187,-922,-30
-143,-893,39
-99,-869,132
-53,-844,203
-23,-828,275
4,-820,343
26,-817,433
50,-814,520
78,-813,606
101,-818,676
138,-820,757
180,-826,837
226,-846,896
258,-890,943
296,-941,1002
325,-1004,1047
363,-1059,1099
420,-1095,1165
488,-1112,1233
561,-1123,1304
614,-1123,1367
716,-1132,1425
727,-1120,1535
700,-1065,1597
724,-995,1661
795,-929,1722
879,-879,1775
959,-835,1830
1027,-786,1889
1071,-714,1912
1086,-634,1927
1150,-569,2031
1275,-505,2117
1390,-407,2158
1409,-275,2191
1340,-140,2252
1257,-22,2319
1224,69,2353
1234,133,2421
1259,208,2600
1268,307,2677
1241,382,2708
1206,428,2793
1232,492,2996
1330,596,3096
1392,685,3165
1358,719,3213
1258,704,3263
1149,678,3339
1085,651,3438
1055,660,3519
1000,676,3609
955,617,3741
1065,463,3703
1160,256,3556
917,152,3598
839,133,3876
939,130,4095
1089,65,4173
1195,-57,4249
1261,-182,4374
1349,-279,4493
1469,-342,4553
1602,-408,4563
1721,-485,4493
1818,-580,4379
1896,-685,4250
1960,-788,4103
2014,-884,3919
2057,-965,3695
2085,-1028,3445
2094,-1073,3189
2077,-1112,2943
2052,-1152,2706
2036,-1193,2477
2041,-1236,2275
2068,-1270,2092
2084,-1306,1865
2047,-1345,1609
1917,-1363,1354
1798,-1373,1124
1750,-1407,885
1728,-1464,730
1696,-1552,811
1556,-1664,1053
1446,-1815,1332
1398,-1905,1099
1395,-1940,789
1387,-2013,786
1384,-2104,884
1316,-2151,899
1292,-2121,856
1359,-2026,701
1274,-1893,415
956,-1800,111
575,-1800,-172
324,-1863,-460
237,-1951,-707
255,-2056,-898
284,-2147,-1004
275,-2191,-1051
243,-2167,-1098
218,-2090,-1110
201,-1989,-1066
177,-1894,-996
118,-1814,-913
19,-1735,-764
-127,-1643,-624
-318,-1542,-517
-534,-1430,-413
-738,-1306,-322
-913,-1169,-281
-1076,-1030,-196
-1242,-909,-73
-1415,-816,39
-1576,-744,131
-1683,-685,170
-1724,-633,180
-1728,-607,209
-1735,-618,250
-1764,-671,286
-1822,-723,374
-1858,-723,467
-1865,-671,544
-1848,-560,634
-1819,-415,721
-1811,-260,790
-1810,-117,859
-1760,-14,893
-1659,54,913
-1537,96,930
-1399,119,948
-1261,133,957
-1153,148,952
-1092,170,937
-1066,207,914
-1059,256,888
-1051,321,873
-1034,395,861
-993,475,846
-926,554,815
-847,627,794
-769,692,846
-969,731,2896
-1323,786,2298
-701,891,-808
-156,1136,-771
109,1393,-1187
87,1427,-1604
-256,1309,-311
-849,960,-27
-1305,488,-379
-1405,69,-92
-1152,-181,187
-727,-283,250
-341,-324,477
-19,-303,1184
138,-252,1492
-29,-233,1016
-335,-233,1339
-468,-170,1501
-417,-3,1192
-327,248,971
-278,457,937
-300,496,1002
-396,345,1050
-466,114,1082
-481,-68,1122
-594,-152,1158
-764,-151,918
-860,49,181
-796,297,-291
-644,480,-42
-402,511,500
-93,391,848
268,177,1176
519,-84,1628
700,-301,1748
891,-423,1595
1122,-450,1531
1379,-364,1512
1630,-176,1463
1731,39,1372
1642,183,1482
1451,195,1834
1341,106,2188
1365,0,2464
1444,-95,2692
1397,-188,2795
1137,-334,2758
801,-473,2739
592,-544,2794
546,-566,2946
592,-571,3173
631,-587,3439
621,-621,3722
599,-671,3997
630,-716,4203
736,-735,4337
885,-739,4448
1027,-751,4534
1153,-780,4595
1286,-827,4662
1431,-876,4682
1608,-920,4669
1907,-985,4632
2200,-1032,4572
2478,-1071,4530
2696,-1137,4495
2828,-1227,4473
2897,-1311,4418
2924,-1376,4280
2916,-1423,4102
2868,-1470,3896
2764,-1510,3684
2653,-1538,3502
2549,-1553,3293
2415,-1522,3022
2342,-1487,2703
2313,-1460,2367
2273,-1422,2087
2246,-1387,1836
2215,-1358,1635
2160,-1339,1524
2089,-1331,1411
2009,-1309,1277
1934,-1229,976
1820,-1076,619
1647,-880,389
1421,-738,192
1443,-662,73
1986,-629,18
2221,-632,2
2058,-659,19
1639,-691,-99
1229,-700,-341
974,-688,-683
883,-669,-1096
817,-666,-1509
616,-723,-1825
239,-866,-2082
-200,-1062,-2276
-520,-1253,-2376
-629,-1400,-2433
-596,-1490,-2473
-603,-1536,-2510
-728,-1552,-2531
-940,-1555,-2484
-1150,-1540,-2408
-1298,-1512,-2359
-1403,-1482,-2306
-1491,-1470,-2215
-1571,-1499,-2100
-1614,-1576,-1972
-1589,-1672,-1845
-1484,-1757,-1679
-1349,-1820,-1488
-1255,-1865,-1305
-1174,-1884,-1136
-1103,-1893,-991
-1048,-1899,-874
-1034,-1927,-729
-1034,-1982,-597
-1001,-2044,-468
-933,-2085,-316
-871,-2074,-162
-810,-2013,-10
-743,-1913,147
-663,-1797,306
-573,-1688,469
-481,-1603,612
-412,-1537,719
-371,-1470,793
-377,-1340,885
-405,-1051,296
-773,-865,-583
-1690,-1196,529
-2038,-1579,600
-1229,-1659,339
-139,-1645,1031
366,-1692,1247
155,-1563,1301
-287,-1228,1554
-558,-883,1747
-608,-648,1811
-527,-537,1852
-410,-532,1871
-305,-597,1866
-197,-667,1870
-52,-674,1890
137,-602,1923
333,-484,1950
475,-371,1964
547,-300,1982
570,-271,2003
594,-255,1986
653,-228,1966
735,-170,1976
839,-91,1975
953,-8,1953
1037,56,1922
1054,95,1903
993,112,1917
872,122,1960
736,145,2017
642,185,2092
608,226,2185
633,243,2300
699,226,2425
785,185,2585
884,140,2760
985,112,2932
1073,117,3097
1139,133,3257
1180,153,3407
1204,169,3537
1225,176,3661
1261,175,3778
1352,165,3854
1454,139,3939
1535,108,3977
1601,93,3984
1644,100,3955
1652,123,3920
1652,149,3903
1649,170,3915
1660,188,3931
1689,189,3963
1735,164,3984
1797,99,4006
1869,-5,4027
1946,-142,4056
2016,-295,4102
2090,-442,4141
2177,-570,4202
2264,-680,4253
2337,-776,4232
2409,-859,4116
2462,-924,3934
2483,-961,3738
2466,-971,3498
2414,-963,3257
2351,-945,3010
2276,-936,2734
2187,-939,2424
2085,-960,2116
1984,-991,1866
1868,-1027,1662
1723,-1062,1429
1545,-1092,1172
1389,-1130,922
1347,-1197,740
1337,-1306,774
1267,-1454,881
1245,-1573,538
1266,-1625,-222
1216,-1549,-704
1037,-1446,-713
966,-1346,-808
968,-1238,-805
867,-1074,-639
844,-856,-476
877,-660,-344
832,-536,-435
654,-490,-687
329,-547,-1015
-66,-694,-1391
-431,-914,-1782
-697,-1159,-2149
-823,-1375,-2365
-848,-1522,-2480
-843,-1596,-2499
-891,-1626,-2421
-1005,-1659,-2276
-1100,-1721,-2137
-1113,-1818,-2015
-1038,-1909,-1855
-952,-1978,-1686
-965,-2045,-1539
-1139,-2105,-1454
-1414,-2129,-1386
-1668,-2086,-1292
-1774,-1962,-1139
-1695,-1794,-927
-1503,-1660,-696
-1312,-1598,-469
-1197,-1576,-252
-1089,-1549,-73
-941,-1502,17
-772,-1440,58
-622,-1382,91
-539,-1335,116
-537,-1280,130
-579,-1206,151
-613,-1112,192
-602,-1017,230
-544,-940,270
-463,-893,322
-384,-866,367
-324,-844,408
-281,-820,453
-253,-780,486
-245,-724,514
-244,-657,554
-251,-585,605
-273,-489,816
-275,-35,-31
-589,241,-1303
-1018,160,-35
-1090,-166,130
-705,-518,-196
-112,-815,274
362,-1085,679
522,-1184,822
480,-1052,974
352,-776,1144
218,-501,1256
142,-302,1395
145,-201,1522
207,-191,1596
307,-251,1657
478,-341,1670
724,-419,1660
969,-467,1656
1098,-484,1659
1064,-482,1682
935,-453,1757
804,-399,1859
732,-336,1930
730,-284,1959
771,-254,1969
847,-236,1978
965,-222,1986
1097,-214,1984
1206,-216,1983
1301,-223,2002
1409,-220,2031
1539,-192,2052
1655,-135,2100
1726,-64,2179
1733,5,2253
1679,60,2314
1600,105,2358
1537,149,2394
1509,191,2445
1502,222,2517
1500,238,2588
1491,245,2636
1485,262,2676
1470,282,2740
1439,283,2830
1403,252,2921
1372,191,3024
1344,111,3142
1327,29,3258
1331,-48,3358
1369,-115,3453
1397,-166,3524
1410,-210,3554
1427,-244,3599
1456,-267,3628
1503,-284,3649
1552,-303,3689
1591,-325,3727
1615,-334,3735
1624,-343,3749
1617,-366,3764
1600,-415,3775
1591,-480,3798
1580,-530,3844
1578,-580,3898
1599,-653,3957
1654,-768,4004
1733,-915,4059
1822,-1072,4082
1905,-1226,4061
1966,-1370,4012
1998,-1494,3917
2009,-1600,3765
1994,-1684,3581
1956,-1742,3350
1893,-1779,3099
1818,-1807,2869
1753,-1838,2653
1702,-1868,2431
1654,-1892,2171
1613,-1898,1899
1585,-1888,1641
1574,-1864,1424
1555,-1837,1233
1513,-1826,1073
1430,-1835,948
1280,-1865,865
1125,-1936,852
967,-2039,904
887,-2128,685
842,-2192,369
743,-2217,365
591,-2189,411
544,-2137,337
420,-2000,338
309,-1852,245
283,-1753,-66
284,-1699,-424
230,-1729,-689
94,-1839,-882
-72,-1992,-1045
-191,-2128,-1157
-216,-2201,-1201
-188,-2211,-1193
-168,-2188,-1181
-193,-2167,-1122
-273,-2161,-1089
-389,-2173,-1065
-496,-2199,-1018
-570,-2218,-944
-607,-2201,-856
-627,-2140,-733
-648,-2047,-611
-681,-1928,-489
-718,-1788,-406
-768,-1639,-352
-807,-1496,-282
-794,-1367,-217
-748,-1259,-146
-715,-1174,-82
-712,-1106,-31
-731,-1042,22
-753,-978,76
-772,-905,120
-787,-817,136
-805,-717,125
-848,-612,142
-918,-507,152
-1003,-395,153
-1102,-273,136
-1191,-144,129
-1256,-16,146
-1294,105,203
-1354,215,231
-1466,310,254
-1617,396,249
-1810,475,228
-1971,569,175
-2032,674,92
-1991,793,166
-1869,1138,1136
-1869,1329,-2589
-2276,1117,-3992
-2557,688,-1873
-1871,57,-367
-704,-413,-890
183,-409,-84
480,-110,1
345,316,-193
422,672,-217
704,843,-255
833,968,-184
712,1163,-374
254,1417,-459
-361,1522,-844
-636,1480,-598
-425,1313,-132
6,1147,88
438,1099,101
647,1175,-52
567,1305,-225
355,1353,-367
196,1272,-464
195,1116,-481
342,956,-465
518,811,-431
635,676,-371
686,541,-314
717,403,-263
752,274,-195
820,166,-87
918,67,41
1001,-24,192
1022,-116,386
995,-203,615
911,-268,841
792,-309,1013
653,-335,1122
554,-352,1182
560,-340,1242
693,-298,1382
989,-236,1766
1425,-189,2296
1857,-210,2768
2154,-307,3069
2273,-424,3208
2293,-511,3212
2289,-552,3203
2329,-545,3205
2378,-509,3170
2353,-467,3151
2215,-437,3196
1987,-427,3269
1720,-437,3280
1465,-465,3271
1247,-508,3314
1084,-572,3384
986,-656,3458
954,-756,3557
994,-867,3704
1107,-986,3863
1263,-1101,3983
1418,-1200,4046
1544,-1258,4053
1648,-1269,4021
1743,-1240,3981
1838,-1184,3958
1913,-1131,3983
1961,-1104,4025
1977,-1100,4051
2000,-1125,4050
2029,-1166,3989
2037,-1199,3884
2024,-1208,3775
1995,-1211,3684
1966,-1234,3595
1961,-1280,3478
1973,-1341,3354
1985,-1405,3209
2004,-1457,3017
2023,-1485,2791
2021,-1484,2540
1997,-1476,2258
1954,-1472,2001
1889,-1465,1750
1814,-1451,1524
1733,-1433,1336
1642,-1421,1169
1547,-1423,1042
1402,-1443,910
1242,-1473,756
1101,-1507,578
983,-1516,271
892,-1510,-120
792,-1478,-435
660,-1433,-496
527,-1382,-481
435,-1304,-536
368,-1181,-514
343,-1026,-483
371,-846,-663
385,-663,-986
270,-539,-1368
53,-519,-1757
-228,-651,-2078
-484,-886,-2386
-665,-1110,-2628
-798,-1222,-2792
-888,-1189,-2833
-955,-1070,-2777
-1058,-977,-2669
-1201,-989,-2567
-1324,-1104,-2498
-1379,-1259,-2436
-1377,-1395,-2339
-1373,-1513,-2225
-1390,-1611,-2124
-1417,-1672,-1998
-1438,-1685,-1893
-1453,-1668,-1759
-1446,-1646,-1594
-1416,-1615,-1408
-1327,-1569,-1230
-1202,-1513,-1018
-1090,-1456,-845
-1017,-1399,-687
-939,-1341,-528
-807,-1286,-378
-660,-1245,-209
-551,-1218,-38
-498,-1213,124
-481,-1210,291
-486,-1200,445
-499,-1178,567
-517,-1148,658
-529,-1111,711
-533,-1079,749
-496,-1064,960
-412,-1109,1121
-254,-1016,368
-445,-561,351
-1427,-409,-146
-2216,-679,-34
-1763,-947,-263
-870,-1218,-306
77,-1503,-323
873,-1642,129
1186,-1547,437
1095,-1314,879
866,-1118,1296
778,-1016,1524
870,-957,1686
927,-919,1797
845,-927,1887
661,-981,1963
479,-1042,1983
381,-1066,1977
370,-1077,2011
383,-1098,2036
381,-1136,1979
371,-1221,1893
443,-1335,1769
562,-1431,1603
588,-1481,1502
506,-1470,1515
404,-1412,1533
349,-1323,1525
342,-1236,1540
350,-1194,1581
359,-1207,1643
378,-1243,1674
409,-1258,1678
454,-1219,1699
512,-1126,1746
579,-998,1812
645,-857,1875
728,-723,1968
808,-611,2038
876,-526,2077
932,-454,2135
995,-368,2199
1103,-250,2262
1245,-105,2311
1418,61,2334
1606,232,2325
1759,392,2299
1848,525,2313
1881,619,2256
1879,686,2203
1842,732,2201
1792,750,2240
1781,771,2320
1743,774,2418
1696,756,2544
1664,734,2684
1642,712,2819
1623,696,2954
1614,685,3084
1607,667,3194
1586,641,3287
1564,610,3370
1557,588,3437
1584,588,3483
1639,615,3515
1707,659,3535
1773,707,3546
1837,751,3554
1888,773,3568
1927,772,3598
1968,745,3651
2019,684,3750
2067,583,3905
2100,429,4094
2112,231,4240
2108,10,4305
2083,-209,4319
2022,-423,4293
1923,-625,4191
1807,-807,4001
1702,-939,3773
1635,-1050,3534
1621,-1141,3314
1633,-1223,3085
1650,-1301,2860
1676,-1368,2652
1707,-1420,2459
1724,-1462,2265
1710,-1501,2041
1663,-1540,1822
1578,-1576,1606
1470,-1597,1392
1349,-1603,1200
1240,-1615,1056
1134,-1657,1023
978,-1723,1073
826,-1826,1277
735,-1951,1394
711,-2079,1177
765,-2162,1001
821,-2170,924
812,-2090,707
690,-1960,393
473,-1861,84
237,-1826,-211
64,-1859,-464
-21,-1912,-685
-59,-1948,-880
-95,-1965,-992
-132,-1963,-1017
-156,-1945,-1008
-154,-1901,-983
-137,-1841,-959
-140,-1776,-960
-190,-1717,-984
-275,-1666,-1007
-363,-1615,-987
-430,-1558,-959
-471,-1487,-944
-521,-1418,-948
-586,-1358,-938
-640,-1300,-907
-652,-1231,-816
-627,-1150,-681
-600,-1075,-561
-620,-1017,-467
-678,-968,-421
-727,-917,-393
-746,-855,-397
-740,-793,-389
-746,-731,-343
-777,-679,-292
-819,-639,-216
-852,-621,-141
-852,-622,-91
-848,-634,-61
-850,-656,-32
-811,-652,-33
-710,-595,-2
-599,-495,87
-534,-389,174
-497,-302,228
-456,-235,286
-391,-171,330
-314,-93,362
-251,-12,395
-225,58,413
-236,118,435
-254,161,442
-283,198,463
-328,230,479
-396,252,494
-473,268,502
-533,290,493
-595,313,390
-1126,257,416
-4169,-386,-986
-5374,-780,-4080
-2807,-571,602
684,-34,1491
3001,382,220
3645,398,-222
2570,252,-138
860,234,127
-247,431,464
-601,806,547
-503,1161,583
-333,1271,676
-337,1044,757
-361,669,761
-278,398,709
-75,294,659
176,359,691
360,490,726
403,589,707
332,604,654
210,524,637
127,391,664
119,265,697
163,171,730
208,101,762
263,45,786
367,5,793
499,-14,838
626,-17,906
737,-12,985
827,-10,1070
886,-27,1146
917,-63,1194
955,-111,1234
1025,-153,1297
1137,-142,1418
1314,-102,1555
1502,-67,1656
1646,-60,1750
1719,-78,1876
1709,-102,2034
1620,-115,2209
1452,-100,2386
1222,-59,2523
976,-39,2602
800,-81,2779
699,-167,2930
604,-249,2990
478,-327,3062
343,-442,3204
251,-592,3307
253,-684,3317
411,-641,3399
654,-514,3576
888,-360,3721
1045,-249,3816
1135,-206,3875
1202,-218,3904
1262,-259,3883
1336,-324,3898
1433,-412,3917
1532,-526,3855
1604,-649,3781
1637,-757,3796
1622,-855,3869
1553,-961,3951
1441,-1096,4042
1311,-1269,4126
1204,-1437,4212
1145,-1576,4287
1137,-1692,4309
1183,-1797,4281
1254,-1868,4191
1326,-1904,4038
1377,-1910,3819
1406,-1901,3578
1431,-1886,3333
1457,-1866,3026
1462,-1837,2693
1445,-1798,2398
1407,-1759,2111
1334,-1730,1808
1228,-1711,1519
1100,-1699,1203
961,-1704,905
886,-1774,823
824,-1935,1012
686,-2161,1119
548,-2393,898
418,-2585,197
165,-2698,-254
-185,-2701,-264
-396,-2566,-147
-366,-2328,-121
-297,-2068,-53
-346,-1863,43
-548,-1792,83
-791,-1819,-74
-938,-1822,-389
-985,-1781,-716
-999,-1778,-952
-947,-1834,-1151
-800,-1894,-1316
-663,-1929,-1418
-631,-1918,-1475
-680,-1880,-1472
-727,-1825,-1519
-736,-1739,-1510
-700,-1636,-1428
-702,-1528,-1323
-803,-1419,-1220
-970,-1278,-1108
-1150,-1093,-992
-1318,-903,-848
-1450,-733,-698
-1483,-564,-554
-1451,-394,-428
-1380,-241,-294
-1271,-119,-126
-1139,-51,18
-981,-14,109
-764,25,159
-505,79,153
-272,146,130
-27,208,106
233,242,130
481,237,129
703,226,66
930,271,-35
1184,387,-136
1428,532,-190
1636,664,-170
1756,780,-206
1823,891,-242
1889,976,-270
1912,1042,-317
1894,1102,-336
1828,1162,-324
1692,1213,-263
1499,1492,-634
569,2196,-3535
-1143,2128,-2799
-1511,951,70
1540,270,-622
2222,-709,-745
1258,-740,215
458,365,508
282,1558,640
613,1959,1041
1030,1840,1074
1384,1612,939
1700,1444,801
2069,1341,649
2297,1205,313
2112,1074,216
1715,957,291
1434,845,368
1231,698,404
1080,636,416
1086,797,378
1127,998,312
1154,1002,249
1163,804,257
1101,603,279
1021,550,297
1015,620,332
1074,706,370
1104,722,412
1111,674,426
1133,605,434
1152,548,461
1149,512,484
1133,490,504
1118,472,520
1096,450,530
1065,423,526
1035,392,520
1006,364,521
978,335,529
956,293,525
941,238,508
924,178,504
890,122,505
831,75,526
751,39,541
658,7,553
578,-22,564
514,-53,580
473,-85,597
461,-111,633
459,-133,690
468,-148,743
498,-151,799
551,-141,883
613,-127,990
667,-118,1094
697,-120,1183
709,-125,1262
699,-132,1310
665,-141,1311
611,-153,1283
550,-166,1239
491,-176,1184
446,-181,1135
427,-181,1108
430,-186,1085
439,-199,1054
440,-220,1026
433,-241,1010
435,-248,1001
461,-237,1010
521,-214,1039
603,-193,1081
692,-181,1114
770,-178,1134
828,-180,1173
884,-182,1223
944,-181,1270
1012,-177,1322
1073,-180,1372
1100,-193,1416
1088,-222,1446
1050,-261,1460
984,-309,1485
902,-354,1524
823,-400,1557
751,-445,1570
682,-489,1580
617,-530,1589
566,-571,1594
532,-605,1593
518,-633,1592
535,-652,1581
586,-663,1551
655,-673,1527
720,-686,1499
763,-701,1467
783,-710,1415
776,-696,1342
764,-660,1273
759,-613,1217
766,-571,1183
780,-542,1159
791,-537,1137
784,-553,1114
768,-576,1089
753,-598,1069
737,-614,1042
720,-624,1007
693,-638,974
655,-658,941
611,-681,931
574,-696,942
551,-706,947
539,-714,939
528,-718,936
508,-726,924
477,-731,884
441,-731,837
406,-728,801
378,-720,766
366,-689,732
367,-619,705
385,-514,681
408,-405,656
422,-317,648
426,-266,652
394,-259,658
353,-266,646
287,-251,627
184,-180,593
176,-35,586
246,126,608
320,228,673
274,222,756
103,125,754
-92,27,709
-220,13,670
-269,81,654
-275,166,673
-264,202,728
-240,193,789
-247,184,851
-301,209,878
-354,284,902
-323,377,957
-231,432,1006
-159,432,1048
-145,410,1047
-134,415,1035
-60,456,1002
73,533,991
335,2275,-87
-219,3004,-3622
-597,1839,-497
-2352,-162,-1551
-1367,-1362,-1898
1564,-1604,-35
4066,-1496,-439
3883,-1094,-409
1950,-341,454
203,363,770
-593,838,914
-286,1062,1376
459,1038,1575
794,770,1485
671,410,1544
661,206,1427
864,245,1183
923,349,1230
709,364,1309
422,317,1215
289,291,1147
275,273,1098
268,246,1023
273,218,928
338,213,838
449,235,780
562,266,732
640,292,692
676,302,669
702,300,652
738,294,638
776,292,631
805,295,624
833,305,618
857,323,627
878,347,658
903,381,702
940,417,757
977,446,809
1003,468,849
1015,479,873
1012,477,879
995,465,883
970,444,881
948,416,863
925,384,830
895,349,787
862,310,745
835,272,713
815,238,709
804,210,725
804,189,743
796,174,754
776,165,763
753,167,769
744,181,786
752,203,812
774,226,837
795,243,858
809,255,878
816,269,907
822,285,935
831,302,957
851,320,978
876,336,999
901,341,1029
918,334,1058
928,319,1086
934,294,1104
933,266,1115
922,237,1136
906,208,1164
892,181,1205
884,152,1277
887,118,1368
898,79,1437
909,38,1469
908,2,1471
899,-22,1454
878,-37,1429
850,-43,1395
810,-43,1346
764,-38,1300
719,-36,1263
684,-29,1231
656,-24,1204
631,-16,1180
614,-9,1153
614,3,1134
632,13,1128
670,22,1121
718,27,1105
770,34,1087
817,40,1076
854,50,1066
886,57,1070
898,50,1095
878,19,1131
841,-30,1167
789,-88,1211
737,-146,1260
683,-203,1283
612,-253,1299
532,-290,1300
461,-311,1284
403,-314,1266
378,-307,1234
389,-292,1179
408,-284,1119
386,-288,1063
311,-305,1007
236,-321,948
221,-322,919
316,-302,963
230,-367,1005
174,-428,1066
217,-463,1115
321,-488,1180
415,-503,1243
482,-513,1257
535,-516,1268
596,-512,1281
673,-508,1295
740,-505,1301
754,-502,1269
704,-516,1242
625,-553,1223
535,-611,1207
433,-678,1210
324,-739,1208
202,-775,1192
66,-790,1177
-50,-805,1195
-117,-827,1241
-127,-867,1289
-88,-903,1300
-37,-924,1279
-87,-637,1086
-1251,292,58
-1753,226,-2100
-1884,-192,639
-1157,-767,834
499,-1421,51
2157,-1886,-294
2425,-1842,-134
1566,-1394,114
651,-1065,355
-40,-942,918
-449,-904,1443
-411,-839,1552
-137,-774,1539
88,-704,1497
174,-636,1405
102,-599,1341
-64,-573,1316
-193,-528,1290
-230,-448,1232
-198,-354,1154
-146,-283,1055
-104,-249,956
-56,-246,863
9,-247,785
79,-232,728
140,-193,688
190,-135,659
231,-67,637
270,-1,621
302,58,612
324,110,602
335,154,590
339,193,574
336,230,561
329,268,559
319,300,563
305,323,567
289,337,567
278,341,574
269,342,581
261,337,585
253,336,588
240,343,590
228,355,599
220,371,609
207,382,619
177,391,623
137,391,623
103,386,631
85,381,637
84,381,634
96,394,617
121,423,601
152,455,590
181,488,581
207,522,579
231,551,577
257,573,585
278,584,591
285,587,599
282,587,614
278,587,625
272,586,628
269,589,630
274,600,633
279,615,639
285,632,652
286,647,671
292,659,701
304,664,731
317,661,754
326,651,774
327,637,792
320,620,806
309,604,809
300,589,802
289,576,794
276,564,791
258,553,790
236,542,790
214,533,794
195,527,805
180,521,820
168,515,839
154,505,858
139,492,866
122,481,864
116,475,857
127,475,851
150,478,851
172,488,856
191,498,864
207,510,872
222,519,882
237,527,903
252,530,920
263,532,932
269,532,939
272,534,948
273,535,953
273,539,958
277,545,961
281,552,961
287,555,962
290,556,959
285,554,953
276,550,941
265,546,927
258,543,916
257,543,909
261,542,908
262,539,906
264,535,900
262,531,895
260,528,896
256,523,897
251,517,899
246,511,900
241,503,900
235,499,905
233,496,906
231,494,906
225,493,910
216,492,916
203,489,924
194,487,928
188,485,925
186,487,921
186,487,918
183,485,914
179,482,912
177,477,916
180,470,920
184,463,922
190,456,924
197,448,923
203,440,922
213,432,924
226,429,924
239,425,920
247,421,914
246,418,914
239,412,911
228,404,907
221,400,903
219,400,904
219,402,910
219,407,921
218,408,930
211,408,941
202,406,951
194,401,959
189,397,969
186,393,978
187,392,980
188,391,981
187,393,984
183,394,988
169,393,989
154,387,983
140,381,982
131,373,980
130,365,979
137,360,977
149,358,974
160,359,969
167,360,966
168,364,966
166,367,971
165,367,978
164,367,989
164,363,999
163,358,1009
163,355,1017
166,353,1021
170,352,1024
176,354,1023
181,357,1027
184,362,1032
186,366,1036
184,368,1038
179,371,1037
173,370,1030
167,370,1025
163,371,1019
161,373,1008
161,374,995
160,376,982
157,376,967
151,377,954
149,378,941
151,382,935
159,386,932
170,390,932
179,392,933
181,391,937
177,390,941
173,391,941
170,394,941
169,396,938
168,401,937
166,405,939
166,409,942
167,413,941
165,416,937
166,420,933
167,421,924
167,426,917
169,432,916
170,438,916
171,440,912
172,442,907
170,443,901
173,445,891
177,448,880
181,453,868
184,458,861
185,462,857
181,466,859
180,467,863
178,468,868
176,467,869
174,468,870
171,469,870
168,472,866
168,475,864
167,477,862
168,478,861
171,478,861
173,476,861
174,475,859
171,475,853
167,476,850
163,475,853
162,476,852
164,472,852
167,469,848
168,468,843
169,467,837
166,468,830
163,468,822
156,470,820
152,470,813
153,472,804
156,474,801
163,475,797
171,478,794
177,480,793
181,485,791
186,488,790
187,494,789
188,499,787
187,502,785
183,506,782
182,510,783
185,513,784
188,514,787
189,515,786
187,513,784
185,514,777
178,516,773
172,519,770
170,522,771
173,524,775
176,525,779
182,523,780
182,520,781
182,519,782
185,519,781
193,521,777
201,523,774
207,527,770
209,528,766
207,532,767
204,531,765
201,531,765
199,533,767
202,536,772
209,538,775
215,539,780
219,540,784
219,541,786
216,539,788
209,539,788
206,538,790
206,536,792
208,534,794
213,533,800
220,530,803
226,525,802
226,521,797
224,517,793
218,516,790
210,516,786
204,516,784
196,514,784
183,531,663
213,600,764
147,528,803
131,475,652
183,488,670
238,508,772
250,507,801
223,499,808
185,496,826
168,506,830
180,539,825
208,583,819
219,596,818
216,589,819
211,566,815
# balls=5,catches=10,detected=0,sampleRate=200,timestamp=1781212691,countMode=watch_hand
x,y,z
399,519,731
397,523,731
398,533,734
399,543,739
397,548,743
394,547,747
389,543,752
390,537,756
389,533,754
390,532,751
390,534,744
388,538,739
386,541,735
380,543,732
375,543,733
371,543,736
372,543,739
376,543,743
382,544,749
387,545,754
390,547,759
390,546,766
388,543,773
385,541,777
381,539,780
379,535,781
377,531,783
376,531,785
378,531,789
382,532,792
385,531,794
387,531,794
389,530,799
390,531,801
389,530,806
386,529,809
382,527,809
378,523,811
371,521,814
368,520,814
367,522,815
367,525,816
367,527,818
365,526,821
362,524,822
360,523,827
360,523,828
359,522,829
362,523,827
363,525,827
367,527,826
370,530,824
375,533,823
380,536,819
385,539,821
390,541,822
395,542,821
398,542,821
405,543,818
412,545,817
418,547,818
424,548,818
428,549,817
427,548,817
424,546,817
421,545,814
417,543,813
412,543,811
409,543,808
403,544,806
399,547,800
398,550,799
398,552,795
396,552,793
397,552,789
398,550,789
399,549,787
401,548,787
402,549,791
398,549,794
391,549,798
388,548,804
387,546,806
387,543,805
385,540,803
380,537,800
375,536,793
371,535,788
368,535,786
366,534,785
363,532,786
357,532,787
349,528,788
343,523,788
341,524,788
345,531,784
354,540,782
362,551,787
370,556,790
376,557,786
383,555,780
387,551,780
387,549,777
387,547,771
391,546,762
401,547,757
408,547,748
413,546,734
415,545,730
415,542,722
416,539,717
422,536,716
429,532,715
433,528,714
432,528,714
427,530,717
423,534,715
418,537,717
410,538,717
400,539,715
393,540,713
386,539,710
382,540,708
389,541,711
398,540,714
400,535,718
396,526,720
392,518,715
390,514,708
391,515,701
391,514,692
387,514,683
382,513,678
382,511,668
382,511,665
378,511,664
371,512,663
363,514,658
356,518,657
351,520,655
349,524,650
349,527,646
349,532,645
350,538,646
354,547,647
358,557,650
361,567,656
364,576,663
364,579,668
366,583,674
367,585,678
367,587,678
364,587,678
362,591,671
360,595,666
356,599,662
355,601,659
355,603,661
360,606,667
369,609,670
378,615,673
383,623,678
381,631,685
378,636,691
372,640,699
369,641,703
367,643,710
363,643,715
357,644,719
357,648,725
362,655,737
373,666,751
385,675,766
394,682,785
401,686,800
404,688,818
405,689,834
408,687,845
410,690,850
415,692,864
421,692,869
429,695,869
430,693,865
430,692,861
429,687,856
426,682,852
422,676,843
416,666,831
407,656,820
402,649,814
405,644,809
418,646,801
435,647,795
449,644,786
456,639,781
459,633,777
465,626,767
464,619,760
457,611,756
454,606,749
444,600,739
427,595,729
410,590,715
396,590,700
390,596,684
387,600,670
386,604,657
387,603,649
393,603,643
399,606,639
404,611,631
410,620,617
417,625,606
425,623,603
426,613,603
421,602,603
412,593,604
403,592,606
401,597,607
403,601,601
407,601,594
404,598,588
399,594,583
397,592,581
395,591,583
391,589,581
385,587,582
379,583,582
373,580,585
369,577,586
365,576,582
361,580,574
357,584,567
349,591,563
340,597,560
336,601,556
336,600,554
340,600,550
347,599,550
352,600,552
359,605,550
363,613,548
361,622,546
359,632,544
355,642,546
352,649,544
353,652,544
357,655,547
362,664,545
371,675,541
382,687,543
391,704,547
399,719,553
407,735,557
418,749,561
430,763,557
441,774,553
455,784,546
466,795,537
477,808,526
489,821,521
500,836,518
509,853,517
517,868,522
521,882,526
523,892,527
524,899,535
529,901,539
532,901,539
536,899,536
543,898,532
555,901,532
569,904,533
576,900,529
571,886,528
560,867,532
553,850,535
557,843,532
566,841,521
579,845,517
592,852,503
595,853,478
586,840,462
575,819,454
581,801,444
599,796,428
608,789,408
599,775,401
588,757,400
581,744,405
576,741,404
570,747,401
565,759,396
560,770,395
542,777,388
515,776,379
489,771,367
472,766,351
461,762,341
463,761,342
477,761,352
492,759,360
501,754,364
504,749,371
508,747,378
519,743,371
537,737,370
559,732,365
583,727,357
607,724,358
633,721,369
661,715,382
687,708,393
707,703,392
716,698,387
719,692,377
722,689,366
734,690,361
754,693,353
776,698,355
795,700,363
809,706,370
819,713,376
827,723,379
829,736,381
828,751,389
832,767,396
828,779,401
820,787,411
815,790,419
811,789,423
811,789,420
809,790,411
802,791,402
791,795,397
785,799,398
784,804,403
788,808,411
790,809,419
782,806,427
769,805,429
756,806,432
746,806,431
743,808,431
742,810,427
740,811,429
740,812,427
741,813,423
740,811,416
735,807,404
727,800,391
718,793,376
708,788,364
698,785,356
688,785,347
672,786,339
650,786,332
629,784,326
609,780,319
598,779,311
592,778,304
587,777,297
582,777,294
571,777,284
558,774,276
548,769,269
540,763,262
537,754,249
537,740,232
535,720,218
521,697,201
500,675,186
488,660,174
488,653,161
491,650,151
491,650,142
485,651,146
476,648,151
460,637,154
443,619,158
418,594,167
387,563,166
353,529,157
319,497,154
285,478,144
260,482,138
248,500,136
247,522,142
241,537,154
228,535,159
207,516,161
193,488,150
201,459,142
231,442,145
269,432,163
299,426,184
316,424,199
329,425,216
345,429,235
370,438,253
401,448,263
434,462,270
463,477,278
479,490,288
487,504,302
496,515,317
513,524,329
531,528,342
553,533,359
572,538,377
589,546,389
603,557,398
615,568,401
629,579,410
645,592,419
658,610,426
665,633,428
665,660,423
655,685,420
643,707,416
636,725,413
635,743,413
642,758,416
645,768,421
640,775,427
631,781,432
626,793,434
626,807,433
630,825,422
631,842,406
632,854,395
629,863,389
625,869,384
622,874,383
620,878,382
620,884,384
617,890,384
615,895,386
620,900,390
635,902,389
652,900,383
664,895,379
669,888,372
669,878,363
673,872,353
679,866,350
666,856,347
642,844,336
629,830,325
630,818,317
634,803,312
631,788,309
620,770,306
601,751,307
573,733,309
547,718,310
530,706,309
524,696,309
522,687,308
517,678,311
507,666,319
493,651,320
483,636,317
484,620,310
488,605,304
490,592,297
485,582,290
474,575,286
463,571,282
452,569,279
444,568,281
435,571,286
422,577,290
411,586,298
401,597,303
395,607,306
392,614,310
391,614,316
393,610,327
393,606,343
392,604,355
393,603,366
394,605,377
395,606,388
392,606,395
384,607,400
376,608,404
370,615,414
368,625,424
369,639,433
369,655,437
369,668,445
368,681,454
368,693,464
374,705,472
383,717,478
395,729,489
408,740,498
422,753,506
437,764,513
452,773,519
467,780,527
480,786,538
497,792,551
512,795,567
528,799,579
543,800,588
555,802,595
565,804,599
569,806,601
567,808,605
558,811,611
548,813,613
538,814,615
535,816,616
536,814,614
538,813,616
537,811,620
534,808,619
531,804,617
525,798,612
519,790,605
514,783,600
513,778,592
513,773,589
515,771,580
513,769,575
509,768,572
502,766,567
494,766,565
491,767,565
492,767,565
496,768,562
499,770,557
501,770,553
499,771,550
493,771,548
489,771,545
484,771,541
478,771,538
474,769,533
471,767,528
472,767,521
475,768,515
478,770,508
481,775,503
480,777,498
479,779,495
477,780,492
474,780,491
470,781,493
466,782,498
466,785,506
467,788,513
466,791,519
468,795,522
469,797,524
468,799,526
465,799,527
464,797,530
462,792,533
462,787,539
462,779,542
462,771,543
463,762,543
467,757,542
468,754,541
470,750,538
474,745,544
476,736,546
476,725,546
479,713,545
484,701,542
487,690,541
487,682,540
482,677,536
475,676,531
470,675,524
465,674,521
465,673,519
465,671,516
468,670,511
469,667,508
469,668,506
468,676,496
467,687,493
463,698,490
457,705,486
447,707,480
434,702,470
420,693,462
413,686,456
412,681,448
415,679,434
424,678,426
429,681,416
432,681,402
428,679,390
422,673,377
418,665,361
422,657,342
424,646,321
414,634,305
399,627,284
385,615,265
370,604,243
352,592,225
327,577,207
301,561,182
275,543,159
252,524,148
229,503,130
210,480,108
185,460,90
159,437,75
132,414,56
108,387,42
83,358,28
52,323,11
21,286,4
-17,246,2
-55,204,-3
-87,166,-5
-105,129,-2
-109,97,-4
-108,65,-1
-116,30,5
-224,-91,-12
-234,-111,-17
-237,-131,-18
-229,-151,-19
-222,-173,-26
-223,-198,-31
-226,-223,-32
-222,-243,-25
-204,-258,-20
-181,-269,-16
-162,-279,-7
-151,-290,-4
-139,-298,-5
-121,-303,-3
-94,-307,3
-56,-309,7
-12,-312,12
39,-316,21
93,-320,33
144,-326,49
189,-331,63
226,-339,74
262,-346,82
305,-349,89
356,-346,99
416,-339,118
485,-327,147
558,-312,183
626,-298,219
680,-290,255
715,-288,293
738,-291,335
759,-294,373
784,-298,410
812,-301,446
839,-306,478
868,-312,503
907,-320,525
964,-325,562
1045,-333,589
1145,-339,619
1256,-347,644
1367,-361,660
1477,-377,674
1573,-388,683
1661,-391,682
1751,-383,688
1837,-368,699
1917,-345,707
1996,-314,722
2089,-280,736
2178,-246,752
2277,-211,796
2400,-169,854
2524,-122,910
2623,-70,965
2698,-17,1023
2749,31,1079
2771,74,1138
2783,112,1184
2804,144,1217
2828,168,1243
2839,187,1266
2844,208,1282
2853,231,1293
2857,261,1297
2861,300,1302
2861,342,1317
2856,377,1331
2856,405,1347
2874,428,1366
2912,447,1383
2960,467,1409
3000,487,1459
3034,502,1519
3042,513,1595
3031,540,1667
3051,574,1725
3099,610,1771
3142,639,1785
3174,665,1785
3215,693,1783
3271,725,1779
3335,758,1770
3393,790,1765
3433,825,1768
3479,867,1788
3538,916,1813
3585,961,1845
3615,991,1877
3629,996,1898
3632,970,1892
3629,918,1868
3624,847,1818
3613,772,1749
3584,700,1673
3554,628,1601
3514,553,1537
3461,486,1478
3403,421,1437
3340,347,1419
3268,251,1405
3178,131,1374
3074,1,1324
2956,-131,1246
2788,-284,1130
2575,-460,1069
2336,-642,1050
2096,-776,946
1840,-854,748
1551,-920,615
1257,-1001,510
982,-1105,378
707,-1229,241
412,-1359,112
95,-1475,-26
-196,-1568,-168
-415,-1660,-290
-560,-1795,-408
-690,-1992,-551
-858,-2209,-697
-1066,-2373,-810
-1281,-2462,-905
-1493,-2526,-953
-1698,-2580,-957
-1894,-2650,-952
-2075,-2727,-951
-2235,-2784,-951
-2323,-2799,-965
-2327,-2784,-970
-2316,-2769,-954
-2330,-2760,-949
-2352,-2735,-959
-2346,-2676,-957
-2299,-2587,-939
-2222,-2486,-901
-2157,-2395,-858
-2116,-2310,-813
-2069,-2216,-753
-1981,-2096,-706
-1897,-1976,-647
-1762,-1877,-578
-1553,-1810,-520
-1344,-1773,-485
-1179,-1744,-447
-1048,-1702,-406
-914,-1636,-363
-776,-1555,-308
-651,-1475,-251
-543,-1403,-192
-437,-1339,-125
-339,-1288,-57
-253,-1251,16
-178,-1228,92
-127,-1214,174
-88,-1207,253
-59,-1205,327
-26,-1205,400
21,-1204,475
87,-1203,549
165,-1211,634
243,-1224,733
332,-1227,839
444,-1208,952
566,-1167,1079
696,-1102,1212
828,-1023,1337
942,-939,1471
1023,-850,1596
1104,-754,1699
1189,-633,1785
1284,-480,1899
1390,-321,2028
1486,-175,2162
1524,-53,2271
1507,50,2391
1504,152,2533
1550,241,2692
1619,303,2865
1684,341,3030
1758,370,3192
1859,410,3345
1969,471,3486
2068,545,3619
2167,610,3752
2287,667,3865
2426,711,3958
2576,724,4056
2708,710,4186
2807,701,4342
2903,734,4496
2993,804,4652
3060,874,4772
3103,910,4864
3100,891,4885
3041,829,4895
2916,745,4905
2723,663,4897
2522,603,4885
2379,551,4844
2301,482,4767
2230,384,4666
2170,285,4574
2167,222,4491
2238,196,4433
2332,176,4360
2418,138,4254
2498,76,4140
2544,-20,4017
2527,-142,3862
2460,-274,3710
2356,-406,3542
2228,-540,3313
2065,-686,3082
1856,-851,2836
1608,-1024,2599
1352,-1188,2327
1121,-1322,2017
996,-1416,1716
924,-1498,1469
836,-1587,1315
752,-1649,1188
616,-1666,1019
338,-1623,735
3,-1543,437
-295,-1455,142
-515,-1443,-175
-624,-1542,-521
-754,-1704,-907
-947,-1820,-1260
-1127,-1803,-1523
-1228,-1714,-1700
-1260,-1678,-1839
-1258,-1744,-1931
-1278,-1869,-1977
-1334,-1999,-1983
-1439,-2117,-1999
-1574,-2222,-2023
-1694,-2318,-2038
-1799,-2403,-2042
-1897,-2472,-2011
-2009,-2538,-1945
-2012,-2534,-1842
-1959,-2475,-1722
-1913,-2400,-1602
-1863,-2333,-1468
-1786,-2287,-1332
-1694,-2249,-1227
-1586,-2201,-1118
-1467,-2135,-1012
-1336,-2039,-898
-1204,-1920,-786
-1087,-1794,-658
-980,-1680,-544
-869,-1585,-442
-742,-1516,-355
-613,-1452,-273
-456,-1394,-183
-288,-1349,-98
-140,-1303,-15
-26,-1251,63
66,-1186,138
158,-1110,211
252,-1028,283
337,-951,357
408,-886,434
465,-832,504
513,-789,571
554,-753,652
596,-727,743
643,-706,831
688,-690,906
729,-675,964
775,-659,1009
802,-657,1057
829,-661,1081
858,-689,1134
842,-695,1174
866,-687,1209
927,-665,1268
984,-637,1350
1024,-602,1425
1043,-563,1495
1041,-519,1558
1021,-465,1613
1001,-402,1651
991,-326,1683
1003,-246,1737
1041,-172,1816
1088,-114,1880
1119,-69,1928
1135,-29,1959
1143,15,1923
1126,66,1866
1104,142,2075
1126,245,2194
1202,348,2214
1265,429,2229
1305,481,2263
1335,508,2303
1369,522,2345
1411,537,2391
1455,560,2455
1484,582,2519
1506,595,2595
1532,583,2684
1630,527,2782
1648,459,2894
1547,417,2982
1432,404,3049
1355,404,3131
1314,389,3221
1285,340,3323
1269,266,3434
1273,189,3538
1307,130,3625
1374,100,3707
1459,94,3780
1538,96,3846
1603,88,3914
1651,51,3976
1703,-7,4027
1776,-73,4044
1867,-132,4030
1957,-183,4012
2031,-246,3996
2087,-323,3970
2133,-410,3950
2161,-506,3943
2166,-610,3922
2154,-714,3877
2136,-813,3805
2114,-910,3700
2091,-998,3560
2064,-1073,3380
2027,-1139,3166
1968,-1188,2933
1888,-1222,2696
1796,-1244,2453
1698,-1259,2203
1601,-1269,1949
1507,-1280,1705
1418,-1291,1459
1340,-1296,1206
1268,-1299,949
1220,-1309,719
1228,-1353,631
1185,-1428,617
1095,-1525,654
1011,-1608,438
953,-1620,386
708,-1480,131
425,-1339,-206
164,-1251,-592
-86,-1229,-981
-243,-1269,-1391
-390,-1404,-1682
-552,-1616,-1834
-642,-1831,-1894
-643,-1986,-1835
-621,-2073,-1768
-569,-2070,-1667
-504,-2030,-1566
-462,-1993,-1487
-504,-1973,-1408
-641,-1953,-1328
-830,-1914,-1266
-992,-1837,-1216
-1072,-1721,-1111
-1085,-1583,-998
-1078,-1441,-869
-1041,-1303,-738
-991,-1177,-586
-934,-1066,-447
-881,-967,-313
-841,-876,-193
-818,-790,-118
-807,-712,-75
-789,-632,-53
-759,-555,-37
-742,-481,-4
-768,-413,18
-845,-346,-15
-964,-273,-28
-1100,-179,-11
-1219,-56,10
-1296,101,33
-1323,304,83
-1301,521,121
-1242,715,148
-1167,850,177
-1080,909,192
-963,917,219
-837,909,276
-737,900,345
-689,893,425
-670,882,473
-668,868,488
-679,856,505
-698,849,526
-716,841,729
-908,990,1300
-665,1095,703
-195,1194,-176
-99,1450,-825
-409,1456,-741
-1052,963,-589
-1581,278,-721
-1653,-257,-484
-1404,-592,-88
-1072,-775,86
-750,-838,413
-414,-814,846
-84,-728,1178
167,-611,1316
303,-504,1494
329,-437,1659
323,-423,1682
322,-473,1700
328,-560,1825
433,-615,2051
609,-632,2336
657,-580,2497
658,-520,2498
785,-494,2478
1032,-470,2522
1047,-381,806
956,-274,-54
970,-194,1322
911,-194,2771
908,-262,2787
1049,-339,2359
1160,-402,2251
1063,-434,2230
830,-424,2038
668,-345,1948
693,-205,1925
910,-44,1803
1203,114,1675
1425,248,1598
1509,348,1526
1493,409,1476
1452,446,1509
1451,460,1657
1492,445,1878
1562,407,2110
1619,388,2305
1594,377,2458
1482,364,2571
1329,348,2648
1199,336,2721
1110,326,2787
1058,311,2850
1044,300,2927
1065,288,3012
1101,262,3070
1135,223,3092
1167,175,3101
1214,131,3125
1268,89,3179
1329,44,3256
1395,2,3343
1462,-36,3445
1526,-76,3576
1581,-150,3711
1646,-269,3827
1726,-420,3942
1818,-588,4039
1917,-773,4093
2007,-958,4083
2087,-1125,4010
2149,-1259,3885
2194,-1354,3713
2220,-1420,3502
2217,-1466,3239
2180,-1502,2941
2121,-1514,2653
2061,-1487,2367
2048,-1455,2073
2038,-1427,1802
2024,-1409,1537
1969,-1392,1274
1905,-1372,1039
1872,-1351,819
1869,-1344,703
1817,-1354,768
1421,-1323,842
990,-1291,678
1138,-1310,-272
1451,-1329,-706
1547,-1368,-615
1368,-1420,-550
1054,-1459,-684
760,-1437,-800
194,-760,-849
-264,-205,-410
-446,-114,-632
-279,-223,-748
178,-425,-865
633,-643,-1198
464,-812,-1564
-276,-950,-1924
-991,-1068,-2184
-1258,-1145,-2380
-1088,-1177,-2414
-834,-1202,-2332
-794,-1254,-2273
-957,-1371,-2190
-1203,-1561,-2063
-1395,-1776,-1917
-1481,-1963,-1723
-1501,-2094,-1537
-1513,-2172,-1361
-1552,-2204,-1185
-1608,-2212,-1041
-1678,-2195,-899
-1736,-2158,-742
-1767,-2109,-604
-1769,-2055,-443
-1740,-1992,-264
-1667,-1919,-105
-1534,-1834,35
-1346,-1745,191
-1154,-1664,320
-1017,-1585,423
-966,-1487,496
-952,-1356,536
-923,-1209,563
-860,-1066,588
-768,-941,1206
-766,-714,839
-658,-469,-688
-610,-188,-682
-874,-217,-528
-1278,-447,-347
-1474,-647,-471
-1330,-816,-320
-977,-1026,112
-506,-1296,560
69,-1554,1020
417,-1656,1225
426,-1578,1347
202,-1362,1478
-77,-1026,1178
-287,-630,1174
-315,-306,1575
-264,-87,2066
-152,14,2150
-26,-16,2032
28,-145,1951
9,-316,1871
-10,-473,1804
47,-577,1791
221,-621,1781
492,-634,1840
725,-630,1853
820,-612,1794
901,-587,1754
1004,-563,1730
1116,-537,1708
1203,-496,1681
1277,-430,1694
1340,-355,1727
1397,-281,1756
1445,-206,1780
1468,-132,1817
1453,-62,1870
1407,-5,1920
1360,36,1976
1338,69,2051
1354,101,2146
1394,137,2245
1435,185,2339
1450,236,2424
1426,274,2517
1407,306,2615
1408,334,2711
1414,358,2805
1412,378,2908
1402,388,3024
1389,385,3149
1387,371,3250
1400,353,3327
1415,333,3398
1419,312,3455
1409,286,3491
1400,265,3521
1416,257,3558
1442,261,3623
1465,269,3726
1480,263,3853
1509,238,3959
1569,198,4055
1667,148,4134
1781,87,4190
1885,4,4239
1968,-106,4278
2042,-245,4303
2105,-387,4323
2146,-534,4295
2154,-683,4242
2122,-815,4143
2061,-912,3963
1988,-980,3734
1920,-1025,3505
1868,-1085,3274
1829,-1143,3039
1792,-1192,2797
1735,-1222,2546
1652,-1221,2276
1564,-1205,2015
1479,-1193,1769
1388,-1190,1527
1299,-1196,1276
1216,-1209,1018
1160,-1235,857
1118,-1310,936
1012,-1433,1061
883,-1582,1062
766,-1714,906
657,-1783,569
447,-1750,52
147,-1731,58
48,-1796,269
198,-1844,334
479,-1800,519
751,-1629,620
730,-1455,512
319,-1381,276
-251,-1439,-72
-626,-1553,-483
-679,-1672,-799
-556,-1763,-1002
-332,-1831,-1198
-346,-1902,-1263
-522,-1965,-1304
-672,-1990,-1348
-659,-1969,-1376
-505,-1893,-1380
-404,-1794,-1348
-474,-1696,-1265
-654,-1593,-1151
-820,-1474,-1053
-916,-1331,-971
-934,-1174,-888
-904,-1008,-799
-871,-846,-731
-876,-700,-689
-900,-576,-658
-909,-462,-654
-905,-362,-686
-889,-273,-710
-872,-194,-713
-862,-115,-708
-847,-28,-696
-818,62,-647
-793,151,-603
-767,225,-575
-743,278,-509
-734,305,-445
-741,308,-406
-751,299,-375
-748,290,-338
-731,285,-305
-702,287,-268
-685,284,-224
-673,281,-166
-644,282,-123
-600,283,-96
-549,286,-57
-485,288,-22
-391,293,23
-268,308,88
-141,328,167
-36,347,244
31,362,303
66,374,503
39,497,1062
-258,481,-813
-695,423,-1663
-903,358,-896
-763,258,-342
-405,69,-406
-44,-128,-414
278,-307,-175
483,-493,127
477,-701,368
302,-905,655
71,-1051,889
-82,-1123,1059
-111,-1135,1229
-43,-1093,1373
64,-1013,1483
155,-926,1566
178,-850,1640
132,-789,1624
43,-739,1132
-34,-694,1228
94,-634,1599
388,-573,1993
786,-548,2150
1136,-566,2195
1295,-586,2217
1273,-599,2210
1169,-607,2207
1143,-577,2275
1246,-513,2358
1401,-440,2439
1527,-362,2503
1595,-273,2544
1600,-188,2567
1554,-123,2550
1489,-82,2516
1434,-61,2493
1391,-56,2500
1356,-61,2530
1324,-64,2559
1295,-62,2573
1277,-47,2577
1278,-23,2624
1292,1,2752
1317,11,2909
1361,10,3037
1434,13,3153
1533,26,3275
1647,40,3389
1756,41,3496
1845,20,3613
1906,-28,3762
1932,-101,3946
1936,-191,4159
1918,-295,4393
1873,-428,4598
1805,-586,4744
1733,-752,4832
1678,-916,4843
1646,-1070,4777
1622,-1202,4637
1613,-1303,4404
1623,-1379,4138
1655,-1444,3863
1699,-1489,3608
1743,-1537,3333
1787,-1590,3038
1829,-1610,2741
1866,-1614,2433
1881,-1610,2144
1857,-1598,1873
1781,-1589,1615
1661,-1592,1360
1470,-1599,1105
1314,-1617,888
1246,-1708,792
1119,-1852,880
895,-2017,950
635,-2173,903
423,-2288,612
263,-2368,231
419,-2483,212
402,-2455,-54
121,-2352,225
-109,-2304,372
-149,-2272,450
94,-2193,636
378,-2050,665
368,-1891,457
-33,-1777,196
-554,-1748,-104
-835,-1776,-407
-778,-1827,-612
-545,-1901,-728
-360,-1985,-841
-305,-2015,-952
-333,-1947,-1020
-379,-1818,-1044
-400,-1700,-1047
-375,-1609,-1018
-338,-1541,-962
-314,-1473,-904
-317,-1367,-852
-361,-1220,-822
-449,-1031,-759
-563,-824,-687
-671,-613,-611
-743,-409,-517
-793,-222,-402
-838,-65,-304
-884,61,-232
-916,177,-194
-937,289,-155
-935,391,-123
-916,476,-110
-913,542,-111
-925,586,-123
-909,621,-134
-867,645,-185
-831,641,-290
-818,614,-384
-798,594,-489
-727,591,-570
-598,606,-622
-441,645,-687
-280,701,-737
-137,767,-767
-28,835,-791
51,902,-789
103,974,-804
124,1049,-826
148,1118,-843
198,1173,-837
234,1195,-811
218,1185,-787
146,1165,-744
44,1155,-689
-52,1144,-650
-129,1114,-626
-187,1054,-602
-233,966,-579
-244,891,-544
-196,846,-509
-108,790,-485
-14,739,-451
91,706,-409
195,739,158
231,1326,1520
-203,840,-3090
-210,329,-3706
-508,199,-2031
-431,132,-1005
-90,51,-1221
271,-45,-1545
761,-282,-825
1264,-557,328
1426,-732,556
1247,-712,140
840,-581,169
569,-427,495
518,-348,610
619,-365,549
743,-419,507
759,-470,558
653,-504,693
538,-487,716
453,-427,627
400,-315,484
242,-244,-659
140,-305,-450
152,-350,1055
399,-337,2034
839,-186,1662
1256,73,1414
1464,393,1570
1320,603,1702
1025,685,1650
875,666,1573
973,583,1583
1277,488,1678
1583,402,1774
1724,300,1855
1730,196,1927
1758,108,2022
1891,70,2172
2125,82,2379
2382,94,2636
2596,50,2967
2612,-59,3256
2418,-201,3489
2167,-322,3805
1920,-412,4137
1726,-487,4478
1576,-590,4839
1437,-761,5206
1200,-987,5567
1048,-1227,5797
1070,-1445,5900
1232,-1621,5862
1445,-1753,5708
1658,-1856,5500
1885,-2010,5249
2095,-2138,4880
2279,-2199,4410
2452,-2176,3972
2611,-2108,3579
2724,-2028,3246
2750,-1931,2898
2725,-1830,2630
2702,-1754,2468
2674,-1728,2368
2602,-1773,2219
2483,-1905,2014
2349,-2116,1849
2135,-2362,1713
1806,-2594,1470
1425,-2790,1173
1154,-3010,835
976,-3241,641
577,-3228,203
-100,-3183,-44
-286,-3320,121
132,-3319,18
855,-3063,43
1337,-2746,-143
1006,-2511,-602
142,-2388,-1049
-596,-2259,-1427
-772,-2086,-1603
-431,-1942,-1695
-84,-1885,-1800
-74,-1901,-1861
-362,-1951,-1930
-716,-1962,-2008
-917,-1869,-2085
-923,-1695,-2073
-837,-1510,-1984
-785,-1376,-1876
-804,-1273,-1781
-863,-1164,-1707
-904,-1035,-1674
-917,-897,-1613
-945,-762,-1484
-988,-637,-1332
-1013,-533,-1148
-1061,-493,-951
-1142,-524,-774
-1239,-594,-597
-1313,-665,-442
-1330,-717,-284
-1322,-748,-143
-1339,-751,7
-1367,-723,97
-1345,-653,196
-1245,-500,309
-1101,-264,406
-956,1,505
-836,253,637
-792,443,754
-857,552,821
-990,604,853
-1104,635,906
-1156,673,962
-1188,724,1000
-1232,788,1510
-1306,859,641
-1614,893,572
-2213,770,563
-3405,514,-312
-3734,401,-578
-2944,430,136
-1949,296,772
-1255,56,1213
-831,-149,1493
-550,-241,1725
-353,-237,1875
-253,-183,1983
-171,-102,2091
-40,-2,2083
146,119,1762
305,274,1111
454,440,999
488,532,1466
301,485,1915
24,342,1989
-159,185,1840
-201,87,1712
-189,37,1561
-209,17,1341
-272,23,1157
-363,58,1111
-446,102,1193
-477,111,1304
-445,67,1389
-362,-25,1481
-263,-148,1608
-162,-278,1718
-66,-399,1773
13,-503,1776
95,-574,1757
191,-610,1735
294,-614,1697
393,-594,1668
480,-558,1678
561,-519,1713
645,-480,1733
742,-437,1709
856,-385,1661
975,-334,1608
1056,-288,1554
1169,-238,1501
1292,-175,1450
1419,-107,1423
1528,-50,1422
1608,-9,1438
1655,24,1465
1680,69,1523
1664,125,1600
1599,189,1687
1469,250,1778
1291,300,1880
1110,334,2048
963,341,2135
839,323,2203
737,271,2325
707,206,2426
773,175,2504
850,172,2598
882,160,2705
878,126,2817
861,68,2925
869,-13,3036
927,-117,3151
1016,-245,3267
1117,-396,3398
1223,-558,3524
1343,-718,3649
1470,-859,3779
1594,-977,3906
1725,-1102,4006
1852,-1223,4068
1975,-1356,4076
2090,-1469,4021
2214,-1540,3903
2304,-1601,3759
2313,-1624,3569
2284,-1640,3304
2239,-1665,3014
2171,-1678,2723
2107,-1676,2425
2061,-1665,2169
2017,-1650,1970
1977,-1646,1777
1920,-1648,1585
1856,-1660,1405
1802,-1690,1239
1746,-1732,1162
1600,-1751,1115
1365,-1740,1022
1096,-1718,721
848,-1715,174
826,-1742,-141
913,-1789,-149
908,-1796,-148
774,-1679,-192
338,-1129,-549
-73,-637,-192
-214,-543,-160
-160,-672,-218
142,-853,-172
605,-1018,-325
708,-1172,-683
302,-1316,-1039
-272,-1411,-1358
-611,-1432,-1659
-621,-1418,-1837
-484,-1430,-1891
-414,-1484,-1909
-457,-1555,-1896
-547,-1622,-1862
-656,-1676,-1853
-755,-1714,-1833
-833,-1740,-1787
-905,-1757,-1706
-995,-1757,-1585
-1108,-1739,-1474
-1220,-1706,-1380
-1302,-1655,-1273
-1347,-1588,-1167
-1370,-1521,-1071
-1382,-1454,-959
-1368,-1396,-854
-1324,-1345,-756
-1269,-1294,-660
-1215,-1232,-564
-1133,-1153,-429
-1121,-1052,17
-1015,-736,-404
-608,-311,-417
-353,-229,-1447
-770,-511,-2297
-1347,-829,-1225
-1539,-1047,95
-1251,-1241,-150
-812,-1380,-213
-390,-1414,274
-11,-1391,573
232,-1342,821
319,-1307,1188
338,-1261,1102
323,-1140,699
353,-932,579
375,-729,1001
432,-589,1446
639,-481,1651
866,-411,1713
986,-399,1679
946,-409,1584
817,-401,1461
714,-349,1331
733,-236,1208
868,-94,1265
1016,21,1347
1102,85,1257
1077,100,1168
977,76,1148
897,32,1154
910,0,1196
1033,4,1296
1230,32,1434
1458,59,1596
1673,64,1758
1849,47,1896
1973,22,1985
2044,7,2026
2086,24,2049
2122,79,2089
2130,164,2179
2090,257,2304
1993,329,2414
1849,356,2516
1700,345,2627
1594,323,2727
1543,320,2804
1528,352,2875
1529,409,2947
1530,468,3002
1531,507,3054
1522,514,3122
1496,485,3190
1456,428,3250
1414,368,3332
1385,311,3429
1369,243,3530
1362,158,3628
1359,54,3710
1356,-58,3784
1352,-157,3842
1359,-229,3885
1376,-276,3931
1398,-321,3996
1423,-373,4061
1456,-426,4128
1491,-474,4172
1529,-527,4208
1556,-605,4233
1569,-711,4236
1575,-829,4192
1578,-939,4095
1574,-1030,3958
1562,-1094,3750
1537,-1138,3519
1515,-1189,3287
1509,-1238,3039
1511,-1279,2802
1522,-1317,2563
1516,-1329,2301
1520,-1331,2022
1562,-1336,1732
1620,-1332,1437
1682,-1328,1152
1715,-1335,887
1726,-1360,616
1720,-1397,385
1661,-1452,324
1473,-1495,407
1168,-1540,543
752,-1551,58
666,-1609,-387
861,-1746,-383
990,-1886,-271
979,-1981,-292
835,-1992,-261
472,-1707,-306
-116,-1025,-85
-503,-720,-122
-616,-634,-599
-460,-610,-498
-50,-655,-546
283,-710,-887
212,-836,-1190
-157,-1029,-1413
-536,-1201,-1601
-726,-1290,-1747
-679,-1296,-1788
-483,-1260,-1689
-280,-1232,-1540
-188,-1232,-1391
-240,-1263,-1249
-403,-1329,-1119
-610,-1418,-1033
-777,-1508,-968
-843,-1577,-905
-820,-1617,-833
-767,-1618,-744
-764,-1594,-668
-872,-1555,-561
-1075,-1486,-419
-1298,-1379,-293
-1469,-1246,-169
-1545,-1111,-35
-1541,-1000,101
-1468,-918,205
-1386,-856,318
-1387,-817,456
-1446,-794,572
-1499,-778,668
-1508,-765,742
-1452,-771,822
-1353,-808,941
-1273,-872,1062
-1230,-934,1154
-1196,-955,1224
-1148,-927,1289
-1097,-882,1347
-1028,-847,1366
-951,-835,1358
-878,-845,1339
-799,-859,1301
-706,-859,1269
-595,-835,1263
-425,-765,1538
-250,-489,1526
-931,-217,322
-1625,-270,-249
-1669,-404,-145
-1204,-491,328
-431,-665,665
508,-960,840
1265,-1302,1024
1574,-1592,1112
1519,-1536,1196
1379,-1117,1380
1244,-564,1544
1113,-77,1679
998,266,1791
881,422,1773
758,390,1677
665,231,1622
668,57,1625
776,-35,1652
939,-35,1680
1069,15,1690
1076,62,1671
982,80,1616
868,81,1548
780,85,1516
731,98,1512
729,129,1511
780,168,1483
869,196,1437
965,205,1375
1069,210,1310
1193,231,1271
1344,281,1270
1531,357,1348
1726,441,1475
1941,522,1632
2139,597,1793
2281,659,1955
2374,734,2086
2412,829,2167
2397,946,2176
2325,1060,2177
2180,1139,2188
1959,1175,2253
1741,1158,2630
1506,1031,2735
1242,820,2604
1074,669,3025
1077,600,3246
1254,553,3320
1563,516,3679
2007,581,4024
2418,720,4032
2569,887,3965
2538,1100,3728
2441,1347,3283
2268,1537,2767
2065,1585,2356
1930,1473,2353
1949,1209,2652
2136,888,2958
2342,556,3190
2377,246,3372
2203,2,3485
1946,-197,3555
1727,-390,3580
1562,-607,3564
1436,-857,3520
1332,-1128,3444
1237,-1365,3344
1186,-1535,3231
1213,-1613,3041
1348,-1597,2825
1605,-1549,2615
1921,-1507,2345
2198,-1486,2048
2403,-1503,1782
2528,-1538,1573
2574,-1564,1378
2472,-1538,1113
2310,-1481,802
2174,-1431,494
2075,-1409,186
1955,-1417,-33
1874,-1428,-130
1798,-1407,-71
1643,-1337,-10
1291,-984,-5
479,-366,114
2,-230,291
80,-422,389
603,-713,561
1301,-947,399
1475,-1056,-114
1076,-1010,-614
527,-897,-1011
86,-819,-1440
-104,-787,-1820
-76,-802,-2051
53,-859,-2171
196,-939,-2191
307,-1008,-2185
364,-1027,-2098
383,-983,-1971
368,-888,-1813
324,-778,-1619
245,-691,-1421
133,-655,-1244
-1,-666,-1080
-133,-694,-939
-244,-726,-804
-332,-749,-708
-407,-766,-633
-471,-779,-598
-520,-782,-604
-532,-791,-569
-495,-828,-509
-449,-899,-389
-422,-1000,-202
-427,-1129,4
-449,-1263,218
-451,-1374,421
-403,-1439,579
-350,-1467,752
-347,-1474,908
-414,-1470,1008
-517,-1457,1093
-583,-1422,1221
-599,-1374,1358
-589,-1340,1516
-598,-1350,1634
-615,-1395,1708
-613,-1435,1761
-592,-1443,1786
-584,-1408,1783
-618,-1342,1767
-693,-1271,1750
-809,-1205,1729
-945,-1136,1703
-1038,-1048,1703
-1042,-926,1722
-1004,-784,1745
-979,-645,1720
-986,-518,1879
-963,-296,2464
-921,-137,2461
-1000,-250,169
-1092,-62,-1514
-1293,426,-803
-1791,407,-111
-2283,-247,-23
-2255,-875,533
-1747,-1267,1228
-930,-1298,1271
-403,-1103,1485
-259,-808,1820
-305,-553,1768
-396,-430,1497
-431,-429,1421
-382,-469,1483
-243,-455,1593
-75,-373,1746
-3,-261,1943
54,-165,2096
222,1,1986
397,337,6
544,749,-944
643,1077,84
571,1170,1425
327,916,1835
49,582,1613
-144,366,1476
-292,270,1486
-465,255,1434
-643,272,1274
-770,300,1185
-839,292,1191
-848,238,1166
-783,173,996
-659,149,797
-504,186,678
-315,250,697
-106,294,851
99,282,1010
278,209,1074
406,109,1109
498,15,1154
610,-77,1195
749,-137,1240
909,-167,1306
1069,-182,1344
1224,-197,1372
1392,-214,1436
1602,-238,1543
1853,-265,1657
2105,-284,1760
2325,-278,1916
2471,-238,2108
2536,-163,2275
2528,-60,2384
2470,56,2481
2387,162,2607
2301,238,2782
2237,291,3019
2218,333,3294
2244,345,3560
2310,321,3793
2422,286,4008
2555,236,4187
2668,160,4321
2708,46,4456
2629,-110,4574
2470,-317,4685
2293,-539,4803
2136,-756,4757
1999,-929,4570
1924,-1077,4578
1960,-1183,4044
2141,-1189,3677
2488,-1124,3363
2942,-1062,3040
3370,-1049,2802
3665,-1091,2657
3700,-1142,2527
3615,-1210,2337
3500,-1295,2121
3290,-1367,1902
3031,-1419,1670
2735,-1466,1512
2376,-1529,1464
1979,-1589,1512
1528,-1593,1493
814,-1535,1176
60,-1746,1426
22,-2139,1914
656,-2337,1832
1298,-2311,1653
1466,-2279,1300
1116,-2270,790
537,-2270,369
52,-2294,83
-190,-2334,-70
-206,-2399,-116
-183,-2482,-92
-346,-2534,-119
-605,-2468,-158
-818,-2304,-219
-923,-2145,-283
-949,-2063,-306
-969,-2043,-277
-1008,-1985,-283
-1021,-1838,-327
-992,-1653,-340
-926,-1501,-309
-857,-1398,-265
-826,-1311,-212
-818,-1168,-211
-805,-954,-199
-770,-696,-222
-741,-455,-263
-715,-258,-294
-667,-95,-302
-589,69,-305
-491,231,-288
-386,335,-299
-233,386,-394
-26,439,-521
160,495,-717
332,556,-928
510,599,-1088
680,595,-1198
812,589,-1313
837,635,-1405
787,713,-1491
683,787,-1552
593,843,-1512
495,889,-1401
361,922,-1231
169,932,-1056
-26,1038,-928
-162,1125,-751
-234,1067,-853
-462,977,-851
-2151,401,-1619
-3889,-470,-1339
-2775,-861,-1422
288,-359,-363
2654,1049,813
3348,2039,986
2309,2077,935
366,1791,731
-380,1418,401
420,1182,498
1412,984,249
1817,789,16
1655,694,-155
1052,583,-374
631,482,-306
608,476,-181
595,567,-37
546,719,-23
717,836,-28
1036,887,-30
1304,836,-205
1350,640,-243
1050,664,-298
901,1052,-249
951,1477,-290
873,1580,-359
661,1341,-489
544,1083,-615
565,962,-700
662,977,-773
543,972,-789
470,942,-783
419,914,-756
304,889,-723
223,880,-660
161,887,-545
128,879,-406
131,863,-276
148,842,-170
170,821,-88
192,797,-18
210,770,38
234,742,80
294,721,151
404,714,258
526,706,371
618,691,450
667,663,493
686,629,514
703,601,516
746,590,546
839,602,631
968,626,726
1084,647,825
1163,659,928
1193,657,1003
1173,633,1040
1124,598,1052
1066,556,1045
1008,509,1019
966,469,972
924,426,931
890,379,928
903,336,988
960,302,1059
1018,275,1098
1051,252,1126
1060,233,1158
1061,223,1197
1072,219,1249
1103,219,1283
1148,214,1298
1193,195,1304
1222,164,1301
1228,122,1282
1206,73,1242
1158,36,1184
1096,12,1114
1025,1,1053
958,-4,998
905,-8,946
864,-15,904
832,-30,867
808,-63,861
788,-111,900
780,-167,954
780,-226,1002
780,-278,1039
774,-317,1079
772,-338,1130
783,-341,1194
818,-335,1262
867,-332,1328
922,-337,1381
965,-359,1415
986,-399,1427
985,-456,1410
964,-516,1372
941,-571,1325
920,-615,1268
904,-650,1212
895,-682,1153
886,-718,1093
874,-759,1024
858,-809,947
838,-861,876
822,-904,823
815,-939,787
818,-964,765
832,-972,755
857,-968,762
893,-958,782
933,-946,804
967,-939,828
991,-933,850
1002,-935,869
998,-938,879
980,-939,882
953,-937,887
921,-934,895
884,-934,895
851,-939,878
825,-940,847
807,-932,801
793,-908,752
785,-881,710
778,-853,679
776,-840,671
778,-833,665
782,-825,661
790,-808,671
797,-782,689
808,-750,706
819,-721,722
834,-695,736
844,-668,746
849,-641,767
851,-610,811
859,-590,864
861,-580,898
857,-574,900
837,-562,879
807,-544,850
773,-526,818
746,-507,784
724,-478,756
711,-442,730
707,-401,708
710,-360,696
719,-322,693
728,-290,683
731,-264,659
728,-241,629
721,-216,604
718,-185,591
726,-151,591
750,-117,584
783,-83,572
817,-50,570
849,-20,574
870,5,572
876,26,562
868,39,546
857,45,545
850,48,558
856,51,572
862,60,573
861,78,564
843,98,561
810,122,564
767,147,571
727,167,584
696,181,595
674,187,602
654,190,613
633,190,618
604,189,618
573,191,616
547,198,629
534,209,654
536,222,680
547,227,693
558,228,693
561,224,692
550,225,700
541,230,711
537,241,729
547,259,756
569,278,794
591,292,826
603,298,857
602,296,885
595,283,913
592,262,935
590,242,954
582,234,972
562,234,979
526,240,981
480,250,986
443,256,997
423,252,1007
423,238,1030
430,226,1050
433,222,1065
430,229,1070
422,243,1072
405,274,1080
382,323,1087
369,375,1095
361,418,1111
358,447,1136
353,459,1156
346,464,1175
337,473,1177
313,489,1179
275,507,1167
235,525,1140
204,547,1113
177,568,1087
160,588,1054
160,613,1035
183,644,1032
210,667,1040
219,677,1045
211,673,1050
192,657,1055
174,629,1051
163,599,1032
170,578,1013
202,570,980
236,562,946
256,543,910
266,499,877
270,435,850
280,365,821
288,308,788
292,263,746
288,216,709
289,150,659
314,86,601
347,29,546
366,-2,505
348,-2,510
314,-4,534
267,-19,562
207,-50,568
143,-85,574
108,-100,583
109,-87,611
125,-56,638
129,-22,659
105,13,667
97,47,677
128,64,673
159,79,508
-43,-123,1008
-4242,-433,-3230
-7386,-504,-4917
-2335,-329,2368
3043,607,118
4257,61,-821
3509,-826,-245
2555,-1213,397
1895,-1108,-111
1594,-467,-338
1695,394,226
1610,937,527
1363,1200,351
1410,1200,250
1654,1036,358
1875,870,396
1930,736,279
1859,585,146
1698,379,110
1527,184,115
1393,67,150
1290,25,224
1162,-3,337
1006,-33,449
856,-18,538
736,41,628
638,113,721
570,170,786
535,210,822
518,229,844
473,232,855
415,217,856
374,179,853
358,142,843
376,134,820
418,164,798
462,217,779
490,276,754
504,326,732
513,362,702
517,382,667
518,392,632
517,395,601
515,395,571
516,397,553
524,399,541
534,398,538
540,395,540
536,390,548
526,382,570
513,374,612
499,366,659
483,360,712
461,353,764
433,348,807
402,345,847
370,344,872
349,347,900
339,349,942
337,349,990
335,347,1047
337,341,1111
338,329,1165
337,314,1194
335,295,1204
332,270,1207
333,241,1218
338,213,1229
353,181,1242
367,147,1258
372,112,1265
379,79,1268
386,45,1284
393,14,1314
397,-10,1348
401,-29,1381
403,-40,1407
410,-47,1416
417,-50,1407
419,-51,1389
419,-52,1378
419,-56,1388
422,-65,1404
424,-81,1410
419,-101,1413
409,-119,1417
399,-133,1417
393,-140,1405
388,-141,1385
377,-136,1381
369,-132,1399
360,-127,1423
354,-122,1435
350,-122,1435
347,-122,1430
338,-124,1413
329,-126,1388
321,-128,1359
318,-133,1329
321,-134,1305
333,-135,1292
348,-133,1288
361,-134,1284
370,-138,1279
373,-141,1271
368,-146,1260
360,-151,1242
348,-152,1228
334,-151,1219
320,-144,1213
311,-136,1214
302,-129,1213
303,-124,1210
302,-122,1194
300,-122,1177
292,-124,1156
283,-126,1137
272,-126,1120
263,-124,1097
255,-118,1073
245,-111,1054
234,-103,1041
224,-94,1024
215,-83,1007
209,-70,992
205,-57,977
205,-42,966
205,-26,955
210,-10,947
215,3,941
221,14,940
223,19,941
223,21,948
224,19,954
224,13,955
219,11,955
213,8,955
206,9,953
197,11,948
190,18,940
185,30,934
182,43,925
181,57,916
180,67,906
179,75,896
179,81,884
180,85,871
184,91,862
191,98,855
202,104,846
211,114,839
216,125,832
221,130,823
225,135,814
230,138,806
232,142,800
233,146,799
232,153,800
232,159,803
229,168,809
230,177,812
229,185,816
231,196,817
230,207,819
227,219,820
226,228,819
223,238,820
219,245,827
218,254,831
217,261,836
216,265,837
213,268,839
208,270,838
203,274,833
197,276,828
193,279,828
187,286,824
181,290,821
175,292,820
168,294,820
160,295,821
154,296,822
148,296,825
144,298,830
141,302,836
140,304,837
139,307,838
140,309,836
139,313,832
139,314,828
135,318,826
130,323,827
131,327,831
134,336,837
137,343,845
142,346,851
146,344,858
147,337,867
148,331,875
152,327,884
153,329,887
156,332,885
158,333,886
158,334,888
159,334,889
159,334,890
159,336,893
162,338,892
161,339,889
160,342,883
159,343,882
155,344,881
151,343,883
147,342,882
146,341,882
147,342,886
149,345,891
154,346,897
158,348,903
159,351,905
157,352,906
152,353,907
147,353,911
142,355,916
140,356,918
138,357,920
136,357,919
132,355,917
130,353,917
130,353,915
136,353,913
144,356,909
153,361,902
154,361,874
170,354,575
222,372,892
84,285,1124
35,245,833
76,284,677
132,356,757
181,431,848
225,489,853
259,526,847
271,544,883
267,538,937
252,509,977
238,470,989
214,419,983
188,377,976
172,356,970
166,352,954
166,363,933
170,382,912
173,398,892
175,407,877
170,404,873
162,392,873
156,376,879
154,363,886
154,352,894
153,347,899
151,348,904
147,354,906
141,362,907
136,372,905
135,383,906
139,391,909
144,399,916
151,402,924
159,403,931
164,400,936
170,394,936
170,391,935
168,387,934
166,387,931
164,390,929
161,392,927
157,390,924
150,384,919
143,376,912
136,367,905
132,359,900
130,356,899
132,357,904
134,361,912
134,365,920
131,363,926
129,359,929
127,354,929
126,351,928
126,350,929
129,350,935
133,354,939
136,353,941
137,350,941
136,346,942
134,342,941
130,339,939
126,336,936
124,336,933
125,337,931
129,339,933
134,341,936
140,343,938
143,342,940
144,341,941
143,339,944
141,336,945
137,334,944
134,332,946
132,329,948
131,328,950
131,329,955
132,330,958
132,329,959
131,328,959
129,323,958
128,320,959
126,317,960
127,315,959
131,313,958
133,310,956
134,307,951
130,303,945
129,302,942
130,302,937
136,303,933
144,308,930
150,314,925
154,318,920
152,320,917
147,321,916
143,323,915
140,326,917
138,330,917
138,334,923
140,339,925
141,341,925
142,345,924
144,349,929
144,351,932
147,353,934
149,354,933
152,354,935
153,356,936
156,357,933
159,358,932
161,359,934
164,358,936
168,356,935
171,355,936
176,354,934
178,352,933
180,351,933
179,350,932
177,350,930
175,350,929
172,348,928
168,348,927
164,346,924
159,343,921
154,344,916
144,363,915
130,375,786
237,456,695
155,411,1157
63,308,992
90,280,686
136,289,705
169,299,838
196,304,887
222,309,879
242,325,894
257,358,937
257,398,983
234,437,1016
192,442,1032
144,426,1020
109,393,987
# balls=4,catches=23,detected=19,sampleRate=200,timestamp=1781212815,countMode=watch_hand
x,y,z
422,239,887
398,240,883
371,240,875
340,242,866
314,246,857
296,253,851
281,262,850
274,270,848
272,274,848
272,278,850
273,276,850
274,273,853
273,267,853
273,262,854
274,256,851
274,251,849
276,247,849
280,244,851
284,242,858
292,240,863
299,238,869
307,234,876
315,230,883
323,227,887
331,222,891
338,218,894
343,214,899
346,210,902
346,207,903
344,204,903
340,202,901
334,202,898
328,202,892
322,203,888
315,205,884
307,208,881
299,211,880
289,214,879
283,218,879
275,219,880
269,223,880
267,225,882
264,226,882
261,226,880
258,225,878
254,223,877
250,221,877
248,219,878
249,218,878
253,215,880
259,211,877
265,209,874
272,207,871
276,204,868
277,203,866
278,205,865
278,205,869
277,206,874
273,206,879
271,204,882
267,202,883
263,201,884
260,199,885
258,195,883
260,192,884
261,190,883
260,187,884
259,186,886
257,184,887
253,182,887
253,179,885
254,177,883
252,176,880
249,175,879
246,176,877
240,178,874
236,180,874
233,183,871
230,185,872
229,187,871
229,189,872
232,190,873
234,191,875
235,187,877
236,186,885
236,183,892
236,179,901
237,174,908
237,170,912
236,163,911
237,157,907
240,152,905
240,148,904
242,144,906
242,140,908
240,135,911
238,132,911
233,130,911
227,127,909
222,125,909
216,125,907
213,127,908
210,128,906
208,129,906
211,129,906
215,127,910
222,126,916
227,123,921
232,117,927
235,112,928
236,105,930
235,100,927
236,97,923
239,93,919
239,92,914
240,91,907
241,90,899
240,91,897
240,92,898
241,93,900
243,92,904
246,94,907
248,92,911
250,89,913
251,87,915
251,81,918
253,75,925
255,70,930
257,63,934
262,55,934
270,46,931
278,37,924
285,28,920
291,21,919
293,14,920
294,9,922
294,2,922
294,-4,920
292,-7,916
289,-11,916
283,-14,913
275,-15,911
265,-17,911
257,-19,912
249,-19,916
245,-21,918
243,-25,923
244,-30,929
244,-35,932
245,-42,934
246,-49,933
248,-58,928
253,-65,922
263,-71,921
278,-79,922
289,-86,925
300,-94,927
305,-103,929
307,-111,930
308,-117,933
304,-124,934
299,-129,933
292,-134,932
285,-139,929
278,-143,928
273,-147,930
269,-152,929
265,-158,931
260,-164,933
254,-170,938
249,-176,946
242,-182,953
237,-189,954
233,-194,950
233,-199,942
231,-202,932
228,-205,922
226,-209,920
223,-210,919
220,-213,922
216,-215,923
213,-217,919
210,-220,916
208,-224,912
207,-226,911
207,-229,912
208,-232,915
210,-236,921
212,-241,923
213,-247,923
212,-253,922
211,-261,922
207,-269,921
203,-278,919
196,-289,914
187,-298,908
177,-305,907
171,-311,908
165,-316,912
161,-318,915
155,-319,914
152,-320,910
153,-320,903
157,-321,896
166,-321,888
175,-320,882
183,-321,880
195,-325,883
207,-332,889
223,-340,893
237,-349,894
245,-358,893
246,-366,886
242,-375,882
242,-383,876
241,-392,876
245,-397,877
249,-402,877
253,-408,881
254,-414,887
262,-420,894
278,-427,899
303,-434,903
329,-438,904
348,-444,902
358,-449,899
359,-455,900
354,-461,903
346,-466,907
341,-472,917
341,-478,929
346,-484,941
352,-493,948
358,-500,957
362,-504,963
360,-508,969
355,-509,973
350,-509,979
346,-509,988
344,-512,998
343,-517,1008
341,-519,1017
336,-522,1020
327,-525,1019
321,-525,1017
316,-526,1019
311,-526,1018
311,-527,1016
315,-527,1014
320,-526,1010
323,-524,1007
327,-522,1004
331,-519,1000
335,-517,998
342,-516,998
350,-515,999
360,-516,998
366,-517,997
369,-518,991
368,-520,982
365,-518,972
362,-515,963
358,-513,955
353,-511,947
347,-509,942
341,-505,937
334,-501,931
330,-499,925
327,-499,914
323,-500,905
324,-501,899
325,-500,895
323,-500,892
317,-500,888
311,-498,882
307,-499,876
307,-501,874
307,-504,878
307,-510,886
303,-517,893
298,-524,894
290,-530,886
284,-536,869
279,-539,854
277,-539,847
277,-536,839
278,-536,836
283,-538,828
290,-543,820
295,-549,808
297,-554,795
293,-558,784
286,-560,773
282,-557,767
289,-557,772
304,-558,785
329,-562,799
356,-568,802
384,-576,797
411,-585,785
438,-592,778
464,-601,784
494,-610,802
529,-626,828
568,-647,858
604,-672,880
628,-696,894
636,-711,893
632,-724,886
621,-737,882
610,-746,891
606,-759,911
608,-774,937
611,-789,958
609,-802,976
605,-812,988
598,-820,1001
594,-827,1019
596,-832,1042
597,-838,1063
593,-842,1078
590,-843,1093
585,-842,1103
578,-843,1113
569,-845,1128
557,-847,1139
550,-846,1145
553,-841,1152
567,-831,1162
594,-826,1175
629,-827,1200
657,-836,1232
683,-853,1242
701,-866,1247
707,-871,1251
710,-870,1251
721,-864,1247
742,-854,1245
772,-844,1245
796,-834,1249
803,-826,1260
800,-814,1268
796,-799,1258
798,-784,1232
809,-773,1187
818,-759,1159
817,-742,1159
807,-726,1162
781,-705,1159
769,-683,1135
774,-662,1115
791,-646,1119
802,-634,1140
780,-622,1162
800,-634,1135
789,-636,1114
752,-619,1105
729,-594,1111
737,-571,1128
781,-559,1131
834,-562,1144
866,-570,1165
865,-577,1164
833,-573,1129
789,-556,1085
743,-531,1054
708,-500,1037
689,-474,1018
679,-453,989
668,-440,981
658,-428,988
651,-415,981
635,-403,965
624,-379,954
665,-325,959
605,-246,830
432,-154,459
295,-101,188
232,-102,396
273,-150,835
364,-228,1069
463,-293,1036
529,-300,928
569,-250,873
590,-175,892
584,-114,948
561,-83,1002
536,-75,1049
506,-83,1083
477,-94,1088
456,-100,1059
441,-101,1025
433,-95,1006
427,-73,1010
420,-37,1013
410,7,998
404,53,964
404,86,921
396,106,863
365,115,816
325,117,799
300,114,799
296,111,798
303,106,780
315,103,748
327,100,714
339,104,683
349,108,664
358,113,650
362,120,640
358,128,632
351,133,625
339,140,615
323,145,604
302,145,586
276,144,570
250,143,550
224,141,536
196,141,524
170,143,504
152,143,475
142,144,441
135,147,404
127,152,371
117,155,345
106,158,315
88,158,284
75,157,251
64,156,217
54,153,180
46,147,145
36,140,113
24,134,90
11,129,74
0,125,54
-102,98,10
-125,93,5
-145,87,-6
-161,81,-26
-163,76,-56
-155,69,-88
-140,62,-113
-120,52,-126
-103,38,-129
-92,17,-131
-92,-12,-148
-102,-49,-173
-122,-84,-196
-146,-119,-205
-175,-153,-200
-208,-185,-189
-238,-211,-192
-258,-226,-206
-267,-234,-218
-267,-237,-224
-261,-242,-222
-258,-247,-215
-255,-254,-206
-254,-264,-199
-255,-278,-192
-254,-292,-184
-252,-302,-172
-248,-312,-160
-247,-316,-148
-241,-320,-138
-236,-324,-129
-233,-329,-118
-230,-336,-102
-228,-344,-84
-222,-352,-60
-212,-360,-38
-202,-367,-21
-190,-373,4
-176,-377,42
-151,-382,76
-119,-392,113
-83,-408,167
-47,-432,242
-10,-457,321
25,-482,385
64,-502,435
101,-515,490
136,-523,561
164,-531,643
184,-545,715
196,-562,773
208,-582,832
232,-599,896
267,-613,964
319,-624,1045
386,-638,1143
465,-659,1253
547,-684,1359
627,-711,1451
707,-741,1531
775,-758,1608
836,-756,1693
897,-736,1786
949,-703,1878
985,-673,1957
1010,-653,2013
1034,-635,2055
1057,-618,2105
1084,-600,2177
1115,-582,2259
1149,-573,2334
1187,-579,2389
1231,-599,2445
1282,-622,2523
1331,-636,2627
1370,-635,2738
1399,-621,2832
1428,-597,2897
1457,-567,2933
1492,-536,2948
1526,-506,2951
1543,-478,2955
1542,-454,2965
1522,-438,2966
1495,-431,2950
1480,-426,2922
1481,-418,2893
1492,-402,2872
1508,-381,2867
1514,-363,2870
1510,-345,2863
1508,-326,2831
1516,-306,2783
1531,-294,2743
1545,-298,2724
1567,-325,2737
1593,-374,2785
1624,-433,2857
1662,-488,2929
1693,-538,3009
1710,-594,3102
1714,-661,3200
1711,-740,3303
1711,-834,3398
1712,-937,3469
1707,-1041,3504
1694,-1134,3489
1662,-1207,3424
1617,-1256,3332
1570,-1291,3239
1535,-1322,3152
1509,-1356,3063
1488,-1395,2951
1448,-1432,2815
1382,-1458,2677
1297,-1468,2537
1204,-1463,2394
1113,-1448,2247
1020,-1441,2077
915,-1430,1900
795,-1408,1718
658,-1373,1524
496,-1325,1335
321,-1275,1180
168,-1234,999
-16,-1182,705
-209,-1095,410
-372,-979,186
-493,-860,3
-553,-779,-172
-598,-747,-426
-668,-758,-726
-753,-783,-1012
-832,-800,-1282
-871,-820,-1448
-902,-879,-1505
-970,-987,-1493
-1044,-1142,-1454
-1112,-1309,-1450
-1209,-1471,-1450
-1358,-1589,-1462
-1510,-1670,-1496
-1643,-1698,-1542
-1744,-1671,-1592
-1807,-1622,-1616
-1844,-1560,-1603
-1857,-1497,-1560
-1853,-1440,-1492
-1824,-1385,-1435
-1772,-1327,-1392
-1701,-1277,-1355
-1619,-1238,-1326
-1548,-1211,-1293
-1485,-1184,-1246
-1421,-1156,-1203
-1351,-1120,-1149
-1274,-1081,-1084
-1200,-1043,-1021
-1133,-1001,-952
-1072,-957,-876
-1010,-914,-781
-947,-879,-678
-886,-853,-578
-832,-837,-490
-786,-823,-412
-750,-806,-338
-721,-786,-268
-696,-771,-205
-673,-757,-147
-652,-745,-97
-636,-737,-49
-611,-729,2
-582,-717,67
-550,-701,141
-514,-683,216
-472,-663,284
-425,-650,352
-369,-639,427
-304,-639,505
-228,-650,593
-136,-675,697
-29,-714,820
74,-764,952
159,-815,1069
228,-856,1163
305,-896,1235
343,-937,1323
355,-940,1416
403,-928,1499
444,-915,1601
476,-915,1667
515,-920,1726
586,-932,1775
698,-943,1836
842,-950,1875
985,-946,1909
1110,-939,1944
1230,-940,1993
1360,-953,2091
1496,-982,2222
1622,-980,2365
1723,-941,2446
1786,-891,2457
1829,-843,2441
1852,-801,2448
1875,-771,2510
1891,-757,2615
1892,-759,2711
1892,-760,2765
1880,-751,2779
1851,-728,2777
1800,-693,2787
1740,-654,2815
1691,-621,2861
1661,-589,2917
1652,-539,2970
1655,-480,3017
1654,-450,3054
1647,-423,3084
1644,-396,3099
1651,-373,3102
1670,-357,3094
1700,-351,3090
1744,-352,3099
1802,-361,3125
1876,-379,3162
1955,-401,3211
2022,-432,3266
2071,-468,3316
2095,-509,3353
2095,-557,3378
2074,-607,3397
2037,-665,3414
1993,-736,3435
1941,-816,3459
1880,-903,3475
1819,-1000,3486
1758,-1102,3496
1695,-1201,3501
1625,-1294,3495
1548,-1384,3480
1471,-1468,3463
1413,-1549,3433
1388,-1618,3372
1385,-1662,3271
1389,-1682,3124
1380,-1681,2941
1351,-1670,2729
1313,-1652,2497
1266,-1628,2265
1217,-1601,2048
1162,-1574,1853
1101,-1549,1667
1028,-1534,1491
944,-1527,1320
856,-1521,1140
771,-1513,958
690,-1496,777
606,-1467,651
527,-1419,576
438,-1383,525
348,-1356,509
283,-1325,521
229,-1295,502
125,-1258,402
-28,-1197,222
-181,-1125,-6
-310,-1069,-240
-452,-1088,-440
-580,-1170,-564
-668,-1277,-626
-672,-1344,-629
-568,-1326,-600
-397,-1249,-587
-259,-1179,-594
-199,-1153,-594
-205,-1174,-578
-247,-1212,-536
-240,-1199,-465
-251,-1198,-421
-299,-1207,-415
-377,-1216,-423
-485,-1179,-417
-590,-1134,-406
-691,-1137,-417
-782,-1166,-437
-855,-1205,-448
-916,-1257,-442
-959,-1316,-421
-976,-1360,-377
-946,-1346,-307
-850,-1226,-217
-707,-995,-142
-588,-742,-118
-527,-523,-131
-519,-353,-146
-546,-228,-130
-592,-135,-87
-638,-71,-36
-683,-26,-2
-716,3,2
-728,25,-25
-715,43,-67
-676,60,-108
-617,78,-135
-550,98,-149
-484,117,-147
-433,139,-136
-398,165,-129
-373,195,-132
-353,226,-145
-329,256,-155
-320,289,-154
-316,320,-141
-311,347,-122
-302,376,-100
-291,402,-79
-279,424,-67
-275,442,-57
-280,454,-46
-296,460,-34
-318,469,-12
-343,482,19
-367,501,55
-394,528,83
-422,558,99
-442,585,103
-454,599,96
-472,577,82
-466,546,78
-415,539,111
-331,560,180
-241,598,253
-174,625,300
-142,634,310
-134,629,289
-138,613,245
-150,589,199
-163,562,162
-178,539,145
-192,522,146
-210,509,156
-232,496,163
-258,476,167
-285,455,177
-311,439,205
-329,448,259
-440,616,388
-688,537,302
-534,251,28
-74,-249,-264
-103,-219,-128
-338,-135,184
-957,104,1004
-1662,464,2230
-1786,557,2897
-1151,289,2472
-484,11,1841
-33,-143,1433
196,-273,1105
322,-402,800
429,-523,707
585,-598,980
783,-635,1575
1000,-578,2549
1240,-413,3515
1399,-264,3762
1519,-214,3277
1535,-227,2727
1533,-271,2513
1400,-330,2681
1124,-393,3021
838,-423,3415
578,-438,3701
344,-458,3708
154,-492,3529
10,-528,3366
-81,-545,3291
-101,-533,3278
-17,-472,3287
166,-389,3332
398,-326,3405
639,-308,3472
877,-336,3538
1110,-390,3620
1317,-429,3726
1482,-440,3830
1626,-473,3880
1731,-514,3884
1777,-552,3872
1761,-579,3847
1708,-597,3774
1653,-606,3677
1614,-613,3611
1590,-629,3581
1577,-660,3561
1570,-708,3543
1562,-767,3527
1544,-830,3507
1518,-893,3487
1488,-951,3486
1475,-996,3481
1488,-1033,3439
1525,-1070,3378
1571,-1114,3319
1599,-1168,3247
1603,-1230,3155
1592,-1292,3049
1575,-1349,2940
1543,-1406,2814
1485,-1461,2638
1418,-1513,2409
1355,-1559,2157
1299,-1588,1917
1235,-1595,1687
1150,-1594,1468
1051,-1611,1255
955,-1626,1055
856,-1628,875
786,-1586,728
755,-1496,585
745,-1338,441
706,-1229,248
547,-1137,53
449,-998,-205
314,-843,-461
139,-696,-705
0,-559,-930
-98,-444,-1177
-163,-340,-1416
-214,-240,-1631
-214,-106,-1763
-76,67,-1868
200,209,-1891
482,232,-1812
603,121,-1614
475,-81,-1377
175,-314,-1205
-187,-568,-1164
-529,-757,-1252
-711,-840,-1415
-640,-767,-1523
-773,-768,-1491
-886,-773,-1327
-967,-780,-1079
-984,-778,-891
-955,-765,-849
-914,-746,-918
-881,-726,-990
-890,-706,-985
-927,-688,-880
-952,-667,-729
-942,-645,-599
-894,-632,-535
-814,-645,-523
-719,-698,-523
-613,-796,-519
-502,-928,-494
-412,-1068,-438
-373,-1190,-369
-389,-1282,-291
-436,-1340,-213
-493,-1379,-152
-548,-1410,-92
-585,-1440,-1
-613,-1466,104
-646,-1486,207
-698,-1505,283
-752,-1506,343
-798,-1471,408
-836,-1398,481
-872,-1305,574
-907,-1214,678
-930,-1153,784
-937,-1133,859
-928,-1145,902
-906,-1169,962
-884,-1189,1050
-877,-1193,1139
-893,-1176,1189
-911,-1136,1195
-913,-1068,1189
-1033,-988,1130
-1833,-994,799
-2266,-618,-204
-2324,-514,-538
-1408,-475,335
-297,-606,1382
512,-938,1948
774,-1322,1880
516,-1485,1480
179,-1293,1169
107,-944,1037
182,-619,1009
335,-378,1032
476,-217,1069
549,-120,1090
560,-66,1094
546,-33,1101
537,-3,1134
569,33,1203
648,82,1298
743,135,1398
832,187,1491
901,234,1552
958,268,1595
1021,288,1641
1097,297,1710
1175,298,1803
1240,292,1883
1263,266,1928
1234,210,1953
1194,132,1978
1184,53,2026
1223,-10,2092
1289,-55,2157
1361,-90,2228
1420,-119,2275
1463,-143,2307
1467,-160,2359
1421,-169,2463
1328,-173,2613
1210,-167,2784
1111,-160,2956
1070,-161,3101
1099,-169,3211
1174,-190,3299
1259,-229,3390
1347,-278,3490
1447,-324,3552
1563,-364,3580
1686,-390,3612
1791,-411,3657
1864,-427,3709
1916,-433,3764
1959,-434,3815
1990,-432,3852
2004,-435,3865
2000,-437,3864
1982,-438,3861
1951,-444,3854
1920,-459,3830
1899,-482,3795
1890,-515,3759
1884,-569,3723
1867,-640,3688
1844,-731,3660
1813,-840,3646
1781,-957,3633
1747,-1073,3608
1716,-1187,3575
1692,-1296,3544
1678,-1403,3508
1665,-1509,3446
1645,-1605,3347
1615,-1682,3221
1577,-1733,3054
1545,-1763,2826
1524,-1768,2552
1515,-1757,2275
1521,-1749,2029
1521,-1747,1823
1493,-1746,1639
1426,-1727,1431
1319,-1653,1163
1166,-1523,760
999,-1364,304
848,-1255,-5
744,-1221,-99
656,-1234,-29
547,-1251,102
436,-1236,204
354,-1176,245
251,-1033,253
62,-806,100
-175,-520,-78
-458,-256,-182
-755,-73,-381
-997,43,-739
-1139,89,-1135
-1136,80,-1492
-936,-11,-1806
-560,-137,-2057
-138,-209,-2183
247,-223,-2069
511,-206,-1785
548,-212,-1513
362,-279,-1345
53,-420,-1252
-276,-624,-1209
-525,-820,-1160
-608,-877,-1030
-606,-857,-914
-671,-872,-857
-776,-903,-821
-864,-912,-731
-895,-882,-580
-863,-838,-424
-799,-807,-323
-726,-794,-278
-651,-785,-265
-598,-785,-275
-559,-795,-292
-523,-813,-282
-492,-832,-250
-465,-842,-205
-445,-836,-166
-441,-809,-140
-455,-764,-131
-476,-706,-123
-492,-645,-107
-491,-594,-88
-473,-561,-71
-452,-548,-57
-436,-548,-39
-416,-544,-4
-392,-529,39
-367,-498,89
-359,-460,140
-366,-423,185
-381,-399,210
-396,-389,214
-406,-388,201
-401,-387,178
-364,-380,151
-305,-370,125
-238,-360,108
-181,-352,100
-144,-352,102
-128,-358,115
-124,-370,129
-115,-383,142
-88,-395,156
-47,-405,166
-3,-416,175
32,-427,200
56,-439,235
61,-451,288
45,-459,355
10,-465,434
-29,-467,516
-71,-471,587
-116,-479,636
-160,-492,675
-191,-470,702
-363,-403,718
-952,-296,691
-2014,-355,120
-2010,-450,-809
-1647,-486,-722
-995,-549,-14
-150,-723,671
525,-1004,1149
940,-1327,1266
1025,-1526,1131
929,-1545,974
848,-1476,930
882,-1334,1015
965,-1144,1079
959,-965,1101
883,-853,1108
775,-811,1167
663,-798,1281
577,-767,1430
538,-694,1580
527,-583,1691
493,-484,1734
405,-428,1709
301,-417,1654
220,-442,1619
175,-491,1633
189,-555,1682
287,-620,1747
451,-660,1819
630,-664,1889
776,-630,1949
882,-568,1985
963,-480,2003
1036,-386,2023
1107,-303,2052
1176,-240,2086
1239,-208,2116
1304,-197,2142
1376,-195,2175
1449,-196,2225
1522,-195,2300
1586,-193,2382
1624,-191,2474
1636,-186,2569
1623,-177,2667
1600,-163,2754
1578,-146,2831
1566,-126,2914
1551,-114,3013
1529,-114,3115
1514,-133,3215
1466,-153,3305
1428,-185,3327
1411,-214,3350
1398,-235,3365
1385,-250,3365
1371,-260,3346
1362,-275,3314
1364,-284,3288
1386,-282,3273
1424,-270,3276
1466,-257,3289
1507,-251,3307
1549,-254,3319
1598,-261,3322
1654,-274,3315
1715,-297,3300
1763,-330,3274
1784,-373,3254
1786,-429,3250
1772,-500,3271
1738,-600,3321
1693,-728,3397
1641,-867,3480
1591,-1004,3560
1548,-1132,3615
1514,-1243,3636
1479,-1343,3634
1422,-1440,3605
1359,-1541,3546
1306,-1636,3463
1277,-1718,3343
1262,-1777,3177
1246,-1807,2967
1220,-1810,2730
1182,-1793,2476
1138,-1765,2225
1100,-1734,1997
1069,-1703,1783
1050,-1673,1584
1035,-1655,1395
1016,-1652,1209
983,-1655,1027
921,-1645,856
847,-1635,699
762,-1594,515
646,-1512,190
522,-1408,-69
428,-1338,-130
345,-1402,1
263,-1510,256
181,-1620,511
103,-1669,686
12,-1631,669
-92,-1514,503
-205,-1357,248
-322,-1205,10
-440,-1080,-148
-556,-1004,-222
-665,-972,-240
-771,-960,-259
-855,-952,-319
-904,-930,-424
-930,-889,-565
-906,-828,-715
-833,-753,-833
-688,-681,-919
-541,-647,-965
-378,-660,-970
-199,-687,-909
-85,-668,-756
-109,-677,-575
-162,-705,-433
-244,-750,-333
-335,-784,-273
-409,-812,-254
-458,-826,-270
-485,-827,-300
-502,-825,-320
-519,-837,-315
-542,-859,-272
-558,-889,-197
-561,-899,-103
-526,-866,-8
-448,-776,63
-354,-647,90
-278,-499,74
-239,-348,37
-228,-202,-13
-231,-74,-74
-243,24,-142
-269,85,-204
-299,123,-240
-333,147,-244
-369,184,-209
-408,224,-153
-446,266,-98
-483,289,-73
-506,292,-85
-511,274,-126
-498,249,-179
-479,233,-215
-458,231,-228
-436,242,-224
-414,254,-218
-394,257,-215
-371,255,-219
-349,256,-222
-327,250,-224
-296,260,-216
-257,280,-196
-218,305,-168
-185,326,-140
-160,343,-116
-137,354,-102
-119,357,-99
-104,363,-100
-93,369,-103
-87,388,-88
-161,414,-20
-199,369,4
-171,253,-192
-145,-30,-551
-180,-221,-805
-235,-299,-984
-283,-307,-1120
-319,-292,-1159
-324,-258,-1045
-278,-213,-782
-204,-159,-479
-108,90,-107
-56,552,492
-140,946,1213
-336,1017,1481
-546,796,1431
-564,530,1368
-603,370,1395
-636,225,1311
-647,71,1019
-657,-81,679
-666,-212,502
-660,-317,554
-627,-377,857
-527,-395,1276
-381,-388,1621
-218,-370,1760
-46,-349,1729
119,-324,1626
278,-298,1524
420,-284,1483
557,-276,1512
679,-273,1591
822,-271,1704
970,-268,1852
1093,-261,2001
1141,-257,2100
1095,-254,2114
993,-242,2070
900,-211,2032
846,-169,2031
826,-129,2073
817,-102,2145
807,-97,2239
795,-103,2349
784,-115,2451
780,-126,2531
792,-135,2586
817,-143,2612
856,-153,2619
902,-166,2617
953,-189,2638
984,-222,2674
1007,-259,2713
1025,-293,2745
1019,-329,2797
976,-365,2869
906,-401,2946
811,-446,3017
702,-492,3066
587,-529,3085
484,-568,3092
396,-612,3093
320,-659,3116
229,-728,3139
166,-787,3143
139,-821,3129
150,-825,3098
196,-804,3047
267,-767,2996
346,-725,2954
423,-693,2918
499,-674,2884
576,-665,2847
662,-667,2814
751,-677,2786
837,-691,2757
916,-708,2737
971,-728,2728
1004,-751,2727
1015,-774,2731
1015,-793,2738
1014,-810,2749
1022,-830,2763
1047,-854,2773
1091,-888,2782
1159,-935,2800
1246,-998,2821
1352,-1072,2829
1471,-1149,2817
1592,-1239,2788
1689,-1342,2743
1749,-1447,2687
1768,-1546,2610
1737,-1624,2500
1677,-1678,2349
1629,-1710,2174
1579,-1689,1982
1493,-1648,1774
1413,-1651,1559
1328,-1663,1332
1204,-1641,1106
921,-1445,919
850,-1319,763
808,-1252,630
774,-1228,472
762,-1250,242
742,-1275,7
758,-1337,-166
834,-1480,-221
1024,-1747,-104
1207,-2112,184
1192,-2429,635
892,-2472,1057
417,-2161,1032
-70,-1670,379
-479,-1172,-540
-775,-777,-1302
-970,-564,-1763
-985,-564,-1971
-784,-698,-2083
-428,-861,-2093
-42,-947,-2013
251,-924,-1794
388,-902,-1489
319,-943,-1201
69,-1059,-964
-268,-1212,-800
-607,-1360,-758
-885,-1469,-838
-990,-1429,-943
-1069,-1365,-993
-1193,-1354,-1018
-1284,-1332,-971
-1336,-1300,-864
-1316,-1235,-745
-1243,-1130,-633
-1136,-1000,-536
-1030,-867,-450
-952,-742,-382
-925,-634,-326
-936,-548,-271
-952,-489,-219
-953,-456,-170
-949,-443,-123
-945,-443,-94
-939,-444,-88
-916,-440,-93
-875,-428,-87
-834,-406,-64
-805,-376,-31
-778,-342,5
-741,-308,49
-696,-278,97
-648,-250,153
-602,-234,204
-561,-223,246
-518,-214,272
-463,-202,291
-403,-184,303
-350,-158,316
-312,-130,350
-298,-104,391
-299,-83,432
-316,-64,477
-362,10,642
-819,275,878
-1850,280,487
-2505,-147,-763
-2153,-370,-1233
-1921,-296,-565
-1093,-198,245
-216,-140,913
400,-102,1375
715,-126,1428
749,-223,1176
661,-369,839
603,-515,584
637,-631,477
749,-677,536
907,-635,709
1072,-507,925
1230,-327,1101
1362,-139,1181
1410,15,1157
1388,121,1093
1355,180,1056
1286,207,1090
1158,221,1187
984,203,1352
820,158,1595
713,49,1823
721,-79,2018
837,-198,2156
1008,-279,2234
1181,-297,2275
1336,-306,2302
1469,-312,2329
1591,-318,2370
1710,-322,2423
1818,-316,2462
1909,-305,2466
1986,-283,2446
2050,-247,2430
2080,-203,2432
2065,-166,2443
1991,-149,2460
1854,-156,2445
1687,-183,2417
1537,-218,2409
1448,-255,2435
1417,-302,2493
1419,-368,2567
1439,-456,2656
1456,-562,2762
1465,-678,2877
1462,-779,2998
1442,-858,3132
1420,-908,3275
1392,-970,3337
1386,-1020,3366
1386,-1051,3384
1379,-1057,3377
1373,-1040,3323
1382,-1006,3248
1412,-964,3175
1462,-922,3120
1520,-893,3086
1564,-877,3062
1596,-876,3039
1612,-883,3017
1619,-898,3000
1618,-929,3009
1620,-986,3042
1623,-1071,3097
1625,-1180,3165
1629,-1303,3235
1644,-1431,3315
1670,-1547,3386
1694,-1655,3399
1693,-1749,3365
1665,-1821,3299
1638,-1885,3213
1624,-1941,3087
1620,-1974,2904
1660,-2066,2682
1669,-2130,2455
1626,-2152,2227
1527,-2148,1990
1404,-2127,1743
1279,-2097,1494
1153,-2037,1255
1031,-1967,1026
921,-1891,814
827,-1793,623
779,-1680,438
771,-1598,234
772,-1577,11
763,-1576,-191
693,-1483,-548
566,-1299,-997
424,-1115,-1248
302,-1006,-1159
223,-1022,-675
142,-1115,-63
36,-1156,194
-101,-1055,-19
-261,-818,-421
-422,-521,-692
-587,-306,-727
-759,-276,-694
-988,-327,-788
-1267,-374,-1010
-1534,-373,-1263
-1703,-340,-1471
-1697,-287,-1612
-1497,-231,-1667
-1179,-199,-1666
-852,-204,-1590
-591,-254,-1493
-411,-347,-1418
-309,-473,-1369
-250,-616,-1315
-227,-733,-1216
-243,-801,-1058
-273,-826,-896
-324,-810,-745
-363,-781,-615
-406,-753,-514
-446,-734,-444
-487,-717,-402
-512,-702,-395
-502,-674,-412
-455,-614,-434
-471,-582,-460
-497,-557,-444
-489,-521,-355
-420,-471,-188
-299,-410,17
-160,-356,205
-41,-322,329
17,-319,358
-7,-337,312
-107,-365,250
-256,-395,218
-421,-422,229
-583,-447,269
-726,-469,313
-838,-479,361
-908,-481,404
-937,-469,437
-929,-450,462
-891,-434,471
-830,-424,471
-751,-416,477
-662,-412,497
-577,-411,534
-513,-419,578
-466,-438,620
-419,-470,650
-361,-505,676
-295,-542,700
-223,-580,719
-153,-617,739
-100,-649,772
-74,-667,810
-216,-567,797
-474,-362,251
-594,-273,-572
-641,-305,-713
-747,-404,-210
-731,-545,411
-574,-703,954
-297,-915,1367
-46,-1164,1505
126,-1372,1407
264,-1440,1253
397,-1335,1154
515,-1107,1133
588,-862,1162
604,-674,1210
579,-560,1265
514,-508,1310
414,-495,1332
293,-497,1336
178,-496,1334
105,-478,1332
99,-443,1331
157,-402,1331
257,-360,1336
365,-329,1341
456,-311,1341
520,-297,1341
556,-287,1342
587,-274,1342
627,-265,1334
687,-257,1325
766,-253,1324
857,-250,1339
952,-243,1372
1038,-228,1418
1106,-203,1462
1163,-168,1500
1205,-130,1542
1238,-84,1592
1265,-38,1650
1279,5,1718
1278,46,1794
1260,86,1860
1240,122,1924
1238,152,1994
1261,177,2074
1299,190,2159
1349,195,2275
1380,164,2349
1408,114,2424
1421,53,2508
1407,-5,2574
1373,-46,2636
1340,-74,2701
1317,-93,2769
1303,-103,2853
1301,-121,2967
1307,-160,3109
1321,-214,3249
1355,-294,3359
1402,-378,3447
1453,-460,3514
1494,-515,3569
1526,-558,3598
1551,-583,3591
1582,-602,3579
1617,-632,3571
1652,-670,3569
1678,-697,3566
1678,-680,3567
1703,-726,3550
1732,-845,3536
1746,-970,3560
1748,-1082,3601
1745,-1181,3638
1740,-1279,3669
1734,-1407,3694
1728,-1556,3760
1708,-1712,3807
1673,-1851,3811
1638,-1985,3815
1601,-2113,3793
1551,-2196,3714
1490,-2241,3578
1422,-2249,3389
1362,-2227,3140
1325,-2199,2843
1312,-2182,2534
1297,-2135,2201
1272,-2053,1875
1251,-1984,1551
1225,-1936,1258
1185,-1903,992
1121,-1868,739
996,-1798,479
856,-1722,223
770,-1688,-28
712,-1675,-207
679,-1686,-271
650,-1715,-173
594,-1725,21
542,-1723,232
520,-1696,350
516,-1642,365
418,-1384,-257
229,-878,-1260
63,-591,-1615
-11,-550,-1476
20,-658,-1022
135,-795,-409
283,-856,151
409,-928,272
418,-1043,-110
298,-1135,-661
80,-1161,-1043
-161,-1152,-1146
-370,-1144,-1052
-501,-1163,-850
-581,-1194,-636
-626,-1217,-454
-641,-1214,-355
-637,-1171,-335
-660,-1123,-358
-730,-1090,-395
-806,-1040,-422
-884,-982,-411
-971,-920,-392
-1044,-866,-386
-1090,-816,-379
-1107,-768,-370
-1106,-723,-344
-1085,-677,-299
-1051,-630,-246
-1012,-585,-196
-975,-543,-155
-934,-503,-126
-889,-461,-116
-833,-418,-114
-775,-377,-118
-726,-338,-121
-688,-296,-116
-666,-251,-97
-653,-208,-73
-633,-176,-49
-615,-146,-20
-600,-107,5
-586,-54,45
-581,-5,71
-580,39,76
-576,68,59
-573,85,30
-563,94,7
-546,109,-2
-522,126,-2
-496,146,9
-476,166,29
-472,180,59
-481,191,94
-504,202,136
-533,209,181
-563,213,223
-583,219,258
-595,226,287
-594,240,311
-578,261,338
-549,293,369
-531,328,408
-533,363,463
-545,436,622
-633,564,697
-958,428,482
-1091,196,196
-843,25,13
-640,-74,-125
-493,-118,-188
-376,-131,-217
-317,-146,-242
-326,-135,-192
-416,-75,-48
-564,31,156
-695,174,369
-728,299,493
-641,324,513
-497,262,538
-338,175,710
-210,75,938
-85,16,1155
15,-71,1267
96,-157,1243
156,-243,1133
196,-317,1036
209,-384,1015
165,-462,1067
66,-539,1204
5,-595,1356
7,-605,1472
14,-561,1535
10,-476,1563
31,-378,1600
104,-290,1666
228,-225,1733
371,-191,1770
518,-186,1744
647,-201,1674
774,-233,1629
896,-264,1683
1024,-297,1859
1147,-336,2113
1226,-380,2360
1240,-431,2546
1190,-484,2631
1092,-521,2653
970,-534,2672
846,-523,2680
740,-496,2679
648,-475,2680
570,-480,2679
513,-509,2701
489,-549,2741
510,-578,2760
583,-576,2773
694,-550,2796
820,-515,2833
940,-492,2871
1040,-487,2910
1118,-499,2945
1176,-512,2977
1217,-518,3005
1241,-515,3047
1245,-518,3098
1232,-532,3142
1207,-557,3170
1179,-588,3192
1149,-614,3209
1115,-636,3217
1078,-660,3211
1043,-685,3189
1014,-710,3157
995,-730,3119
989,-745,3089
997,-754,3060
1020,-759,3023
1057,-763,2983
1100,-769,2948
1145,-781,2917
1191,-796,2882
1241,-817,2848
1298,-843,2829
1365,-879,2829
1436,-927,2842
1506,-988,2851
1570,-1057,2853
1634,-1123,2844
1698,-1177,2838
1775,-1227,2821
1840,-1279,2783
1883,-1340,2728
1891,-1406,2649
1903,-1487,2557
1913,-1562,2460
1899,-1603,2349
1871,-1614,2219
1845,-1625,2043
1765,-1631,1849
1663,-1628,1652
1570,-1648,1461
1460,-1653,1276
1309,-1603,1098
1104,-1437,940
997,-1344,774
887,-1268,601
797,-1248,442
743,-1296,249
682,-1363,-58
646,-1426,-307
668,-1550,-451
727,-1739,-377
757,-1927,-109
675,-1973,289
520,-1730,575
323,-1347,405
89,-1000,-211
-155,-770,-958
-411,-679,-1611
-640,-686,-2117
-753,-717,-2429
-686,-723,-2575
-448,-668,-2528
-144,-593,-2310
57,-519,-2013
154,-500,-1717
177,-578,-1487
125,-722,-1327
29,-901,-1202
-85,-1089,-1099
-175,-1242,-1021
-239,-1341,-963
-376,-1463,-937
-538,-1575,-940
-731,-1691,-939
-926,-1781,-894
-1077,-1827,-798
-946,-1592,-295
-940,-1507,-370
-964,-1460,-631
-946,-1359,-648
-882,-1196,-460
-807,-1010,-212
-762,-853,-41
-755,-749,7
-762,-696,-20
-774,-673,-46
-793,-667,-28
-826,-673,18
-874,-687,46
-935,-695,38
-996,-682,9
-1041,-634,-12
-1056,-559,-7
-1047,-467,26
-1025,-378,82
-994,-301,139
-959,-238,183
-916,-187,211
-864,-148,227
-807,-117,241
-749,-94,259
-692,-78,286
-633,-68,322
-571,-58,359
-515,-45,404
-462,-29,441
-419,-10,467
-399,54,541
-520,215,594
-809,265,331
-1017,149,-182
-991,-19,-497
-870,-137,-514
-686,-183,-317
-436,-176,60
-131,-201,488
123,-263,924
295,-406,1291
381,-632,1512
441,-900,1578
507,-1140,1562
573,-1287,1542
620,-1280,1563
631,-1104,1637
611,-843,1716
580,-617,1748
562,-460,1739
556,-370,1720
567,-343,1712
597,-360,1729
645,-406,1772
710,-462,1841
792,-506,1917
895,-513,1997
1014,-497,2071
1144,-465,2113
1274,-423,2126
1385,-376,2129
1463,-331,2152
1490,-300,2209
1461,-295,2300
1407,-312,2422
1352,-352,2557
1314,-397,2712
1279,-459,2816
1279,-502,2917
1295,-523,3019
1311,-517,3103
1322,-489,3151
1338,-452,3174
1374,-418,3191
1428,-390,3202
1485,-378,3193
1525,-379,3171
1543,-386,3148
1549,-388,3130
1555,-388,3121
1572,-387,3131
1599,-388,3162
1636,-392,3201
1672,-401,3237
1701,-411,3259
1718,-426,3265
1727,-437,3261
1732,-450,3263
1732,-465,3261
1728,-481,3259
1714,-498,3257
1691,-522,3262
1663,-558,3272
1635,-604,3278
1611,-658,3272
1590,-716,3260
1572,-773,3249
1560,-836,3248
1551,-908,3255
1556,-990,3267
1567,-1082,3289
1578,-1184,3307
1584,-1286,3293
1580,-1367,3241
1565,-1439,3155
1539,-1507,3060
1508,-1566,2954
1484,-1626,2817
1478,-1691,2641
1494,-1740,2434
1548,-1768,2200
1617,-1774,1972
1654,-1762,1775
1616,-1738,1604
1516,-1722,1469
1380,-1732,1327
1221,-1743,1173
1049,-1733,1014
879,-1697,847
705,-1619,626
508,-1473,195
328,-1321,-221
189,-1185,-457
96,-1082,-475
50,-987,-248
9,-847,218
-76,-679,717
-234,-544,843
-443,-472,441
-687,-456,-286
-983,-470,-1062
-1269,-435,-1755
-1385,-355,-2305
-1281,-276,-2633
-933,-222,-2739
-442,-187,-2585
-3,-177,-2260
297,-207,-1879
510,-235,-1536
570,-279,-1290
449,-353,-1117
190,-453,-981
-140,-558,-864
-461,-646,-782
-717,-711,-744
-856,-728,-740
-920,-738,-750
-945,-785,-782
-888,-822,-787
-743,-833,-738
-540,-813,-638
-326,-771,-504
-144,-733,-355
-15,-713,-205
48,-719,-81
41,-744,3
-23,-778,37
-128,-808,29
-242,-818,0
-340,-802,-26
-411,-765,-34
-457,-717,-26
-489,-670,-9
-520,-633,1
-564,-615,5
-601,-601,10
-616,-578,18
-614,-549,18
-582,-507,11
-521,-463,-5
-460,-421,-15
-408,-387,-18
-370,-367,-24
-342,-355,-31
-318,-351,-52
-299,-354,-80
-280,-364,-101
-266,-382,-104
-260,-411,-84
-259,-439,-44
-266,-464,8
-278,-484,63
-291,-495,101
-309,-501,122
-330,-504,143
-350,-505,172
-364,-508,208
-367,-515,251
-359,-526,307
-339,-541,382
-342,-464,545
-487,-162,295
-593,-160,-496
-592,-370,-971
-674,-647,-1011
-818,-862,-777
-829,-884,-206
-781,-1031,537
-666,-1265,1343
-436,-1483,1930
-143,-1571,2018
137,-1435,1727
343,-1166,1406
415,-889,1182
375,-663,1065
295,-484,1028
194,-361,1052
82,-304,1122
-24,-294,1226
-99,-299,1350
-121,-298,1469
-92,-285,1542
-32,-260,1545
62,-224,1521
204,-188,1509
348,-160,1514
453,-145,1549
505,-139,1608
519,-138,1686
519,-128,1756
532,-108,1793
570,-83,1800
633,-63,1800
716,-45,1833
788,-49,1867
869,-80,1916
960,-122,2023
1044,-184,2167
1113,-246,2329
1139,-327,2440
1150,-391,2556
1149,-434,2703
1135,-458,2853
1121,-470,2978
1112,-482,3079
1113,-502,3167
1122,-528,3240
1138,-552,3307
1161,-570,3378
1187,-582,3444
1209,-593,3474
1237,-597,3471
1279,-593,3447
1336,-578,3419
1407,-559,3396
1490,-526,3387
1581,-493,3400
1687,-474,3427
1807,-458,3465
1945,-450,3510
2077,-467,3557
2178,-504,3597
2233,-540,3629
2250,-573,3642
2226,-588,3645
2183,-599,3637
2170,-698,3608
2128,-797,3583
2056,-853,3558
1971,-883,3527
1898,-925,3499
1848,-996,3474
1810,-1090,3434
1778,-1196,3399
1743,-1315,3393
1719,-1441,3392
1716,-1561,3369
1733,-1650,3308
1742,-1713,3210
1736,-1753,3078
1706,-1772,2915
1675,-1781,2724
1661,-1778,2500
1669,-1763,2254
1672,-1710,2016
1685,-1684,1797
1673,-1691,1600
1578,-1683,1429
1439,-1670,1262
1275,-1661,1079
1104,-1650,881
946,-1634,685
805,-1608,518
675,-1548,392
557,-1463,281
418,-1257,-26
295,-989,-384
181,-692,-621
70,-453,-598
-40,-312,-279
-139,-255,156
-279,-210,351
-491,-195,26
-765,-224,-737
-981,-295,-1646
-1003,-379,-2456
-796,-442,-2966
-474,-455,-3137
-91,-410,-2942
274,-343,-2511
543,-321,-2022
673,-343,-1605
720,-418,-1307
646,-501,-1099
455,-608,-991
188,-726,-958
-104,-858,-996
-378,-993,-1081
-616,-1072,-1145
-850,-1165,-1155
-1051,-1248,-1079
-1188,-1309,-917
-1238,-1332,-705
-1188,-1301,-503
-1066,-1225,-368
-927,-1137,-314
-817,-1064,-321
-750,-1021,-345
-719,-1001,-347
-705,-999,-310
-701,-1012,-251
-706,-1032,-193
-720,-1046,-146
-732,-1046,-108
-742,-1024,-73
-742,-996,-44
-730,-969,-33
-701,-955,-39
-642,-944,-49
-557,-932,-50
-460,-921,-33
-370,-904,6
-306,-885,60
-272,-865,120
-269,-844,174
-289,-821,221
-320,-800,261
-351,-780,295
-380,-765,336
-419,-761,386
-460,-760,411
-495,-754,449
-562,-743,526
-678,-665,511
-870,-515,404
-1082,-450,137
-1220,-479,-195
-1316,-565,-375
-1376,-644,-336
-1314,-683,-133
-1133,-709,153
-912,-766,471
-687,-867,789
-458,-1016,1048
-204,-1173,1211
85,-1278,1224
365,-1263,1157
588,-1137,1090
710,-927,1074
727,-681,1120
670,-446,1202
568,-279,1283
453,-207,1346
334,-226,1394
227,-307,1432
147,-411,1463
109,-500,1493
113,-542,1518
167,-528,1545
270,-467,1576
417,-381,1613
592,-304,1646
776,-249,1671
960,-227,1681
1132,-229,1685
1283,-241,1689
1404,-253,1708
1493,-241,1745
1540,-222,1813
1536,-199,1902
1486,-194,1999
1414,-202,2095
1353,-218,2179
1317,-237,2240
1312,-248,2301
1315,-258,2364
1328,-279,2396
1341,-300,2447
1340,-334,2522
1327,-367,2625
1308,-401,2733
1291,-437,2827
1278,-475,2898
1280,-499,2975
1279,-530,3027
1286,-567,3070
1290,-593,3141
1291,-607,3220
1296,-607,3260
1319,-596,3278
1370,-578,3307
1446,-563,3342
1531,-554,3365
1614,-544,3368
1688,-533,3345
1750,-515,3303
1801,-487,3250
1841,-456,3196
1868,-431,3137
1885,-412,3083
1900,-409,3049
1906,-413,3027
1911,-435,3023
1906,-479,3022
1888,-547,3038
1861,-633,3088
1843,-759,3167
1829,-903,3248
1807,-1030,3324
1773,-1138,3382
1735,-1245,3425
1694,-1366,3454
1657,-1492,3465
1621,-1611,3446
1587,-1693,3381
1565,-1769,3283
1551,-1845,3169
1538,-1918,3063
1526,-1974,2922
1519,-1996,2736
1521,-1996,2532
1519,-1967,2336
1499,-1925,2152
1456,-1876,1967
1401,-1827,1764
1342,-1779,1550
1284,-1728,1343
1222,-1667,1154
1151,-1608,984
1061,-1563,810
946,-1523,630
818,-1489,454
692,-1461,305
573,-1437,199
462,-1385,115
320,-1212,-239
166,-975,-599
18,-697,-822
-110,-478,-710
-266,-334,-381
-450,-272,-45
-634,-206,29
-815,-168,-298
-955,-182,-980
-934,-269,-1804
-780,-361,-2443
-558,-420,-2743
-298,-418,-2686
-76,-385,-2354
126,-350,-1906
320,-308,-1492
441,-317,-1191
449,-370,-1013
366,-478,-941
208,-621,-935
-9,-720,-952
-211,-771,-986
-432,-832,-1029
-678,-915,-1074
-915,-1003,-1095
-1089,-1075,-1069
-1165,-1122,-985
-1135,-1143,-848
-1008,-1118,-674
-833,-1046,-489
-662,-959,-322
-535,-892,-207
-473,-864,-150
-476,-876,-151
-533,-909,-193
-616,-941,-247
-696,-954,-280
-755,-946,-277
-786,-925,-242
-796,-904,-193
-789,-890,-156
-774,-889,-133
-741,-896,-123
-696,-907,-111
-645,-915,-89
-588,-912,-54
-526,-894,-9
-466,-870,34
-414,-842,71
-364,-804,91
-315,-759,96
-273,-716,107
-244,-684,130
-226,-667,165
-223,-661,201
-227,-659,231
-232,-654,257
-231,-643,281
-227,-625,307
-218,-599,329
-212,-569,357
-195,-493,460
-306,-332,445
-505,-245,75
-652,-254,-346
-811,-295,-570
-908,-367,-678
-834,-469,-723
-668,-470,-605
-783,-523,-330
-875,-675,60
-925,-923,571
-912,-1253,1148
-758,-1499,1584
-436,-1578,1814
-31,-1441,1845
334,-1182,1775
575,-922,1640
705,-683,1499
745,-486,1360
727,-345,1238
672,-271,1202
607,-259,1302
555,-297,1514
544,-365,1755
572,-429,1939
630,-467,2018
708,-471,2006
796,-446,1957
887,-386,1899
966,-309,1850
1017,-227,1809
1047,-152,1783
1064,-95,1793
1075,-68,1851
1084,-71,1949
1088,-102,2075
1093,-130,2253
1070,-193,2404
1051,-266,2594
1025,-345,2794
986,-432,2973
937,-519,3101
880,-603,3204
820,-680,3299
769,-750,3381
736,-807,3455
722,-838,3524
735,-853,3579
768,-857,3607
815,-861,3597
869,-852,3580
925,-815,3578
996,-761,3581
1097,-697,3580
1235,-631,3582
1395,-570,3591
1561,-512,3601
1713,-457,3598
1844,-416,3578
1972,-448,3548
2071,-492,3519
2136,-492,3497
2169,-460,3485
2163,-420,3485
2114,-420,3490
2035,-478,3496
1946,-583,3509
1859,-708,3526
1788,-832,3548
1727,-951,3573
1670,-1071,3604
1617,-1192,3638
1571,-1313,3645
1537,-1421,3614
1517,-1514,3537
1513,-1588,3430
1529,-1644,3324
1567,-1692,3206
1623,-1725,3049
1676,-1739,2864
1715,-1741,2665
1727,-1744,2465
1707,-1745,2274
1668,-1744,2072
1608,-1732,1872
1540,-1704,1701
1461,-1668,1547
1365,-1632,1385
1260,-1598,1209
1153,-1564,1024
1035,-1522,824
882,-1435,531
704,-1329,117
517,-1213,-213
378,-1119,-407
278,-1063,-482
193,-1031,-455
110,-929,-327
17,-722,-174
-162,-478,-99
-426,-294,-222
-773,-183,-603
-1214,-101,-1173
-1694,14,-1808
-2051,205,-2399
-2157,398,-2832
-1920,494,-3125
-1375,482,-3223
-788,404,-3130
-288,334,-2875
188,256,-2525
547,150,-2163
694,22,-1832
686,-122,-1554
529,-266,-1368
232,-398,-1275
-101,-503,-1259
-407,-567,-1282
-670,-586,-1306
-886,-602,-1319
-1030,-618,-1301
-1097,-636,-1232
-1090,-650,-1099
-1014,-649,-915
-882,-622,-715
-715,-577,-548
-546,-523,-453
-410,-480,-425
-313,-452,-434
-259,-448,-452
-241,-469,-450
-245,-515,-414
-261,-572,-345
-282,-628,-254
-293,-670,-144
-296,-687,-43
-310,-680,32
-327,-641,66
-333,-592,60
-329,-547,42
-320,-524,33
-299,-525,43
-241,-548,83
-152,-585,137
-54,-625,176
40,-653,199
120,-663,205
175,-657,198
186,-646,187
161,-633,178
118,-614,180
80,-593,181
75,-578,189
115,-577,226
184,-598,294
237,-637,359
242,-683,420
202,-716,504
131,-560,696
-226,-316,347
-1031,-464,-727
-1656,-865,-1130
-1765,-1143,-568
-1297,-1296,501
-647,-1470,1387
-194,-1731,1621
108,-1949,1433
338,-2042,1262
510,-2005,1286
638,-1905,1432
724,-1785,1549
729,-1655,1565
625,-1527,1501
453,-1432,1436
293,-1378,1407
187,-1353,1391
145,-1336,1366
179,-1307,1335
277,-1262,1299
404,-1207,1255
528,-1149,1214
621,-1095,1192
666,-1063,1178
656,-1034,1163
639,-1022,1148
637,-1007,1136
652,-979,1121
673,-940,1100
684,-885,1076
675,-816,1064
650,-724,1070
613,-615,1093
566,-496,1125
516,-389,1155
468,-308,1190
435,-252,1228
429,-214,1274
461,-185,1338
522,-160,1405
606,-136,1466
705,-113,1519
805,-102,1569
897,-111,1616
974,-140,1672
1032,-169,1737
1075,-183,1825
1103,-169,1924
1120,-126,2019
1145,-63,2108
1161,-10,2172
1168,10,2197
1160,22,2240
1134,36,2317
1096,56,2412
1065,102,2481
1042,156,2562
1033,207,2660
1037,246,2776
1056,259,2888
1083,239,2997
1112,198,3109
1133,146,3223
1150,90,3339
1171,37,3460
1200,-15,3576
1243,-87,3684
1294,-179,3787
1351,-292,3881
1412,-420,3958
1473,-538,4016
1539,-658,4031
1595,-714,4017
1638,-708,3985
1685,-832,3895
1709,-969,3815
1712,-1066,3747
1702,-1140,3672
1692,-1173,3603
1706,-1178,3546
1752,-1183,3492
1825,-1209,3451
1911,-1275,3434
2004,-1380,3409
2094,-1505,3366
2167,-1626,3311
2213,-1728,3232
2240,-1804,3111
2242,-1857,2945
2226,-1881,2757
2195,-1895,2569
2164,-1914,2373
2121,-1934,2205
2040,-1950,2084
1914,-1959,1977
1756,-1965,1846
1578,-1961,1684
1403,-1941,1503
1239,-1900,1313
1098,-1842,1122
977,-1777,935
864,-1720,739
749,-1691,519
621,-1636,257
483,-1497,-137
347,-1321,-468
212,-1157,-693
99,-1008,-798
15,-891,-773
-51,-706,-592
-152,-488,-288
-346,-322,-216
-671,-209,-637
-1124,-94,-1429
-1556,77,-2340
-1791,298,-3108
-1614,401,-3672
-986,367,-3837
-149,297,-3596
562,236,-3042
1041,179,-2377
1263,116,-1821
1167,2,-1489
835,-158,-1377
390,-329,-1419
-46,-442,-1518
-377,-438,-1551
-610,-484,-1522
-854,-543,-1477
-1065,-649,-1419
-1228,-789,-1335
-1321,-943,-1214
-1347,-1080,-1037
-1298,-1170,-804
-1189,-1197,-564
-1040,-1143,-367
-871,-1007,-256
-735,-838,-258
-659,-680,-334
-642,-552,-437
-671,-460,-524
-711,-409,-552
-732,-396,-522
-710,-415,-445
-637,-468,-347
-524,-542,-273
-398,-623,-233
-279,-702,-210
-181,-763,-190
-120,-803,-154
-102,-818,-96
-126,-814,-22
-186,-799,57
-263,-779,124
-342,-768,171
-407,-764,196
-445,-769,200
-455,-778,203
-443,-790,224
-420,-808,264
-393,-828,329
-369,-840,406
-345,-843,482
-324,-833,575
-441,-766,698
-931,-433,264
-1036,-214,-1107
-829,-355,-1824
-562,-530,-1450
-401,-781,-374
-365,-1174,1007
-410,-1750,1950
-296,-2307,2078
-58,-2505,1755
228,-2208,1510
443,-1668,1368
516,-1207,1260
479,-960,1183
380,-902,1154
256,-968,1212
153,-1070,1344
117,-1138,1479
160,-1142,1540
261,-1098,1500
373,-1041,1396
463,-994,1272
519,-966,1173
541,-937,1122
539,-887,1125
514,-820,1157
477,-746,1193
440,-687,1208
400,-646,1205
366,-614,1199
355,-576,1195
377,-529,1189
435,-486,1177
521,-456,1170
626,-444,1189
731,-447,1247
829,-461,1351
921,-473,1489
1002,-476,1640
1065,-469,1773
1103,-454,1868
1112,-434,1931
1098,-408,1978
1067,-359,2013
1031,-288,2044
993,-215,2087
957,-145,2159
922,-88,2250
888,-55,2336
872,-25,2431
843,-65,2439
829,-131,2441
832,-193,2503
842,-252,2587
853,-303,2651
872,-346,2696
901,-388,2726
932,-435,2764
965,-477,2836
996,-506,2952
1026,-526,3088
1062,-567,3200
1108,-623,3258
1165,-658,3279
1225,-622,3289
1313,-623,3267
1415,-624,3224
1523,-606,3184
1624,-571,3166
1706,-510,3150
1762,-439,3130
1798,-374,3109
1818,-332,3082
1826,-308,3055
1827,-290,3031
1830,-273,3004
1847,-264,2977
1872,-279,2969
1891,-331,2991
1895,-414,3038
1884,-517,3099
1858,-629,3182
1809,-749,3291
1741,-882,3432
1663,-1047,3599
1584,-1243,3764
1523,-1449,3875
1480,-1629,3916
1445,-1759,3901
1411,-1872,3841
1374,-1950,3736
1369,-1958,3577
1390,-2078,3348
1434,-2164,3121
1479,-2179,2911
1510,-2156,2691
1537,-2125,2449
1575,-2089,2196
1623,-2059,1946
1662,-2042,1719
1677,-2028,1503
1657,-2015,1286
1602,-1999,1068
1521,-1983,866
1424,-1970,681
1319,-1969,516
1204,-1977,371
1084,-1985,252
970,-1995,175
857,-2005,151
715,-1905,-271
529,-1669,-957
356,-1454,-1233
248,-1377,-1057
135,-1410,-662
-26,-1447,-37
-186,-1460,587
-331,-1488,715
-468,-1552,192
-583,-1613,-596
-635,-1613,-1257
-696,-1543,-1741
-806,-1410,-1985
-865,-1270,-1962
-864,-1220,-1789
-800,-1231,-1536
-694,-1249,-1263
-576,-1251,-1077
-479,-1226,-1007
-435,-1194,-1006
-436,-1169,-1026
-466,-1153,-1040
-506,-1134,-1037
-537,-1106,-1012
-561,-1067,-966
-579,-1018,-900
-595,-955,-822
-608,-878,-742
-618,-787,-665
-620,-696,-602
-618,-616,-556
-609,-552,-526
-592,-500,-499
-577,-457,-468
-572,-422,-442
-578,-388,-425
-595,-351,-413
-612,-316,-401
-624,-281,-387
-618,-247,-374
-599,-219,-361
-573,-191,-335
-548,-169,-284
-525,-145,-221
-499,-124,-160
-464,-104,-109
-429,-84,-67
-406,-65,-32
-399,-45,-16
-400,-29,-15
-400,-11,-20
-399,11,-19
-388,41,-5
-364,75,23
-329,108,55
-299,142,82
-269,180,100
-242,219,115
-219,258,127
-209,293,138
-212,318,139
-219,334,132
-226,340,129
-230,342,141
-229,347,167
-217,353,205
-204,354,243
-192,343,277
-189,319,302
-197,343,330
-370,621,204
-777,444,-671
-1061,24,-1284
-1096,-80,-1233
-1011,-128,-875
-891,-148,-391
-734,-157,143
-609,-203,700
-502,-288,1126
-400,-398,1340
-297,-508,1374
-183,-589,1328
-41,-621,1255
99,-576,1165
218,-464,1082
279,-320,1046
302,-190,1085
325,-79,1203
370,18,1374
447,93,1543
547,128,1639
649,116,1637
734,61,1569
811,-24,1510
867,-125,1530
893,-224,1665
882,-310,1899
851,-380,2180
816,-442,2423
797,-507,2581
793,-565,2654
791,-606,2697
771,-629,2737
723,-670,2787
653,-717,2831
590,-744,2888
532,-770,2907
514,-780,2899
542,-755,2893
609,-698,2878
706,-625,2835
819,-557,2779
935,-510,2731
1055,-486,2707
1168,-485,2711
1258,-497,2742
1302,-507,2793
1304,-512,2864
1274,-511,2942
1224,-522,3010
1171,-547,3063
1130,-585,3095
1107,-626,3113
1106,-671,3137
1119,-716,3166
1144,-756,3180
1181,-769,3182
1221,-833,3173
1254,-922,3158
1282,-1008,3154
1294,-1092,3157
1296,-1144,3165
1291,-1171,3173
1288,-1188,3175
1293,-1213,3174
1312,-1259,3181
1348,-1336,3209
1408,-1435,3255
1493,-1543,3299
1602,-1644,3316
1723,-1738,3308
1843,-1829,3283
1941,-1932,3257
1995,-2043,3224
2004,-2157,3185
1992,-2274,3126
1981,-2385,3041
1962,-2480,2916
1923,-2547,2760
1855,-2584,2579
1781,-2599,2376
1709,-2593,2150
1633,-2572,1923
1562,-2561,1702
1489,-2556,1490
1419,-2553,1309
1344,-2549,1157
1258,-2545,1001
1156,-2537,829
1040,-2522,661
925,-2498,526
819,-2464,444
729,-2427,404
646,-2399,369
523,-2248,-108
266,-1778,-1470
-40,-1374,-2192
-263,-1273,-2149
-383,-1241,-1846
-344,-1136,-1088
-155,-998,-241
81,-942,-241
196,-986,-967
131,-1027,-1659
27,-1024,-1983
2,-1030,-1916
36,-1070,-1622
57,-1133,-1357
35,-1200,-1221
-31,-1258,-1186
-137,-1304,-1191
-266,-1337,-1192
-403,-1362,-1166
-542,-1367,-1116
-671,-1344,-1060
-782,-1289,-1007
-888,-1207,-959
-966,-1103,-923
-1037,-1001,-893
-1107,-911,-866
-1161,-830,-829
-1191,-755,-768
-1186,-682,-693
-1147,-620,-618
-1083,-578,-554
-1003,-556,-500
-918,-550,-458
-838,-548,-418
-771,-541,-372
-720,-528,-327
-680,-501,-286
-652,-459,-250
-629,-409,-223
-604,-357,-202
-573,-307,-179
-541,-262,-144
-511,-222,-106
-481,-189,-72
-449,-158,-49
-408,-129,-37
-360,-98,-35
-308,-67,-24
-266,-30,2
-234,6,44
-203,45,86
-163,80,120
-111,114,147
-54,143,169
9,164,187
77,177,202
142,183,223
190,193,251
217,208,272
224,228,287
219,244,301
203,250,327
193,240,355
197,214,379
191,181,412
165,142,457
126,105,518
83,77,585
30,58,651
-38,42,710
-112,27,766
-184,14,820
-251,2,873
-317,-9,929
-383,-19,988
-449,-24,1043
-512,-21,1085
-565,-3,1107
-595,28,1120
-589,70,1160
-575,155,1400
-552,393,981
-408,846,276
-242,924,-456
-178,619,-841
-68,361,-727
-89,172,-275
-170,-19,354
-250,-251,1072
-289,-617,1667
-195,-1043,1822
-78,-1360,1618
20,-1535,1346
61,-1595,1244
76,-1520,1396
129,-1320,1649
234,-1050,1854
394,-801,1960
604,-629,2024
863,-528,2113
1168,-458,2233
1491,-391,2346
1799,-324,2401
2021,-275,2387
2108,-262,2331
2084,-309,2261
1938,-366,2178
1750,-374,2074
1618,-294,1987
1565,-182,1948
1571,-95,1976
1593,-78,2082
1607,-142,2240
1607,-272,2424
1586,-431,2625
1538,-598,2807
1453,-769,2970
1327,-892,3104
1172,-932,3220
1009,-1001,3315
844,-1146,3360
711,-1276,3381
642,-1348,3409
647,-1353,3450
731,-1324,3466
895,-1265,3456
1108,-1219,3428
1333,-1198,3371
1523,-1185,3305
1662,-1175,3242
1750,-1160,3182
1792,-1130,3107
1803,-1088,3024
1797,-1036,2937
1774,-984,2843
1740,-946,2756
1693,-926,2693
1652,-933,2635
1645,-959,2573
1686,-993,2523
1780,-1036,2526
1919,-1109,2584
2075,-1217,2676
2202,-1359,2785
2266,-1511,2879
2250,-1656,2938
2166,-1784,2961
2027,-1916,2945
1871,-2032,2886
1728,-2147,2786
1640,-2271,2664
1606,-2365,2549
1600,-2412,2435
1601,-2418,2285
1604,-2407,2095
1622,-2396,1884
1645,-2376,1680
1647,-2341,1489
1617,-2305,1320
1554,-2272,1151
1455,-2250,966
1323,-2233,759
1172,-2200,549
1018,-2159,373
864,-2117,236
663,-1935,-245
404,-1590,-1085
136,-1247,-1648
-76,-1074,-1646
-225,-906,-1189
-332,-687,-344
-456,-493,434
-652,-375,80
-913,-353,-1027
-1063,-394,-2128
-1005,-429,-2865
-755,-446,-3177
-345,-454,-3042
107,-452,-2640
478,-447,-2169
688,-461,-1780
687,-505,-1518
474,-582,-1365
109,-686,-1277
-308,-786,-1237
-691,-838,-1205
-980,-828,-1150
-1148,-782,-1069
-1194,-723,-957
-1137,-678,-831
-1013,-646,-708
-875,-641,-609
-759,-615,-543
-699,-587,-519
-704,-565,-529
-758,-549,-540
-820,-529,-535
-857,-498,-510
-863,-453,-478
-843,-406,-460
-805,-359,-455
-758,-320,-454
-716,-291,-443
-683,-274,-426
-658,-268,-409
-630,-271,-396
-582,-278,-382
-511,-297,-356
-436,-328,-312
-370,-368,-265
-328,-414,-221
-310,-456,-182
-316,-490,-140
-336,-510,-93
-357,-521,-43
-372,-524,13
-374,-526,80
-370,-529,141
-358,-538,190
-348,-550,220
-348,-565,238
-355,-580,257
-364,-593,282
-368,-601,323
-367,-606,364
-357,-614,402
-340,-627,442
-315,-641,483
-279,-650,525
-259,-651,564
-317,-490,479
-457,-308,-3
-598,-376,-459
-762,-504,-614
-849,-591,-498
-782,-678,-245
-663,-851,50
-512,-1081,378
-359,-1373,706
-150,-1666,986
115,-1857,1148
435,-1843,1224
717,-1619,1284
875,-1301,1341
908,-1008,1376
864,-773,1382
773,-617,1334
655,-539,1231
522,-526,1102
386,-556,994
262,-599,954
172,-631,1003
138,-634,1131
172,-613,1300
279,-582,1468
432,-552,1591
623,-532,1663
835,-521,1692
1044,-511,1695
1221,-497,1688
1347,-472,1680
1415,-430,1680
1438,-384,1696
1438,-343,1722
1435,-320,1756
1439,-315,1787
1447,-336,1815
1445,-379,1830
1428,-429,1857
1405,-469,1931
1383,-490,2061
1370,-510,2230
1364,-534,2401
1360,-569,2557
1354,-621,2681
1338,-678,2774
1323,-738,2851
1308,-796,2917
1293,-848,2980
1283,-882,3039
1292,-918,3091
1324,-946,3126
1369,-962,3143
1417,-963,3152
1464,-959,3147
1529,-955,3133
1610,-948,3118
1689,-927,3113
1758,-895,3119
1807,-865,3125
1840,-846,3132
1863,-836,3138
1871,-826,3138
1861,-805,3134
1835,-784,3125
1795,-771,3119
1750,-781,3118
1704,-817,3111
1669,-870,3105
1650,-940,3110
1641,-1030,3126
1638,-1138,3150
1629,-1256,3170
1621,-1379,3192
1609,-1500,3217
1586,-1615,3245
1557,-1750,3245
1535,-1888,3216
1528,-2025,3181
1528,-2162,3151
1522,-2288,3112
1507,-2382,3036
1500,-2425,2905
1525,-2434,2758
1583,-2431,2597
1660,-2426,2446
1723,-2416,2288
1734,-2389,2129
1676,-2346,1947
1565,-2295,1756
1433,-2246,1552
1296,-2195,1336
1171,-2136,1163
1052,-2077,1011
934,-2017,849
813,-1970,668
691,-1936,476
577,-1908,299
476,-1881,167
383,-1845,82
296,-1769,6
178,-1510,-586
19,-1125,-1413
-154,-834,-1829
-293,-722,-1794
-386,-665,-1641
-429,-575,-1302
-418,-419,-892
-422,-225,-758
-457,-116,-1205
-488,-106,-1846
-430,-146,-2313
-254,-201,-2436
-13,-271,-2198
184,-352,-1762
242,-435,-1361
146,-507,-1101
-49,-570,-974
-281,-625,-912
-517,-674,-891
-746,-712,-908
-935,-733,-939
-1070,-733,-966
-1151,-713,-974
-1193,-682,-947
-1201,-642,-897
-1170,-595,-826
-1110,-543,-755
-1025,-491,-691
-935,-448,-641
-860,-424,-600
-806,-423,-568
-769,-439,-544
-737,-465,-523
-693,-497,-513
-624,-526,-517
-540,-547,-520
-457,-550,-522
-389,-539,-522
-345,-512,-519
-323,-476,-503
-317,-441,-476
-315,-416,-449
-312,-407,-433
-319,-415,-411
-342,-441,-377
-382,-477,-332
-426,-515,-275
-464,-546,-213
-483,-564,-154
-480,-568,-102
-461,-566,-56
-435,-565,-13
-403,-571,18
-377,-581,41
-352,-595,56
-336,-609,81
-327,-621,123
-328,-630,184
-333,-639,259
-344,-650,332
-360,-665,393
-378,-688,437
-396,-711,467
-413,-736,488
-435,-758,501
-461,-781,522
-467,-776,588
-568,-695,691
-952,-550,702
-1450,-582,337
-1573,-600,-123
-1334,-507,-371
-997,-515,-444
-810,-570,-367
-766,-773,-190
-737,-1127,-22
-685,-1578,213
-584,-2032,541
-396,-2407,847
-80,-2537,1047
334,-2432,1222
731,-2175,1440
1010,-1916,1601
1178,-1704,1654
1242,-1538,1639
1233,-1391,1609
1194,-1278,1605
1142,-1209,1634
1078,-1184,1690
985,-1177,1771
869,-1169,1853
741,-1147,1905
625,-1084,1942
499,-1012,1878
399,-905,1752
331,-781,1628
286,-675,1508
261,-613,1443
257,-597,1475
282,-619,1624
335,-687,1846
423,-792,2084
565,-915,2304
745,-1025,2498
945,-1097,2687
1140,-1111,2873
1299,-1064,3046
1411,-1002,3158
1437,-940,3244
1408,-912,3309
1364,-931,3350
1295,-960,3362
1216,-965,3342
1145,-931,3300
1102,-876,3256
1099,-833,3228
1135,-822,3217
1208,-845,3215
1308,-885,3219
1430,-913,3239
1561,-911,3276
1689,-876,3325
1806,-808,3383
1910,-756,3436
2023,-790,3469
2103,-843,3507
2134,-872,3543
2125,-869,3560
2097,-845,3552
2070,-832,3527
2053,-842,3496
2037,-884,3470
2023,-950,3451
2009,-1033,3434
1989,-1116,3417
1960,-1198,3402
1906,-1284,3388
1838,-1376,3375
1760,-1474,3367
1682,-1572,3353
1610,-1659,3338
1545,-1740,3308
1481,-1857,3254
1431,-1984,3198
1400,-2092,3151
1416,-2173,3055
1460,-2220,2938
1542,-2260,2817
1640,-2290,2678
1733,-2311,2539
1826,-2323,2385
1898,-2328,2215
1936,-2325,2028
1914,-2302,1828
1812,-2269,1630
1663,-2212,1454
1493,-2134,1295
1327,-2045,1126
1185,-1960,939
1066,-1889,736
976,-1839,541
915,-1814,356
884,-1820,176
808,-1821,15
709,-1713,-489
540,-1502,-1143
315,-1234,-1555
104,-1102,-1736
-33,-1129,-1846
-155,-1117,-1797
-247,-987,-1472
-263,-824,-652
-234,-696,328
-305,-569,79
-515,-421,-557
-810,-201,-988
-1128,40,-1218
-1465,169,-1468
-1822,147,-1845
-2119,70,-2207
-2193,15,-2506
-1949,11,-2709
-1446,13,-2828
-822,-2,-2843
-228,-58,-2752
222,-161,-2625
472,-210,-2437
564,-212,-2188
568,-221,-1908
525,-266,-1597
416,-358,-1329
258,-508,-1107
59,-702,-946
-139,-850,-821
-320,-912,-696
-498,-957,-606
-655,-977,-545
-794,-984,-508
-926,-958,-489
-1003,-910,-488
-997,-845,-492
-884,-762,-483
-682,-674,-446
-453,-605,-376
-247,-572,-282
-93,-586,-194
-3,-645,-134
24,-735,-111
16,-841,-113
-2,-940,-118
-20,-1017,-100
-35,-1074,-40
-44,-1117,57
-53,-1147,180
-64,-1173,315
-85,-1200,452
-123,-1225,576
-189,-1255,686
-2157,-2884,-1447
-2411,-3009,-1794
-2193,-2876,-1015
-255,-935,3202
1187,413,5341
724,450,2661
-284,58,760
-814,-377,576
-1080,-901,1198
-1369,-1810,1617
-1410,-2411,1692
-1032,-2341,1211
-543,-2132,523
-138,-1779,99
75,-1563,109
156,-1512,248
192,-1467,468
137,-1374,739
34,-1248,1040
-54,-1076,1304
-78,-923,1453
-59,-840,1428
-1,-810,1261
102,-787,1090
223,-772,1008
353,-776,997
469,-790,994
561,-798,966
624,-782,919
670,-732,896
722,-658,928
804,-574,1012
897,-497,1125
970,-437,1238
1015,-389,1326
1029,-348,1372
1009,-311,1379
955,-277,1355
889,-245,1322
821,-218,1312
773,-199,1338
757,-183,1398
758,-159,1479
788,-120,1574
840,-66,1668
900,-8,1742
949,50,1778
996,110,1782
1049,173,1773
1075,230,1761
1089,270,1775
1092,291,1831
1089,300,1923
1076,296,2020
1053,275,2126
1038,244,2250
1052,205,2383
1104,170,2513
1178,142,2633
1244,115,2735
1284,95,2822
1287,71,2895
1256,41,2956
1199,-2,2987
1143,-45,3002
1098,-81,3042
1058,-127,3107
1013,-199,3173
973,-306,3220
953,-410,3274
972,-444,3349
1054,-426,3437
1168,-498,3483
1314,-618,3494
1455,-725,3497
1567,-769,3494
1637,-740,3496
1676,-679,3496
1710,-651,3481
1737,-682,3453
1763,-766,3433
1784,-881,3433
1791,-997,3443
1789,-1095,3441
1785,-1181,3433
1767,-1271,3433
1726,-1389,3478
1666,-1552,3548
1600,-1737,3600
1536,-1900,3610
1467,-2027,3589
1380,-2137,3556
1290,-2240,3525
1206,-2334,3476
1138,-2405,3390
1110,-2446,3256
1120,-2453,3122
1172,-2449,2991
1261,-2445,2833
1387,-2447,2645
1518,-2435,2448
1590,-2418,2251
1581,-2406,2033
1473,-2390,1762
1306,-2351,1463
1127,-2299,1178
977,-2239,941
866,-2177,741
785,-2129,558
721,-2102,405
657,-2076,252
599,-2046,119
538,-2001,-86
409,-1708,-966
252,-1305,-1732
77,-1115,-2002
-241,-895,-1990
-345,-854,-2003
-250,-846,-1883
-127,-786,-1373
79,-797,-91
171,-815,-130
114,-762,-691
-32,-614,-928
-168,-414,-1038
-346,-257,-1155
-622,-195,-1313
-954,-204,-1502
-1264,-247,-1679
-1481,-285,-1804
-1565,-291,-1888
-1464,-285,-1965
-1241,-280,-2032
-950,-285,-2089
-718,-304,-2097
-504,-330,-2058
-343,-360,-1955
-249,-402,-1808
-186,-451,-1626
-138,-502,-1431
-103,-564,-1237
-93,-641,-1052
-99,-720,-875
-124,-800,-701
-177,-873,-540
-249,-933,-395
-326,-978,-262
-395,-995,-157
-431,-969,-89
-427,-898,-57
-382,-787,-56
-309,-665,-85
-229,-557,-135
-155,-475,-188
-98,-419,-234
-68,-386,-258
-68,-375,-253
-103,-387,-217
-175,-421,-157
-271,-468,-86
-369,-525,-12
-452,-582,57
-517,-632,124
-567,-678,181
-600,-714,216
-622,-731,238
-647,-727,255
-669,-700,286
-674,-663,316
-653,-627,347
-603,-602,365
-524,-599,358
-433,-614,340
-350,-634,329
-285,-655,344
-241,-672,387
-222,-685,455
-227,-697,553
-238,-718,671
-243,-742,779
-248,-772,861
-274,-705,981
-609,-252,706
-1300,-371,-544
-1458,-623,-1049
-1245,-720,-868
-1276,-950,-228
-1019,-1545,1328
-190,-2183,2546
772,-2390,2336
377,-2179,1707
187,-1777,1622
258,-1364,1747
316,-1075,1819
234,-965,1714
197,-961,1601
222,-1021,1516
240,-1096,1458
250,-1150,1439
272,-1182,1442
335,-1187,1428
408,-1158,1348
571,-1078,1251
816,-989,1140
972,-893,1083
1050,-833,1051
1076,-856,1086
1032,-942,1157
936,-1033,1261
805,-1071,1380
664,-1033,1497
534,-932,1586
429,-813,1647
362,-722,1686
327,-682,1707
320,-688,1718
335,-717,1710
375,-742,1692
429,-742,1680
485,-706,1691
541,-644,1745
562,-620,1772
590,-609,1819
622,-609,1886
655,-617,1941
691,-623,1976
718,-620,2008
724,-610,2051
714,-600,2110
698,-584,2180
701,-561,2239
737,-536,2278
796,-519,2309
859,-517,2340
908,-521,2380
940,-530,2432
973,-532,2492
991,-511,2551
989,-482,2596
964,-453,2639
913,-437,2676
843,-432,2711
776,-423,2743
734,-400,2768
730,-360,2781
762,-310,2793
816,-267,2812
873,-241,2839
920,-242,2869
952,-264,2890
974,-287,2906
999,-299,2924
1033,-302,2945
1090,-297,2969
1216,-271,2997
1379,-238,3015
1493,-227,2994
1540,-226,2971
1539,-221,2954
1493,-226,2929
1435,-251,2896
1417,-296,2847
1440,-356,2798
1464,-437,2765
1463,-533,2755
1467,-639,2749
1579,-764,2770
1763,-839,2790
1911,-923,2796
1949,-1057,2836
1890,-1215,2924
1761,-1376,2997
1604,-1521,3038
1466,-1667,3089
1364,-1839,3179
1322,-2039,3288
1318,-2206,3376
1338,-2318,3435
1376,-2419,3486
1429,-2543,3521
1479,-2683,3484
1519,-2798,3326
1540,-2854,3068
1558,-2875,2768
1593,-2894,2472
1615,-2909,2195
1591,-2907,1908
1509,-2887,1611
1378,-2846,1319
1226,-2796,1044
1050,-2751,790
851,-2711,569
736,-2699,383
589,-2648,254
460,-2566,166
367,-2523,90
278,-2510,19
174,-2464,-20
108,-2487,-124
46,-2394,-770
13,-2088,-1511
21,-1797,-1679
-29,-1918,-1720
-4,-2200,-1707
118,-2496,-1632
330,-2668,-1289
404,-2569,-990
291,-2168,-802
91,-1667,-640
-124,-1285,-586
-350,-992,-641
-602,-833,-821
-868,-810,-1081
-1127,-876,-1351
-1351,-956,-1567
-1486,-984,-1717
-1469,-937,-1801
-1407,-851,-1785
-1351,-776,-1701
-1238,-722,-1611
-1110,-684,-1523
-1001,-656,-1436
-903,-632,-1352
-813,-611,-1274
-743,-586,-1197
-690,-555,-1126
-664,-519,-1058
-674,-475,-992
-725,-424,-920
-807,-365,-841
-906,-302,-755
-996,-233,-662
-1059,-154,-570
-1102,-65,-487
-1120,31,-421
-1108,115,-392
-1076,145,-407
-1008,166,-448
-911,187,-491
-798,198,-533
-687,202,-566
-581,205,-595
-473,240,-591
-375,277,-583
-290,296,-572
-204,272,-560
-142,219,-552
-107,209,-527
-96,192,-498
-87,146,-476
-68,65,-447
-68,7,-398
-74,-67,-372
-82,-129,-363
-99,-155,-375
-116,-147,-383
-121,-111,-378
-110,-53,-373
-93,25,-408
-79,107,-478
-75,153,-524
-71,132,-489
-60,38,-378
-35,-56,-231
7,-94,-76
83,-41,90
179,110,290
247,334,879
174,428,2274
97,224,3198
39,-61,3363
-67,-268,2970
13,-285,2288
88,-309,1643
120,-336,1239
130,-407,1093
125,-506,1180
127,-573,1501
170,-562,1931
261,-492,2105
363,-396,1793
444,-293,1234
482,-195,882
531,-143,872
578,-155,1159
625,-208,1644
678,-280,2119
758,-354,2368
863,-416,2343
966,-431,2160
1035,-399,1960
1064,-333,1813
1067,-248,1725
1039,-169,1680
976,-119,1656
887,-100,1634
789,-106,1639
697,-132,1702
619,-168,1839
553,-211,1996
504,-254,2126
476,-287,2201
469,-316,2226
477,-339,2218
499,-362,2207
535,-379,2204
583,-392,2210
645,-400,2234
713,-411,2280
777,-421,2337
826,-428,2388
852,-438,2414
858,-451,2411
846,-465,2387
826,-480,2357
808,-491,2329
800,-496,2306
803,-495,2289
813,-499,2280
823,-516,2276
831,-537,2271
838,-555,2262
846,-558,2256
858,-549,2253
873,-535,2259
882,-531,2278
881,-548,2314
866,-585,2358
840,-627,2398
815,-667,2437
794,-691,2481
783,-715,2532
782,-759,2582
776,-831,2639
771,-916,2706
764,-999,2775
758,-1069,2837
758,-1120,2884
773,-1156,2911
802,-1190,2936
834,-1233,2953
868,-1283,2954
897,-1329,2933
928,-1366,2918
979,-1404,2919
1056,-1446,2923
1160,-1489,2928
1275,-1536,2936
1385,-1587,2946
1478,-1648,2943
1552,-1723,2935
1612,-1815,2925
1658,-1917,2922
1668,-2016,2911
1633,-2096,2858
1557,-2143,2733
1468,-2151,2543
1391,-2119,2317
1336,-2075,2085
1292,-2028,1842
1253,-1976,1601
1201,-1935,1390
1138,-1903,1224
1073,-1890,1090
983,-1873,984
862,-1799,842
763,-1744,589
625,-1659,337
474,-1565,186
335,-1499,125
220,-1537,85
92,-1590,9
-35,-1606,-129
-143,-1576,-351
-247,-1492,-643
-334,-1373,-983
-386,-1261,-1326
-400,-1184,-1636
-376,-1161,-1859
-316,-1204,-2031
-231,-1294,-2070
-151,-1352,-1963
-68,-1408,-1739
24,-1523,-1457
93,-1670,-1157
124,-1850,-890
97,-2017,-671
26,-2141,-528
-87,-2174,-474
-205,-2091,-477
-312,-1878,-509
-410,-1572,-555
-503,-1264,-606
-602,-1021,-654
-696,-855,-687
-771,-741,-681
-825,-658,-615
-864,-588,-494
-879,-525,-341
-867,-464,-179
-832,-411,-44
-783,-368,44
-728,-339,74
-665,-316,55
-601,-292,4
-536,-263,-50
-475,-226,-93
-416,-176,-109
-365,-112,-95
-321,-38,-55
-290,34,-8
-279,96,25
-268,143,36
-245,177,21
-220,203,-6
-198,222,-41
-194,228,-76
-185,243,-99
-169,269,-108
-139,308,-103
-110,346,-93
-99,383,-85
-89,415,-76
-85,450,-66
-82,482,-55
-81,517,-45
-70,557,-24
-14,543,-19
26,536,-3
62,545,27
90,572,83
108,618,169
112,666,274
108,719,395
89,790,526
76,961,714
-136,1092,894
-432,716,613
-364,411,342
-192,162,114
-97,82,43
-57,78,17
-73,119,2
-95,195,-32
-121,300,-58
-140,461,-22
-135,705,105
-81,1063,419
3,1640,1002
79,1739,1309
148,1357,848
241,1037,395
377,1006,334
593,1175,575
835,1307,1026
940,1195,1441
880,903,1730
727,523,2082
563,246,2354
429,111,2450
345,100,2397
301,190,2283
239,334,2201
137,477,2168
-7,560,2208
-174,566,2273
-305,498,2329
-375,385,2387
-362,257,2369
-263,159,2278
-95,112,2171
108,125,2089
308,190,2033
465,283,1994
572,374,1956
637,450,1910
678,499,1850
713,529,1785
753,554,1722
805,583,1702
859,614,1729
900,641,1773
914,651,1812
901,645,1846
863,623,1891
816,592,1952
773,566,2019
736,543,2081
692,520,2143
630,486,2211
554,443,2279
468,386,2347
384,323,2405
311,264,2439
263,216,2441
247,184,2432
259,166,2444
285,154,2489
323,137,2541
365,116,2577
417,92,2597
478,68,2598
549,42,2601
625,15,2631
708,-18,2697
797,-64,2797
887,-135,2924
977,-230,3072
1070,-343,3220
1160,-464,3355
1239,-586,3491
1313,-742,3616
1362,-924,3732
1394,-1105,3819
1384,-1303,3869
1313,-1555,3898
1202,-1811,3916
1075,-2051,3906
951,-2246,3866
851,-2371,3749
789,-2393,3511
785,-2328,3177
838,-2224,2816
918,-2120,2484
1001,-2024,2179
1080,-1904,1894
1140,-1747,1633
1143,-1623,1380
1106,-1501,1127
1073,-1410,879
1020,-1288,611
923,-1141,166
742,-931,-403
507,-680,-733
370,-534,-819
439,-553,-898
558,-688,-954
642,-935,-921
638,-1202,-740
436,-1343,-460
19,-1203,-358
-491,-842,-523
-984,-382,-916
-1366,58,-1407
-1576,370,-1815
-1627,483,-2055
-1584,385,-2151
-1487,161,-2218
-1340,-33,-2300
-1170,-155,-2384
-985,-217,-2410
-812,-216,-2368
-661,-217,-2234
-530,-237,-2080
-440,-249,-1920
-381,-251,-1727
-338,-279,-1553
-299,-309,-1413
-284,-347,-1295
-303,-367,-1210
-324,-374,-1166
-345,-382,-1169
-365,-391,-1210
-392,-434,-1288
-443,-511,-1369
-553,-663,-1417
-778,-948,-1366
-1076,-1326,-1148
-1259,-1656,-553
-1502,-2093,-170
-1531,-2421,166
-1345,-2607,313
-850,-2477,430
-220,-1945,486
213,-1312,419
356,-874,250
329,-602,103
213,-447,26
43,-396,68
-152,-444,216
-338,-568,428
-479,-725,651
-548,-868,836
-540,-965,957
-459,-1006,1010
-324,-1001,1015
-161,-974,1007
8,-955,1020
162,-959,1082
273,-987,1191
330,-1027,1341
340,-1045,1443
309,-1012,1140
265,-926,566
256,-824,35
230,-723,-141
30,-659,12
-203,-764,428
-391,-1016,1102
-456,-1309,1993
-381,-1617,2707
-112,-1829,2906
249,-1988,2617
602,-2042,2139
960,-1885,1846
1202,-1591,1780
1318,-1246,1792
1302,-914,1791
1172,-670,1742
980,-533,1663
775,-486,1610
600,-492,1615
495,-515,1646
460,-526,1643
472,-510,1583
499,-452,1503
512,-353,1446
518,-243,1404
518,-143,1376
521,-70,1353
517,-26,1318
510,-8,1265
494,-14,1194
484,-33,1118
491,-63,1064
518,-102,1050
574,-149,1076
666,-199,1135
789,-252,1215
946,-303,1294
1136,-360,1354
1292,-418,1384
1401,-464,1387
1444,-484,1373
1443,-474,1364
1418,-442,1359
1396,-406,1353
1371,-383,1353
1347,-384,1368
1324,-411,1405
1303,-449,1455
1279,-475,1512
1247,-473,1559
1200,-441,1589
1140,-390,1603
1074,-338,1605
1008,-294,1599
947,-264,1591
894,-244,1582
851,-228,1576
816,-207,1576
787,-188,1581
765,-169,1584
754,-154,1587
757,-144,1582
761,-139,1565
768,-140,1542
776,-144,1518
782,-149,1498
789,-149,1475
792,-145,1453
794,-135,1433
789,-120,1420
772,-102,1409
757,-87,1401
742,-80,1405
724,-76,1416
696,-78,1432
654,-83,1450
599,-87,1458
529,-92,1457
452,-97,1453
376,-109,1458
312,-129,1477
271,-153,1514
256,-182,1567
269,-214,1630
304,-245,1690
348,-274,1740
381,-295,1769
395,-309,1772
395,-312,1759
389,-303,1739
382,-280,1720
377,-252,1706
371,-223,1691
367,-200,1673
363,-182,1654
358,-167,1630
356,-153,1605
357,-141,1582
367,-134,1567
379,-136,1541
391,-148,1514
399,-167,1488
405,-187,1463
410,-202,1432
414,-206,1389
421,-202,1344
428,-192,1299
435,-180,1259
440,-172,1223
440,-166,1186
435,-166,1152
432,-164,1125
434,-162,1105
445,-161,1099
444,-165,1076
440,-172,1052
429,-171,1031
410,-163,1011
386,-156,990
359,-148,968
336,-143,951
316,-142,938
297,-148,925
278,-156,914
259,-166,903
240,-173,889
217,-179,867
190,-179,837
159,-170,805
126,-152,775
101,-127,744
90,-100,728
77,-74,690
76,-53,664
86,-32,651
100,-10,643
115,6,618
128,22,584
136,37,544
142,55,510
146,75,480
155,97,460
168,123,449
174,139,411
184,156,397
193,180,392
197,205,378
198,227,346
194,253,312
193,284,284
199,315,266
208,348,258
218,375,253
223,396,250
224,419,248
230,441,246
243,460,251
258,476,264
267,487,275
271,497,279
281,504,282
300,502,278
323,489,275
338,471,288
336,478,312
323,485,326
320,484,351
277,462,322
253,443,323
249,419,383
264,393,444
276,374,447
301,365,420
358,371,427
421,386,466
419,399,468
378,431,475
328,475,475
282,500,461
247,502,472
228,469,514
225,404,566
222,339,605
209,294,633
197,264,669
193,245,721
187,227,777
162,208,835
123,192,894
80,178,949
60,159,1000
72,132,1043
106,106,1075
-2159,-2066,-6617
-3479,-2791,-5967
2326,2209,14419
4229,3490,3358
2411,2043,-1521
1593,983,-1063
839,183,825
-145,-500,2223
-980,-1037,1513
-1164,-1021,27
-1107,-1145,-199
-1009,-1169,108
-971,-992,250
-824,-844,402
-480,-701,861
-23,-649,1442
503,-777,2204
1068,-878,2774
1382,-886,2435
1288,-859,1427
1012,-730,809
768,-559,825
605,-366,1273
510,-201,1869
425,-102,2266
331,-70,2318
223,-79,2133
96,-122,1910
-48,-190,1772
-194,-263,1721
-314,-319,1722
-382,-345,1734
-385,-333,1736
-326,-287,1723
-222,-226,1698
-104,-166,1662
7,-117,1624
101,-85,1594
176,-70,1572
234,-66,1552
278,-65,1523
310,-67,1486
330,-68,1444
342,-66,1407
346,-64,1383
343,-61,1374
334,-62,1376
323,-68,1385
309,-77,1390
295,-86,1390
281,-93,1378
268,-97,1362
261,-96,1342
258,-94,1322
261,-91,1308
264,-89,1302
263,-90,1307
258,-91,1314
242,-93,1317
219,-93,1311
187,-91,1296
157,-82,1278
131,-67,1257
114,-46,1239
107,-22,1225
109,2,1226
119,18,1231
132,24,1243
148,24,1258
161,17,1275
176,8,1284
188,-1,1275
195,-10,1250
206,-12,1216
218,-6,1188
232,0,1173
241,9,1168
246,16,1170
242,19,1169
233,20,1165
219,18,1155
202,17,1142
182,18,1128
164,20,1111
146,23,1097
131,26,1083
118,30,1067
109,33,1043
106,41,1019
105,51,995
108,63,974
111,78,955
116,93,936
121,108,919
130,122,904
138,138,894
146,151,888
155,162,888
166,174,888
174,177,887
180,182,878
185,185,867
195,186,860
214,182,853
224,180,847
235,176,845
245,173,849
248,164,851
240,151,840
225,141,840
203,135,840
174,136,844
145,142,850
117,152,857
90,165,860
65,174,854
41,181,839
19,188,822
-1,193,807
-20,199,793
-36,204,782
-45,209,779
-47,218,776
-43,225,771
-33,233,768
-19,240,765
1,247,764
22,251,764
44,258,770
63,263,776
80,269,784
91,274,793
98,279,802
100,281,812
99,285,815
93,286,817
83,291,817
75,295,814
64,301,810
58,306,806
49,307,802
41,308,798
32,309,795
27,309,791
23,311,787
20,310,782
19,311,778
19,310,778
19,307,776
20,305,777
21,301,778
24,300,778
28,298,774
30,296,770
31,297,770
31,299,775
30,301,780
29,304,787
28,307,793
27,309,795
27,309,800
28,314,806
31,321,810
36,329,812
45,335,814
53,342,811
58,344,809
60,345,804
57,346,799
55,348,799
53,352,807
52,357,819
51,360,830
53,363,838
52,360,843
51,360,849
49,356,852
48,352,853
46,346,854
46,341,857
49,338,858
54,337,864
60,335,868
67,336,870
71,337,874
74,339,874
77,344,877
81,349,879
86,353,881
92,358,879
101,362,873
110,365,868
119,368,864
127,369,862
134,371,859
140,373,856
144,377,858
150,380,862
152,380,866
156,382,872
158,380,876
158,377,878
157,374,879
152,370,879
148,365,882
143,362,887
138,359,895
134,352,901
130,343,905
126,335,904
122,328,905
118,322,907
116,320,913
115,318,922
116,316,930
117,314,934
119,312,939
121,313,945
124,315,952
125,322,960
127,327,967
131,333,966
139,336,964
149,343,958
158,348,953
167,350,949
176,354,943
185,355,940
192,354,937
196,352,935
197,350,938
194,345,939
190,340,942
186,334,949
182,331,953
179,326,957
176,324,963
174,322,966
171,320,971
170,319,973
166,319,975
162,318,973
156,316,971
152,316,967
150,317,964
139,315,898
209,386,583
246,452,953
169,392,1191
164,324,925
179,289,753
183,274,780
173,272,884
163,274,962
160,287,982
158,312,986
160,344,988
182,393,993
207,433,993
217,444,989
209,419,980
191,367,959
176,319,941
165,281,927
163,258,915
169,253,912
# balls=4,catches=51,detected=41,sampleRate=200,timestamp=1781212958,countMode=watch_hand
x,y,z
396,224,901
389,231,902
381,238,904
371,245,902
356,249,902
343,252,901
332,254,901
326,255,898
324,257,897
324,257,894
323,259,891
323,256,887
323,253,883
323,246,877
324,241,871
323,234,867
322,230,864
321,227,862
320,224,861
319,223,858
317,222,859
316,223,858
313,223,860
310,225,865
306,225,871
304,228,873
301,229,877
301,229,879
298,230,881
296,230,884
296,230,887
296,227,887
294,225,888
291,223,889
289,220,887
289,219,887
290,217,885
291,215,886
295,212,887
299,211,888
302,209,889
300,207,889
299,206,890
295,204,892
291,204,892
288,204,894
284,202,894
283,200,894
279,199,894
276,198,895
271,197,893
267,195,894
265,194,893
262,192,890
259,192,889
255,190,885
252,191,882
251,190,881
251,189,883
251,188,883
251,187,886
251,188,888
251,187,891
252,186,893
250,185,894
247,185,896
243,182,894
240,180,891
239,178,889
237,178,887
235,177,884
233,177,878
234,178,875
237,177,870
239,176,868
243,177,867
248,178,866
256,177,870
262,177,874
267,175,876
269,174,879
270,172,882
271,173,882
273,171,885
274,172,889
278,172,891
281,171,895
279,169,895
278,166,895
271,165,894
264,163,892
257,160,890
252,159,888
252,156,889
252,155,893
251,153,899
252,151,906
252,147,912
254,144,919
255,141,925
255,139,930
253,136,933
251,133,935
246,130,937
241,127,936
234,124,937
231,122,938
228,120,941
226,118,944
231,114,951
238,112,959
245,110,966
247,108,972
244,106,976
240,103,980
239,101,981
238,99,981
236,97,979
233,98,978
229,99,977
226,99,978
222,101,977
220,100,983
221,97,989
224,94,996
227,90,1004
230,85,1007
232,80,1011
233,78,1007
232,75,1002
230,72,999
229,68,995
231,66,995
238,64,997
245,59,1003
246,55,1006
246,52,1010
245,50,1011
245,49,1013
246,48,1014
240,49,1013
231,47,1009
224,45,1004
221,44,1000
219,42,993
216,41,987
212,41,981
211,41,972
210,39,963
213,36,953
219,34,943
226,31,934
233,27,921
237,25,911
244,22,902
248,18,891
254,15,880
261,12,869
268,8,856
279,7,845
289,3,831
294,-1,819
299,-7,804
302,-13,791
303,-21,774
301,-28,757
298,-33,740
291,-39,723
279,-45,707
264,-52,691
246,-59,682
228,-66,669
209,-75,658
187,-82,648
168,-89,641
149,-93,632
130,-97,621
114,-99,611
99,-100,604
84,-100,595
69,-98,585
54,-95,574
43,-91,563
31,-86,552
21,-79,546
12,-74,536
3,-70,527
-5,-69,516
-14,-69,508
-21,-71,500
-27,-73,499
-28,-76,499
-26,-81,501
-22,-89,503
-15,-99,504
-5,-111,509
3,-124,509
11,-137,513
16,-152,515
20,-167,513
26,-181,513
34,-196,511
44,-208,509
55,-224,508
64,-240,507
73,-256,506
81,-273,506
91,-290,505
102,-308,504
114,-326,500
126,-344,497
135,-364,494
140,-382,493
144,-401,494
148,-420,496
154,-440,495
162,-459,500
179,-480,508
203,-501,514
232,-525,525
262,-548,536
290,-570,551
319,-589,572
346,-609,592
373,-627,611
408,-646,632
445,-662,655
486,-678,679
528,-694,703
569,-710,723
609,-725,743
639,-742,761
662,-756,781
673,-771,795
676,-788,802
673,-805,805
666,-820,809
659,-833,808
652,-846,805
646,-858,797
646,-870,785
646,-878,768
643,-884,750
633,-888,736
625,-888,726
624,-888,718
627,-892,712
623,-895,707
609,-900,702
583,-907,700
547,-913,703
502,-919,719
446,-926,735
387,-934,747
327,-938,759
271,-943,771
225,-945,789
193,-946,807
175,-947,826
161,-951,843
144,-957,857
127,-967,859
114,-975,855
106,-984,846
99,-988,834
92,-992,818
85,-995,800
83,-996,782
84,-996,765
88,-995,748
97,-996,733
109,-999,724
117,-1004,720
118,-1009,715
116,-1013,712
110,-1014,713
103,-1009,716
100,-998,715
101,-984,714
99,-970,709
99,-956,708
106,-946,708
115,-939,708
120,-934,712
126,-933,713
127,-932,706
136,-931,689
158,-930,667
188,-930,649
226,-936,634
257,-945,616
280,-960,600
288,-977,588
281,-995,567
262,-1010,545
239,-1020,536
222,-1028,519
219,-1033,516
222,-1043,516
216,-1054,514
201,-1068,514
188,-1080,506
180,-1090,501
169,-1096,504
152,-1098,513
135,-1100,528
124,-1101,539
113,-1102,551
99,-1104,559
81,-1103,571
63,-1104,590
49,-1102,604
42,-1100,619
45,-1098,634
57,-1095,643
68,-1092,650
76,-1087,641
80,-1084,625
85,-1081,600
90,-1079,570
98,-1075,537
107,-1068,506
107,-1063,481
99,-1058,463
90,-1053,448
87,-1050,442
87,-1045,437
81,-1036,430
55,-1027,464
5,-1021,511
-27,-1018,489
-42,-1014,454
-15,-1006,420
24,-995,392
49,-985,367
46,-978,348
22,-968,327
-7,-959,309
-46,-947,307
-60,-936,337
-44,-929,295
-12,-931,282
23,-939,273
50,-947,269
62,-957,265
68,-970,265
60,-979,266
43,-982,282
31,-981,277
26,-983,277
17,-990,283
6,-1003,290
0,-1027,344
0,-1054,419
16,-1085,481
49,-1121,499
83,-1167,440
129,-1223,402
158,-1278,426
123,-1332,452
42,-1383,464
-27,-1440,443
-48,-1476,391
-33,-1493,372
-42,-1492,382
-101,-1476,382
-179,-1454,377
-236,-1423,394
-255,-1397,474
-243,-1380,526
-213,-1375,589
-197,-1383,670
-204,-1402,766
-204,-1432,836
-162,-1459,888
-92,-1484,917
-23,-1506,926
36,-1523,908
84,-1527,883
124,-1513,872
163,-1481,850
203,-1434,817
230,-1384,791
240,-1338,773
235,-1297,761
217,-1261,750
194,-1228,749
166,-1201,758
136,-1172,766
104,-1141,782
81,-1108,799
70,-1080,809
65,-1071,837
65,-1075,849
62,-1081,863
54,-1078,875
37,-1069,877
12,-1056,865
-3,-1042,833
-10,-1026,797
-9,-1011,750
-8,-1003,697
7,-997,635
45,-988,578
98,-980,531
164,-976,497
232,-981,486
298,-992,489
358,-1002,498
394,-1010,513
415,-1013,531
432,-1011,546
450,-994,591
466,-960,624
470,-925,646
451,-909,671
393,-922,712
313,-944,760
254,-951,798
224,-933,834
200,-908,862
161,-902,882
113,-920,895
73,-949,901
35,-966,889
-15,-961,854
-83,-917,824
-40,-829,758
146,-777,685
274,-854,681
179,-1022,705
-15,-1135,771
-140,-1078,873
-185,-918,979
-203,-793,1081
-197,-750,1148
-164,-780,1183
-136,-841,1190
-129,-877,1141
-133,-851,1077
-133,-790,1014
-146,-758,970
-151,-771,963
-115,-803,985
-33,-824,1002
55,-831,1024
116,-828,1044
154,-811,1048
160,-770,1036
129,-699,999
83,-633,949
52,-589,905
52,-577,870
57,-583,839
50,-589,809
25,-582,795
-8,-560,785
-29,-531,776
-41,-510,768
-44,-503,757
-46,-503,741
-41,-501,729
-1,-488,693
61,-484,650
99,-487,617
75,-490,594
-5,-474,575
-100,-427,564
-177,-365,534
-230,-321,483
-261,-320,418
-265,-351,364
-243,-386,338
-222,-403,320
-217,-397,302
-230,-376,281
-249,-355,259
-266,-343,234
-279,-340,207
-282,-343,189
-277,-343,157
-268,-343,110
-257,-344,63
-247,-345,23
-243,-341,-6
-247,-330,-31
-251,-314,-45
-248,-293,-52
-228,-273,-54
-197,-254,-57
-168,-241,-56
-148,-236,-53
-138,-237,-48
-136,-238,-45
-136,-240,-42
-136,-238,-40
-132,-232,-36
-132,-223,-33
-134,-220,-29
-139,-217,-26
-141,-218,-29
-135,-222,-30
-132,-229,-26
-132,-234,-25
-130,-240,-20
-122,-238,-12
-110,-231,0
-98,-223,16
-86,-218,46
-73,-221,82
-57,-235,112
-33,-257,137
-8,-276,162
18,-286,186
54,-286,223
90,-282,282
128,-282,349
164,-288,423
202,-305,504
236,-330,586
258,-363,664
258,-400,740
235,-430,814
197,-448,881
161,-453,939
138,-452,982
130,-456,1021
136,-473,1070
150,-499,1123
172,-531,1198
208,-561,1291
244,-590,1386
279,-623,1467
322,-664,1517
372,-707,1534
422,-742,1549
496,-761,1593
621,-751,1657
769,-714,1739
866,-692,1834
869,-707,1914
821,-741,1955
803,-750,1974
840,-710,1998
887,-651,2039
903,-601,2096
889,-572,2158
881,-557,2221
883,-551,2273
877,-551,2325
854,-556,2369
820,-555,2400
779,-547,2419
723,-533,2432
652,-512,2439
592,-481,2440
561,-445,2438
542,-419,2438
525,-411,2440
521,-414,2446
546,-422,2456
603,-437,2467
682,-452,2491
772,-474,2517
857,-501,2538
920,-537,2566
960,-582,2608
980,-636,2664
991,-700,2723
994,-772,2772
989,-847,2824
972,-929,2883
933,-1020,2937
874,-1115,2964
819,-1201,2955
789,-1263,2904
775,-1293,2817
759,-1300,2719
736,-1294,2614
716,-1278,2510
704,-1255,2389
696,-1227,2275
698,-1191,2144
701,-1149,2021
708,-1101,1902
707,-1049,1766
688,-999,1623
656,-956,1463
611,-914,1273
560,-872,1081
509,-824,893
464,-769,742
423,-708,638
371,-651,555
309,-597,493
248,-545,456
179,-499,414
92,-465,345
-14,-435,246
-138,-422,112
-272,-430,-89
-422,-447,-316
-585,-444,-586
-741,-425,-848
-871,-410,-1065
-984,-417,-1215
-1055,-441,-1313
-1062,-473,-1389
-1029,-515,-1442
-983,-577,-1488
-942,-652,-1542
-918,-721,-1605
-907,-763,-1653
-897,-770,-1656
-888,-756,-1613
-888,-738,-1537
-895,-735,-1446
-901,-747,-1357
-902,-773,-1276
-899,-807,-1210
-892,-840,-1159
-866,-861,-1117
-817,-865,-1073
-765,-857,-1021
-716,-844,-955
-667,-832,-870
-618,-827,-785
-581,-829,-698
-556,-837,-614
-528,-841,-533
-488,-837,-463
-441,-827,-399
-395,-817,-346
-357,-804,-303
-320,-787,-258
-280,-767,-212
-241,-743,-160
-208,-719,-105
-185,-691,-45
-165,-664,10
-151,-639,62
-147,-619,116
-149,-603,173
-147,-593,232
-135,-591,288
-107,-597,337
-69,-607,384
-34,-620,436
-11,-635,483
8,-650,534
24,-663,598
43,-677,668
54,-699,742
56,-730,811
63,-758,873
86,-774,921
114,-772,961
125,-751,1001
117,-713,1042
96,-665,1092
79,-617,1158
75,-582,1241
82,-566,1327
99,-573,1382
124,-596,1396
142,-627,1445
188,-646,1505
310,-641,1509
457,-629,1528
590,-627,1558
717,-633,1599
839,-638,1640
965,-642,1671
1103,-639,1710
1253,-625,1760
1388,-605,1810
1488,-581,1862
1550,-561,1918
1576,-539,1969
1573,-523,2019
1547,-513,2068
1508,-512,2114
1465,-520,2161
1420,-531,2212
1374,-541,2269
1319,-551,2326
1260,-554,2385
1200,-552,2436
1137,-549,2484
1087,-544,2527
1059,-545,2505
981,-559,2455
848,-577,2409
760,-573,2424
834,-536,2466
1014,-486,2516
1169,-443,2564
1232,-417,2597
1204,-400,2610
1156,-383,2615
1152,-359,2619
1199,-338,2629
1260,-332,2634
1311,-339,2640
1349,-355,2634
1368,-370,2621
1363,-382,2608
1340,-394,2597
1306,-411,2597
1273,-435,2606
1247,-470,2630
1231,-518,2672
1211,-581,2713
1182,-656,2750
1151,-731,2778
1135,-782,2785
1103,-834,2786
1054,-891,2780
998,-954,2769
946,-1021,2757
911,-1092,2750
895,-1166,2747
887,-1238,2731
878,-1305,2704
861,-1362,2663
838,-1419,2616
816,-1476,2548
784,-1523,2465
748,-1546,2346
722,-1541,2185
712,-1516,2010
713,-1481,1805
708,-1440,1607
704,-1392,1433
697,-1332,1250
687,-1261,1056
660,-1181,877
610,-1096,695
547,-1012,526
486,-937,382
444,-879,248
431,-835,117
428,-807,33
420,-802,17
404,-818,40
384,-844,92
400,-855,175
439,-850,327
457,-853,450
421,-884,525
322,-930,550
185,-971,512
41,-985,448
-70,-959,354
-138,-897,221
-184,-821,99
-240,-755,-17
-327,-711,-108
-428,-689,-183
-506,-673,-221
-544,-659,-228
-560,-647,-231
-577,-637,-249
-603,-629,-285
-629,-618,-326
-648,-606,-365
-652,-596,-393
-654,-591,-424
-660,-591,-466
-678,-590,-510
-699,-581,-545
-698,-547,-566
-685,-525,-604
-654,-519,-612
-597,-508,-603
-520,-487,-583
-437,-448,-544
-347,-396,-500
-256,-330,-453
-179,-262,-400
-121,-197,-351
-81,-137,-307
-54,-82,-270
-35,-33,-234
-13,7,-209
10,44,-189
37,78,-170
55,109,-144
55,139,-110
33,168,-81
-6,199,-65
-52,236,-57
-98,276,-61
-136,320,-70
-153,365,-80
-153,409,-81
-144,444,-75
-125,475,-57
-107,500,-41
-102,512,-35
-109,517,-33
-111,515,-32
-97,509,-36
-86,497,-40
-91,479,-45
-104,459,-39
-118,436,-34
-124,412,-28
-117,390,-25
-104,372,-24
-89,359,-21
-80,349,-19
-78,338,-15
-79,325,-3
-68,311,27
-40,301,67
-10,297,106
4,294,137
14,298,165
36,305,198
59,313,238
68,315,272
61,306,293
30,286,319
-24,252,346
-87,208,388
-142,154,440
-194,97,514
-258,44,693
-496,32,868
-1289,28,-93
-2246,-61,-219
-2068,-167,368
-893,-244,885
119,-318,1198
614,-438,1286
640,-590,1286
366,-751,1343
4,-890,1434
-345,-1003,1495
-557,-1097,1541
-478,-1161,1597
-128,-1187,1669
296,-1191,1738
639,-1190,1795
879,-1181,1777
1020,-1166,1726
1075,-1141,1750
1048,-1097,1842
975,-1061,1847
825,-1012,1834
647,-955,1799
476,-894,1755
351,-841,1769
306,-804,1857
336,-794,1964
386,-805,2057
407,-830,2135
399,-852,2210
382,-866,2289
379,-869,2367
380,-865,2431
370,-849,2474
369,-814,2504
407,-762,2522
502,-699,2531
639,-637,2529
788,-587,2507
925,-544,2478
1045,-498,2453
1148,-447,2420
1223,-400,2392
1280,-356,2370
1320,-326,2364
1340,-306,2365
1344,-296,2378
1330,-288,2405
1305,-278,2436
1270,-270,2487
1234,-277,2546
1206,-301,2616
1189,-336,2704
1168,-382,2808
1133,-444,2915
1094,-518,3023
1065,-593,3126
1041,-667,3234
1013,-738,3349
991,-813,3448
982,-889,3521
985,-965,3552
982,-1038,3545
961,-1112,3489
935,-1170,3388
913,-1209,3265
889,-1242,3128
869,-1267,2957
861,-1275,2754
870,-1256,2531
881,-1214,2305
873,-1174,2082
850,-1143,1869
817,-1105,1658
779,-1049,1449
741,-980,1253
700,-907,1044
653,-838,847
606,-775,667
561,-719,502
518,-670,355
471,-638,261
417,-627,251
356,-649,342
274,-709,493
181,-805,687
132,-909,853
136,-995,986
162,-1055,1070
180,-1099,1107
173,-1134,1081
157,-1166,974
141,-1189,824
111,-1198,648
37,-1193,471
-80,-1183,297
-200,-1166,127
-289,-1143,-23
-346,-1122,-150
-375,-1101,-237
-388,-1074,-289
-390,-1035,-320
-396,-992,-356
-414,-947,-389
-451,-901,-422
-495,-855,-455
-510,-807,-475
-501,-757,-466
-484,-710,-441
-475,-671,-401
-483,-643,-357
-521,-624,-322
-565,-602,-291
-582,-569,-250
-575,-523,-203
-569,-473,-151
-585,-424,-114
-610,-379,-86
-612,-333,-51
-580,-287,-15
-529,-240,9
-492,-204,25
-492,-178,34
-513,-153,42
-518,-123,53
-492,-81,65
-439,-34,75
-398,15,88
-378,65,106
-368,111,109
-378,158,102
-419,210,81
-468,266,73
-519,327,74
-581,382,90
-650,432,104
-727,480,111
-799,535,127
-872,593,142
-869,679,-90
-1022,808,343
-1657,822,241
-3415,458,-2609
-3750,355,-1208
-1600,580,-250
155,870,-132
991,1180,-148
1789,1275,-326
2089,1242,-2
1479,1174,109
498,1208,-86
-541,1223,-105
-960,1178,-79
-375,1077,197
575,997,354
1051,1024,458
894,1141,468
497,1302,417
263,1432,305
224,1469,122
223,1409,-34
164,1315,-8
68,1228,8
23,1148,-5
77,1102,-2
175,1095,13
238,1088,28
247,1045,37
223,962,45
187,856,43
144,741,48
111,638,51
105,564,65
125,510,96
174,471,147
228,435,197
252,389,241
237,335,296
209,276,348
197,218,404
213,159,469
263,94,543
331,27,618
412,-34,713
513,-85,839
632,-126,983
746,-169,1103
827,-218,1195
866,-267,1323
884,-310,1478
890,-350,1625
870,-384,1755
809,-411,1852
696,-446,1889
564,-491,1901
476,-539,1895
467,-590,1892
498,-648,1889
527,-720,1915
533,-796,1937
519,-863,1948
496,-911,1968
477,-938,2014
469,-937,2056
482,-903,2116
507,-855,2213
531,-825,2333
555,-823,2451
588,-850,2544
635,-893,2623
701,-947,2690
777,-1003,2758
849,-1061,2834
893,-1117,2919
901,-1167,2996
883,-1212,3053
855,-1253,3082
835,-1285,3093
827,-1299,3079
835,-1302,3055
850,-1308,3012
874,-1319,2956
910,-1322,2895
948,-1321,2833
977,-1317,2770
1000,-1308,2702
1030,-1306,2639
1070,-1299,2570
1118,-1296,2527
1152,-1311,2495
1172,-1346,2475
1183,-1392,2471
1191,-1444,2485
1191,-1490,2506
1188,-1527,2530
1189,-1557,2561
1202,-1592,2599
1212,-1644,2626
1196,-1703,2626
1143,-1752,2581
1073,-1779,2492
1003,-1782,2356
932,-1764,2173
863,-1727,1958
803,-1671,1705
752,-1601,1448
713,-1524,1199
673,-1443,942
623,-1359,683
564,-1274,451
502,-1194,258
437,-1116,77
370,-1049,-57
310,-992,-176
247,-962,-255
202,-958,-328
172,-982,-352
152,-1035,-267
162,-1108,-121
226,-1164,129
363,-1156,482
516,-1101,813
568,-1039,1002
482,-975,958
326,-897,778
160,-788,572
-26,-660,353
-296,-569,105
-621,-549,-141
-860,-552,-378
-925,-555,-562
-908,-582,-738
-908,-652,-898
-945,-733,-1037
-939,-785,-1143
-845,-812,-1185
-680,-845,-1155
-523,-891,-1079
-443,-940,-966
-441,-961,-874
-487,-925,-800
-548,-829,-750
-604,-695,-698
-634,-550,-641
-631,-421,-576
-595,-326,-511
-542,-275,-441
-481,-259,-361
-427,-267,-271
-395,-278,-182
-383,-275,-104
-385,-248,-37
-403,-198,18
-443,-133,45
-494,-64,53
-547,2,59
-597,61,61
-636,108,62
-667,143,61
-688,165,59
-692,181,55
-674,193,61
-640,204,78
-603,209,94
-569,205,114
-540,207,133
-518,210,146
-496,213,158
-474,215,174
-447,221,180
-413,233,188
-381,249,193
-350,269,204
-325,288,228
-288,304,261
-315,314,286
-279,382,373
-563,481,387
-1504,515,-359
-1565,398,-501
-918,225,-360
-212,81,-118
296,-35,79
495,-105,266
544,-119,349
582,-83,355
646,-32,391
729,-20,463
815,-73,552
871,-187,655
886,-348,745
895,-500,853
958,-571,974
1140,-527,1080
1352,-403,1151
1536,-276,1180
1651,-191,1183
1641,-152,1198
1522,-147,1224
1335,-162,1253
1134,-185,1309
961,-219,1383
834,-265,1480
746,-315,1566
674,-351,1615
604,-368,1658
555,-369,1713
551,-365,1789
575,-368,1882
586,-387,1980
559,-419,2068
514,-453,2142
474,-480,2202
457,-491,2236
469,-484,2247
500,-472,2292
542,-472,2365
576,-490,2437
597,-522,2505
622,-557,2555
666,-584,2601
736,-595,2633
819,-597,2654
893,-607,2684
953,-627,2729
990,-656,2784
1009,-685,2828
1018,-712,2859
1031,-739,2877
1049,-753,2867
1075,-753,2848
1088,-745,2816
1084,-741,2783
1061,-747,2753
1036,-762,2719
1024,-775,2694
1025,-787,2670
1022,-793,2649
1018,-799,2645
1016,-814,2651
1007,-836,2675
992,-864,2718
975,-893,2782
967,-927,2859
969,-975,2941
955,-1041,3021
920,-1119,3105
878,-1209,3178
851,-1307,3233
825,-1395,3250
778,-1473,3237
700,-1547,3167
610,-1595,3030
546,-1607,2856
529,-1589,2656
538,-1559,2430
529,-1517,2192
501,-1460,1944
472,-1391,1698
461,-1316,1452
454,-1234,1215
446,-1145,983
447,-1053,759
466,-961,548
494,-871,340
519,-784,157
532,-710,19
538,-660,-53
530,-647,-85
495,-664,-76
410,-716,-17
284,-802,81
165,-910,239
86,-1035,437
71,-1142,615
114,-1202,789
162,-1202,918
178,-1134,1013
157,-1022,1091
101,-907,1091
12,-822,1002
-108,-785,860
-252,-791,672
-390,-793,462
-485,-765,263
-526,-720,95
-507,-655,-25
-502,-632,-139
-504,-622,-204
-536,-650,-284
-585,-684,-338
-628,-712,-400
-665,-728,-450
-680,-721,-472
-656,-695,-464
-599,-644,-444
-532,-580,-422
-487,-508,-406
-471,-426,-398
-470,-340,-398
-476,-247,-385
-480,-156,-349
-462,-72,-293
-421,-2,-220
-357,54,-145
-292,91,-76
-235,112,-9
-188,120,46
-153,126,82
-134,133,108
-123,152,122
-114,182,128
-110,221,129
-105,266,140
-101,309,143
-112,340,128
-140,359,108
-171,368,92
-186,374,67
-177,378,35
-154,381,20
-119,386,24
-73,389,26
-42,395,25
-44,402,22
-62,417,22
-61,444,27
-23,481,41
38,524,61
103,564,84
163,594,106
208,615,115
228,626,114
228,635,100
221,650,77
217,671,58
220,695,47
227,724,48
235,754,58
230,782,68
190,807,76
119,831,91
37,852,103
-39,870,118
-92,886,135
-132,892,151
-169,896,142
-200,898,109
-286,904,998
-490,954,1567
-137,1083,-929
119,1431,-1293
472,1879,-964
244,1797,-1445
-200,969,-1324
-428,13,-1058
-660,-496,-698
-733,-704,-429
-332,-645,-426
280,-351,-348
767,37,-225
1074,452,-66
1163,836,91
986,1099,181
622,1174,164
257,1058,112
64,810,110
105,542,155
253,334,208
385,212,258
463,166,291
488,176,314
477,219,357
440,264,433
384,289,541
318,271,653
249,214,783
198,140,926
181,80,1063
204,55,1202
242,63,1301
264,91,1364
251,113,1410
221,117,1470
207,91,1544
222,11,1588
285,-97,1626
383,-212,1644
498,-324,1664
631,-424,1686
779,-514,1736
930,-587,1804
1067,-650,1861
1169,-706,1915
1212,-758,1940
1176,-807,1935
1067,-840,1913
938,-847,1896
854,-823,1924
841,-785,2010
864,-759,2142
867,-764,2277
835,-794,2387
763,-839,2486
667,-877,2573
567,-895,2665
485,-898,2743
427,-896,2823
409,-904,2917
430,-933,3029
472,-980,3145
512,-1027,3245
545,-1059,3326
565,-1076,3384
581,-1081,3404
606,-1081,3384
648,-1089,3341
706,-1101,3273
766,-1104,3196
813,-1089,3138
854,-1073,3071
906,-1065,3009
962,-1071,2953
1022,-1089,2920
1086,-1122,2935
1144,-1173,2987
1178,-1247,3032
1175,-1329,3047
1139,-1397,3014
1100,-1434,2937
1080,-1449,2829
1086,-1460,2688
1082,-1473,2509
1034,-1483,2290
948,-1481,2032
846,-1467,1754
750,-1445,1457
663,-1406,1163
587,-1349,882
521,-1273,634
464,-1187,414
399,-1103,217
318,-1023,59
230,-969,-33
137,-951,-76
35,-964,-59
-85,-997,48
-218,-1068,245
-298,-1167,536
-300,-1266,788
-242,-1320,1011
-177,-1297,1261
-141,-1204,1406
-137,-1065,1356
-161,-927,1147
-197,-834,862
-240,-814,574
-306,-853,296
-346,-885,70
-391,-928,-138
-446,-1005,-291
-490,-1078,-437
-489,-1111,-568
-423,-1086,-670
-309,-1012,-727
-199,-908,-741
-151,-801,-726
-187,-702,-704
-283,-615,-659
-393,-530,-596
-479,-439,-509
-529,-342,-394
-547,-250,-251
-555,-158,-108
-570,-70,6
-594,22,105
-620,113,181
-646,198,208
-678,274,191
-695,347,157
-673,413,105
-629,467,23
-567,508,-47
-496,540,-77
-423,557,-92
-345,571,-122
-257,592,-181
-158,629,-238
-56,677,-278
50,732,-308
136,779,-348
198,816,-393
254,845,-439
311,874,-489
368,904,-528
408,928,-532
432,943,-511
434,952,-468
418,962,-411
404,986,-357
401,1016,-325
400,1048,-313
391,1070,-221
330,1080,1689
576,1254,-1239
556,1320,-2757
-728,1048,-1228
-1775,563,-1175
-1280,285,-1076
25,290,-638
896,363,-633
1133,426,-786
995,485,-491
659,533,-198
376,586,-77
256,656,-35
231,727,-37
223,759,-40
256,715,-53
401,616,-20
604,513,35
764,441,71
820,404,29
756,396,-44
598,402,-109
436,407,-158
346,394,-180
354,354,-161
422,285,-107
486,202,-33
513,118,48
502,43,127
467,-11,196
425,-45,259
384,-56,322
339,-55,372
286,-50,420
233,-49,475
201,-56,521
190,-71,558
191,-99,596
209,-137,646
229,-187,681
244,-241,719
275,-289,778
348,-327,892
473,-349,1038
621,-367,1180
749,-383,1304
831,-399,1401
864,-411,1498
875,-408,1592
868,-393,1682
850,-366,1768
824,-325,1839
793,-276,1881
760,-234,1906
734,-231,1909
727,-287,1916
737,-387,1949
751,-514,2006
748,-654,2061
711,-777,2095
645,-846,2109
584,-853,2114
542,-811,2114
528,-750,2123
537,-701,2165
558,-701,2227
590,-748,2298
640,-825,2394
714,-906,2500
813,-963,2607
929,-987,2713
1039,-992,2805
1136,-993,2883
1210,-1006,2944
1264,-1028,2980
1302,-1052,3011
1331,-1074,3024
1360,-1087,3030
1381,-1099,3026
1381,-1115,3013
1364,-1138,2998
1343,-1156,2963
1320,-1161,2917
1284,-1163,2875
1227,-1182,2852
1144,-1222,2835
1052,-1270,2816
973,-1308,2796
917,-1340,2781
872,-1374,2768
822,-1417,2744
768,-1461,2704
714,-1496,2635
675,-1505,2522
643,-1478,2362
618,-1424,2160
594,-1363,1935
567,-1303,1698
527,-1240,1458
478,-1173,1232
426,-1102,1009
368,-1032,791
307,-963,595
246,-897,408
192,-842,259
154,-799,124
130,-767,15
109,-742,-56
73,-733,-63
27,-750,5
-20,-796,149
-69,-879,326
-91,-972,539
-63,-1038,782
-14,-1050,995
-6,-1010,1128
-54,-934,1159
-97,-820,1028
-83,-675,802
-43,-542,539
-64,-470,255
-197,-478,-24
-374,-530,-272
-487,-589,-459
-517,-651,-608
-542,-705,-690
-582,-753,-759
-594,-777,-787
-538,-760,-795
-420,-710,-761
-297,-635,-707
-221,-557,-653
-207,-486,-620
-231,-424,-593
-276,-364,-563
-317,-298,-520
-343,-228,-465
-360,-157,-399
-377,-93,-327
-404,-39,-268
-434,7,-215
-448,47,-170
-451,84,-134
-453,117,-100
-457,146,-68
-462,176,-47
-465,203,-32
-456,228,-29
-440,251,-36
-427,270,-41
-427,285,-49
-433,294,-54
-431,303,-49
-415,311,-35
-384,318,-21
-340,324,-4
-290,334,22
-243,340,40
-199,345,52
-161,348,63
-131,350,71
-109,350,69
-91,351,63
-70,358,53
-49,367,60
-26,372,77
-7,373,88
5,368,100
14,360,115
24,349,128
38,337,144
67,329,171
98,326,263
69,322,475
94,372,615
259,460,610
463,569,345
635,730,-430
524,910,-763
269,1042,-533
103,954,-606
29,555,-663
55,-21,-581
154,-382,-309
255,-537,-164
299,-598,-119
322,-572,39
373,-461,227
484,-294,369
619,-105,543
724,74,570
763,227,592
753,354,685
733,441,768
731,468,864
763,426,1004
815,327,1107
866,194,1198
907,64,1300
947,-46,1425
1000,-124,1580
1065,-168,1729
1126,-185,1856
1171,-180,1957
1198,-162,2029
1193,-144,2050
1155,-131,2019
1095,-128,1948
1030,-142,1866
980,-174,1789
940,-238,1722
887,-347,1652
809,-498,1568
790,-619,1517
780,-712,1494
771,-774,1492
770,-790,1499
765,-758,1529
736,-701,1571
682,-650,1621
633,-621,1696
616,-642,1804
647,-717,1934
719,-825,2078
803,-943,2219
859,-1056,2351
870,-1150,2478
843,-1219,2597
787,-1264,2701
717,-1288,2786
642,-1301,2842
573,-1311,2876
520,-1326,2891
492,-1347,2895
487,-1358,2877
498,-1361,2857
507,-1361,2820
523,-1358,2771
552,-1342,2718
599,-1313,2673
648,-1283,2628
679,-1260,2584
709,-1247,2537
762,-1242,2510
844,-1245,2503
954,-1262,2527
1070,-1302,2582
1160,-1370,2661
1199,-1459,2740
1191,-1549,2789
1169,-1624,2799
1148,-1678,2778
1112,-1726,2729
1037,-1779,2640
922,-1827,2508
793,-1847,2349
678,-1837,2166
589,-1794,1954
516,-1734,1739
444,-1663,1498
378,-1583,1247
328,-1492,984
288,-1392,745
256,-1281,524
227,-1169,319
208,-1065,137
196,-978,-10
191,-920,-85
186,-892,-111
162,-892,-45
98,-938,111
27,-1024,317
-18,-1128,517
-19,-1227,662
15,-1298,861
109,-1315,1027
256,-1263,1069
352,-1167,983
296,-1092,777
112,-1091,504
-117,-1156,249
-316,-1244,28
-432,-1306,-153
-454,-1319,-302
-413,-1298,-417
-377,-1255,-522
-377,-1201,-628
-427,-1147,-743
-511,-1099,-843
-605,-1053,-934
-683,-989,-1014
-736,-902,-1053
-767,-795,-1064
-783,-674,-1041
-800,-556,-994
-825,-449,-923
-853,-355,-847
-862,-269,-766
-845,-181,-683
-809,-88,-603
-762,4,-504
-708,97,-383
-662,181,-268
-643,245,-165
-643,295,-82
-636,333,-29
-598,367,-3
-523,393,25
-446,409,50
-396,410,68
-373,404,80
-349,394,88
-314,383,81
-270,378,65
-214,380,46
-152,391,41
-102,408,60
-48,433,64
11,462,76
79,485,92
137,499,96
171,505,96
182,506,103
189,508,113
198,512,139
214,523,165
229,534,192
244,547,216
260,558,226
274,570,226
288,584,226
291,594,223
283,599,218
271,600,491
244,633,948
296,775,19
359,917,-530
432,1015,-449
218,958,-301
-153,767,-319
-382,533,-185
-304,298,-112
-12,103,-52
288,-24,45
464,-94,166
482,-115,281
396,-89,395
297,-27,474
245,51,516
253,128,569
311,197,664
400,247,814
513,271,984
645,275,1140
778,259,1272
897,234,1399
989,209,1533
1046,190,1653
1068,178,1730
1051,171,1746
1005,166,1724
958,164,1687
938,157,1662
946,143,1642
985,103,1637
1048,31,1640
1124,-63,1649
1189,-164,1662
1232,-256,1672
1237,-333,1688
1214,-383,1751
1157,-399,1788
1071,-379,1815
976,-321,1822
897,-253,1849
846,-217,1907
815,-240,2003
783,-328,2109
735,-462,2207
675,-609,2292
606,-732,2374
544,-804,2457
484,-824,2547
426,-818,2632
369,-819,2713
320,-845,2801
293,-906,2888
287,-986,2954
307,-1064,2998
356,-1122,3013
428,-1146,3004
497,-1155,3001
563,-1157,2971
628,-1169,2951
695,-1197,2916
777,-1232,2880
881,-1265,2843
998,-1287,2807
1113,-1294,2765
1208,-1302,2733
1276,-1328,2710
1312,-1374,2685
1344,-1417,2654
1376,-1442,2614
1386,-1458,2589
1357,-1486,2574
1308,-1529,2566
1259,-1575,2562
1227,-1615,2553
1212,-1641,2529
1201,-1659,2491
1168,-1673,2423
1106,-1682,2319
1033,-1683,2191
960,-1676,2042
903,-1662,1883
863,-1635,1711
823,-1588,1539
780,-1524,1360
736,-1445,1183
693,-1365,1017
648,-1287,855
596,-1217,689
534,-1147,530
469,-1074,387
407,-1005,263
345,-949,156
289,-904,61
245,-877,-11
206,-869,-26
186,-872,-3
189,-866,74
223,-817,214
282,-728,461
347,-612,653
397,-473,613
393,-316,413
318,-154,133
193,-10,-98
41,98,-309
-140,161,-495
-358,153,-594
-547,81,-656
-619,-15,-687
-546,-94,-688
-403,-128,-684
-264,-113,-684
-160,-71,-699
-91,-31,-714
-79,-19,-746
-158,-47,-805
-320,-104,-869
-502,-165,-933
-629,-206,-983
-685,-211,-999
-693,-187,-983
-692,-147,-954
-707,-114,-919
-719,-87,-886
-732,-74,-866
-731,-77,-846
-714,-88,-811
-676,-105,-762
-624,-123,-695
-573,-143,-620
-516,-159,-537
-453,-175,-454
-400,-200,-366
-371,-232,-272
-371,-277,-184
-404,-342,-107
-465,-419,-60
-523,-505,-34
-553,-591,-20
-558,-668,-10
-551,-727,-3
-541,-765,14
-537,-789,54
-539,-808,119
-548,-830,200
-567,-866,279
-594,-910,353
-614,-950,411
-615,-976,451
-594,-986,484
-555,-981,501
-520,-970,511
-501,-958,523
-495,-953,530
-492,-954,526
-485,-957,521
-464,-962,524
-394,-839,267
-496,-720,421
-873,-763,275
-1372,-889,400
-1484,-924,259
-1385,-918,73
-953,-886,264
-325,-861,521
92,-883,753
196,-988,815
147,-1085,849
113,-1117,836
153,-1073,849
272,-986,839
402,-885,842
460,-782,906
493,-664,972
558,-552,1057
664,-468,1123
825,-414,1186
1017,-396,1223
1205,-403,1267
1329,-418,1301
1333,-434,1351
1214,-443,1398
1029,-435,1426
857,-406,1449
744,-362,1476
682,-316,1517
640,-283,1572
601,-272,1655
570,-286,1753
553,-325,1854
549,-380,1962
550,-439,2074
545,-496,2170
540,-535,2254
552,-554,2325
601,-554,2375
673,-535,2408
762,-508,2433
859,-494,2442
961,-503,2454
1064,-516,2460
1155,-541,2462
1211,-561,2461
1240,-573,2468
1244,-570,2461
1239,-566,2479
1232,-551,2459
1233,-539,2475
1237,-550,2493
1250,-580,2529
1282,-597,2569
1319,-592,2604
1340,-594,2639
1342,-606,2678
1335,-610,2714
1332,-596,2743
1330,-566,2765
1330,-531,2795
1336,-500,2827
1346,-480,2869
1359,-471,2919
1371,-470,2964
1371,-472,3007
1359,-480,3038
1336,-495,3057
1303,-514,3051
1264,-544,3041
1214,-591,3032
1166,-658,3020
1138,-739,3009
1127,-831,2986
1109,-928,2949
1078,-1017,2898
1056,-1092,2825
1034,-1156,2742
994,-1217,2667
941,-1289,2590
889,-1358,2501
848,-1413,2396
830,-1444,2276
831,-1455,2136
847,-1446,1980
862,-1416,1805
866,-1363,1588
853,-1292,1376
827,-1217,1221
794,-1130,1083
761,-1030,927
728,-919,776
697,-811,632
667,-710,495
637,-625,365
607,-551,237
578,-492,109
543,-445,-23
501,-414,-120
467,-391,-200
443,-377,-204
432,-371,-194
444,-351,-143
485,-299,49
554,-228,299
610,-152,451
620,-71,409
609,48,190
592,221,-41
551,433,-213
403,636,-328
88,745,-451
-359,725,-582
-779,616,-687
-982,500,-742
-931,420,-749
-742,389,-732
-553,394,-707
-389,411,-687
-256,406,-710
-174,349,-757
-165,235,-799
-228,92,-817
-326,-28,-831
-422,-105,-851
-509,-146,-860
-547,-146,-867
-566,-145,-872
-531,-145,-846
-440,-144,-812
-340,-154,-749
-265,-182,-650
-223,-231,-545
-187,-288,-445
-138,-345,-351
-64,-395,-261
14,-442,-176
44,-492,-83
19,-548,1
-37,-603,75
-106,-660,132
-168,-708,167
-216,-750,188
-254,-785,190
-299,-815,175
-345,-838,154
-387,-857,134
-429,-873,116
-474,-885,105
-529,-892,90
-594,-895,75
-648,-893,70
-671,-888,70
-668,-884,76
-652,-888,95
-626,-901,118
-595,-917,137
-555,-935,171
-505,-953,215
-451,-971,274
-411,-969,252
-399,-852,462
-364,-697,610
-1187,-761,-140
-2131,-907,-420
-1773,-814,-122
-765,-849,218
41,-949,502
262,-1174,750
110,-1417,852
-78,-1520,832
-131,-1453,800
-69,-1292,791
-7,-1109,782
-6,-953,796
-37,-827,795
-61,-723,779
-41,-636,757
42,-562,735
183,-511,734
363,-492,737
552,-508,748
716,-553,761
814,-616,761
817,-682,780
735,-730,816
621,-743,864
534,-706,915
493,-627,971
479,-532,1029
474,-449,1090
471,-387,1151
473,-352,1221
478,-342,1302
492,-352,1383
523,-368,1462
571,-384,1540
626,-398,1616
687,-404,1685
751,-401,1745
813,-392,1799
866,-378,1855
920,-363,1906
986,-348,1954
1067,-335,1990
1155,-322,2020
1238,-309,2049
1300,-302,2073
1331,-297,2111
1336,-297,2142
1320,-302,2167
1277,-305,2206
1217,-313,2232
1150,-317,2281
1092,-317,2364
1034,-324,2438
985,-326,2520
947,-331,2596
925,-344,2653
914,-359,2689
909,-370,2730
913,-382,2747
924,-396,2790
937,-421,2836
967,-434,2877
995,-447,2927
1018,-464,2977
1038,-477,3025
1061,-479,3059
1094,-464,3078
1149,-439,3092
1222,-419,3096
1285,-409,3101
1326,-408,3098
1344,-408,3084
1348,-406,3064
1349,-407,3041
1355,-420,3028
1357,-446,3024
1348,-489,3029
1324,-552,3035
1283,-630,3056
1232,-726,3087
1181,-833,3121
1131,-943,3155
1087,-1056,3182
1041,-1178,3193
970,-1306,3187
874,-1427,3137
775,-1531,3065
696,-1612,2960
631,-1667,2827
569,-1691,2652
533,-1682,2456
519,-1648,2225
501,-1596,1994
479,-1529,1760
470,-1449,1561
481,-1360,1371
493,-1262,1149
493,-1155,942
481,-1043,746
464,-938,555
446,-837,359
433,-754,172
416,-688,5
390,-640,-124
346,-607,-181
291,-595,-125
228,-613,-19
183,-640,155
171,-666,360
169,-693,658
159,-723,907
132,-746,956
92,-754,844
89,-706,659
120,-593,448
93,-453,254
-83,-364,53
-376,-359,-147
-621,-398,-344
-693,-443,-476
-665,-524,-601
-602,-604,-717
-530,-664,-821
-447,-718,-884
-350,-751,-910
-277,-779,-917
-260,-803,-912
-306,-820,-917
-406,-824,-941
-533,-812,-975
-651,-776,-1006
-736,-718,-1015
-773,-644,-993
-762,-562,-947
-729,-491,-872
-681,-442,-778
-627,-412,-671
-576,-395,-561
-530,-383,-451
-484,-368,-338
-439,-350,-223
-405,-328,-122
-393,-300,-41
-399,-269,19
-414,-232,53
-436,-194,58
-467,-152,37
-494,-114,8
-510,-76,-19
-513,-43,-41
-505,-17,-61
-492,2,-72
-476,17,-74
-464,26,-69
-456,32,-58
-453,37,-40
-454,42,-17
-453,44,7
-449,48,39
-435,55,84
-416,62,132
-387,69,184
-377,73,509
-594,77,1779
-473,171,-380
-473,176,-1070
-980,186,-258
-1275,233,-440
-1022,273,-480
-639,273,-259
-555,195,-286
-716,43,-313
-792,-122,-213
-605,-261,-96
-368,-360,74
-264,-432,306
-232,-465,471
-177,-455,590
-62,-417,683
92,-372,733
236,-325,762
369,-266,836
510,-195,965
664,-137,1033
830,-106,1063
1011,-106,1137
1196,-127,1222
1349,-170,1309
1443,-221,1409
1471,-272,1477
1435,-316,1520
1372,-338,1562
1323,-334,1593
1326,-308,1620
1384,-272,1642
1473,-240,1680
1552,-220,1734
1602,-219,1783
1601,-232,1811
1540,-254,1829
1435,-277,1845
1314,-299,1853
1202,-316,1855
1103,-336,1861
1019,-363,1885
948,-400,1919
906,-445,1955
900,-488,1987
914,-524,2019
918,-552,2050
891,-571,2089
844,-590,2134
802,-610,2171
775,-633,2206
761,-664,2241
758,-698,2294
765,-737,2360
785,-774,2437
814,-811,2516
854,-850,2587
895,-885,2652
931,-912,2711
961,-924,2752
984,-922,2776
1002,-915,2790
1025,-906,2795
1059,-891,2788
1093,-873,2779
1109,-851,2766
1104,-831,2744
1099,-812,2700
1107,-789,2659
1131,-768,2616
1158,-750,2575
1180,-742,2554
1198,-747,2551
1216,-767,2564
1232,-804,2584
1231,-854,2608
1218,-905,2634
1205,-954,2661
1199,-1008,2689
1182,-1078,2716
1146,-1162,2742
1090,-1250,2765
1016,-1342,2793
931,-1439,2805
844,-1530,2783
773,-1601,2751
714,-1654,2696
659,-1702,2620
604,-1750,2502
545,-1783,2348
501,-1780,2180
496,-1735,1998
523,-1659,1794
552,-1562,1563
574,-1457,1347
599,-1354,1141
619,-1255,939
633,-1155,749
641,-1054,571
644,-950,421
641,-849,275
624,-757,120
592,-674,-25
549,-605,-117
487,-557,-123
408,-539,-56
328,-546,100
264,-562,329
224,-578,559
178,-597,764
100,-617,899
17,-613,877
-26,-564,743
-21,-470,563
3,-342,350
-21,-222,128
-155,-155,-79
-342,-150,-272
-464,-184,-448
-463,-238,-569
-389,-302,-648
-312,-361,-710
-248,-391,-766
-199,-398,-827
-149,-384,-876
-104,-360,-913
-98,-333,-933
-148,-310,-947
-242,-292,-959
-362,-282,-968
-476,-278,-971
-565,-279,-963
-623,-279,-952
-663,-278,-930
-684,-271,-890
-685,-257,-838
-671,-238,-768
-650,-219,-697
-618,-201,-623
-579,-181,-547
-537,-165,-467
-502,-156,-387
-475,-151,-303
-452,-153,-219
-429,-162,-145
-411,-175,-87
-411,-191,-47
-425,-208,-20
-451,-223,-8
-486,-234,0
-526,-240,0
-557,-242,-1
-560,-238,-9
-530,-231,-18
-472,-220,-18
-400,-206,-9
-336,-194,-1
-301,-186,1
-292,-181,-4
-285,-184,-7
-280,-194,-15
-282,-207,-10
-287,-221,-6
-269,-232,-6
-234,-239,10
-193,-246,47
-162,-252,94
-145,-260,149
-146,-271,212
-167,-286,268
-203,-303,318
-246,-317,364
-282,-327,408
-311,-335,459
-331,-338,514
-344,-342,578
-348,-348,644
-346,-355,713
-345,-360,783
-346,-366,854
-340,-371,943
-310,-371,1002
-311,-365,1013
-351,-355,1156
-506,-332,1287
-780,-246,819
-1030,-213,767
-1098,-206,1033
-775,-200,1106
-236,-228,1256
215,-282,1333
502,-343,1284
657,-401,1246
728,-422,1311
704,-437,1369
662,-434,1378
647,-421,1410
663,-400,1413
685,-337,1404
749,-259,1470
883,-207,1551
1102,-201,1630
1367,-233,1716
1598,-279,1804
1707,-319,1884
1652,-344,1956
1464,-350,2010
1229,-334,2048
1010,-313,2076
827,-308,2111
671,-328,2159
535,-366,2224
427,-405,2299
355,-437,2378
312,-454,2454
284,-464,2539
255,-475,2629
231,-493,2721
227,-521,2815
249,-552,2907
296,-575,2988
365,-580,3052
444,-577,3102
526,-578,3130
630,-577,3141
754,-576,3140
881,-572,3118
998,-564,3081
1100,-546,3018
1196,-520,2950
1290,-490,2878
1379,-466,2809
1459,-452,2749
1523,-456,2699
1562,-467,2665
1570,-484,2646
1551,-507,2638
1520,-534,2639
1481,-563,2651
1442,-599,2668
1393,-644,2682
1336,-692,2697
1280,-737,2710
1223,-786,2720
1172,-834,2722
1136,-887,2727
1118,-950,2725
1094,-1014,2713
1056,-1075,2683
1022,-1122,2616
993,-1156,2513
958,-1175,2381
908,-1175,2231
856,-1158,2080
813,-1131,1918
783,-1093,1740
763,-1037,1540
753,-969,1324
750,-894,1143
754,-815,995
748,-737,825
723,-663,655
680,-596,495
628,-540,335
579,-490,160
541,-443,-10
517,-401,-137
499,-368,-181
483,-357,-163
454,-367,-117
415,-390,5
405,-406,187
440,-391,364
463,-351,536
440,-303,644
383,-261,654
324,-216,598
269,-163,459
199,-108,287
87,-69,83
-70,-61,-135
-234,-86,-317
-336,-124,-457
-346,-166,-550
-299,-210,-593
-237,-247,-605
-177,-282,-595
-105,-309,-579
-32,-328,-566
3,-344,-563
-13,-358,-567
-74,-373,-572
-160,-388,-576
-254,-403,-584
-344,-419,-606
-429,-435,-635
-499,-442,-658
-548,-440,-656
-560,-424,-638
-542,-397,-599
-507,-363,-544
-459,-333,-475
-411,-314,-392
-374,-305,-304
-352,-305,-220
-344,-312,-145
-343,-318,-83
-334,-323,-28
-314,-322,24
-301,-318,66
-312,-313,99
-353,-305,118
-411,-294,120
-464,-279,117
-493,-259,107
-496,-233,86
-481,-207,63
-461,-181,48
-430,-158,35
-391,-141,25
-362,-129,13
-351,-125,1
-352,-123,-6
-347,-120,-4
-326,-119,5
-290,-113,23
-249,-108,47
-208,-108,69
-182,-112,88
-177,-119,117
-191,-128,149
-216,-133,180
-239,-135,215
-240,-136,254
-229,-133,289
-225,-132,319
-238,-136,342
-263,-137,359
-289,-138,377
-297,-139,570
-247,-121,501
-250,-75,428
-363,-9,226
-569,55,291
-908,68,243
-1156,20,187
-1014,-24,313
-620,-51,434
-261,-78,397
-106,-130,386
-101,-161,446
-151,-190,496
-187,-224,633
-161,-259,813
-77,-304,887
11,-357,937
68,-407,989
94,-449,1059
120,-483,1156
189,-513,1301
323,-547,1420
508,-590,1469
708,-647,1506
899,-713,1562
1071,-781,1643
1240,-829,1716
1383,-852,1793
1471,-850,1872
1496,-829,1939
1498,-778,1990
1507,-724,2057
1527,-685,2116
1553,-663,2171
1568,-662,2209
1561,-668,2237
1522,-680,2273
1452,-691,2302
1355,-689,2330
1237,-673,2343
1115,-645,2349
1000,-618,2358
900,-607,2364
820,-615,2365
746,-646,2364
674,-684,2372
596,-717,2385
528,-746,2396
483,-769,2403
468,-784,2416
493,-790,2448
549,-790,2509
629,-785,2578
742,-765,2654
881,-732,2721
1030,-690,2776
1166,-639,2819
1272,-591,2849
1350,-546,2858
1415,-506,2859
1471,-475,2853
1515,-457,2843
1540,-456,2832
1543,-465,2819
1526,-482,2805
1486,-512,2793
1430,-555,2790
1362,-618,2800
1285,-694,2824
1204,-783,2859
1125,-882,2889
1046,-979,2917
964,-1077,2945
875,-1176,2957
795,-1270,2941
727,-1352,2900
674,-1422,2844
637,-1475,2763
612,-1506,2668
597,-1525,2554
596,-1523,2410
612,-1499,2248
625,-1455,2059
626,-1395,1858
620,-1321,1651
606,-1236,1444
588,-1143,1242
573,-1048,1070
567,-955,890
561,-860,697
551,-767,549
538,-687,403
517,-621,277
487,-577,212
445,-566,238
372,-588,275
255,-629,370
136,-671,559
88,-706,719
140,-717,821
234,-713,918
286,-715,939
252,-739,859
149,-782,721
28,-824,533
-71,-851,304
-164,-866,84
-264,-880,-97
-350,-895,-254
-392,-905,-374
-388,-904,-455
-361,-891,-523
-338,-867,-587
-328,-834,-658
-334,-794,-742
-349,-750,-805
-362,-701,-843
-388,-654,-850
-434,-613,-828
-481,-582,-784
-510,-558,-737
-526,-543,-680
-541,-535,-611
-563,-526,-529
-580,-508,-430
-592,-480,-325
-606,-439,-229
-610,-389,-146
-604,-331,-88
-588,-274,-56
-573,-222,-40
-571,-179,-42
-578,-147,-54
-587,-125,-69
-600,-110,-90
-614,-102,-121
-622,-96,-145
-624,-89,-156
-614,-77,-153
-593,-63,-136
-552,-46,-117
-513,-26,-91
-498,-3,-63
-502,18,-21
-506,41,25
-498,69,73
-487,97,118
-480,129,157
-478,162,188
-477,197,214
-456,236,247
-423,275,283
-402,311,318
-399,353,318
-419,421,234
-720,516,-16
-1212,587,-649
-1530,702,-706
-1111,710,-280
-349,603,54
89,382,198
138,169,227
69,48,411
49,30,530
67,100,594
64,236,589
15,387,513
-53,496,423
-105,522,368
-122,461,354
-128,352,390
-137,255,445
-146,206,496
-135,206,547
-96,242,589
-39,288,626
38,326,692
146,334,801
301,303,951
462,236,1077
597,144,1182
687,73,1254
752,37,1332
806,34,1399
851,55,1440
888,88,1473
928,114,1506
970,112,1548
1021,73,1589
1075,1,1622
1143,-96,1667
1226,-210,1727
1319,-326,1781
1416,-422,1841
1492,-491,1908
1525,-530,1969
1508,-542,2022
1451,-530,2063
1368,-505,2086
1271,-469,2104
1170,-438,2130
1075,-424,2151
974,-438,2182
843,-480,2261
683,-541,2353
520,-610,2465
384,-684,2564
281,-759,2663
195,-828,2761
117,-890,2839
51,-931,2901
16,-948,2946
28,-943,2972
82,-940,2988
164,-956,2995
273,-985,2996
403,-1011,2992
553,-1028,2985
713,-1034,2968
871,-1031,2934
1014,-1018,2884
1137,-998,2817
1233,-975,2760
1305,-964,2705
1361,-969,2666
1411,-990,2645
1443,-1022,2637
1443,-1063,2644
1410,-1124,2658
1353,-1198,2681
1293,-1282,2710
1231,-1367,2746
1163,-1451,2766
1088,-1527,2762
1020,-1595,2745
970,-1656,2718
935,-1711,2663
902,-1751,2561
862,-1764,2423
808,-1748,2255
755,-1698,2052
711,-1621,1836
684,-1521,1616
680,-1413,1401
683,-1298,1168
682,-1185,971
686,-1074,772
694,-969,612
701,-879,462
695,-796,316
667,-726,173
607,-667,2
510,-618,-175
412,-582,-330
350,-551,-460
326,-526,-564
335,-503,-659
355,-465,-766
389,-391,-772
448,-279,-565
552,-128,-318
674,58,-55
732,261,119
656,448,99
478,608,-72
278,730,-263
114,832,-524
-74,904,-795
-400,912,-1008
-800,868,-1156
-1089,839,-1263
-1184,867,-1288
-1136,933,-1268
-1041,1010,-1221
-930,1089,-1149
-792,1142,-1097
-638,1139,-1076
-516,1074,-1110
-463,955,-1172
-472,814,-1223
-511,681,-1259
-553,569,-1269
-582,489,-1251
-582,438,-1201
-529,410,-1125
-457,397,-1039
-397,382,-955
-340,357,-892
-280,319,-841
-208,269,-769
-97,209,-662
27,134,-531
134,36,-378
217,-79,-207
288,-205,-35
336,-334,114
354,-454,212
349,-556,259
316,-650,262
238,-731,212
117,-802,172
-9,-866,144
-117,-935,134
-200,-1011,150
-269,-1107,181
-346,-1216,212
-415,-1360,490
-352,-1451,951
-309,-1277,522
-477,-1233,-82
-1375,-1278,-437
-2519,-1268,-652
-2598,-1315,-801
-1465,-1466,-562
-233,-1866,-71
409,-2482,285
435,-3025,563
263,-3193,828
232,-2953,1102
289,-2487,1353
278,-2035,1509
174,-1743,1584
67,-1631,1595
59,-1637,1539
156,-1677,1525
280,-1682,1472
363,-1665,1363
389,-1651,1280
361,-1635,1164
284,-1587,1045
276,-1445,950
380,-1327,876
476,-1387,774
542,-1505,680
494,-1598,628
305,-1615,616
79,-1548,595
-68,-1433,588
-91,-1307,588
-15,-1221,593
105,-1197,615
230,-1232,626
346,-1296,632
450,-1354,643
541,-1377,659
604,-1358,675
637,-1305,707
646,-1232,756
631,-1154,797
596,-1084,829
564,-1013,858
553,-933,883
561,-846,902
572,-767,920
577,-704,947
587,-657,979
615,-623,1011
657,-600,1036
706,-581,1061
764,-557,1081
829,-530,1101
899,-508,1133
955,-497,1176
994,-490,1228
1020,-473,1294
1046,-437,1358
1056,-384,1404
1028,-320,1449
961,-257,1497
875,-200,1540
795,-138,1592
736,-71,1652
690,2,1716
647,75,1777
622,139,1824
629,197,1864
674,243,1896
748,275,1936
843,287,2002
944,279,2065
1044,264,2112
1132,244,2141
1193,217,2169
1225,181,2199
1218,142,2235
1165,103,2285
1094,67,2340
1033,49,2389
1000,53,2449
995,88,2483
999,142,2523
1004,199,2536
1006,257,2543
994,292,2547
970,288,2565
948,257,2592
939,202,2621
948,149,2657
963,100,2693
985,84,2723
997,74,2767
990,55,2802
974,20,2845
956,-32,2902
944,-114,2965
929,-217,3032
912,-327,3093
894,-431,3145
869,-532,3189
827,-635,3213
790,-739,3224
778,-840,3221
783,-934,3189
785,-1026,3144
785,-1119,3084
786,-1211,2988
784,-1281,2844
785,-1300,2674
797,-1271,2484
809,-1225,2253
808,-1187,2014
799,-1156,1780
783,-1115,1538
760,-1054,1294
748,-974,1065
750,-888,845
750,-804,632
741,-732,423
721,-664,206
682,-599,-10
624,-536,-216
548,-487,-357
452,-465,-380
341,-478,-338
219,-526,-210
153,-596,-37
183,-675,156
284,-758,296
385,-836,415
445,-908,532
467,-968,573
457,-997,538
411,-971,436
311,-890,283
136,-792,79
-83,-719,-128
-278,-687,-306
-381,-683,-449
-384,-685,-564
-358,-682,-666
-367,-667,-754
-419,-641,-814
-486,-608,-828
-557,-581,-824
-641,-563,-805
-742,-556,-780
-837,-547,-755
-904,-528,-745
-941,-495,-746
-947,-451,-748
-949,-402,-742
-951,-352,-728
-943,-301,-708
-918,-250,-691
-888,-201,-673
-849,-154,-632
-798,-108,-576
-723,-67,-518
-653,-40,-466
-572,-12,-418
-522,7,-384
-502,23,-350
-493,37,-305
-466,55,-260
-418,78,-206
-362,103,-161
-317,127,-118
-292,153,-74
-282,179,-36
-271,206,-5
-255,232,31
-244,259,84
-255,274,145
-267,290,215
-290,304,283
-331,310,336
-391,308,386
-453,300,440
-503,290,487
-537,284,540
-561,281,596
-627,298,1049
-911,397,564
-1739,515,-642
-2389,568,-422
-1745,454,-80
-665,255,361
-83,61,578
103,-84,623
121,-193,757
98,-245,830
80,-236,867
64,-186,910
38,-109,978
28,-34,1078
99,-9,1194
230,-53,1288
374,-140,1317
524,-254,1386
681,-341,1510
827,-371,1584
924,-342,1629
948,-268,1660
891,-175,1670
766,-95,1664
610,-47,1641
451,-31,1604
310,-41,1561
207,-57,1532
160,-66,1521
194,-70,1559
306,-72,1650
454,-93,1751
578,-138,1829
645,-201,1880
651,-266,1920
609,-318,1964
549,-351,1995
497,-366,2019
466,-366,2043
457,-352,2064
454,-323,2080
463,-284,2097
476,-247,2109
487,-221,2122
491,-206,2141
500,-198,2166
511,-200,2213
531,-219,2279
568,-254,2359
626,-298,2444
695,-343,2527
758,-383,2589
804,-415,2643
830,-440,2692
833,-465,2737
816,-493,2787
790,-526,2831
773,-560,2866
779,-591,2897
814,-616,2927
868,-635,2963
928,-657,2991
983,-682,3009
1018,-710,3018
1030,-739,3032
1030,-775,3048
1036,-813,3060
1052,-850,3058
1064,-885,3046
1063,-929,3039
1039,-993,3053
997,-1078,3085
952,-1175,3127
917,-1275,3143
879,-1353,3103
830,-1398,3021
774,-1422,2886
720,-1439,2710
673,-1441,2501
625,-1415,2278
583,-1363,2033
569,-1298,1776
579,-1229,1518
602,-1159,1274
634,-1087,1033
667,-1015,802
688,-943,579
694,-876,372
689,-811,184
670,-746,21
639,-687,-102
598,-644,-159
545,-623,-171
483,-625,-71
400,-663,176
293,-754,550
192,-869,1070
131,-952,1531
104,-957,1793
34,-912,1829
-73,-842,1678
-172,-773,1352
-234,-716,939
-266,-683,502
-307,-682,113
-389,-723,-303
-495,-791,-595
-525,-848,-778
-446,-873,-852
-334,-874,-877
-273,-858,-861
-289,-823,-818
-337,-764,-761
-373,-683,-705
-386,-589,-648
-379,-488,-587
-366,-391,-537
-361,-309,-480
-368,-242,-430
-385,-191,-392
-406,-149,-351
-427,-118,-308
-447,-95,-256
-463,-76,-195
-477,-62,-137
-494,-49,-86
-510,-33,-38
-516,-12,-2
-519,11,27
-526,42,55
-545,78,71
-572,116,75
-607,158,68
-647,202,49
-679,248,26
-698,291,8
-710,334,-9
-713,371,-24
-701,401,-30
-682,421,-31
-672,428,-40
-658,423,-40
-614,407,-32
-553,384,-16
-491,359,1
-423,340,23
-374,332,40
-337,337,45
-287,348,45
-226,364,50
-165,380,60
-105,397,75
-48,417,88
-1,441,103
34,464,112
53,491,123
70,514,142
89,535,173
102,555,211
101,573,242
85,586,273
59,594,286
22,590,287
-23,580,286
-73,562,277
-119,543,271
-155,524,280
-182,507,302
-186,489,364
-157,478,380
-169,474,565
-431,574,867
-895,868,-352
-907,953,-825
-562,679,-223
-179,178,-322
16,-244,26
163,-462,287
382,-496,446
586,-404,512
683,-265,606
647,-122,765
526,-1,914
421,60,1030
434,54,1102
579,10,1168
766,-50,1270
923,-103,1408
1003,-131,1527
974,-126,1592
833,-94,1602
649,-54,1581
498,-23,1560
419,-12,1617
411,-31,1746
430,-72,1873
422,-120,1963
376,-153,2020
315,-159,2040
278,-144,2041
284,-131,2020
330,-137,2012
400,-159,2036
471,-190,2100
538,-221,2173
603,-246,2228
669,-261,2258
738,-265,2263
816,-257,2255
893,-240,2246
961,-230,2262
1007,-234,2301
1023,-255,2332
1010,-278,2363
987,-289,2392
967,-298,2420
957,-317,2444
946,-347,2482
933,-383,2545
911,-422,2623
880,-460,2706
838,-493,2774
796,-515,2835
764,-531,2884
746,-551,2929
736,-581,2969
744,-610,3007
775,-639,3046
817,-673,3088
852,-719,3144
881,-786,3204
908,-870,3283
927,-963,3360
938,-1049,3404
953,-1116,3400
980,-1172,3344
1004,-1233,3265
1010,-1312,3168
989,-1394,2997
943,-1440,2762
894,-1431,2494
854,-1390,2232
823,-1344,1982
796,-1300,1746
782,-1250,1523
780,-1190,1310
789,-1127,1108
807,-1066,910
829,-1005,713
842,-944,513
828,-878,315
792,-808,138
745,-739,18
696,-692,-7
628,-675,26
539,-691,138
443,-736,329
381,-800,537
357,-861,716
348,-900,851
357,-907,916
382,-899,910
441,-878,825
495,-832,723
471,-781,553
327,-748,283
98,-737,-17
-112,-738,-289
-207,-752,-486
-192,-777,-595
-139,-804,-645
-114,-820,-684
-125,-819,-722
-150,-796,-772
-169,-756,-810
-191,-712,-825
-244,-671,-819
-349,-639,-815
-484,-617,-810
-620,-599,-784
-730,-571,-744
-788,-528,-683
-789,-465,-584
-745,-386,-453
-685,-298,-309
-645,-211,-165
-632,-133,-33
-641,-65,84
-671,-8,179
-710,44,249
-734,95,298
-744,141,322
-749,185,337
-748,227,337
-732,269,329
-703,307,309
-679,340,277
-664,371,251
-658,400,234
-659,422,232
-663,444,242
-666,462,263
-669,477,294
-668,493,326
-664,511,354
-658,531,378
-656,553,405
-653,579,442
-648,609,482
-646,653,512
-644,706,549
-626,766,663
-520,826,775
-660,910,543
-1037,1009,278
-1548,1071,-56
-1679,901,13
-1245,540,177
-817,288,268
-582,252,346
-584,449,539
-731,828,195
-511,966,149
-10,778,363
292,571,358
338,445,365
215,307,329
53,116,358
-143,-65,379
-96,-80,406
177,109,583
402,371,609
517,539,703
546,508,867
568,358,941
631,259,1029
694,286,1133
694,399,1179
596,513,1184
438,572,1167
272,560,1130
122,490,1072
3,404,1033
-82,339,1047
-136,304,1077
-162,286,1101
-150,268,1141
-98,233,1208
-23,175,1303
41,101,1399
83,20,1488
96,-55,1557
98,-122,1603
104,-176,1634
116,-223,1661
130,-269,1684
144,-314,1700
154,-349,1702
165,-364,1694
179,-360,1675
218,-346,1664
300,-329,1684
423,-310,1726
556,-303,1791
672,-321,1869
746,-362,1966
771,-415,2084
753,-470,2216
709,-517,2340
669,-555,2438
664,-582,2513
695,-602,2569
732,-614,2616
745,-633,2663
721,-665,2710
678,-711,2748
636,-767,2801
603,-832,2856
580,-896,2902
583,-950,2923
627,-985,2922
697,-1001,2906
771,-1006,2873
829,-998,2835
870,-984,2795
919,-969,2764
989,-963,2745
1072,-979,2754
1168,-1017,2778
1264,-1081,2827
1338,-1162,2890
1386,-1241,2942
1417,-1306,2983
1433,-1356,2995
1440,-1393,2981
1429,-1432,2916
1388,-1472,2805
1327,-1502,2667
1275,-1517,2508
1249,-1505,2327
1234,-1466,2117
1210,-1410,1888
1181,-1349,1651
1152,-1281,1422
1103,-1204,1177
1029,-1114,934
943,-1012,719
856,-909,511
777,-809,292
702,-715,75
636,-634,-119
575,-567,-258
528,-529,-332
481,-521,-313
418,-548,-149
337,-607,91
258,-676,339
198,-725,641
172,-744,829
178,-728,782
218,-670,620
305,-556,419
338,-408,228
195,-301,3
-119,-262,-250
-450,-290,-481
-624,-353,-676
-589,-430,-822
-429,-513,-908
-264,-586,-972
-160,-641,-1014
-110,-676,-1033
-88,-690,-1052
-93,-699,-1046
-149,-701,-1037
-275,-696,-1028
-441,-682,-1026
-601,-659,-1028
-720,-625,-1014
-790,-580,-980
-822,-526,-944
-836,-466,-889
-844,-408,-798
-847,-355,-664
-841,-309,-514
-828,-272,-379
-825,-246,-261
-841,-229,-170
-854,-212,-98
-850,-196,-39
-840,-180,17
-831,-168,72
-834,-160,115
-849,-153,146
-849,-146,175
-820,-135,212
-777,-121,251
-733,-107,292
-695,-93,315
-670,-79,331
-649,-66,343
-625,-51,352
-597,-37,363
-563,-24,381
-520,-8,407
-466,3,441
-411,12,485
-365,20,524
-324,24,569
-292,33,712
-277,60,1021
-338,110,777
-282,203,148
-212,313,77
-402,393,549
-595,385,306
-504,310,292
-323,167,446
-263,-38,469
-274,-253,504
-190,-401,633
9,-490,822
222,-518,904
352,-498,1006
393,-445,1111
379,-361,1201
346,-261,1279
345,-172,1375
405,-116,1449
506,-114,1503
628,-159,1552
765,-232,1622
915,-314,1718
1078,-387,1817
1238,-444,1897
1364,-483,1963
1428,-501,2009
1427,-497,2029
1383,-473,2025
1314,-435,2012
1251,-398,2005
1204,-377,2017
1178,-372,2043
1163,-390,2071
1139,-424,2087
1084,-466,2095
999,-508,2097
909,-542,2097
833,-565,2112
779,-580,2159
739,-604,2228
700,-637,2302
663,-676,2368
642,-716,2429
645,-755,2492
660,-790,2553
674,-822,2612
673,-851,2667
669,-870,2714
681,-878,2748
724,-882,2774
792,-884,2788
869,-889,2799
944,-897,2807
1010,-905,2819
1061,-910,2822
1100,-908,2799
1128,-904,2766
1153,-903,2724
1174,-900,2675
1190,-902,2636
1195,-916,2602
1194,-940,2580
1190,-978,2577
1189,-1033,2595
1197,-1102,2627
1194,-1183,2681
1155,-1273,2745
1082,-1370,2819
1018,-1467,2895
983,-1555,2928
956,-1628,2945
928,-1689,2913
875,-1749,2842
794,-1803,2743
725,-1829,2609
686,-1815,2442
657,-1766,2233
627,-1700,1991
607,-1622,1726
607,-1537,1470
629,-1442,1218
661,-1337,979
701,-1231,766
737,-1119,562
754,-1004,360
752,-890,148
730,-783,-69
691,-689,-274
643,-612,-459
587,-551,-600
521,-519,-647
448,-530,-581
387,-573,-469
365,-625,-223
404,-655,172
463,-662,581
480,-671,853
436,-680,938
375,-662,882
314,-603,775
210,-500,624
13,-372,395
-282,-258,126
-611,-183,-159
-852,-144,-401
-920,-119,-609
-902,-176,-785
-835,-257,-857
-766,-339,-894
-706,-406,-897
-638,-452,-894
-548,-478,-890
-449,-489,-886
-380,-494,-869
-356,-497,-849
-354,-497,-836
-378,-490,-829
-419,-473,-831
-467,-446,-828
-506,-409,-813
-525,-363,-771
-519,-313,-711
-494,-265,-634
-465,-224,-529
-431,-192,-406
-395,-173,-287
-371,-163,-182
-357,-161,-96
-345,-165,-23
-343,-169,36
-353,-175,88
-373,-177,120
-398,-173,141
-419,-162,145
-437,-146,143
-459,-128,134
-484,-115,124
-509,-102,117
-532,-98,112
-553,-97,116
-571,-101,126
-584,-106,144
-585,-113,174
-582,-119,216
-576,-126,270
-568,-135,325
-553,-146,371
-539,-157,421
-533,-169,465
-531,-178,496
-526,-182,523
-522,-182,552
-521,-182,590
-516,-182,632
-505,-186,677
-480,-191,730
-447,-201,785
-413,-217,837
-385,-232,887
-354,-244,886
-332,-237,847
-480,-159,750
-732,-117,386
-826,-92,517
-655,-126,655
-445,-268,609
-224,-491,759
-26,-715,824
125,-869,802
256,-910,907
390,-849,930
510,-734,978
616,-598,1097
708,-478,1202
793,-410,1262
882,-404,1318
984,-436,1390
1089,-477,1474
1185,-504,1558
1255,-502,1633
1282,-476,1693
1267,-431,1735
1231,-379,1764
1191,-320,1781
1151,-267,1789
1111,-225,1790
1075,-193,1786
1052,-169,1782
1043,-149,1777
1036,-134,1786
1026,-128,1811
1011,-132,1847
987,-148,1893
953,-178,1948
907,-215,1999
851,-249,2046
792,-271,2096
732,-283,2152
672,-294,2212
612,-311,2276
570,-333,2352
549,-358,2427
549,-391,2513
570,-432,2595
603,-477,2665
651,-517,2720
713,-540,2759
786,-548,2777
869,-543,2777
958,-534,2775
1043,-525,2767
1123,-514,2756
1186,-506,2741
1235,-503,2725
1272,-509,2698
1305,-513,2672
1332,-515,2652
1347,-522,2635
1341,-539,2622
1325,-565,2623
1308,-599,2639
1282,-643,2679
1240,-704,2742
1191,-787,2823
1135,-881,2916
1062,-984,3004
987,-1085,3071
920,-1174,3123
869,-1250,3156
827,-1324,3158
796,-1399,3128
774,-1468,3065
756,-1517,2955
733,-1533,2800
705,-1522,2619
667,-1500,2417
628,-1467,2220
615,-1418,2017
629,-1352,1786
646,-1276,1562
653,-1198,1365
647,-1113,1160
624,-1029,949
583,-948,737
524,-869,532
455,-789,333
390,-707,147
334,-630,3
289,-568,-45
243,-536,21
175,-543,153
68,-573,361
-42,-603,599
-106,-619,798
-133,-623,897
-148,-616,822
-172,-605,658
-190,-602,452
-179,-599,268
-157,-589,121
-168,-570,4
-245,-545,-138
-369,-541,-284
-453,-546,-394
-436,-551,-438
-334,-552,-439
-227,-545,-440
-161,-523,-473
-135,-481,-544
-126,-427,-628
-127,-371,-723
-159,-327,-793
-226,-295,-824
-312,-281,-835
-406,-279,-833
-501,-289,-831
-584,-296,-832
-639,-295,-832
-663,-279,-814
-677,-248,-784
-686,-208,-737
-685,-161,-672
-669,-114,-586
-641,-71,-485
-608,-32,-390
-583,-2,-297
-567,20,-215
-547,34,-144
-521,42,-83
-501,45,-33
-510,43,0
-540,39,22
-559,38,30
-538,36,33
-488,37,36
-440,39,48
-404,42,52
-371,41,54
-340,37,61
-316,28,76
-302,16,94
-304,5,114
-311,-9,132
-309,-20,154
-294,-32,179
-277,-41,202
-253,-46,221
-221,-46,239
-186,-41,254
-155,-31,268
-141,-17,297
-134,-3,318
-134,8,330
-149,21,349
-181,35,373
-215,49,397
-247,64,492
-371,71,1048
-542,78,625
-416,115,278
-175,192,749
-61,255,211
-83,295,-191
-240,332,110
-465,332,251
-609,270,344
-599,147,453
-483,2,572
-342,-121,703
-222,-202,858
-122,-243,1037
-34,-242,1229
46,-193,1349
145,-103,1372
264,-20,1190
381,9,1191
437,25,1229
429,-6,1230
408,-124,1211
453,-313,1182
612,-510,1171
864,-646,1219
1161,-706,1268
1442,-701,1344
1674,-648,1407
1863,-555,1468
2026,-425,1533
2159,-284,1579
2238,-166,1609
2257,-89,1628
2241,-39,1656
2206,1,1680
2169,32,1689
2135,49,1688
2098,53,1688
2058,43,1690
2017,25,1700
1965,-6,1723
1895,-62,1768
1791,-143,1827
1648,-242,1903
1457,-352,1980
1220,-460,2054
962,-554,2128
710,-633,2212
487,-705,2295
301,-772,2370
152,-826,2455
33,-862,2543
-31,-888,2612
-39,-889,2697
-1,-880,2760
82,-870,2824
192,-863,2862
319,-846,2877
477,-818,2876
658,-784,2856
830,-760,2820
972,-737,2778
1102,-713,2739
1221,-697,2707
1327,-697,2672
1411,-716,2647
1465,-750,2619
1482,-795,2596
1472,-852,2591
1451,-925,2602
1431,-1008,2632
1397,-1109,2671
1321,-1222,2709
1216,-1332,2728
1116,-1428,2726
1040,-1506,2692
965,-1572,2622
863,-1623,2492
746,-1639,2324
650,-1605,2137
620,-1528,1950
645,-1439,1780
673,-1355,1601
674,-1274,1441
653,-1188,1287
613,-1094,1113
559,-988,943
505,-875,787
462,-760,628
431,-650,448
409,-545,268
396,-452,92
390,-369,-66
387,-306,-168
381,-264,-205
361,-245,-224
329,-244,-175
298,-264,-53
279,-292,129
287,-307,307
284,-306,480
245,-293,543
212,-248,463
241,-154,290
311,-15,52
337,129,-205
209,223,-434
-74,241,-609
-354,194,-760
-472,113,-876
-434,22,-927
-359,-59,-968
-305,-110,-993
-263,-113,-998
-218,-80,-998
-186,-35,-1015
-196,0,-1031
-249,19,-1049
-332,15,-1050
-427,-8,-1038
-516,-48,-1022
-597,-100,-1004
-670,-160,-978
-727,-222,-929
-768,-285,-861
-786,-341,-783
-781,-387,-692
-763,-419,-585
-737,-438,-463
-709,-446,-336
-675,-448,-217
-645,-446,-121
-627,-447,-49
-623,-451,3
-623,-457,40
-622,-468,62
-617,-482,80
-615,-497,95
-620,-512,105
-619,-525,119
-606,-531,138
-585,-532,161
-572,-530,189
-576,-526,219
-592,-521,252
-610,-515,292
-621,-505,332
-621,-491,380
-611,-475,435
-591,-462,493
-564,-449,550
-543,-451,766
-626,-428,1208
-560,-331,457
-530,-293,-103
-761,-290,316
-985,-317,283
-933,-366,228
-689,-421,387
-491,-490,502
-425,-563,539
-437,-629,564
-434,-684,644
-389,-706,740
-297,-701,854
-182,-678,961
-79,-654,1054
3,-637,1135
70,-631,1215
137,-628,1286
215,-629,1354
314,-623,1413
435,-617,1464
565,-604,1510
691,-585,1557
814,-559,1601
930,-528,1633
1032,-490,1650
1111,-445,1663
1168,-394,1671
1207,-346,1675
1249,-306,1686
1304,-278,1702
1373,-266,1726
1440,-259,1763
1479,-253,1804
1477,-244,1846
1430,-232,1880
1349,-220,1909
1247,-211,1937
1135,-210,1971
1024,-220,2016
920,-239,2075
826,-271,2141
747,-314,2202
698,-360,2264
679,-400,2328
688,-429,2385
706,-450,2427
724,-477,2459
739,-520,2486
765,-561,2522
814,-589,2554
885,-598,2580
969,-597,2596
1057,-596,2608
1149,-596,2615
1251,-595,2621
1364,-583,2618
1467,-556,2602
1543,-523,2592
1596,-494,2577
1642,-471,2561
1679,-462,2556
1704,-466,2563
1709,-486,2582
1693,-515,2604
1666,-546,2630
1634,-582,2665
1596,-629,2710
1539,-687,2755
1463,-752,2794
1383,-822,2837
1291,-910,2894
1187,-1017,2960
1089,-1126,3005
1017,-1224,3027
964,-1310,3022
909,-1391,2989
841,-1467,2907
757,-1521,2769
682,-1531,2584
627,-1488,2365
611,-1417,2176
633,-1355,1991
680,-1306,1828
738,-1259,1667
788,-1195,1515
815,-1114,1367
817,-1011,1188
798,-894,1001
764,-771,808
724,-649,612
685,-532,404
652,-428,191
622,-336,-12
592,-258,-193
554,-198,-323
498,-154,-375
433,-134,-348
363,-130,-277
297,-128,-148
243,-113,15
198,-86,232
175,-48,397
194,0,404
248,68,307
280,148,153
215,225,-60
30,275,-298
-243,275,-530
-519,226,-715
-700,144,-849
-730,64,-930
-658,5,-960
-590,-20,-955
-567,-14,-952
-548,16,-944
-501,62,-927
-423,96,-912
-347,103,-891
-300,76,-865
-295,22,-843
-323,-52,-829
-370,-136,-827
-421,-219,-832
-462,-289,-849
-492,-334,-859
-509,-358,-862
-506,-369,-823
-481,-367,-756
-435,-357,-668
-384,-348,-560
-340,-350,-448
-312,-362,-334
-303,-385,-225
-302,-413,-129
-295,-438,-44
-273,-457,28
-252,-471,90
-255,-480,136
-287,-487,163
-330,-494,171
-371,-504,174
-392,-513,175
-396,-526,180
-393,-544,201
-391,-568,237
-394,-596,288
-409,-628,340
-430,-658,381
-448,-684,414
-457,-704,441
-455,-714,461
-443,-721,480
-428,-721,496
-414,-717,506
-404,-716,512
-401,-717,513
-406,-720,520
-407,-721,531
-395,-718,549
-377,-710,574
-360,-705,620
-348,-696,662
-343,-681,705
-344,-662,756
-341,-633,807
-328,-599,858
-307,-562,897
-261,-506,952
-344,-329,790
-438,-169,-61
-418,-102,491
-525,-120,607
-632,-246,631
-461,-417,711
-144,-596,909
111,-761,917
262,-885,899
340,-942,1064
394,-928,1243
447,-855,1358
513,-750,1417
568,-640,1426
567,-547,1441
505,-485,1485
420,-457,1552
366,-454,1620
378,-467,1668
446,-489,1694
529,-508,1713
598,-511,1732
645,-492,1754
677,-449,1780
713,-392,1802
758,-334,1813
819,-283,1827
887,-244,1851
968,-215,1880
1058,-197,1910
1159,-191,1940
1252,-196,1974
1323,-206,2027
1370,-217,2087
1396,-221,2155
1403,-213,2213
1390,-193,2256
1366,-152,2282
1336,-100,2306
1307,-48,2320
1279,-3,2324
1252,30,2331
1220,55,2331
1182,62,2335
1153,49,2341
1133,22,2351
1129,2,2348
1127,-14,2360
1119,-37,2376
1100,-67,2406
1065,-95,2437
1035,-115,2465
1015,-126,2491
1006,-137,2509
1008,-146,2520
1020,-156,2529
1039,-164,2541
1069,-170,2555
1110,-172,2575
1144,-179,2596
1169,-191,2617
1190,-202,2638
1214,-213,2654
1235,-233,2675
1246,-266,2705
1244,-316,2750
1227,-385,2810
1192,-467,2871
1144,-556,2936
1094,-651,3013
1044,-754,3099
996,-857,3170
935,-953,3209
857,-1044,3212
778,-1131,3169
711,-1200,3100
649,-1257,3025
585,-1323,2952
549,-1410,2836
486,-1482,2655
406,-1510,2471
350,-1486,2250
319,-1424,2023
315,-1346,1796
330,-1267,1552
353,-1183,1303
382,-1097,1053
416,-1009,814
445,-917,604
451,-823,412
434,-729,242
394,-640,94
344,-556,-2
288,-490,7
226,-463,95
157,-477,206
96,-513,313
60,-552,414
55,-579,462
54,-598,519
49,-609,564
46,-617,549
55,-628,492
82,-640,421
108,-650,321
95,-656,195
21,-657,61
-91,-657,-75
-186,-650,-198
-219,-636,-313
-197,-616,-393
-170,-593,-451
-166,-565,-494
-188,-539,-514
-223,-505,-506
-261,-468,-475
-297,-427,-438
-348,-390,-388
-426,-363,-336
-521,-346,-295
-609,-337,-263
-671,-331,-232
-709,-323,-198
-723,-313,-160
-731,-302,-121
-742,-289,-89
-746,-266,-59
-743,-235,-29
-727,-192,-27
-682,-135,-28
-628,-68,-27
-593,0,-10
-583,62,3
-581,122,20
-571,180,16
-539,226,-4
-495,266,-36
-441,297,-57
-389,327,-66
-338,350,-61
-306,371,-55
-302,396,-32
-311,426,-15
-301,466,-5
-280,511,-3
-254,558,46
-244,595,95
-246,625,121
-252,649,143
-246,670,151
-239,690,149
-245,709,149
-267,731,144
-295,758,127
-322,794,101
-354,836,65
-376,881,53
-598,1002,1409
-956,1369,-568
-1374,1593,-1575
-1387,1384,-1172
-786,634,-830
-236,-137,-513
40,-515,-296
176,-483,-56
228,-134,14
181,373,24
55,849,-28
-39,1088,-95
-43,1000,-25
-35,704,32
-117,423,96
-235,286,165
-269,293,212
-167,389,237
14,515,256
175,624,263
266,686,255
294,696,233
290,677,229
276,645,238
282,606,246
314,566,259
363,520,283
407,472,309
423,424,351
408,384,395
373,351,448
331,332,517
285,315,600
254,297,685
246,266,764
253,217,837
256,153,891
246,82,948
241,10,1029
252,-58,1118
296,-117,1217
369,-167,1323
449,-215,1407
512,-268,1450
555,-322,1477
586,-373,1502
622,-413,1535
679,-438,1587
764,-449,1645
870,-450,1681
973,-448,1698
1041,-440,1689
1075,-428,1678
1101,-398,1687
1150,-358,1742
1218,-331,1851
1250,-337,1963
1204,-388,2049
1100,-466,2114
993,-546,2187
921,-611,2272
881,-660,2338
849,-696,2406
800,-723,2481
729,-756,2555
656,-797,2611
593,-852,2658
556,-914,2705
548,-977,2772
568,-1034,2840
595,-1074,2896
616,-1093,2929
629,-1093,2940
631,-1085,2936
625,-1079,2927
619,-1076,2908
644,-1069,2898
708,-1056,2892
788,-1041,2919
866,-1045,2967
941,-1080,3032
1004,-1142,3115
1041,-1224,3201
1065,-1301,3277
1086,-1365,3306
1088,-1407,3290
1070,-1425,3211
1024,-1429,3113
955,-1437,2983
889,-1449,2808
846,-1448,2602
826,-1421,2373
803,-1365,2103
771,-1292,1818
720,-1209,1529
664,-1114,1257
606,-1008,1001
555,-900,765
519,-795,550
493,-699,346
471,-610,166
451,-534,5
428,-481,-131
386,-456,-186
323,-467,-96
235,-514,104
132,-594,374
46,-680,619
-10,-733,839
-51,-735,969
-53,-687,931
11,-595,717
103,-484,447
153,-394,175
94,-353,-109
-96,-365,-395
-324,-424,-614
-457,-512,-737
-434,-614,-779
-310,-721,-780
-193,-800,-747
-137,-836,-699
-119,-821,-675
-107,-763,-695
-102,-685,-753
-124,-605,-816
-196,-540,-870
-322,-496,-928
-468,-471,-978
-590,-446,-1014
-673,-416,-1016
-724,-371,-973
-758,-311,-886
-788,-237,-765
-814,-152,-619
-838,-62,-466
-863,32,-326
-893,126,-213
-921,215,-128
-933,301,-70
-933,378,-48
-917,446,-59
-894,495,-73
-866,527,-78
-817,549,-74
-753,562,-68
-697,559,-63
-653,544,-53
-613,519,-43
-575,489,-22
-530,461,-2
-486,438,26
-447,427,68
-407,421,120
-364,425,183
-314,429,255
-262,435,321
-218,438,379
-189,437,427
-178,433,469
-180,432,493
-184,438,534
-177,450,571
-160,469,589
-147,488,602
-148,501,605
-167,504,603
-193,510,590
-204,508,558
-187,495,527
-213,588,1316
-518,1126,-159
-145,1388,-611
163,969,-165
-52,217,217
-543,-443,42
-829,-906,168
-614,-1115,250
-128,-992,387
313,-632,648
522,-232,852
467,31,1019
285,47,1104
183,-139,1193
247,-372,1337
387,-520,1495
498,-549,1636
556,-492,1786
603,-405,1933
689,-327,2051
827,-282,2176
1005,-284,2306
1189,-321,2409
1352,-371,2474
1472,-396,2486
1531,-373,2464
1527,-307,2410
1460,-224,2329
1349,-165,2221
1222,-146,2109
1105,-154,2013
1006,-170,1936
920,-175,1880
842,-170,1832
766,-158,1798
696,-148,1776
630,-149,1772
563,-168,1812
487,-206,1886
409,-255,1984
353,-305,2105
341,-349,2251
369,-388,2412
410,-434,2564
448,-490,2681
492,-537,2771
531,-562,2818
567,-569,2831
608,-573,2818
663,-595,2797
727,-638,2772
796,-690,2747
856,-735,2721
904,-764,2709
949,-788,2695
983,-816,2676
1006,-856,2662
1024,-907,2652
1048,-963,2660
1071,-1019,2688
1090,-1083,2763
1090,-1170,2857
1072,-1262,2927
1045,-1333,2953
1013,-1380,2929
986,-1409,2865
975,-1444,2772
979,-1479,2649
962,-1490,2457
919,-1461,2248
898,-1404,2038
898,-1332,1812
888,-1251,1593
856,-1160,1364
808,-1053,1131
752,-940,896
697,-823,665
649,-712,444
610,-607,232
580,-511,37
561,-428,-140
537,-364,-298
518,-320,-384
498,-309,-335
470,-333,-225
427,-392,-42
419,-457,228
468,-503,531
514,-535,820
496,-560,984
436,-572,1007
408,-543,920
423,-444,792
371,-325,600
156,-256,337
-168,-243,65
-424,-246,-178
-537,-282,-415
-575,-362,-589
-558,-441,-720
-489,-503,-825
-351,-539,-869
-186,-564,-860
-55,-590,-814
-9,-621,-765
-55,-645,-740
-165,-647,-738
-314,-619,-741
-456,-561,-737
-540,-475,-705
-560,-374,-645
-540,-273,-573
-499,-185,-494
-449,-115,-384
-405,-70,-261
-371,-44,-151
-351,-29,-56
-351,-18,28
-371,-6,96
-394,11,143
-413,35,164
-424,65,161
-433,95,146
-455,122,130
-486,142,115
-518,156,100
-544,162,92
-558,165,92
-565,165,104
-558,166,124
-537,169,147
-505,173,173
-475,181,205
-448,193,237
-422,202,264
-395,211,294
-362,221,325
-327,227,361
-290,231,400
-262,237,439
-243,242,470
-236,250,504
-236,259,531
-239,265,551
-247,273,569
-250,280,578
-276,291,573
-299,303,578
-312,318,586
-323,334,601
-336,347,614
-355,362,628
-360,375,686
-434,396,550
-554,410,484
-629,395,525
-771,384,382
-912,455,624
-961,535,123
-744,352,-38
-417,13,309
-80,-316,497
136,-525,581
220,-560,678
221,-440,663
183,-231,717
157,-60,849
184,-48,994
244,-211,1138
315,-426,1290
399,-563,1445
497,-588,1581
586,-537,1660
638,-461,1700
636,-399,1746
590,-366,1792
526,-358,1800
470,-357,1792
432,-349,1786
419,-331,1782
440,-303,1793
503,-268,1812
593,-234,1826
679,-206,1831
722,-190,1820
711,-187,1793
673,-190,1753
655,-192,1706
678,-183,1666
734,-166,1638
798,-147,1636
847,-132,1657
865,-132,1679
857,-142,1694
840,-149,1710
830,-150,1732
834,-154,1774
843,-171,1831
846,-200,1900
841,-231,1974
830,-255,2048
808,-275,2123
779,-293,2191
744,-313,2257
712,-339,2313
700,-370,2366
721,-394,2415
768,-409,2466
825,-426,2517
880,-455,2563
933,-494,2596
987,-531,2624
1049,-565,2654
1121,-603,2695
1201,-658,2756
1281,-726,2827
1354,-800,2923
1400,-885,3034
1410,-981,3144
1387,-1079,3238
1333,-1164,3311
1260,-1240,3371
1199,-1319,3434
1143,-1404,3455
1068,-1486,3430
951,-1568,3376
797,-1654,3255
669,-1708,3061
597,-1706,2851
575,-1658,2612
575,-1591,2351
576,-1514,2087
591,-1431,1838
622,-1343,1595
648,-1254,1355
649,-1157,1117
636,-1051,886
619,-942,664
601,-830,453
586,-724,262
575,-627,104
567,-552,7
556,-512,-31
539,-510,-26
512,-544,48
463,-605,184
404,-692,431
370,-783,684
352,-857,883
324,-905,1011
265,-924,1056
184,-917,991
113,-878,828
65,-805,597
7,-715,322
-84,-636,28
-189,-591,-267
-291,-583,-529
-376,-606,-739
-424,-637,-882
-450,-662,-966
-484,-670,-1012
-531,-653,-1021
-577,-609,-1008
-606,-544,-979
-622,-467,-936
-643,-384,-892
-674,-296,-840
-708,-210,-788
-737,-127,-731
-761,-54,-672
-776,10,-618
-783,80,-572
-792,140,-537
-795,192,-502
-787,234,-466
-770,265,-432
-748,286,-398
-718,297,-359
-688,302,-325
-659,304,-294
-639,307,-263
-622,313,-241
-609,329,-224
-590,354,-208
-546,386,-187
-494,421,-163
-442,456,-131
-386,488,-90
-326,513,-52
-282,533,-15
-258,543,26
-247,545,65
-246,543,104
-252,540,135
-266,541,162
-274,542,190
-268,541,212
-255,543,244
-248,544,268
-254,549,281
-284,561,285
-314,582,281
-543,800,930
-1158,1265,-292
-1397,1417,-1472
-1262,1090,-853
-655,326,-494
-280,-418,-391
-233,-878,-211
-150,-913,-101
37,-580,-3
151,-136,86
123,162,202
-3,218,339
-144,107,434
-217,-40,462
-194,-128,491
-94,-134,573
38,-93,714
176,-49,915
313,-31,1112
430,-36,1262
491,-44,1352
470,-37,1400
379,-15,1425
259,13,1465
172,31,1558
171,22,1687
256,-21,1805
377,-86,1876
476,-152,1908
537,-202,1920
557,-229,1897
561,-231,1841
568,-222,1802
598,-218,1792
644,-227,1789
677,-250,1771
690,-279,1740
684,-300,1697
680,-310,1642
691,-311,1593
718,-305,1570
751,-289,1583
785,-266,1598
809,-250,1613
829,-245,1636
845,-247,1677
856,-251,1730
861,-256,1800
863,-277,1892
851,-323,2006
820,-389,2140
769,-466,2291
705,-536,2443
641,-601,2575
584,-662,2676
538,-714,2749
511,-757,2805
492,-797,2856
477,-842,2894
472,-898,2921
487,-957,2941
522,-1006,2944
564,-1049,2940
615,-1085,2907
674,-1110,2893
746,-1137,2895
820,-1171,2903
905,-1208,2941
1001,-1242,3003
1083,-1287,3085
1133,-1351,3184
1144,-1431,3270
1121,-1509,3313
1077,-1573,3301
1024,-1614,3245
970,-1639,3136
922,-1662,2985
863,-1679,2804
778,-1676,2604
672,-1640,2391
572,-1566,2138
489,-1481,1866
416,-1392,1583
351,-1296,1294
298,-1182,1016
261,-1046,756
246,-901,527
251,-761,325
271,-635,154
298,-525,4
324,-436,-114
343,-372,-188
360,-340,-200
369,-342,-119
354,-379,10
308,-443,171
254,-526,375
243,-594,523
255,-636,662
262,-654,767
263,-649,802
266,-626,769
288,-590,686
327,-539,577
341,-480,442
287,-430,293
178,-412,174
48,-431,39
-59,-467,-92
-114,-497,-193
-113,-509,-259
-93,-501,-303
-85,-477,-336
-86,-439,-357
-85,-388,-371
-90,-335,-371
-111,-281,-364
-157,-231,-356
-219,-190,-338
-279,-158,-320
-331,-133,-310
-376,-115,-303
-412,-100,-296
-446,-85,-293
-476,-59,-286
-510,-26,-269
-539,19,-242
-545,78,-199
-535,143,-156
-532,211,-120
-544,274,-69
-551,330,-12
-552,376,37
-539,411,76
-514,437,102
-482,455,112
-451,473,104
-420,491,88
-390,515,67
-354,542,49
-312,574,40
-274,609,36
-249,645,35
-243,687,41
-237,724,55
-229,754,66
-215,774,74
-202,779,77
-207,782,66
-226,775,67
-248,765,66
-277,751,80
-310,736,97
-348,723,111
-379,714,124
-396,700,136
-407,684,141
-420,669,140
-422,652,205
-412,636,149
-548,640,-35
-689,630,23
-745,614,-18
-633,605,386
-1110,770,-73
-1472,771,-621
-1418,573,-536
-574,208,-406
158,-78,-168
394,-166,63
359,-70,168
276,132,174
195,322,141
139,384,83
138,297,76
176,155,180
199,37,281
200,-54,448
257,-90,553
418,-56,665
590,31,777
660,136,823
608,222,843
476,269,848
341,279,840
257,275,838
228,272,849
224,273,864
215,277,876
172,278,871
91,279,862
-14,274,852
-112,263,854
-175,241,877
-191,206,938
-167,160,1027
-133,108,1113
-109,53,1180
-106,2,1216
-113,-40,1237
-109,-70,1272
-75,-91,1346
0,-107,1461
114,-137,1598
249,-184,1703
366,-237,1757
440,-287,1798
482,-318,1858
527,-325,1914
597,-309,1941
683,-278,1953
762,-240,1970
824,-207,1994
873,-188,2020
918,-191,2045
952,-214,2057
964,-253,2079
953,-301,2113
920,-349,2163
861,-406,2221
781,-471,2271
696,-542,2325
619,-607,2383
562,-663,2453
520,-712,2531
484,-766,2620
450,-836,2726
421,-926,2852
397,-1021,2994
387,-1099,3126
399,-1146,3239
450,-1177,3324
521,-1205,3401
581,-1256,3485
635,-1318,3517
702,-1354,3509
784,-1360,3498
849,-1382,3502
882,-1455,3495
903,-1545,3455
922,-1597,3370
930,-1599,3231
910,-1575,3042
875,-1549,2823
854,-1517,2586
841,-1466,2339
826,-1409,2088
788,-1354,1857
721,-1294,1611
643,-1210,1376
564,-1105,1149
487,-988,925
414,-870,719
358,-759,512
325,-657,314
305,-579,137
294,-529,-5
284,-509,-34
257,-527,91
199,-586,297
121,-678,541
64,-764,763
37,-804,1041
28,-767,1148
40,-671,1023
97,-529,713
159,-378,326
109,-271,26
-96,-223,-288
-382,-239,-619
-609,-295,-894
-667,-377,-1090
-536,-465,-1182
-331,-551,-1233
-146,-615,-1203
-6,-640,-1144
100,-629,-1093
157,-587,-1046
135,-526,-1014
15,-456,-973
-170,-389,-925
-359,-327,-877
-506,-279,-822
-606,-241,-757
-662,-208,-677
-683,-174,-578
-684,-136,-469
-687,-87,-362
-689,-27,-264
-692,44,-166
-701,127,-68
-712,217,15
-718,310,82
-710,397,131
-698,476,164
-686,540,188
-663,585,196
-626,607,196
-590,605,190
-569,588,184
-555,561,179
-533,527,184
-492,495,196
-434,468,220
-375,447,249
-329,429,275
-294,416,297
-267,410,304
-241,414,306
-215,421,302
-187,430,295
-158,433,295
-140,438,289
-118,436,292
-91,427,300
-66,421,308
-54,414,321
-39,413,315
12,415,490
27,789,809
-14,1494,-642
429,1434,-689
538,706,-322
76,-109,-165
-592,-703,-222
-1031,-966,-127
-923,-895,-64
-474,-595,38
-101,-268,246
10,-70,467
-38,-50,664
-96,-146,766
-105,-242,817
-78,-261,897
-26,-204,1040
23,-116,1229
66,-48,1420
109,-21,1570
161,-34,1667
219,-75,1727
290,-119,1781
391,-150,1845
524,-162,1920
674,-170,1990
825,-182,2039
960,-204,2047
1060,-219,2020
1131,-220,1990
1194,-204,1959
1261,-180,1923
1320,-159,1888
1333,-153,1857
1287,-162,1830
1201,-172,1804
1099,-181,1785
991,-192,1794
878,-220,1826
766,-264,1870
658,-314,1928
554,-348,1981
462,-358,2017
384,-352,2033
312,-359,2053
253,-386,2098
214,-434,2155
194,-482,2214
189,-511,2275
200,-524,2351
221,-541,2432
265,-572,2497
340,-599,2555
420,-612,2615
494,-619,2669
563,-631,2710
643,-645,2742
738,-660,2773
830,-679,2796
899,-704,2816
950,-736,2829
1000,-773,2842
1040,-815,2852
1054,-866,2863
1040,-941,2893
1013,-1040,2957
980,-1164,3055
950,-1286,3160
914,-1398,3251
874,-1496,3297
840,-1579,3276
801,-1644,3189
733,-1692,3033
651,-1716,2815
571,-1704,2575
523,-1657,2337
511,-1585,2069
512,-1497,1794
518,-1402,1536
526,-1301,1272
522,-1195,1010
497,-1083,761
474,-962,534
468,-832,339
472,-710,152
468,-601,-5
459,-517,-96
444,-463,-162
426,-447,-152
390,-463,-25
326,-513,274
234,-584,624
119,-651,948
14,-686,1147
-11,-666,1162
56,-597,977
148,-504,749
184,-424,487
101,-386,191
-72,-397,-118
-255,-430,-354
-418,-502,-544
-482,-582,-690
-424,-648,-801
-265,-675,-873
-82,-661,-911
62,-616,-909
157,-564,-868
199,-513,-817
180,-471,-772
86,-437,-733
-64,-407,-698
-205,-372,-663
-291,-332,-617
-314,-287,-548
-308,-240,-459
-299,-197,-363
-299,-155,-269
-317,-114,-185
-359,-72,-116
-406,-27,-54
-435,21,3
-443,72,60
-446,124,112
-462,173,151
-480,219,172
-488,262,182
-487,302,185
-478,335,189
-469,359,184
-466,376,181
-464,386,186
-452,388,202
-441,383,221
-435,378,230
-433,374,233
-421,378,239
-389,388,242
-340,403,244
-293,416,251
-266,428,264
-260,437,280
-266,443,299
-265,449,320
-246,456,349
-208,468,386
-164,490,427
-119,518,465
-80,551,493
-54,583,507
-40,613,508
-34,638,510
-37,655,512
-44,661,518
-58,661,524
-78,664,520
-99,666,517
-124,672,509
-161,678,492
-210,679,471
-262,672,445
-304,654,458
-361,730,815
-560,1163,263
-317,1525,-542
-45,1223,-475
-247,570,-327
-676,-4,-379
-924,-351,-267
-824,-411,-209
-485,-258,-95
-236,-52,65
-213,65,261
-301,52,448
-327,-23,591
-258,-76,680
-169,-77,763
-124,-41,850
-124,0,959
-134,21,1098
-117,19,1257
-46,2,1422
82,-19,1579
230,-35,1711
362,-43,1806
466,-48,1866
563,-55,1917
678,-70,1957
810,-84,1997
936,-95,2020
1032,-106,2011
1085,-114,1964
1102,-116,1897
1102,-108,1825
1105,-94,1752
1118,-80,1691
1128,-71,1665
1133,-77,1658
1120,-88,1659
1079,-95,1662
1015,-87,1670
944,-60,1690
875,-31,1725
802,-13,1768
720,-11,1818
625,-20,1879
518,-42,1959
406,-79,2055
293,-139,2160
202,-204,2257
148,-262,2357
132,-308,2458
136,-360,2559
147,-427,2646
170,-498,2718
214,-551,2765
272,-596,2789
338,-634,2802
405,-671,2812
472,-710,2833
546,-754,2861
636,-802,2899
751,-859,2932
872,-913,2964
980,-964,3003
1067,-1024,3057
1133,-1107,3124
1183,-1215,3185
1228,-1315,3228
1273,-1380,3259
1303,-1437,3263
1290,-1516,3207
1222,-1597,3092
1104,-1635,2931
970,-1621,2741
851,-1575,2519
770,-1528,2278
740,-1474,2031
736,-1404,1790
728,-1312,1562
713,-1198,1332
700,-1070,1107
702,-937,909
734,-803,724
786,-678,552
827,-575,391
838,-500,213
811,-452,68
753,-436,-7
659,-449,-57
541,-495,-32
417,-568,58
344,-630,170
338,-657,356
364,-649,617
390,-609,696
404,-535,632
411,-412,482
396,-238,294
295,-68,37
38,27,-258
-307,35,-582
-554,0,-898
-602,-40,-1159
-510,-84,-1337
-397,-129,-1445
-279,-160,-1505
-166,-184,-1514
-70,-208,-1505
10,-234,-1483
67,-257,-1457
69,-273,-1411
2,-281,-1349
-105,-275,-1278
-183,-258,-1223
-191,-236,-1162
-153,-210,-1093
-116,-190,-1004
-102,-175,-898
-102,-161,-780
-100,-147,-653
-87,-131,-518
-71,-116,-385
-53,-101,-245
-32,-89,-97
-6,-78,39
7,-69,157
1,-60,242
-34,-52,300
-99,-43,338
-177,-34,358
-246,-26,381
-298,-20,409
-326,-22,454
-334,-32,511
-338,-54,574
-358,-91,635
-385,-132,677
-404,-173,722
-413,-212,776
-424,-247,836
-454,-284,900
-502,-323,957
-555,-359,1008
-620,-389,1051
-692,-405,1082
-766,-409,1105
-840,-396,1113
-895,-364,1115
-941,-322,1125
-974,-276,1135
-994,-227,1153
-969,-164,774
-1926,-58,-1470
-3342,-87,387
-2884,-178,231
-1506,-184,554
-377,-266,1068
161,-321,1138
385,-338,1054
461,-287,1186
402,-186,1208
247,-58,1240
50,78,1146
-161,219,1061
-333,297,1101
-338,262,1183
-176,142,1294
90,55,1460
488,-37,1584
910,-94,1612
1155,-161,1670
1044,-169,1678
599,-139,1539
61,-64,1334
-367,62,1217
-549,198,1112
-504,275,1030
-416,265,1001
-362,178,1004
-312,63,1009
-206,-34,1045
-61,-95,1070
58,-118,1083
116,-118,1074
114,-114,1052
92,-111,1041
91,-113,1074
117,-129,1177
157,-160,1336
197,-213,1537
221,-281,1734
239,-340,1885
265,-367,2024
292,-356,2135
309,-321,2221
310,-280,2293
307,-258,2344
323,-266,2382
370,-300,2393
427,-348,2383
488,-399,2352
548,-444,2293
600,-471,2212
623,-483,2160
625,-491,2151
640,-513,2132
673,-550,2141
716,-591,2178
768,-629,2233
822,-661,2300
870,-688,2362
904,-712,2422
927,-743,2473
942,-786,2525
963,-833,2574
995,-871,2625
1054,-891,2671
1139,-902,2702
1220,-916,2728
1271,-942,2757
1276,-979,2788
1245,-1022,2825
1210,-1074,2854
1202,-1131,2881
1222,-1187,2926
1243,-1243,2968
1244,-1295,2977
1210,-1340,2951
1154,-1385,2912
1096,-1431,2843
1029,-1467,2739
952,-1484,2600
901,-1472,2455
911,-1438,2299
947,-1399,2130
964,-1360,1961
947,-1316,1764
903,-1254,1565
854,-1170,1365
809,-1066,1188
767,-947,1011
721,-826,811
674,-715,602
636,-620,410
614,-546,233
607,-495,63
583,-464,-93
538,-452,-113
488,-473,-21
423,-528,67
361,-594,170
360,-603,277
386,-539,454
393,-427,551
375,-286,524
354,-126,369
294,34,124
165,164,-146
-18,224,-413
-235,207,-691
-423,150,-924
-485,97,-1090
-393,52,-1161
-201,17,-1185
-7,-2,-1197
150,-15,-1183
281,-24,-1169
378,-51,-1140
418,-108,-1128
358,-194,-1134
211,-283,-1131
49,-330,-1107
-98,-339,-1066
-252,-352,-1034
-382,-358,-1017
-482,-343,-983
-565,-310,-912
-636,-265,-807
-688,-211,-681
-706,-152,-530
-678,-95,-364
-622,-49,-201
-561,-24,-70
-519,-21,31
-513,-39,103
-551,-71,147
-611,-108,167
-669,-139,168
-693,-158,162
-669,-163,157
-622,-161,155
-589,-159,155
-579,-166,170
-587,-180,200
-608,-201,235
-623,-225,274
-621,-249,309
-606,-268,335
-581,-282,361
-555,-293,381
-534,-304,399
-517,-309,418
-502,-312,434
-496,-314,455
-500,-312,485
-508,-305,520
-513,-296,558
-515,-282,603
-519,-265,644
-532,-248,685
-548,-228,725
-559,-206,773
-562,-185,842
-563,-168,924
-548,-153,1181
-722,-92,1526
-838,67,251
-1007,102,201
-1361,90,644
-1373,28,615
-945,-72,675
-418,-185,885
-8,-300,934
187,-408,908
197,-494,931
84,-548,964
-67,-561,990
-188,-541,1002
-221,-502,1007
-148,-458,1032
4,-418,1096
194,-388,1190
377,-377,1279
524,-391,1345
646,-409,1406
737,-428,1476
798,-442,1550
812,-451,1626
782,-449,1697
735,-432,1775
714,-403,1852
734,-366,1922
782,-328,1986
813,-293,2037
811,-276,2045
783,-276,2049
740,-275,2045
698,-274,2051
666,-272,2064
634,-261,2086
591,-256,2120
554,-259,2153
546,-268,2196
557,-295,2247
564,-346,2311
550,-415,2370
532,-486,2427
529,-538,2484
540,-567,2532
553,-576,2559
564,-574,2579
589,-575,2599
631,-588,2620
681,-614,2640
735,-647,2663
794,-678,2682
857,-698,2703
928,-698,2705
996,-686,2693
1061,-672,2682
1115,-660,2668
1155,-655,2659
1187,-658,2658
1223,-660,2661
1264,-661,2669
1296,-673,2686
1313,-698,2703
1329,-729,2721
1337,-765,2745
1322,-811,2789
1268,-879,2852
1187,-976,2915
1101,-1082,2957
1019,-1171,2964
939,-1242,2952
844,-1307,2890
743,-1371,2788
651,-1424,2660
571,-1452,2508
515,-1446,2340
492,-1397,2135
500,-1310,1905
529,-1201,1681
565,-1088,1455
615,-973,1230
678,-855,1040
749,-735,849
799,-620,663
826,-518,491
836,-431,324
830,-364,169
814,-315,3
795,-283,-97
774,-271,-123
746,-282,-97
702,-311,3
635,-357,174
579,-384,349
542,-366,547
486,-321,721
400,-266,790
316,-207,769
293,-125,615
289,-30,369
222,33,99
77,42,-181
-115,-6,-438
-294,-76,-636
-389,-133,-788
-421,-190,-896
-387,-247,-947
-285,-294,-957
-126,-325,-944
53,-344,-899
208,-358,-852
298,-371,-818
296,-382,-812
209,-392,-809
78,-395,-802
-46,-391,-782
-147,-382,-748
-223,-373,-703
-287,-364,-654
-342,-357,-600
-387,-346,-548
-418,-330,-497
-438,-305,-438
-460,-277,-368
-474,-246,-287
-481,-213,-201
-477,-182,-117
-465,-154,-43
-449,-132,12
-438,-111,51
-432,-92,81
-427,-73,112
-428,-57,140
-439,-43,155
-453,-29,159
-458,-16,157
-455,-6,152
-456,1,138
-460,6,119
-447,12,101
-414,21,101
-368,32,104
-311,42,115
-255,56,132
-218,69,160
-205,83,190
-196,98,226
-178,116,269
-152,135,316
-126,154,364
-102,168,404
-81,175,438
-71,173,482
-81,163,522
-106,149,558
-140,138,594
-181,130,616
-223,125,635
-261,120,661
-289,114,700
-323,97,746
-352,81,801
-405,56,847
-468,25,908
-513,-7,975
-526,-44,1062
-509,-82,1171
-483,-122,1275
-472,-161,1371
-483,-202,1444
-508,-240,1497
-527,-280,1539
-533,-319,1574
-510,-354,1630
-487,-363,1444
-751,-275,1288
-1018,-6,935
-1217,75,931
-1036,-53,834
-405,-335,768
92,-636,1040
275,-910,1140
247,-1111,1104
145,-1211,1112
145,-1159,1203
249,-982,1234
293,-767,1250
241,-603,1354
157,-523,1462
128,-555,1565
192,-676,1647
294,-820,1739
373,-928,1841
399,-975,1924
375,-945,1985
313,-851,2021
237,-722,2046
171,-596,2063
127,-495,2074
108,-428,2086
121,-385,2099
175,-350,2117
270,-310,2128
377,-269,2134
468,-231,2140
534,-199,2147
592,-170,2158
660,-143,2166
740,-117,2184
835,-90,2214
930,-68,2247
1010,-57,2289
1059,-59,2330
1078,-74,2366
1074,-99,2406
1053,-135,2437
1022,-181,2466
986,-229,2493
959,-276,2525
949,-318,2546
951,-354,2557
954,-392,2564
960,-440,2558
978,-493,2543
1017,-548,2528
1086,-602,2528
1175,-653,2555
1269,-700,2591
1346,-746,2639
1397,-803,2701
1439,-871,2772
1497,-938,2843
1571,-988,2894
1637,-1020,2907
1661,-1038,2886
1628,-1061,2842
1565,-1095,2792
1512,-1138,2727
1457,-1175,2649
1373,-1196,2557
1273,-1203,2427
1180,-1190,2240
1098,-1151,2040
1033,-1087,1822
987,-1001,1592
956,-907,1378
933,-808,1194
921,-705,1017
923,-603,858
928,-507,704
926,-421,550
915,-347,398
906,-287,239
895,-241,87
882,-212,-13
858,-200,-20
824,-213,83
783,-250,250
731,-306,432
728,-360,587
768,-384,725
805,-372,735
824,-324,610
814,-237,369
770,-121,26
667,0,-355
472,95,-718
181,142,-1014
-156,151,-1247
-426,135,-1392
-477,103,-1464
-241,74,-1441
119,46,-1368
391,0,-1273
485,-66,-1216
409,-133,-1216
240,-175,-1255
44,-175,-1283
-133,-136,-1266
-265,-74,-1211
-347,-12,-1115
-391,21,-999
-422,12,-881
-461,-32,-774
-508,-99,-685
-547,-160,-607
-587,-207,-546
-626,-235,-493
-659,-244,-444
-681,-247,-398
-699,-249,-355
-711,-258,-311
-716,-277,-263
-712,-310,-217
-696,-353,-170
-677,-407,-120
-664,-462,-79
-659,-509,-40
-656,-545,4
-650,-572,52
-637,-597,98
-616,-621,145
-592,-650,179
-569,-681,207
-556,-712,226
-559,-738,243
-576,-753,267
-592,-757,299
-608,-750,328
-620,-736,369
-635,-730,415
-643,-730,469
-636,-731,533
-650,-702,542
-652,-617,613
-822,-563,558
-1410,-598,277
-2056,-692,151
-2098,-787,255
-1332,-839,537
-497,-883,747
-101,-967,946
-47,-1077,1125
-65,-1148,1207
-2,-1153,1274
120,-1092,1341
211,-998,1366
237,-897,1389
223,-797,1408
204,-702,1423
221,-621,1473
290,-560,1518
397,-522,1547
511,-502,1554
614,-488,1513
686,-457,1542
718,-412,1558
709,-355,1536
684,-290,1522
656,-216,1533
625,-136,1556
615,-57,1563
632,2,1573
664,25,1610
672,3,1669
637,-70,1743
574,-176,1819
507,-277,1902
463,-347,1989
441,-374,2084
431,-369,2182
419,-349,2274
404,-338,2362
395,-347,2436
400,-379,2498
416,-426,2537
436,-475,2567
446,-520,2590
454,-551,2599
474,-568,2607
520,-576,2619
580,-592,2639
642,-616,2650
690,-638,2666
728,-651,2678
765,-650,2678
793,-643,2666
802,-629,2644
797,-610,2623
799,-586,2594
835,-563,2564
890,-547,2537
952,-538,2520
1013,-530,2511
1058,-525,2511
1075,-536,2515
1073,-555,2518
1072,-578,2533
1096,-596,2555
1128,-620,2596
1129,-666,2663
1101,-735,2741
1078,-811,2806
1075,-881,2852
1089,-946,2886
1104,-1008,2907
1116,-1079,2910
1124,-1143,2888
1119,-1205,2840
1087,-1261,2772
1022,-1314,2659
932,-1362,2514
823,-1392,2361
733,-1397,2191
687,-1359,1979
674,-1274,1758
686,-1158,1564
721,-1032,1360
766,-907,1189
814,-790,1060
846,-678,899
853,-569,737
840,-463,548
818,-363,353
800,-272,166
804,-190,20
834,-125,-49
886,-81,-87
937,-62,-63
976,-73,-12
1002,-99,0
997,-112,71
953,-97,177
883,-57,242
800,-4,263
698,53,241
567,100,168
410,134,60
254,151,-60
121,152,-192
28,148,-328
-35,150,-454
-86,157,-566
-132,164,-652
-160,172,-710
-168,169,-736
-165,153,-748
-167,130,-761
-194,98,-759
-255,61,-743
-342,22,-724
-414,-9,-685
-457,-35,-629
-475,-58,-576
-481,-86,-528
-485,-123,-487
-504,-168,-456
-545,-221,-434
-584,-274,-421
-596,-321,-410
-577,-360,-385
-542,-389,-360
-498,-392,-342
-470,-401,-325
-450,-410,-295
-434,-419,-263
-433,-436,-227
-443,-461,-184
-444,-490,-150
-437,-516,-124
-418,-536,-101
-389,-544,-70
-356,-543,-33
-320,-535,17
-283,-525,80
-247,-520,149
-226,-524,216
-232,-538,282
-255,-554,347
-287,-569,401
-324,-577,451
-366,-574,491
-415,-564,530
-464,-551,566
-514,-537,595
-557,-522,613
-596,-508,625
-631,-493,635
-660,-480,648
-683,-466,671
-700,-450,695
-712,-437,725
-715,-421,753
-709,-404,781
-695,-385,870
-706,-322,855
-972,-203,859
-1242,-54,753
-1433,-15,-35
-1400,-37,194
-1071,-109,260
-640,-207,444
-347,-315,524
-196,-429,564
-107,-534,550
-27,-611,643
54,-662,653
126,-679,684
178,-647,735
185,-571,785
180,-464,853
224,-348,919
310,-247,996
420,-182,1083
530,-154,1180
631,-158,1278
718,-177,1354
775,-193,1406
779,-194,1445
728,-179,1479
647,-154,1512
573,-126,1543
534,-98,1576
545,-76,1608
596,-61,1644
670,-59,1703
743,-72,1770
802,-101,1841
836,-144,1906
849,-192,1973
855,-237,2026
864,-273,2079
879,-298,2131
891,-315,2195
886,-331,2276
867,-353,2348
836,-380,2417
805,-413,2457
778,-445,2484
753,-467,2503
734,-479,2517
730,-486,2530
743,-495,2542
764,-509,2552
792,-529,2568
828,-552,2580
880,-561,2592
947,-556,2614
1034,-539,2634
1132,-518,2655
1226,-504,2674
1306,-501,2689
1373,-504,2697
1425,-504,2691
1459,-502,2682
1476,-503,2689
1483,-511,2701
1487,-531,2722
1477,-561,2739
1456,-596,2755
1422,-633,2767
1372,-673,2778
1307,-713,2786
1239,-765,2807
1174,-838,2851
1109,-935,2919
1041,-1050,2999
972,-1170,3063
908,-1277,3093
859,-1353,3066
815,-1397,2987
766,-1424,2872
707,-1453,2729
630,-1484,2551
566,-1493,2366
559,-1462,2176
607,-1402,1994
676,-1330,1789
740,-1253,1586
783,-1166,1377
804,-1069,1203
824,-966,1045
852,-855,878
895,-745,729
938,-646,584
971,-561,391
979,-485,209
966,-418,103
930,-368,79
858,-345,117
749,-343,206
631,-341,322
543,-332,480
475,-310,582
394,-282,547
285,-237,385
180,-153,187
107,-14,-11
43,146,-191
-52,272,-346
-191,325,-491
-344,303,-584
-433,237,-625
-419,157,-654
-316,89,-694
-165,54,-772
4,34,-857
162,14,-924
267,-13,-987
287,-48,-1031
197,-83,-1072
9,-112,-1111
-204,-131,-1113
-361,-127,-1089
-438,-109,-1034
-460,-88,-962
-474,-71,-892
-505,-61,-836
-538,-54,-786
-550,-46,-730
-547,-40,-661
-532,-42,-574
-504,-51,-466
-466,-69,-336
-427,-95,-208
-400,-130,-102
-396,-169,-17
-411,-213,37
-430,-257,76
-441,-298,104
-447,-336,134
-455,-369,161
-464,-397,180
-471,-416,196
-481,-425,206
-501,-424,203
-524,-413,198
-544,-396,191
-554,-377,189
-560,-365,193
-572,-367,200
-579,-378,215
-574,-394,230
-559,-408,245
-534,-413,265
-498,-408,294
-458,-397,322
-419,-383,356
-388,-369,394
-366,-359,439
-355,-355,492
-349,-359,546
-341,-367,596
-327,-376,639
-306,-389,677
-289,-401,715
-277,-414,754
-271,-425,800
-271,-434,857
-276,-438,927
-286,-437,1138
-460,-385,1502
-746,-240,250
-1080,-195,190
-1357,-225,561
-1251,-289,692
-742,-358,896
-215,-448,1098
151,-550,1172
320,-652,1156
315,-737,1122
208,-793,1118
61,-815,1128
-55,-791,1148
-106,-731,1161
-85,-646,1170
-11,-565,1209
93,-504,1253
228,-470,1298
398,-461,1350
594,-460,1382
777,-461,1411
916,-462,1445
979,-462,1486
978,-448,1523
937,-426,1555
899,-392,1581
888,-353,1608
897,-321,1643
913,-295,1689
929,-277,1745
941,-264,1800
951,-257,1860
959,-254,1913
966,-251,1968
962,-251,2032
939,-253,2101
895,-263,2173
831,-281,2240
754,-307,2300
678,-335,2352
609,-362,2385
554,-390,2408
520,-418,2423
510,-440,2426
518,-465,2436
545,-483,2433
593,-500,2448
659,-521,2452
748,-539,2457
858,-547,2461
990,-548,2463
1122,-543,2460
1234,-539,2459
1323,-535,2457
1402,-530,2461
1472,-529,2470
1535,-534,2483
1579,-540,2504
1605,-544,2526
1616,-551,2554
1616,-573,2598
1613,-621,2672
1594,-706,2766
1549,-807,2875
1481,-910,2994
1389,-1012,3093
1277,-1108,3155
1164,-1208,3167
1035,-1300,3126
899,-1375,3037
783,-1421,2910
683,-1451,2765
597,-1470,2600
565,-1464,2430
596,-1428,2258
658,-1369,2074
718,-1290,1875
767,-1195,1668
807,-1085,1459
838,-962,1255
865,-835,1049
882,-711,874
882,-596,709
868,-490,543
845,-396,369
815,-313,205
796,-244,78
782,-192,51
743,-158,99
659,-145,247
549,-148,461
462,-152,637
412,-146,726
371,-132,671
336,-94,503
319,-22,266
299,81,54
228,187,-168
66,250,-401
-165,239,-604
-348,177,-758
-383,86,-825
-256,-7,-858
-55,-86,-891
120,-141,-928
233,-180,-957
307,-198,-993
335,-202,-1041
284,-197,-1097
144,-189,-1144
-52,-177,-1174
-234,-164,-1173
-351,-152,-1139
-408,-146,-1086
-426,-149,-1013
-429,-159,-948
-419,-167,-876
-386,-175,-801
-344,-177,-713
-314,-181,-599
-312,-187,-466
-334,-196,-326
-370,-210,-201
-402,-226,-99
-429,-246,-25
-450,-264,17
-462,-283,43
-466,-300,67
-466,-313,89
-464,-327,106
-472,-341,122
-490,-355,130
-516,-369,138
-539,-380,146
-547,-387,152
-539,-392,158
-531,-392,176
-533,-392,197
-551,-388,221
-584,-381,241
-619,-370,263
-637,-355,289
-645,-334,316
-646,-312,345
-644,-290,384
-636,-270,436
-619,-254,497
-593,-242,562
-574,-237,627
-570,-239,686
-578,-246,750
-581,-253,817
-564,-257,893
-522,-260,977
-465,-261,1071
-406,-262,1165
-348,-262,1270
-326,-241,915
-448,-90,1452
-609,73,1034
-722,108,686
-744,73,687
-681,-9,659
-525,-117,713
-341,-257,789
-127,-408,925
64,-547,969
206,-659,1006
301,-711,1060
347,-705,1131
353,-655,1222
331,-583,1272
296,-509,1312
278,-458,1383
293,-428,1471
346,-432,1595
433,-465,1718
528,-517,1819
597,-565,1902
630,-588,1975
636,-575,2033
630,-525,2071
624,-449,2094
610,-368,2097
582,-297,2096
537,-248,2095
483,-221,2099
419,-215,2108
352,-225,2119
290,-244,2130
242,-266,2144
210,-289,2163
185,-319,2182
168,-354,2209
156,-394,2236
143,-438,2259
134,-477,2276
144,-507,2293
196,-530,2310
285,-551,2323
392,-571,2329
504,-592,2333
607,-618,2326
691,-643,2313
765,-661,2303
854,-658,2293
977,-635,2288
1109,-602,2288
1226,-569,2295
1306,-548,2309
1355,-543,2327
1389,-546,2357
1422,-552,2397
1454,-556,2434
1475,-558,2474
1467,-574,2518
1427,-614,2559
1370,-670,2603
1310,-730,2636
1254,-788,2669
1188,-850,2709
1118,-928,2744
1057,-1013,2770
1006,-1098,2780
968,-1163,2781
941,-1216,2770
932,-1269,2738
955,-1319,2679
992,-1356,2609
1006,-1376,2511
988,-1381,2388
964,-1377,2253
959,-1368,2107
973,-1350,1954
985,-1316,1788
992,-1258,1616
1011,-1175,1423
1034,-1073,1226
1038,-960,1032
1004,-843,827
939,-727,596
864,-607,359
793,-487,110
734,-370,-121
693,-258,-308
671,-159,-420
649,-77,-476
626,-16,-428
609,32,-340
608,82,-196
615,129,-18
610,168,91
589,205,86
571,251,2
571,323,-118
563,411,-271
499,479,-455
334,488,-606
90,442,-766
-169,364,-949
-362,301,-1129
-406,278,-1286
-323,302,-1389
-209,343,-1433
-131,393,-1458
-125,436,-1465
-185,461,-1462
-279,460,-1442
-373,427,-1394
-450,363,-1311
-505,280,-1220
-548,193,-1131
-599,109,-1059
-650,37,-1000
-682,-26,-948
-686,-75,-894
-664,-115,-828
-628,-151,-750
-589,-189,-668
-545,-236,-585
-501,-300,-487
-474,-380,-380
-462,-476,-285
-451,-575,-190
-436,-673,-104
-422,-759,-32
-417,-826,23
-428,-867,67
-460,-889,95
-500,-893,112
-530,-885,129
-550,-872,148
-568,-864,167
-593,-861,187
-618,-865,219
-620,-872,265
-598,-880,319
-560,-892,377
-517,-911,447
-477,-933,524
-432,-959,608
-386,-987,694
-342,-1014,784
-316,-1036,883
-306,-1052,970
-304,-1060,1045
-299,-1062,1125
-318,-1016,1683
-405,-713,571
-621,-596,191
-1018,-656,714
-1223,-753,820
-984,-847,747
-584,-948,936
-220,-1042,1016
40,-1107,967
176,-1128,1012
205,-1099,1082
148,-1028,1103
34,-936,1084
-95,-838,1073
-189,-739,1065
-204,-647,1076
-132,-576,1109
-8,-531,1155
113,-519,1203
207,-533,1254
276,-556,1327
338,-567,1402
395,-567,1452
459,-557,1506
524,-539,1567
579,-527,1641
613,-523,1721
626,-527,1800
617,-536,1882
590,-546,1962
543,-552,2027
498,-550,2082
476,-538,2116
487,-509,2152
523,-481,2176
565,-449,2190
597,-425,2200
633,-392,2200
665,-374,2199
695,-365,2204
733,-385,2219
785,-404,2208
839,-422,2227
889,-443,2240
935,-458,2261
973,-462,2293
1001,-462,2328
1011,-466,2362
1002,-473,2399
980,-478,2432
953,-480,2460
934,-483,2485
923,-489,2509
912,-496,2538
896,-512,2567
880,-525,2601
872,-533,2635
875,-533,2663
895,-528,2678
935,-533,2684
982,-546,2693
1029,-565,2706
1085,-587,2721
1135,-618,2754
1168,-665,2793
1190,-721,2825
1217,-774,2851
1251,-820,2867
1272,-868,2886
1261,-942,2929
1229,-1047,2959
1193,-1161,2957
1152,-1266,2942
1095,-1355,2906
1022,-1429,2825
944,-1489,2711
871,-1535,2576
800,-1562,2428
730,-1573,2249
684,-1554,2063
683,-1494,1862
704,-1403,1657
706,-1298,1439
678,-1187,1220
638,-1069,1048
601,-946,889
566,-822,748
546,-702,617
551,-590,474
571,-496,327
587,-421,161
592,-364,13
597,-320,-85
610,-294,-90
631,-293,-7
620,-320,154
584,-369,322
561,-413,553
521,-439,760
438,-440,755
351,-390,611
313,-251,385
286,-44,188
174,145,-3
-94,241,-231
-451,254,-460
-736,235,-677
-846,183,-841
-781,98,-935
-613,5,-1021
-429,-85,-1101
-248,-145,-1169
-89,-171,-1213
18,-174,-1239
53,-164,-1228
17,-145,-1212
-55,-115,-1184
-125,-67,-1144
-192,-4,-1104
-250,49,-1049
-282,84,-980
-275,106,-890
-238,109,-785
-208,96,-677
-210,73,-586
-230,53,-507
-253,46,-445
-274,51,-410
-305,63,-390
-351,73,-371
-403,79,-355
-441,80,-342
-461,75,-322
-462,65,-293
-455,50,-261
-449,27,-225
-437,0,-196
-414,-36,-168
-388,-72,-134
-380,-111,-97
-393,-157,-64
-396,-204,-27
-373,-246,13
-327,-284,50
-284,-316,82
-251,-345,103
-234,-371,124
-239,-394,149
-261,-413,177
-287,-431,201
-306,-445,223
-324,-457,254
-348,-467,287
-382,-477,323
-420,-486,363
-455,-495,418
-483,-501,501
-501,-512,602
-505,-525,717
-493,-545,846
-470,-572,978
-445,-604,1106
-486,-641,1837
-639,-481,1539
-435,-326,-55
-375,-351,577
-738,-427,1249
-1028,-547,894
-999,-688,963
-789,-834,1118
-571,-965,1008
-404,-1068,975
-298,-1124,1052
-242,-1123,1087
-188,-1073,1141
-99,-1002,1194
10,-929,1219
96,-865,1287
141,-818,1381
154,-788,1455
155,-775,1476
162,-769,1484
205,-768,1497
287,-767,1508
386,-764,1519
457,-761,1531
477,-757,1531
439,-753,1526
360,-741,1514
270,-716,1499
188,-678,1495
134,-627,1499
118,-569,1518
151,-513,1541
224,-467,1574
310,-441,1617
379,-437,1676
426,-445,1740
456,-458,1805
482,-466,1863
519,-460,1917
570,-441,1959
628,-412,1991
682,-379,2014
727,-340,2028
762,-305,2033
787,-271,2034
805,-248,2030
822,-233,2031
848,-221,2030
888,-208,2037
935,-203,2049
984,-204,2071
1026,-210,2105
1054,-221,2149
1068,-230,2194
1071,-240,2235
1067,-249,2279
1057,-261,2318
1050,-282,2354
1049,-315,2387
1051,-348,2423
1047,-375,2461
1026,-400,2498
1000,-423,2528
986,-447,2567
988,-479,2612
1009,-515,2654
1055,-544,2695
1103,-567,2739
1138,-591,2789
1161,-633,2858
1167,-706,2941
1172,-794,3027
1202,-878,3114
1254,-947,3180
1304,-1010,3222
1325,-1079,3244
1308,-1161,3246
1261,-1253,3213
1210,-1336,3153
1163,-1396,3059
1121,-1439,2945
1070,-1473,2818
1005,-1503,2660
925,-1511,2484
841,-1486,2293
770,-1437,2093
730,-1375,1897
728,-1304,1708
740,-1219,1511
741,-1125,1315
711,-1028,1129
652,-930,935
584,-840,738
527,-752,554
495,-663,387
486,-578,252
492,-508,183
491,-464,118
471,-447,71
438,-457,85
388,-487,171
335,-542,283
307,-608,395
306,-674,502
331,-725,591
359,-749,651
355,-748,645
318,-726,574
255,-689,435
168,-645,259
52,-605,69
-94,-582,-139
-251,-578,-361
-373,-580,-571
-431,-580,-734
-427,-573,-843
-399,-563,-903
-384,-548,-924
-389,-520,-920
-414,-485,-889
-450,-442,-859
-485,-392,-825
-496,-335,-789
-487,-274,-750
-480,-214,-712
-487,-162,-685
-506,-119,-664
-529,-91,-652
-544,-73,-637
-550,-64,-620
-553,-64,-601
-551,-66,-575
-538,-68,-542
-521,-70,-502
-507,-65,-465
-492,-58,-425
-467,-47,-378
-444,-30,-327
-430,-6,-279
-429,21,-235
-432,52,-201
-428,87,-169
-417,123,-132
-405,162,-99
-389,199,-61
-381,230,-15
-374,255,23
-356,274,52
-330,288,80
-306,292,104
-300,289,131
-305,281,153
-318,267,175
-337,251,191
-354,237,208
-378,225,225
-404,217,254
-416,216,377
-428,214,183
-440,229,189
-479,286,291
-607,404,403
-831,568,285
-957,609,-44
-937,556,-241
-845,448,-452
-848,317,-449
-870,158,-381
-808,-9,-285
-668,-151,-174
-521,-257,-53
-406,-321,66
-336,-334,173
-295,-302,290
-260,-245,418
-215,-177,531
-147,-124,668
-44,-103,836
88,-122,1024
228,-176,1201
348,-241,1362
437,-299,1493
497,-335,1600
542,-341,1676
586,-322,1731
639,-287,1773
706,-247,1795
788,-220,1812
881,-213,1843
979,-227,1878
1066,-264,1892
1130,-315,1890
1161,-370,1890
1161,-417,1894
1125,-445,1889
1056,-455,1871
974,-444,1841
905,-422,1810
854,-397,1782
803,-376,1757
737,-377,1745
645,-396,1757
528,-433,1796
403,-477,1859
308,-519,1936
258,-559,2035
246,-614,2163
236,-683,2298
209,-761,2444
178,-830,2578
175,-873,2705
216,-881,2821
286,-873,2929
360,-868,3024
431,-878,3109
514,-893,3168
615,-907,3203
722,-912,3208
836,-907,3182
949,-886,3124
1043,-861,3069
1122,-849,3010
1192,-851,2949
1263,-863,2905
1324,-892,2889
1353,-954,2907
1338,-1036,2936
1307,-1120,2981
1277,-1200,3040
1242,-1277,3111
1196,-1370,3178
1132,-1476,3224
1057,-1574,3239
968,-1651,3204
863,-1693,3106
771,-1700,2927
697,-1679,2704
640,-1647,2469
607,-1608,2258
610,-1560,2050
624,-1491,1820
636,-1398,1588
645,-1287,1381
651,-1165,1172
652,-1043,953
644,-925,731
627,-817,531
605,-721,347
587,-637,168
576,-572,14
565,-529,-121
548,-514,-226
523,-521,-305
479,-557,-276
418,-635,-119
341,-757,152
287,-897,484
294,-983,834
328,-985,1119
358,-899,1206
379,-747,1127
402,-570,965
363,-430,734
229,-330,484
5,-298,165
-271,-364,-98
-512,-479,-365
-659,-622,-579
-702,-771,-773
-625,-887,-896
-441,-942,-984
-219,-944,-1001
-18,-906,-944
123,-847,-874
201,-780,-803
224,-706,-735
173,-632,-670
46,-564,-629
-139,-499,-604
-307,-427,-586
-408,-345,-544
-455,-256,-483
-502,-176,-397
-578,-108,-309
-670,-51,-224
-755,4,-150
-823,63,-92
-883,125,-46
-932,193,-16
-966,258,-6
-991,312,-5
-981,368,-14
-974,414,-39
-974,445,-60
-982,461,-84
-993,464,-100
-991,462,-113
-963,456,-119
-911,452,-111
-841,454,-93
-775,458,-71
-713,463,-53
-639,469,-38
-553,472,-25
-467,470,-4
-382,460,21
-302,445,53
-238,423,100
-190,401,153
-144,380,205
-94,363,251
-47,354,284
-5,354,311
35,362,337
74,372,365
107,383,385
122,392,397
117,393,399
102,388,398
92,377,389
88,368,414
81,350,457
65,329,471
27,304,612
-47,279,564
-26,263,538
116,315,436
172,431,335
128,561,387
16,612,365
-174,551,516
-287,370,427
-226,166,264
-72,-20,240
22,-206,333
46,-388,547
66,-550,787
115,-669,941
176,-729,1034
209,-718,1157
190,-632,1307
123,-495,1441
38,-357,1551
-18,-268,1666
4,-256,1781
111,-313,1905
245,-402,1996
348,-481,2049
405,-526,2072
422,-526,2077
427,-486,2076
436,-425,2083
455,-374,2100
472,-357,2101
477,-380,2074
468,-426,2032
473,-462,1984
513,-469,1933
590,-446,1891
681,-406,1871
757,-370,1889
792,-356,1915
776,-367,1952
735,-392,2003
699,-421,2061
691,-441,2117
709,-446,2177
738,-446,2250
760,-447,2331
772,-454,2416
766,-470,2493
746,-487,2556
723,-500,2609
707,-507,2649
707,-505,2679
721,-500,2710
742,-496,2738
757,-500,2758
758,-515,2764
756,-535,2768
762,-554,2778
777,-581,2816
786,-629,2875
788,-697,2951
793,-771,3029
791,-839,3107
772,-907,3177
738,-981,3235
687,-1070,3277
632,-1164,3285
598,-1252,3257
575,-1325,3189
554,-1370,3051
548,-1387,2886
560,-1395,2720
562,-1404,2528
549,-1399,2305
535,-1361,2051
531,-1289,1791
544,-1200,1534
556,-1106,1278
555,-1011,1037
544,-914,815
531,-822,605
525,-732,414
525,-643,234
529,-557,82
531,-480,-35
531,-424,-93
519,-399,-54
484,-419,87
401,-482,314
247,-587,713
67,-714,1067
-76,-813,1332
-160,-853,1528
-162,-818,1499
-92,-716,1306
2,-583,1027
72,-468,717
100,-390,420
50,-384,100
-90,-452,-155
-308,-575,-398
-530,-710,-597
-639,-817,-775
-552,-865,-859
-294,-843,-885
-9,-769,-850
188,-668,-775
284,-560,-705
296,-455,-643
236,-359,-606
112,-278,-575
-39,-207,-528
-164,-141,-473
-214,-79,-399
-192,-25,-303
-153,15,-191
-157,42,-79
-227,58,9
-338,75,66
-451,99,83
-551,134,68
-636,178,39
-700,228,4
-754,277,-33
-787,327,-67
-791,372,-102
-791,407,-139
-805,437,-165
-811,461,-176
-806,482,-180
-780,496,-170
-749,509,-153
-735,526,-136
-729,545,-117
-714,563,-90
-691,579,-63
-659,593,-43
-616,600,-25
-559,605,-7
-503,611,10
-456,622,24
-418,640,36
-389,660,46
-367,686,50
-349,709,55
-334,726,73
-314,734,110
-299,743,141
-265,797,827
-304,1049,1097
-357,1153,-707
-851,1077,-1223
-1151,689,-825
-806,234,-691
-261,-48,-481
113,-117,-341
257,-39,-270
205,95,-154
61,205,-62
-51,225,8
-137,125,32
-102,34,23
49,26,170
125,92,255
110,196,316
63,278,363
21,308,389
-5,315,425
-32,337,455
-53,380,463
-50,424,468
-14,444,477
46,430,496
109,395,516
160,354,552
202,316,603
250,286,662
308,252,726
365,215,785
404,178,843
428,140,919
460,105,1016
514,71,1116
584,33,1209
644,-8,1307
678,-63,1401
681,-121,1465
653,-181,1508
602,-237,1535
555,-285,1555
533,-316,1559
538,-336,1563
546,-348,1589
549,-362,1636
534,-380,1681
489,-404,1699
416,-427,1691
329,-441,1671
255,-438,1643
222,-426,1618
237,-409,1622
280,-407,1682
324,-427,1787
349,-475,1900
347,-543,2006
332,-613,2110
331,-676,2215
351,-727,2327
384,-771,2455
417,-813,2591
438,-858,2709
459,-901,2802
493,-929,2870
541,-936,2928
597,-939,2964
648,-944,2987
698,-953,2999
747,-968,3000
791,-984,2991
830,-997,2965
856,-1006,2940
869,-1022,2926
868,-1050,2922
863,-1087,2936
876,-1127,2964
903,-1170,3029
921,-1231,3135
930,-1314,3257
931,-1411,3364
911,-1509,3417
873,-1574,3390
822,-1594,3294
761,-1587,3124
699,-1568,2896
644,-1529,2653
597,-1469,2387
552,-1402,2124
508,-1338,1867
458,-1262,1597
414,-1165,1335
382,-1056,1081
358,-940,841
343,-825,621
337,-715,420
342,-613,247
361,-524,112
386,-456,42
408,-419,20
421,-420,35
413,-455,96
379,-514,210
321,-600,393
283,-687,555
264,-762,685
237,-814,816
210,-838,870
186,-834,875
188,-796,802
213,-727,670
221,-648,533
176,-588,411
70,-560,247
-46,-559,90
-128,-570,-54
-167,-586,-179
-170,-594,-275
-164,-591,-341
-169,-579,-392
-173,-551,-430
-158,-504,-450
-125,-441,-451
-87,-367,-431
-76,-295,-397
-115,-238,-371
-216,-197,-354
-346,-171,-339
-473,-148,-316
-585,-118,-293
-667,-72,-272
-725,-3,-264
-794,77,-260
-862,171,-251
-925,272,-242
-977,372,-244
-1005,472,-248
-1003,566,-248
-977,646,-248
-936,703,-238
-883,737,-219
-826,745,-198
-765,733,-177
-695,714,-173
-625,693,-173
-558,681,-172
-501,683,-162
-451,696,-148
-400,721,-142
-347,755,-86
-258,820,-177
-118,893,-350
-19,933,55
6,973,422
-201,903,16
-690,831,-1003
-1191,956,-1373
-1476,1105,-933
-1264,1014,-1047
-591,502,-1581
131,154,-804
498,-6,37
523,-142,24
397,-29,22
366,337,276
360,766,272
213,1079,204
-48,1204,292
-214,1144,371
-130,926,412
132,627,448
376,373,445
497,230,415
495,201,393
425,247,388
347,328,430
283,410,469
221,466,471
159,488,454
108,476,444
82,440,437
92,390,430
125,332,430
170,274,453
214,219,485
239,174,515
234,150,532
204,142,544
170,142,581
161,140,661
202,124,794
295,88,963
424,37,1113
567,-3,1246
676,-31,1322
723,-107,1336
725,-176,1352
702,-230,1327
705,-261,1371
767,-277,1458
876,-287,1535
986,-311,1591
1061,-351,1627
1094,-399,1651
1097,-447,1675
1096,-488,1726
1100,-515,1765
1105,-536,1802
1081,-553,1810
1006,-566,1787
900,-572,1757
800,-576,1759
720,-580,1821
657,-598,1943
602,-641,2084
542,-698,2235
482,-755,2366
431,-812,2477
384,-872,2566
321,-923,2656
243,-958,2736
172,-984,2798
128,-1008,2839
121,-1029,2867
162,-1046,2891
247,-1061,2905
367,-1072,2895
493,-1081,2872
611,-1085,2848
710,-1080,2820
802,-1076,2796
901,-1075,2794
986,-1078,2803
1036,-1092,2821
1046,-1127,2864
1025,-1187,2927
994,-1269,2994
941,-1360,3030
877,-1435,3013
817,-1476,2938
764,-1489,2803
712,-1474,2615
649,-1434,2381
573,-1381,2146
489,-1330,1878
418,-1273,1592
369,-1195,1313
339,-1093,1056
327,-974,817
339,-846,588
362,-718,394
391,-598,240
404,-499,125
391,-429,47
347,-389,44
279,-382,127
193,-414,306
117,-479,585
57,-566,902
15,-637,1129
-45,-644,1324
-141,-591,1436
-225,-497,1414
-251,-377,1232
-237,-259,948
-244,-190,699
-316,-209,440
-433,-300,155
-500,-412,-96
-476,-508,-289
-384,-577,-419
-279,-631,-532
-166,-665,-617
-39,-668,-687
88,-638,-732
188,-579,-755
246,-502,-738
244,-420,-697
184,-336,-646
96,-254,-576
10,-173,-503
-57,-95,-423
-117,-20,-328
-183,48,-215
-248,115,-104
-308,188,-3
-346,271,65
-370,359,96
-394,444,104
-416,518,85
-440,572,50
-466,607,-4
-475,624,-62
-451,629,-116
-419,617,-168
-384,608,-217
-353,610,-267
-358,623,-314
-385,652,-343
-411,693,-361
-422,745,-370
-423,795,-363
-421,839,-354
-415,869,-346
-402,886,-339
-374,889,-325
-337,884,-303
-285,874,-266
-231,859,-225
-180,842,-184
-140,825,-139
-111,809,-105
-85,793,-53
-156,762,1334
-309,842,395
3,1010,-1452
-108,1040,-1403
-526,832,-1039
-661,431,-743
-433,20,-534
-60,-246,-592
284,-271,-358
465,-183,-209
463,0,-65
356,249,96
232,518,201
148,743,253
116,864,274
110,832,276
113,681,292
116,500,355
106,361,416
89,297,436
80,302,423
90,358,396
105,432,352
112,488,313
96,507,272
53,488,232
-6,442,194
-69,378,162
-122,309,139
-156,246,136
-162,191,152
-134,147,188
-79,114,234
-11,88,299
67,68,441
172,50,648
299,33,837
427,12,976
535,-5,1097
621,-21,1225
696,-33,1340
772,-38,1432
850,-38,1482
919,-40,1509
973,-47,1563
1020,-66,1601
1058,-96,1613
1070,-130,1612
1072,-164,1607
1083,-197,1608
1121,-225,1594
1165,-255,1581
1176,-300,1559
1126,-363,1528
1018,-442,1503
879,-523,1492
751,-588,1497
653,-624,1522
571,-633,1556
478,-626,1619
365,-620,1689
247,-622,1782
161,-632,1890
133,-648,2044
166,-691,2221
239,-761,2391
324,-835,2543
402,-896,2662
472,-938,2769
539,-970,2869
608,-997,2962
681,-1022,3056
749,-1054,3141
804,-1101,3195
853,-1156,3219
904,-1206,3218
956,-1247,3202
999,-1281,3177
1014,-1318,3129
996,-1358,3070
960,-1396,3009
921,-1431,2940
893,-1464,2884
881,-1504,2855
882,-1561,2835
880,-1611,2780
854,-1623,2703
808,-1603,2625
775,-1582,2528
771,-1561,2389
776,-1521,2220
767,-1468,2052
749,-1412,1869
714,-1349,1653
661,-1266,1421
582,-1174,1183
483,-1075,960
382,-973,745
288,-871,544
200,-770,348
116,-678,154
33,-606,-20
-38,-555,-149
-101,-523,-240
-149,-513,-246
-179,-533,-176
-182,-580,0
-149,-655,337
-90,-742,665
-67,-794,895
-108,-773,1009
-165,-666,894
-172,-473,656
-123,-244,467
-108,-53,250
-204,47,-3
-383,40,-252
-510,-52,-471
-508,-181,-616
-432,-297,-722
-348,-359,-793
-258,-361,-867
-151,-333,-929
-50,-309,-957
3,-303,-977
-35,-321,-987
-149,-342,-997
-293,-338,-1004
-441,-328,-1008
-568,-307,-981
-650,-270,-936
-676,-211,-853
-657,-135,-735
-630,-58,-591
-610,5,-441
-584,60,-293
-545,108,-165
-488,152,-64
-427,198,12
-378,239,77
-346,273,132
-316,297,183
-289,309,224
-268,311,263
-253,304,304
-245,291,331
-241,278,353
-228,270,376
-195,268,388
-148,269,398
-106,272,422
-81,272,440
-70,270,454
-62,266,463
-51,260,479
-30,254,495
-7,245,510
11,234,520
20,221,561
22,218,1047
-89,378,1226
-247,488,-518
-637,472,-544
-901,431,-433
-638,412,-263
-223,384,-192
76,305,-167
230,160,-84
307,-15,-57
356,-169,-14
399,-283,162
466,-352,371
549,-377,513
626,-367,634
674,-339,740
682,-303,824
672,-267,905
695,-230,1021
773,-183,1164
874,-138,1285
937,-106,1348
912,-89,1366
804,-83,1376
678,-76,1414
600,-64,1474
599,-50,1524
627,-48,1558
641,-64,1563
635,-93,1536
615,-128,1504
613,-162,1486
640,-190,1483
686,-216,1499
727,-238,1505
748,-252,1500
747,-255,1495
729,-246,1479
704,-229,1450
681,-212,1436
679,-198,1453
701,-198,1484
731,-209,1513
752,-227,1539
756,-248,1551
752,-274,1565
748,-305,1586
742,-335,1612
735,-362,1666
730,-389,1750
721,-425,1851
699,-472,1964
666,-528,2070
620,-586,2158
573,-635,2223
540,-669,2270
528,-688,2302
532,-696,2329
544,-707,2362
556,-732,2404
562,-772,2453
575,-825,2499
594,-875,2539
621,-919,2565
650,-951,2581
681,-978,2583
703,-1004,2576
708,-1029,2571
696,-1053,2559
684,-1075,2564
693,-1096,2572
717,-1117,2576
756,-1134,2578
791,-1147,2581
810,-1167,2591
810,-1213,2615
788,-1286,2659
751,-1367,2712
725,-1439,2759
711,-1493,2797
698,-1544,2834
656,-1620,2847
583,-1708,2820
507,-1773,2763
456,-1792,2664
414,-1768,2500
360,-1720,2289
301,-1664,2068
258,-1603,1835
221,-1535,1593
177,-1454,1347
140,-1365,1094
122,-1264,873
132,-1153,670
156,-1038,476
188,-925,295
226,-816,131
271,-724,-3
311,-658,-121
335,-618,-223
354,-600,-276
371,-602,-279
387,-635,-235
396,-701,-97
400,-785,86
405,-852,242
396,-876,388
365,-863,531
334,-816,607
306,-737,663
276,-638,680
248,-535,601
211,-453,418
135,-421,199
5,-441,-23
-162,-486,-231
-322,-523,-411
-431,-543,-568
-468,-544,-701
-455,-530,-807
-439,-508,-884
-456,-492,-923
-512,-486,-942
-562,-481,-945
-596,-464,-931
-616,-436,-903
-627,-393,-864
-637,-337,-823
-634,-273,-785
-623,-202,-734
-603,-128,-668
-577,-53,-591
-566,15,-514
-582,78,-447
-614,131,-387
-650,175,-328
-679,207,-269
-690,231,-215
-674,244,-171
-630,251,-130
-577,249,-93
-530,245,-59
-499,241,-30
-487,241,-4
-486,248,23
-489,263,48
-484,280,80
-465,302,112
-436,322,145
-407,334,178
-384,342,205
-364,343,231
-342,340,262
-320,333,299
-299,322,333
-287,311,527
-311,311,844
-284,323,760
-190,354,-203
-149,429,-440
-305,524,-93
-541,564,0
-650,476,-87
-600,272,-75
-511,29,-66
-466,-205,-77
-467,-391,-42
-473,-502,32
-448,-536,114
-384,-514,206
-287,-455,299
-171,-390,379
-64,-344,452
19,-322,521
89,-321,625
170,-331,752
274,-339,863
394,-343,947
510,-343,994
604,-342,1000
673,-338,1035
725,-330,1182
782,-320,1360
849,-321,1483
914,-335,1566
964,-354,1633
1010,-378,1689
1063,-402,1757
1124,-419,1831
1171,-434,1884
1184,-447,1924
1161,-464,1945
1124,-485,1951
1076,-506,1946
1023,-519,1944
967,-521,1947
897,-517,1935
812,-513,1908
722,-515,1869
635,-526,1846
573,-545,1851
543,-577,1868
540,-617,1893
557,-653,1930
586,-676,1984
612,-689,2045
630,-705,2110
644,-731,2193
659,-773,2296
679,-829,2417
705,-893,2551
741,-956,2673
788,-1003,2779
840,-1029,2859
889,-1048,2914
924,-1065,2947
943,-1081,2968
942,-1096,2966
930,-1106,2940
939,-1111,2917
974,-1117,2888
1011,-1130,2866
1023,-1147,2853
1006,-1166,2841
973,-1181,2828
940,-1197,2822
903,-1218,2820
872,-1250,2833
855,-1297,2870
842,-1355,2907
829,-1422,2929
808,-1480,2922
771,-1524,2884
718,-1546,2805
663,-1557,2696
610,-1555,2546
572,-1532,2348
562,-1491,2156
568,-1443,2002
564,-1403,1858
536,-1357,1690
485,-1294,1505
426,-1214,1308
373,-1117,1095
336,-1011,880
306,-904,680
277,-801,493
246,-703,326
217,-617,174
190,-547,24
167,-497,-83
142,-464,-171
110,-443,-188
77,-444,-93
74,-466,30
95,-496,235
129,-530,535
148,-553,909
129,-556,1193
55,-533,1226
-65,-475,1036
-183,-387,761
-258,-287,520
-277,-190,283
-283,-108,15
-363,-68,-233
-516,-67,-428
-671,-144,-621
-663,-238,-719
-466,-318,-751
-215,-374,-746
-18,-403,-722
131,-400,-702
253,-368,-692
342,-319,-682
348,-266,-673
243,-220,-680
66,-182,-695
-107,-148,-700
-234,-116,-705
-322,-90,-686
-376,-66,-643
-396,-43,-577
-400,-20,-505
-418,5,-422
-463,30,-335
-526,58,-254
-589,93,-174
-631,131,-102
-647,172,-49
-651,213,-16
-661,248,-1
-688,272,-5
-730,286,-21
-764,288,-56
-775,281,-93
-775,265,-123
-773,244,-152
-754,220,-176
-695,199,-176
-618,179,-167
-557,162,-153
-512,150,-134
-459,144,-109
-391,144,-73
-338,147,-37
-300,154,-6
-269,164,26
-241,173,68
-209,180,118
-174,182,172
-135,177,225
-96,166,274
-60,149,316
-37,130,350
-26,109,373
-19,91,387
-12,78,398
-7,73,405
-7,76,405
-28,89,397
-62,112,412
-95,131,418
-122,147,402
-151,161,595
-380,254,1450
-518,494,-174
-257,661,-868
-222,618,-226
-501,297,-476
-696,-117,-331
-633,-475,60
-397,-721,227
-136,-854,343
64,-873,507
192,-787,727
239,-629,916
221,-447,1054
183,-302,1132
177,-223,1178
214,-210,1242
278,-247,1342
356,-327,1440
445,-425,1495
550,-516,1543
674,-570,1615
805,-590,1701
928,-581,1791
1019,-557,1887
1077,-535,1967
1110,-522,2014
1121,-519,2033
1113,-520,2028
1097,-516,2000
1079,-500,1943
1059,-476,1891
1033,-450,1859
994,-431,1841
929,-424,1826
834,-423,1807
722,-420,1794
619,-406,1785
547,-380,1785
501,-357,1808
465,-360,1861
412,-405,1935
343,-482,2021
287,-560,2133
268,-615,2257
281,-638,2372
312,-642,2464
359,-638,2539
413,-635,2602
474,-636,2670
543,-648,2731
617,-665,2784
705,-680,2829
798,-690,2863
887,-697,2871
965,-701,2860
1019,-705,2832
1045,-709,2802
1060,-719,2770
1067,-731,2738
1069,-748,2711
1064,-776,2704
1045,-824,2721
1017,-888,2763
985,-963,2836
943,-1050,2938
879,-1142,3044
801,-1228,3125
725,-1302,3161
655,-1365,3149
583,-1416,3093
517,-1460,3010
452,-1489,2859
395,-1488,2650
366,-1450,2396
374,-1387,2155
407,-1317,1917
438,-1249,1684
460,-1176,1457
477,-1087,1230
492,-984,1013
508,-870,804
529,-756,602
544,-645,405
549,-542,223
550,-447,61
545,-363,-67
543,-295,-133
545,-250,-142
547,-237,-91
538,-249,8
505,-285,197
441,-342,503
372,-406,759
306,-457,908
254,-485,981
232,-481,920
240,-446,771
271,-393,571
283,-343,353
229,-310,126
89,-307,-79
-108,-339,-269
-301,-388,-450
-434,-434,-606
-492,-470,-732
-485,-485,-807
-445,-475,-855
-400,-440,-875
-367,-393,-871
-354,-336,-873
-368,-275,-874
-399,-211,-851
-431,-132,-794
-446,-38,-722
-448,57,-654
-449,144,-590
-453,215,-552
-457,263,-535
-454,291,-524
-438,297,-505
-409,284,-479
-376,257,-443
-348,224,-396
-344,194,-339
-357,174,-289
-373,165,-250
-383,169,-220
-381,183,-181
-370,203,-139
-355,226,-101
-340,250,-57
-322,273,-19
-297,290,20
-266,300,57
-233,304,90
-215,301,121
-215,288,150
-232,268,178
-255,243,202
-281,212,224
-301,181,245
-308,152,273
-304,129,308
-301,110,352
-305,99,411
-320,93,472
-334,89,529
-359,86,583
-401,84,624
-459,87,656
-516,89,681
-558,93,700
-588,98,715
-691,129,1421
-920,307,649
-1173,463,-399
-1592,482,-100
-1617,293,78
-1021,-60,44
-471,-347,338
-179,-527,495
-68,-621,620
-11,-638,706
58,-595,738
126,-510,785
166,-407,884
179,-309,989
187,-228,1073
219,-177,1134
278,-164,1184
356,-186,1242
450,-228,1308
557,-271,1403
681,-303,1502
815,-316,1576
945,-306,1631
1038,-280,1662
1063,-238,1663
1007,-189,1661
882,-146,1645
733,-117,1630
593,-107,1622
474,-113,1627
370,-133,1644
275,-167,1658
176,-210,1667
60,-255,1677
-76,-301,1693
-243,-344,1744
-427,-385,1836
-605,-429,1946
-740,-479,2060
-793,-530,2180
-744,-577,2311
-611,-628,2432
-447,-691,2538
-280,-762,2629
-117,-835,2695
40,-894,2738
204,-923,2760
378,-918,2771
552,-891,2784
717,-866,2799
861,-858,2807
988,-866,2807
1092,-886,2799
1173,-907,2775
1234,-923,2741
1274,-933,2698
1299,-947,2661
1312,-970,2649
1311,-1017,2665
1295,-1077,2691
1279,-1128,2724
1258,-1158,2773
1217,-1183,2833
1148,-1221,2905
1072,-1275,2969
1011,-1326,3027
958,-1364,3062
889,-1389,3056
815,-1402,3002
756,-1409,2926
720,-1415,2818
703,-1413,2679
692,-1392,2524
692,-1360,2351
694,-1317,2137
719,-1261,1901
766,-1188,1657
824,-1099,1425
869,-1002,1176
880,-902,928
868,-802,703
852,-704,486
845,-608,280
851,-519,88
854,-445,-93
846,-391,-287
830,-355,-474
802,-344,-608
769,-360,-687
730,-405,-691
688,-472,-585
673,-530,-389
678,-540,-107
672,-501,221
650,-421,448
644,-288,495
654,-85,392
638,169,203
500,401,-42
171,506,-314
-304,459,-610
-772,328,-911
-1021,206,-1167
-979,125,-1314
-801,73,-1343
-663,49,-1321
-599,49,-1292
-556,64,-1262
-480,88,-1198
-415,90,-1159
-399,54,-1135
-447,-20,-1112
-538,-117,-1084
-624,-215,-1046
-662,-295,-992
-647,-341,-930
-618,-352,-867
-612,-335,-795
-629,-306,-710
-641,-276,-609
-641,-251,-498
-624,-242,-381
-588,-247,-264
-545,-266,-152
-508,-294,-45
-470,-324,58
-430,-353,154
-404,-381,211
-412,-402,298
-446,-426,331
-501,-447,347
-558,-458,373
-588,-460,397
-594,-455,449
-584,-448,510
-580,-446,573
-588,-448,634
-607,-457,687
-639,-471,730
-674,-490,775
-691,-511,820
-672,-533,869
-624,-559,926
-564,-584,974
-521,-609,1015
-488,-629,1052
-460,-645,1078
-481,-600,1763
-701,-412,241
-859,-331,29
-946,-322,871
-915,-425,839
-597,-576,692
-172,-734,927
115,-927,1045
178,-1115,1066
113,-1247,1180
29,-1289,1243
-7,-1236,1236
12,-1122,1261
76,-986,1315
169,-860,1363
281,-759,1423
402,-693,1488
515,-661,1522
603,-659,1539
678,-674,1556
743,-697,1562
792,-716,1565
821,-724,1571
836,-722,1583
847,-711,1606
884,-702,1618
955,-693,1623
1041,-682,1630
1099,-674,1646
1101,-666,1661
1055,-661,1689
990,-659,1723
926,-657,1769
865,-662,1819
798,-674,1877
739,-689,1940
705,-702,2011
696,-708,2077
702,-711,2148
704,-711,2221
695,-717,2295
682,-733,2369
682,-751,2435
712,-762,2487
765,-763,2530
823,-758,2561
873,-757,2569
918,-759,2565
956,-775,2555
980,-792,2538
1000,-810,2514
1029,-812,2488
1066,-803,2468
1108,-796,2462
1155,-799,2473
1203,-807,2489
1244,-820,2511
1272,-843,2552
1281,-894,2620
1285,-968,2703
1295,-1045,2789
1302,-1120,2885
1275,-1194,2974
1218,-1268,3035
1152,-1336,3069
1074,-1391,3061
990,-1436,3021
917,-1478,2953
864,-1526,2887
824,-1575,2818
792,-1618,2729
764,-1637,2590
731,-1624,2410
682,-1588,2221
645,-1542,2029
643,-1492,1825
657,-1436,1604
658,-1364,1381
631,-1264,1157
596,-1150,935
561,-1030,711
526,-910,499
494,-793,307
472,-681,131
460,-585,-25
456,-507,-164
455,-452,-284
451,-423,-355
429,-411,-353
386,-428,-254
348,-462,-87
342,-499,164
364,-523,549
386,-528,919
385,-508,1130
371,-447,1102
357,-347,899
343,-223,624
295,-101,326
160,-23,69
-67,-16,-144
-307,-45,-338
-472,-98,-489
-537,-165,-575
-520,-234,-631
-461,-297,-684
-347,-322,-712
-179,-312,-728
2,-278,-720
147,-244,-688
213,-223,-660
190,-211,-646
93,-198,-645
-39,-180,-652
-164,-163,-652
-241,-138,-623
-263,-114,-574
-257,-93,-505
-245,-81,-428
-248,-75,-350
-267,-74,-269
-293,-74,-169
-315,-63,-63
-324,-42,53
-331,-11,169
-346,26,270
-380,66,346
-423,103,389
-468,138,410
-508,168,423
-531,194,431
-528,210,431
-507,217,420
-481,213,412
-439,207,407
-409,197,405
-394,186,410
-381,173,420
-363,166,432
-347,161,445
-338,161,466
-333,163,506
-327,168,538
-321,175,554
-316,186,571
-317,201,590
-332,221,619
-359,240,640
-396,262,654
-435,287,660
-451,314,654
-431,341,647
-385,373,681
-334,439,1123
-324,553,788
-221,760,-333
-10,965,-39
-97,926,73
-409,607,-196
-586,189,67
-436,-195,231
-122,-426,366
155,-475,579
353,-358,745
499,-117,787
611,188,831
668,483,853
638,668,825
518,685,843
381,576,933
297,438,1056
281,350,1164
311,344,1251
363,401,1326
413,487,1375
450,555,1386
478,583,1376
500,572,1353
531,536,1314
566,504,1267
609,485,1219
664,484,1178
724,489,1144
780,494,1122
819,484,1111
837,463,1105
844,429,1101
846,394,1093
850,375,1084
854,372,1073
857,377,1073
862,385,1082
869,388,1096
880,381,1118
894,370,1147
905,359,1175
908,350,1197
902,340,1214
889,331,1221
873,320,1232
858,310,1249
846,298,1268
832,286,1286
811,273,1302
784,259,1321
752,246,1339
721,233,1351
686,222,1356
649,213,1354
610,208,1346
577,205,1332
549,206,1316
524,206,1307
495,205,1300
465,200,1295
441,195,1293
429,190,1283
432,190,1268
450,191,1247
476,200,1219
502,211,1186
530,220,1160
560,226,1141
590,226,1120
618,218,1107
643,204,1093
664,190,1081
684,179,1072
701,173,1065
714,170,1061
720,168,1063
719,167,1064
709,164,1073
690,162,1084
666,159,1092
644,155,1093
621,151,1102
607,151,1101
594,151,1097
574,152,1090
544,153,1086
510,150,1076
476,147,1064
449,143,1055
427,140,1045
408,138,1028
387,137,1014
368,139,1005
357,139,996
352,137,983
348,130,971
338,123,959
330,117,949
325,116,939
323,119,941
326,125,949
336,131,954
348,135,951
355,137,949
360,137,947
369,131,944
377,123,944
383,112,951
388,100,970
396,86,996
403,67,1014
404,44,1029
393,17,1035
364,-7,1031
325,-29,1021
295,-43,1010
284,-46,996
284,-45,986
287,-39,976
279,-33,969
266,-25,961
256,-15,958
251,-5,961
244,1,968
240,5,974
241,7,976
243,11,974
239,19,967
237,31,953
247,46,941
263,62,924
281,79,907
312,94,893
354,107,876
389,115,863
404,110,858
397,97,867
368,78,883
332,54,905
304,32,935
285,15,969
279,4,1000
275,-2,1019
263,-11,1027
237,-24,1039
207,-44,1048
181,-74,1057
163,-115,1064
156,-164,1081
153,-219,1100
152,-276,1138
140,-334,1192
111,-391,1263
66,-446,1348
19,-494,1441
-5,-538,1525
-14,-585,1614
-6,-639,1700
7,-691,1751
-1,-738,1749
-48,-774,1717
-112,-789,1679
-158,-785,1614
-179,-769,1521
-165,-754,1446
-104,-741,1258
-82,-527,1116
-539,178,-87
-128,492,100
-518,336,7
-1077,-41,-778
-776,-429,-26
209,-793,-172
962,-1224,12
1137,-1714,678
670,-1991,1074
36,-1708,1238
-241,-970,1487
-304,-273,1681
-438,171,1730
-610,408,1695
-648,490,1689
-494,459,1692
-273,334,1692
-133,153,1677
-106,-29,1641
-133,-157,1567
-140,-190,1465
-96,-117,1354
-20,21,1238
47,173,1127
82,297,1026
82,380,943
61,420,875
42,430,816
37,420,776
46,401,747
66,380,728
92,365,723
122,358,717
152,360,707
176,368,707
202,381,711
228,396,705
255,412,688
281,425,673
305,438,667
335,449,661
366,457,662
393,461,660
410,460,652
416,459,639
413,459,624
408,462,608
410,471,594
415,481,582
426,496,573
437,509,565
448,522,561
454,531,563
457,541,567
456,545,571
455,544,577
452,539,585
451,529,594
450,517,603
450,505,614
447,496,625
434,489,635
415,485,641
391,486,648
363,492,654
339,500,664
323,505,679
315,508,700
308,508,725
303,506,746
302,503,763
301,497,772
300,493,780
299,488,784
304,483,786
312,482,787
321,480,785
328,480,780
331,479,768
331,477,753
328,472,736
324,469,727
318,458,710
316,442,709
336,449,718
360,458,697
375,464,696
386,466,703
393,466,706
399,462,713
406,456,721
417,449,732
429,442,741
438,435,751
443,431,762
443,427,771
441,423,783
438,420,799
433,416,819
428,413,836
419,407,845
406,400,854
389,392,864
371,384,872
353,379,877
340,375,884
330,371,887
317,368,889
303,367,890
290,366,885
276,364,883
268,361,883
263,359,886
261,356,888
260,352,893
264,350,895
265,347,896
268,345,895
270,346,893
270,348,889
270,351,886
269,355,884
269,358,886
271,363,888
280,367,895
292,371,902
303,376,912
312,378,923
315,381,929
317,383,932
318,386,931
319,391,929
318,393,928
319,394,924
319,396,919
319,398,914
314,399,907
307,401,901
300,403,894
292,407,890
287,408,882
282,411,873
277,412,864
272,416,858
271,418,853
277,421,852
285,423,854
294,425,854
300,424,858
304,424,856
304,421,853
304,418,847
305,416,843
308,413,839
313,410,835
319,407,832
326,405,827
333,403,823
339,402,817
347,401,813
356,399,815
367,399,818
379,399,820
390,398,827
397,398,832
401,398,837
402,400,837
401,400,834
401,400,831
403,400,824
406,400,818
410,399,814
413,400,812
413,401,810
411,403,810
405,406,808
399,409,811
395,410,816
391,412,819
390,411,822
389,410,822
387,408,819
384,408,817
378,408,813
371,409,811
362,411,811
353,411,809
346,408,807
341,405,807
340,401,808
341,399,808
344,397,806
346,397,804
347,396,802
345,397,798
343,397,792
341,399,792
338,399,794
337,402,800
339,405,803
345,408,805
353,409,808
360,410,808
363,412,808
363,413,812
368,413,816
377,415,825
388,415,829
396,415,832
392,414,834
386,414,832
380,414,829
379,413,827
383,411,823
387,410,819
388,410,819
384,407,817
377,408,815
369,406,812
362,405,809
357,405,809
355,405,813
354,405,815
355,408,819
353,409,818
351,412,820
348,418,819
347,421,820
349,424,821
353,426,825
356,428,828
359,427,834
362,426,840
363,423,843
364,420,845
363,419,844
363,417,842
365,417,843
369,416,840
371,416,841
373,415,845
374,412,845
374,409,846
374,405,846
373,401,846
372,400,845
370,398,844
368,398,842
365,397,839
360,397,837
352,398,836
349,398,838
345,400,840
343,401,842
342,402,843
341,404,844
341,406,844
339,409,845
336,412,848
333,415,852
330,416,853
326,416,856
323,415,858
322,413,860
324,413,859
329,414,861
334,413,861
339,415,862
343,415,864
346,413,865
348,411,867
348,407,867
350,404,866
350,400,863
350,395,861
349,394,857
349,393,851
341,395,803
349,440,639
337,462,746
268,415,807
328,398,784
442,392,783
482,370,796
434,350,830
358,345,861
309,358,881
302,385,891
321,418,897
352,449,899
378,477,900
367,490,900
344,478,890
337,452,882
351,422,867
365,399,855
# balls=4,catches=32,detected=21,sampleRate=200,timestamp=1781213005,countMode=watch_hand
x,y,z
390,356,827
384,358,826
381,362,827
381,367,828
380,369,830
378,371,833
375,373,836
368,372,839
360,374,843
352,376,844
344,380,845
344,383,842
347,386,841
349,388,836
350,386,831
350,383,827
350,382,825
352,380,825
356,378,827
359,378,828
362,375,829
365,372,830
368,369,834
371,362,837
370,361,836
368,360,839
365,361,839
363,360,840
367,361,841
369,361,844
365,361,850
360,362,856
355,362,860
350,364,863
349,365,865
350,368,865
351,368,863
349,366,860
346,366,853
346,364,845
348,363,841
350,359,835
353,357,832
357,357,833
360,355,837
361,354,833
360,353,832
354,352,832
349,352,829
346,354,825
350,355,821
356,355,816
364,354,811
368,353,804
368,349,799
365,344,792
362,337,784
360,333,776
358,330,767
362,331,754
365,330,735
362,327,720
357,327,708
350,331,699
340,339,685
329,348,671
315,357,661
299,363,648
284,366,633
271,367,616
256,366,602
244,363,593
230,359,587
211,356,579
187,356,574
161,354,570
137,353,571
119,349,572
109,341,570
104,334,564
100,324,555
96,314,541
94,307,517
101,297,490
113,287,458
121,270,428
127,247,399
133,221,371
143,195,348
150,169,330
156,147,316
163,126,306
172,106,296
182,88,288
191,67,286
197,47,292
207,27,312
224,7,343
242,-10,385
252,-31,432
245,-53,481
219,-76,524
184,-95,559
155,-111,584
142,-121,604
137,-129,621
134,-134,634
119,-143,640
97,-151,633
78,-159,621
73,-163,617
86,-165,622
104,-169,627
113,-178,626
110,-195,622
105,-219,618
111,-242,608
128,-260,602
157,-273,615
194,-281,639
226,-289,659
248,-297,687
259,-310,739
275,-324,801
306,-339,880
341,-363,966
372,-391,1049
386,-424,1125
391,-457,1199
394,-486,1259
398,-506,1316
404,-513,1371
415,-509,1424
433,-497,1476
447,-491,1536
444,-497,1592
431,-515,1625
423,-536,1645
421,-549,1661
424,-556,1679
436,-559,1699
457,-557,1711
474,-567,1722
496,-577,1734
526,-582,1746
570,-580,1764
628,-570,1798
688,-555,1843
733,-540,1904
756,-527,1966
763,-520,2024
767,-513,2076
778,-505,2119
789,-495,2162
794,-487,2199
784,-487,2228
762,-490,2248
739,-497,2256
722,-498,2261
725,-492,2270
735,-484,2279
738,-478,2285
733,-475,2284
727,-472,2285
724,-471,2285
731,-469,2288
748,-469,2301
772,-476,2327
791,-491,2351
803,-516,2372
813,-544,2404
828,-576,2444
841,-615,2493
840,-668,2547
819,-734,2599
787,-810,2635
753,-882,2650
717,-948,2650
670,-1014,2630
624,-1076,2594
597,-1126,2526
601,-1149,2429
612,-1152,2299
609,-1132,2152
615,-1088,2010
646,-1023,1866
676,-951,1722
696,-879,1598
715,-805,1478
733,-728,1376
742,-651,1278
730,-579,1169
706,-517,1044
686,-460,959
670,-408,882
636,-362,762
570,-325,643
485,-293,553
398,-260,467
320,-224,401
253,-184,369
206,-139,421
192,-92,507
212,-50,571
249,-20,583
260,-11,530
196,-30,390
34,-62,195
-183,-90,-45
-397,-103,-283
-569,-103,-467
-660,-85,-613
-679,-55,-712
-665,-28,-773
-668,-14,-808
-684,-21,-812
-684,-46,-798
-661,-85,-777
-633,-129,-750
-611,-171,-734
-588,-204,-723
-565,-226,-705
-543,-235,-674
-531,-236,-634
-525,-234,-589
-523,-231,-539
-517,-232,-485
-504,-237,-430
-483,-244,-375
-455,-255,-319
-420,-265,-268
-386,-275,-221
-351,-284,-183
-320,-293,-149
-294,-302,-120
-276,-311,-97
-258,-316,-79
-238,-317,-57
-214,-318,-34
-194,-317,-13
-179,-316,6
-165,-312,23
-151,-308,37
-140,-302,54
-133,-290,70
-129,-281,85
-127,-270,101
-122,-259,125
-105,-249,156
-79,-242,189
-50,-239,221
-25,-241,248
-1,-246,278
21,-253,321
54,-260,373
94,-269,421
137,-280,465
167,-293,506
183,-309,544
185,-328,577
180,-347,615
173,-364,647
167,-380,667
165,-393,682
166,-403,705
170,-411,730
181,-414,757
193,-416,790
213,-418,817
236,-421,843
260,-426,866
286,-431,886
311,-438,902
339,-444,919
377,-450,945
422,-453,988
472,-454,1031
520,-457,1074
554,-460,1111
573,-456,1145
582,-444,1173
589,-421,1188
606,-389,1226
634,-361,1290
673,-336,1340
717,-318,1386
759,-306,1416
795,-292,1428
829,-275,1433
858,-255,1422
862,-234,1458
866,-215,1554
922,-181,1596
1014,-137,1626
1096,-97,1635
1159,-67,1658
1220,-45,1699
1277,-30,1747
1318,-21,1795
1334,-18,1841
1322,-24,1879
1286,-36,1914
1237,-52,1951
1191,-67,1995
1142,-83,2051
1077,-122,2111
1033,-139,2181
991,-141,2226
937,-150,2283
865,-183,2325
781,-231,2350
702,-289,2381
636,-350,2440
602,-398,2508
605,-421,2587
646,-418,2650
704,-403,2718
767,-398,2772
829,-414,2835
887,-445,2880
945,-483,2929
999,-525,2982
1050,-572,3039
1096,-616,3089
1128,-658,3137
1145,-705,3175
1144,-767,3209
1139,-834,3225
1130,-888,3201
1118,-939,3143
1096,-981,3055
1049,-1008,2945
983,-1015,2818
920,-1024,2680
867,-1035,2542
825,-1039,2399
793,-1025,2234
776,-989,2041
770,-938,1830
772,-880,1619
767,-819,1397
754,-761,1167
734,-702,952
703,-644,738
660,-585,521
602,-527,326
532,-474,151
454,-432,-7
366,-407,-156
273,-402,-274
186,-414,-325
122,-450,-264
127,-505,-104
198,-570,138
317,-628,465
453,-654,731
532,-641,893
510,-602,966
449,-551,915
420,-475,732
418,-364,555
344,-248,357
118,-176,75
-247,-171,-187
-607,-212,-423
-824,-273,-633
-848,-334,-793
-744,-389,-899
-611,-431,-958
-496,-455,-965
-401,-451,-935
-360,-434,-879
-374,-406,-808
-432,-370,-740
-525,-326,-688
-647,-270,-656
-774,-203,-665
-904,-125,-678
-1020,-44,-711
-1099,32,-721
-1135,99,-714
-1138,152,-686
-1131,191,-632
-1115,216,-548
-1089,231,-457
-1044,235,-359
-971,230,-272
-883,218,-187
-800,202,-109
-727,189,-25
-681,190,521
-335,229,1102
-1051,218,-772
-2235,107,-817
-2156,8,-640
-855,-74,-355
-19,-134,22
115,-155,274
22,-123,443
-44,-55,494
-55,16,489
-77,64,467
-156,69,483
-259,32,538
-301,-40,601
-233,-128,660
-84,-203,699
76,-247,719
201,-258,731
286,-234,751
344,-197,804
390,-152,815
437,-123,851
488,-95,920
541,-63,1006
590,-45,1091
637,-41,1105
663,-46,1091
652,-52,1104
604,-49,1127
535,-37,1164
469,-21,1201
424,-7,1229
404,3,1248
392,10,1254
370,11,1260
335,12,1281
310,5,1321
321,-4,1398
382,-22,1504
473,-53,1616
559,-96,1708
614,-152,1773
632,-215,1805
631,-270,1814
645,-310,1817
701,-333,1834
793,-338,1874
910,-331,1930
1031,-321,1989
1139,-317,2047
1213,-324,2111
1237,-346,2158
1211,-373,2196
1155,-398,2225
1091,-417,2266
1034,-432,2308
994,-451,2359
981,-479,2422
997,-519,2488
1017,-570,2549
1017,-621,2599
995,-655,2638
955,-674,2670
921,-681,2680
906,-690,2682
915,-707,2679
940,-728,2681
976,-739,2681
1009,-733,2692
1034,-719,2714
1061,-716,2754
1102,-743,2827
1142,-795,2915
1179,-847,2991
1219,-888,3038
1255,-918,3042
1268,-952,3005
1244,-995,2946
1195,-1043,2864
1143,-1082,2746
1106,-1100,2583
1086,-1099,2381
1071,-1080,2152
1051,-1054,1901
1028,-1025,1652
1009,-998,1391
986,-961,1112
960,-906,841
942,-835,598
932,-755,386
926,-672,186
906,-591,-1
862,-514,-159
797,-444,-263
719,-390,-338
634,-355,-383
548,-352,-351
482,-389,-220
447,-449,15
429,-523,331
444,-576,648
473,-583,950
471,-538,1191
415,-453,1366
327,-333,1383
257,-186,1268
227,-48,1033
176,21,739
32,-8,425
-167,-105,93
-339,-182,-103
-462,-229,-306
-488,-271,-471
-465,-361,-586
-400,-456,-634
-345,-538,-669
-316,-587,-674
-311,-586,-669
-324,-538,-653
-349,-452,-636
-385,-346,-628
-434,-235,-616
-470,-132,-605
-481,-42,-599
-475,31,-570
-460,87,-512
-438,124,-434
-427,144,-346
-435,150,-263
-462,148,-193
-495,144,-128
-529,144,-71
-554,152,-5
-570,175,60
-587,207,114
-605,246,149
-625,293,175
-641,347,196
-647,403,209
-638,460,219
-614,513,231
-587,558,233
-565,587,237
-553,599,249
-541,597,275
-508,583,303
-451,559,324
-376,530,341
-287,502,364
-191,474,388
-114,447,413
-63,422,443
-13,401,453
59,383,448
142,365,450
219,347,453
273,331,451
300,318,449
300,310,443
284,315,444
259,327,452
225,348,466
181,375,476
125,406,478
53,440,475
1,474,625
-139,512,176
-547,536,165
-940,537,228
-1082,529,136
-1299,594,-125
-1996,654,-508
-1947,382,-339
-976,121,110
74,21,474
768,6,792
1132,10,1010
1295,-10,1077
1294,-51,1167
1177,-71,1176
990,-34,1043
754,65,939
427,194,979
91,288,1078
4,281,1164
223,173,1199
532,36,1234
775,-76,1263
909,-136,1262
953,-129,1276
933,-80,1313
874,-21,1333
792,19,1303
685,15,1257
581,-23,1238
502,-94,1250
473,-175,1269
490,-240,1286
529,-283,1288
560,-300,1295
568,-294,1305
550,-280,1315
530,-265,1345
532,-267,1416
554,-286,1508
578,-314,1615
598,-337,1740
619,-351,1899
635,-366,2090
640,-399,2281
628,-458,2450
601,-539,2583
560,-604,2586
541,-635,2500
589,-607,2556
685,-519,2650
735,-450,2726
732,-471,2768
727,-559,2785
721,-652,2784
707,-713,2780
697,-756,2759
702,-797,2713
736,-840,2672
780,-884,2658
808,-937,2666
816,-999,2664
842,-1053,2656
892,-1082,2666
934,-1100,2683
950,-1128,2735
953,-1173,2801
966,-1216,2847
986,-1240,2874
1005,-1239,2847
1027,-1209,2759
1056,-1156,2624
1080,-1103,2450
1083,-1055,2248
1060,-1016,2026
1016,-980,1794
963,-938,1555
909,-885,1309
857,-826,1084
808,-758,853
760,-689,632
709,-620,433
656,-554,261
605,-496,125
555,-454,31
500,-431,-24
438,-432,-54
362,-461,-31
279,-523,53
230,-614,158
231,-723,307
253,-827,480
247,-906,663
209,-938,841
168,-899,956
155,-796,1028
185,-658,1036
239,-525,928
255,-436,772
185,-412,573
10,-451,391
-205,-521,163
-350,-571,-58
-395,-580,-252
-382,-562,-392
-342,-528,-510
-317,-488,-607
-304,-439,-671
-312,-382,-718
-314,-307,-733
-351,-221,-725
-438,-136,-701
-560,-53,-659
-679,26,-615
-771,107,-568
-847,183,-520
-914,257,-474
-966,333,-437
-1009,412,-385
-1048,489,-330
-1067,562,-271
-1057,627,-204
-1017,680,-143
-948,723,-97
-865,754,-36
-772,790,338
-818,858,541
-1547,880,-877
-2153,863,-1109
-1801,810,-926
-873,698,-607
-147,600,-377
171,575,-198
309,612,-57
420,659,61
521,686,129
565,684,177
520,641,205
382,539,202
219,397,227
183,270,225
369,180,213
669,139,223
913,145,200
1003,171,175
912,186,134
714,223,120
514,294,139
352,369,117
238,426,114
172,452,141
152,447,197
169,425,274
207,402,358
239,383,439
253,374,512
238,371,576
197,370,638
134,365,718
75,353,841
49,324,981
61,282,1100
81,228,1196
77,169,1257
53,116,1289
46,82,1330
85,69,1412
157,67,1501
256,69,1606
383,59,1720
520,30,1818
645,-14,1871
747,-61,1909
821,-104,1932
872,-134,1954
901,-149,1983
908,-159,2001
904,-164,2002
909,-168,1991
935,-175,1992
972,-181,2016
997,-193,2054
981,-219,2084
910,-268,2111
786,-335,2148
633,-407,2207
489,-470,2284
382,-525,2384
320,-578,2526
295,-652,2703
292,-754,2889
303,-866,3057
322,-966,3204
344,-1046,3321
378,-1102,3397
432,-1137,3436
503,-1158,3434
574,-1177,3397
660,-1194,3336
759,-1203,3239
864,-1203,3113
967,-1195,2972
1055,-1191,2833
1122,-1203,2715
1183,-1228,2615
1245,-1253,2520
1301,-1271,2422
1328,-1282,2325
1321,-1289,2211
1285,-1286,2080
1234,-1260,1930
1188,-1224,1778
1157,-1185,1616
1131,-1142,1433
1088,-1088,1229
1030,-1023,1020
965,-953,816
895,-883,605
817,-817,400
730,-757,201
633,-709,11
532,-672,-175
440,-645,-298
358,-640,-287
296,-673,-200
264,-739,-76
254,-818,101
256,-876,331
223,-885,537
156,-830,606
114,-722,604
141,-578,506
215,-408,366
248,-228,267
105,-90,116
-279,-43,-153
-732,-65,-432
-976,-105,-678
-954,-145,-851
-823,-189,-942
-716,-226,-1006
-663,-250,-1047
-618,-250,-1071
-593,-228,-1096
-602,-199,-1110
-633,-169,-1098
-686,-145,-1045
-751,-128,-973
-815,-116,-878
-867,-105,-793
-897,-93,-714
-891,-75,-636
-852,-47,-552
-816,-12,-470
-790,23,-386
-757,65,-291
-718,100,-193
-684,126,-90
-651,139,6
-622,140,109
-587,130,209
-543,115,295
-487,100,369
-430,87,432
-392,82,493
-388,87,527
-409,103,553
-444,126,565
-483,159,565
-514,194,556
-530,233,618
-524,290,810
-582,400,691
-578,527,54
-503,568,-243
-522,533,109
-606,419,64
-629,247,104
-534,24,190
-408,-211,242
-311,-413,360
-211,-516,503
-56,-491,641
142,-350,758
334,-164,864
496,-7,924
613,85,983
688,105,1048
733,75,1128
777,16,1240
852,-49,1381
981,-107,1531
1166,-149,1688
1388,-176,1831
1618,-182,1962
1803,-162,2070
1903,-127,2159
1913,-86,2207
1866,-51,2219
1815,-30,2217
1782,-23,2222
1744,-27,2259
1655,-56,2307
1510,-111,2330
1320,-179,2351
1121,-238,2384
936,-287,2445
775,-340,2507
631,-397,2566
512,-450,2625
410,-500,2689
356,-557,2735
360,-604,2790
406,-648,2837
482,-694,2882
593,-724,2916
747,-733,2943
933,-727,2959
1108,-725,2975
1251,-744,2975
1382,-761,2957
1521,-762,2921
1656,-756,2882
1744,-761,2849
1753,-789,2800
1709,-821,2730
1646,-852,2660
1571,-888,2583
1495,-923,2490
1418,-951,2372
1343,-962,2240
1280,-958,2082
1209,-949,1908
1113,-941,1728
1010,-926,1542
915,-900,1340
837,-861,1129
774,-807,915
736,-740,713
719,-669,526
705,-600,368
687,-539,227
655,-484,99
610,-431,-4
556,-389,-92
498,-357,-163
438,-342,-198
367,-355,-147
300,-387,-24
244,-443,186
216,-504,457
252,-531,776
339,-497,981
391,-417,1027
362,-307,969
295,-169,823
237,-26,585
165,86,347
25,146,109
-186,148,-145
-424,145,-381
-653,131,-604
-844,38,-789
-887,-68,-846
-768,-160,-841
-580,-231,-802
-404,-271,-737
-254,-280,-669
-120,-263,-604
-28,-241,-572
-3,-230,-557
-29,-223,-543
-86,-214,-517
-163,-198,-480
-243,-178,-451
-305,-155,-410
-337,-130,-356
-351,-108,-294
-360,-93,-217
-368,-86,-140
-384,-81,-69
-403,-74,10
-422,-62,94
-439,-41,172
-457,-12,238
-480,17,286
-510,51,310
-540,83,323
-570,113,334
-598,134,341
-634,142,348
-677,139,343
-723,125,331
-759,105,322
-764,84,314
-741,62,317
-706,45,328
-651,36,345
-573,34,375
-488,37,410
-415,42,440
-359,48,464
-317,54,481
-280,65,495
-246,75,540
-208,84,564
-181,91,565
-164,96,575
-172,87,585
-142,93,634
-115,104,666
-93,112,718
-72,116,765
-54,120,814
-31,121,845
2,124,865
51,135,889
99,153,911
129,173,932
130,191,925
129,220,997
148,254,891
182,343,1017
272,444,1021
318,469,918
298,418,1056
247,313,1023
217,143,1023
294,-53,1095
489,-221,1282
750,-355,1492
1026,-449,1643
1267,-498,1719
1415,-494,1741
1438,-437,1763
1362,-358,1778
1268,-297,1825
1221,-279,1889
1218,-302,1970
1230,-341,2069
1222,-370,2199
1176,-394,2342
1076,-427,2496
929,-477,2653
785,-526,2817
682,-562,2976
622,-590,3131
572,-613,3276
528,-632,3410
515,-644,3523
546,-655,3602
623,-658,3646
763,-660,3656
938,-655,3632
1103,-653,3566
1244,-650,3478
1353,-650,3382
1444,-656,3282
1533,-680,3201
1618,-717,3134
1680,-759,3051
1690,-794,2962
1635,-826,2864
1532,-844,2708
1415,-838,2515
1301,-814,2296
1194,-788,2058
1091,-753,1810
1000,-705,1569
920,-648,1334
851,-585,1118
808,-521,913
790,-458,712
783,-396,509
777,-339,319
766,-288,148
747,-244,-4
724,-208,-130
693,-189,-200
654,-197,-205
598,-246,-139
541,-319,-48
507,-399,78
506,-474,238
540,-518,411
573,-529,563
575,-500,662
545,-440,696
498,-356,701
448,-254,657
377,-155,581
262,-85,447
94,-60,288
-106,-83,120
-297,-139,-35
-442,-210,-159
-534,-280,-245
-583,-335,-311
-602,-372,-355
-609,-396,-403
-608,-404,-441
-604,-402,-468
-596,-390,-482
-577,-370,-484
-553,-344,-474
-539,-317,-462
-559,-289,-447
-612,-261,-437
-670,-229,-438
-711,-189,-441
-736,-144,-441
-747,-90,-425
-745,-35,-389
-732,13,-321
-699,56,-235
-637,89,-133
-561,112,-31
-490,126,56
-437,129,127
-404,127,190
-389,124,237
-387,123,270
-388,127,293
-387,137,318
-376,155,348
-355,176,378
-329,199,402
-310,222,424
-303,241,446
-305,256,457
-340,264,1026
-432,332,1141
-369,408,-414
-520,470,-435
-1020,507,-41
-1277,435,-317
-893,307,-129
-395,192,73
-144,98,119
-132,40,167
-218,25,239
-278,57,302
-275,117,368
-251,184,462
-222,232,579
-189,243,684
-160,210,742
-96,171,822
20,159,978
175,164,1098
375,180,1174
617,207,1269
847,227,1349
1016,221,1406
1095,178,1507
1110,111,1635
1121,44,1770
1181,-1,1863
1288,-9,1906
1384,22,1908
1424,88,1900
1409,161,1902
1376,217,1894
1335,220,1926
1278,162,1987
1174,65,2048
1023,-28,2105
866,-79,2166
747,-84,2247
665,-88,2334
606,-116,2400
550,-164,2472
497,-222,2560
460,-275,2672
442,-327,2795
454,-385,2913
505,-436,3014
591,-469,3105
701,-486,3195
815,-508,3270
921,-546,3311
1018,-597,3321
1101,-642,3309
1156,-676,3275
1199,-700,3221
1248,-720,3155
1299,-748,3083
1334,-785,3019
1355,-820,2944
1363,-838,2867
1348,-851,2793
1306,-876,2713
1251,-913,2627
1195,-942,2514
1139,-952,2395
1090,-952,2273
1038,-954,2132
975,-953,1970
914,-935,1796
869,-887,1610
837,-823,1407
810,-758,1201
791,-691,998
779,-628,794
763,-566,597
738,-504,412
707,-440,224
667,-378,49
623,-323,-109
579,-280,-260
529,-250,-368
478,-238,-387
428,-251,-327
375,-287,-173
312,-333,45
271,-371,245
263,-374,401
271,-335,546
300,-263,589
348,-164,563
404,-40,468
422,87,302
333,189,104
113,230,-111
-187,200,-323
-469,112,-495
-626,8,-619
-625,-77,-688
-539,-133,-708
-473,-173,-717
-461,-189,-718
-476,-189,-721
-494,-179,-734
-492,-165,-748
-481,-153,-748
-482,-150,-733
-494,-158,-706
-511,-180,-665
-522,-211,-622
-529,-249,-582
-540,-290,-547
-552,-330,-507
-559,-363,-464
-560,-384,-408
-555,-396,-344
-543,-398,-267
-526,-389,-184
-503,-373,-93
-480,-359,7
-463,-348,90
-456,-342,164
-457,-340,230
-456,-340,288
-454,-337,337
-454,-330,377
-461,-320,409
-478,-306,437
-504,-286,447
-527,-260,454
-538,-232,464
-538,-201,488
-528,-172,519
-513,-148,552
-501,-128,593
-494,-114,637
-493,-107,692
-491,-101,749
-483,-95,801
-466,-79,921
-455,-35,1035
-477,33,778
-388,119,696
-349,190,762
-432,215,853
-543,182,792
-537,121,866
-340,56,986
-38,-13,1056
250,-102,1131
507,-173,1244
737,-233,1313
948,-267,1376
1117,-286,1461
1264,-268,1512
1392,-215,1569
1491,-153,1628
1556,-98,1675
1576,-60,1745
1574,-28,1822
1558,-3,1914
1544,15,2002
1536,27,2078
1520,25,2140
1469,2,2194
1351,-37,2246
1166,-88,2290
947,-136,2334
743,-166,2385
603,-192,2445
543,-239,2528
553,-310,2623
595,-386,2728
645,-448,2834
709,-480,2931
803,-489,3007
925,-487,3065
1068,-483,3109
1217,-475,3132
1347,-472,3141
1451,-475,3133
1541,-489,3108
1620,-509,3060
1681,-532,2995
1714,-566,2933
1717,-613,2878
1705,-659,2824
1685,-696,2775
1644,-725,2730
1564,-759,2684
1451,-802,2625
1320,-845,2552
1199,-880,2465
1109,-894,2355
1055,-888,2211
1021,-860,2047
991,-823,1869
948,-776,1670
892,-722,1467
837,-654,1277
798,-576,1094
779,-496,912
769,-417,723
760,-343,529
744,-274,332
726,-210,140
706,-151,-30
683,-100,-174
652,-61,-290
621,-39,-369
598,-37,-407
594,-43,-400
595,-60,-296
584,-80,-169
574,-93,-36
576,-76,58
572,-37,212
576,17,324
606,81,430
666,161,449
730,253,387
709,331,281
539,369,148
244,339,-17
-71,249,-180
-320,142,-317
-453,63,-426
-486,29,-486
-465,23,-512
-440,27,-524
-437,30,-534
-438,27,-526
-429,12,-512
-413,-13,-491
-406,-62,-468
-415,-129,-439
-437,-207,-405
-463,-287,-371
-501,-365,-348
-537,-433,-340
-561,-472,-341
-575,-477,-354
-589,-457,-380
-606,-431,-395
-602,-420,-374
-567,-428,-310
-518,-458,-205
-471,-506,-90
-438,-562,35
-409,-613,170
-380,-653,296
-348,-675,404
-315,-680,487
-295,-671,551
-302,-654,592
-331,-629,619
-371,-598,639
-414,-566,655
-458,-534,669
-502,-505,683
-542,-479,688
-576,-455,685
-602,-431,672
-623,-407,662
-645,-385,657
-665,-365,656
-685,-346,657
-701,-329,659
-708,-313,671
-699,-293,698
-680,-270,734
-659,-242,760
-696,-196,722
-730,-112,930
-873,-30,818
-1455,-11,264
-1931,-15,324
-1553,5,670
-687,16,969
-36,1,1099
298,-35,1282
482,-75,1421
621,-98,1404
739,-91,1411
840,-50,1452
903,44,1487
918,145,1454
921,192,1448
956,184,1469
1075,144,1506
1309,173,1511
1588,242,1586
1831,364,1577
1938,491,1533
1918,618,1461
1778,678,1490
1560,650,1537
1316,552,1577
1091,437,1606
907,334,1656
771,251,1733
690,175,1840
643,102,1974
587,30,2124
499,-41,2287
404,-126,2443
377,-204,2596
436,-244,2758
557,-266,2935
698,-288,3070
831,-299,3147
948,-296,3206
1050,-298,3276
1139,-323,3332
1219,-361,3331
1308,-379,3288
1410,-357,3212
1502,-329,3127
1562,-318,3045
1594,-326,2969
1616,-350,2901
1638,-374,2838
1657,-404,2796
1655,-448,2777
1631,-500,2749
1597,-542,2709
1544,-577,2659
1449,-622,2596
1327,-659,2502
1210,-665,2376
1106,-647,2237
1019,-626,2087
954,-606,1909
906,-580,1706
872,-543,1507
846,-492,1311
820,-435,1108
791,-374,924
759,-315,741
727,-261,563
696,-211,395
674,-168,240
661,-135,130
652,-117,65
640,-115,34
616,-136,86
569,-185,213
516,-239,383
476,-289,626
468,-315,804
479,-309,843
486,-273,794
476,-216,675
434,-145,508
341,-76,298
198,-25,54
17,-1,-192
-151,-16,-428
-264,-64,-612
-307,-137,-714
-314,-230,-748
-320,-322,-755
-326,-394,-751
-324,-434,-737
-318,-444,-713
-329,-434,-682
-356,-414,-639
-396,-391,-595
-454,-377,-559
-530,-364,-538
-610,-353,-523
-680,-344,-505
-722,-334,-473
-733,-318,-429
-707,-297,-369
-653,-273,-287
-597,-251,-196
-554,-235,-104
-520,-227,-6
-491,-224,93
-466,-224,186
-450,-223,265
-445,-221,332
-452,-208,388
-466,-184,426
-485,-153,461
-509,-115,491
-531,-75,509
-555,-36,522
-580,1,528
-610,36,534
-635,68,541
-657,98,547
-673,125,554
-690,151,562
-692,173,603
-691,193,586
-734,213,548
-784,240,621
-861,275,704
-1083,328,376
-1304,365,-86
-1302,367,137
-926,320,408
-419,251,422
-81,183,427
77,126,564
144,84,622
172,73,680
205,92,722
258,144,742
299,209,750
309,282,745
323,333,739
383,368,792
478,399,908
598,417,1030
728,424,1106
877,441,1140
1034,457,1198
1184,465,1251
1318,484,1311
1435,517,1369
1524,559,1428
1569,592,1458
1556,603,1463
1486,591,1479
1385,560,1507
1295,512,1535
1257,458,1592
1282,406,1659
1338,375,1723
1354,356,1794
1285,337,1855
1130,299,1914
944,239,1945
774,171,1976
636,107,2041
519,50,2124
413,-4,2211
333,-59,2294
290,-110,2386
291,-162,2483
323,-219,2598
358,-280,2708
397,-348,2825
451,-414,2917
532,-474,3001
643,-529,3063
761,-582,3112
865,-641,3147
952,-705,3175
1041,-773,3186
1127,-832,3182
1209,-875,3161
1289,-910,3114
1353,-945,3059
1387,-986,2984
1398,-1012,2885
1396,-1013,2783
1382,-999,2681
1349,-980,2547
1311,-951,2397
1260,-907,2220
1202,-855,2025
1149,-800,1821
1101,-748,1625
1057,-698,1436
1028,-641,1254
1017,-577,1073
1018,-510,896
1022,-445,717
1016,-382,548
993,-327,394
957,-279,249
911,-242,117
851,-221,-16
772,-214,-135
675,-237,-174
578,-284,-225
497,-347,-181
444,-411,-26
439,-429,216
463,-397,508
473,-335,730
459,-241,884
436,-131,918
423,-1,816
405,139,628
320,261,367
79,326,67
-303,309,-245
-702,237,-530
-966,165,-733
-1025,115,-850
-921,73,-882
-745,28,-873
-581,-19,-841
-464,-75,-805
-361,-134,-767
-289,-195,-738
-275,-270,-731
-321,-349,-740
-388,-411,-738
-430,-434,-720
-446,-405,-693
-483,-364,-679
-546,-342,-633
-592,-339,-573
-607,-359,-490
-594,-393,-388
-577,-434,-280
-564,-470,-174
-554,-497,-68
-542,-509,29
-527,-511,130
-519,-505,239
-516,-491,345
-522,-470,454
-538,-445,560
-564,-417,648
-598,-388,717
-627,-359,775
-655,-331,819
-686,-305,852
-717,-278,871
-755,-254,877
-787,-227,870
-808,-201,857
-808,-178,844
-784,-154,843
-721,-135,899
-637,-120,884
-612,-118,801
-573,-124,807
-502,-112,865
-396,-83,908
-289,-17,1118
-160,91,1013
24,201,794
200,284,961
346,304,1039
443,272,949
503,186,875
529,50,793
596,-72,780
739,-151,913
957,-192,982
1227,-202,985
1519,-188,988
1785,-156,994
1959,-114,1050
2000,-64,1122
1913,0,1184
1769,79,1257
1647,166,1358
1580,233,1492
1520,262,1659
1448,252,1850
1363,219,2043
1252,180,2216
1095,139,2366
895,96,2480
677,45,2578
475,-7,2665
320,-59,2737
218,-116,2810
184,-186,2867
212,-250,2916
280,-302,2946
368,-341,2961
475,-365,2953
610,-370,2931
770,-372,2903
963,-368,2878
1162,-364,2851
1346,-366,2820
1522,-368,2781
1677,-375,2746
1797,-389,2717
1865,-423,2697
1876,-470,2682
1849,-512,2667
1800,-538,2639
1724,-560,2607
1627,-598,2569
1523,-652,2494
1412,-703,2398
1290,-731,2282
1165,-731,2135
1041,-706,1963
923,-664,1786
824,-613,1605
748,-559,1431
696,-500,1256
668,-436,1067
654,-363,881
651,-290,708
658,-223,537
663,-160,374
660,-106,204
647,-57,47
628,-13,-93
608,18,-201
586,26,-228
573,8,-188
564,-25,-69
549,-78,92
540,-122,240
550,-126,379
560,-94,475
559,-27,539
549,52,578
548,123,557
554,175,480
533,207,331
430,210,161
226,177,-19
-35,113,-197
-268,42,-334
-409,-17,-425
-460,-62,-489
-463,-95,-531
-458,-122,-561
-452,-143,-569
-444,-158,-573
-433,-174,-566
-422,-184,-547
-424,-191,-523
-462,-201,-506
-512,-212,-491
-548,-224,-472
-546,-232,-449
-511,-237,-421
-475,-241,-389
-460,-247,-363
-471,-253,-342
-491,-259,-317
-508,-261,-282
-518,-259,-236
-524,-257,-178
-532,-248,-113
-533,-241,-38
-529,-234,28
-528,-231,92
-530,-228,158
-533,-228,226
-531,-226,293
-521,-225,350
-506,-221,401
-492,-215,447
-482,-207,491
-486,-196,534
-503,-184,572
-520,-165,607
-532,-142,637
-543,-116,662
-561,-90,683
-586,-67,701
-612,-48,713
-627,-32,730
-625,-13,755
-607,5,810
-614,27,764
-633,55,805
-687,93,816
-809,160,875
-988,247,705
-941,306,640
-572,277,656
-114,208,830
249,119,938
470,46,1016
592,-9,1060
663,-48,1074
720,-57,1067
768,-65,1108
822,-88,1180
901,-115,1241
1010,-131,1309
1155,-124,1377
1333,-75,1453
1519,17,1539
1663,128,1612
1719,210,1675
1672,237,1751
1544,215,1842
1390,174,1949
1243,133,2081
1117,92,2223
1007,42,2376
893,-21,2526
754,-96,2667
594,-173,2803
441,-241,2925
336,-302,3039
287,-349,3155
275,-389,3234
304,-419,3271
382,-434,3278
515,-434,3258
685,-431,3192
884,-420,3099
1086,-402,3001
1267,-378,2917
1434,-353,2851
1593,-337,2807
1730,-337,2766
1836,-347,2725
1917,-362,2678
1960,-388,2625
1924,-424,2545
1818,-450,2436
1693,-445,2301
1566,-425,2166
1442,-428,2032
1322,-446,1875
1210,-457,1703
1108,-442,1526
1016,-404,1339
935,-350,1156
865,-291,977
806,-231,818
757,-173,645
707,-122,473
654,-79,320
606,-40,183
573,-6,114
558,12,117
550,-2,195
547,-45,257
545,-93,300
545,-139,381
556,-159,465
582,-150,530
623,-114,554
659,-60,551
654,-7,500
603,33,419
529,58,292
432,64,144
307,43,-9
157,0,-154
2,-57,-281
-117,-110,-385
-191,-153,-464
-233,-187,-522
-261,-209,-567
-284,-222,-589
-297,-222,-601
-305,-213,-593
-326,-192,-574
-369,-168,-547
-427,-144,-511
-485,-122,-472
-539,-104,-440
-584,-93,-415
-619,-85,-392
-644,-79,-369
-658,-74,-341
-661,-65,-303
-670,-55,-258
-676,-44,-204
-681,-31,-142
-687,-18,-84
-681,-4,-25
-663,8,38
-644,19,98
-629,28,159
-623,36,217
-615,45,260
-589,55,301
-550,66,337
-511,74,369
-471,86,400
-438,99,436
-418,111,470
-405,124,504
-398,139,541
-400,150,580
-412,162,616
-427,173,646
-434,182,679
-436,192,724
-461,210,935
-395,271,1133
-676,363,528
-1550,423,-78
-1953,412,126
-1250,295,227
-380,165,434
121,68,605
279,10,696
234,-13,804
114,-2,874
9,30,908
-36,69,963
-32,94,1022
-16,82,1120
-3,36,1228
42,-43,1296
160,-144,1303
373,-195,1472
655,-124,1645
914,-12,1783
1079,30,1825
1169,-22,1825
1263,-95,1853
1343,-116,1899
1345,-86,1929
1262,-49,1931
1172,-31,1919
1140,-31,1895
1159,-29,1879
1179,-13,1873
1158,11,1881
1085,32,1922
974,37,2003
840,24,2103
699,-7,2246
567,-61,2422
456,-117,2592
353,-177,2753
241,-244,2892
130,-310,3020
48,-365,3134
18,-419,3226
54,-475,3280
133,-525,3308
245,-571,3320
387,-609,3305
546,-635,3265
717,-643,3203
897,-628,3109
1080,-601,2993
1251,-577,2887
1399,-581,2795
1507,-601,2691
1592,-609,2563
1659,-599,2442
1697,-592,2328
1695,-607,2220
1649,-643,2104
1569,-666,1969
1466,-656,1795
1347,-619,1607
1224,-574,1412
1114,-525,1211
1023,-476,1006
949,-420,800
883,-356,592
820,-287,392
757,-219,191
698,-159,14
643,-100,-139
590,-51,-252
540,-16,-318
500,-2,-316
481,-15,-246
488,-31,-121
515,-50,50
549,-66,226
570,-72,366
562,-66,445
545,-36,511
550,9,556
587,70,564
617,142,446
578,212,239
429,252,-7
171,238,-253
-140,173,-461
-418,83,-623
-591,0,-726
-639,-59,-787
-596,-89,-813
-522,-98,-819
-445,-83,-799
-393,-63,-763
-371,-45,-712
-372,-31,-658
-397,-28,-599
-446,-34,-546
-508,-46,-503
-570,-64,-467
-628,-85,-443
-673,-108,-424
-705,-126,-407
-725,-141,-383
-743,-153,-334
-764,-164,-262
-788,-170,-172
-805,-176,-65
-812,-179,50
-809,-177,157
-800,-170,259
-788,-161,350
-774,-152,426
-762,-139,484
-757,-127,529
-757,-116,553
-765,-102,611
-772,-74,698
-793,-20,806
-881,42,592
-978,86,276
-1005,99,268
-965,81,302
-893,24,283
-821,-50,285
-706,-148,329
-570,-257,391
-430,-367,506
-300,-470,629
-188,-541,737
-96,-572,841
-25,-564,929
20,-531,1020
53,-477,1109
98,-420,1205
175,-374,1304
286,-345,1411
425,-334,1517
581,-338,1614
742,-345,1704
901,-348,1783
1050,-329,1850
1188,-283,1885
1303,-207,1902
1378,-110,1909
1410,-9,1906
1413,73,1909
1396,123,1916
1359,133,1927
1296,116,1946
1212,88,1965
1116,58,2006
998,23,2059
852,-27,2114
683,-98,2184
509,-183,2275
340,-276,2384
208,-374,2497
138,-451,2614
128,-503,2729
185,-535,2835
292,-564,2930
440,-591,3017
625,-614,3082
833,-630,3114
1051,-633,3127
1253,-623,3108
1418,-606,3064
1562,-584,3013
1672,-580,2975
1747,-611,2951
1790,-660,2932
1795,-708,2906
1754,-752,2866
1685,-803,2825
1600,-864,2770
1511,-913,2671
1417,-920,2512
1309,-896,2326
1193,-858,2124
1074,-817,1912
968,-769,1707
894,-710,1507
856,-639,1316
840,-567,1141
821,-493,968
794,-422,830
753,-353,689
694,-292,551
621,-241,412
556,-192,299
512,-146,233
491,-107,201
474,-85,199
444,-79,247
395,-95,355
340,-122,495
310,-151,627
311,-165,700
313,-157,736
307,-129,682
324,-87,558
389,-35,368
473,12,146
505,40,-95
430,40,-345
279,22,-599
134,-5,-800
49,-38,-935
24,-67,-988
20,-93,-997
18,-108,-986
14,-111,-979
12,-96,-981
7,-68,-974
-11,-38,-942
-55,-13,-894
-130,0,-840
-237,4,-790
-358,-4,-742
-471,-16,-695
-562,-30,-633
-620,-38,-544
-646,-37,-435
-648,-28,-320
-645,-13,-214
-652,0,-116
-674,10,-30
-706,14,31
-734,14,84
-753,11,126
-752,6,149
-732,-3,164
-706,-19,176
-681,-37,192
-666,-58,211
-655,-81,228
-638,-100,246
-621,-116,264
-615,-128,279
-625,-137,293
-639,-143,305
-645,-142,323
-628,-134,347
-593,-119,392
-556,-103,444
-522,-90,502
-499,-78,563
-480,-67,626
-464,-57,683
-450,-48,726
-430,-39,766
-403,-29,809
-373,-19,864
-344,-8,928
-313,3,998
-276,14,1070
-241,22,1143
-211,28,1196
-196,40,908
-263,134,1267
-393,271,1212
-466,365,976
-310,375,996
-19,314,965
203,203,965
323,27,959
381,-197,1016
449,-412,1117
571,-585,1202
759,-677,1230
968,-648,1241
1122,-513,1281
1193,-327,1381
1230,-187,1475
1287,-159,1554
1397,-232,1655
1548,-316,1777
1675,-330,1898
1707,-267,2006
1627,-178,2106
1484,-117,2195
1328,-107,2289
1163,-150,2402
980,-229,2530
783,-320,2654
596,-396,2765
446,-446,2867
341,-490,2964
267,-549,3040
241,-611,3086
253,-657,3141
299,-694,3172
400,-721,3190
557,-726,3175
751,-708,3133
947,-678,3071
1106,-655,3006
1260,-645,2942
1446,-635,2891
1649,-635,2859
1831,-661,2831
1943,-700,2789
1965,-737,2725
1911,-760,2636
1822,-777,2535
1718,-795,2412
1606,-809,2262
1475,-802,2085
1322,-777,1893
1164,-740,1685
1020,-694,1467
895,-640,1264
792,-574,1077
710,-495,880
640,-412,678
580,-328,491
536,-248,317
506,-176,154
478,-112,0
453,-61,-132
431,-19,-254
422,8,-334
427,14,-313
451,-3,-256
490,-34,-134
542,-72,38
610,-103,269
663,-115,460
669,-92,575
623,-31,663
569,55,726
544,167,659
514,295,515
424,401,323
238,443,94
-36,407,-125
-310,324,-321
-485,235,-469
-555,166,-560
-540,123,-625
-479,109,-663
-407,112,-683
-329,129,-685
-249,148,-683
-182,159,-676
-157,155,-675
-187,137,-686
-262,111,-694
-353,83,-708
-439,54,-725
-507,26,-740
-547,4,-743
-555,-11,-733
-544,-19,-704
-529,-20,-651
-514,-17,-574
-495,-13,-479
-461,-8,-350
-407,-6,-200
-350,-9,-57
-312,-20,72
-304,-35,181
-322,-57,257
-352,-77,322
-380,-94,379
-400,-110,434
-417,-121,485
-428,-129,523
-435,-132,550
-444,-133,577
-462,-135,594
-489,-140,597
-518,-144,597
-536,-146,593
-539,-143,595
-523,-139,604
-488,-134,621
-445,-133,687
-410,-143,708
-369,-159,727
-309,-173,773
-256,-185,795
-206,-185,788
-153,-172,725
-129,-139,660
-134,-95,801
-124,-36,820
-124,13,893
-155,36,968
-190,23,1001
-190,-5,1035
-128,-33,1065
-3,-61,1078
157,-87,1127
332,-117,1220
477,-153,1311
561,-207,1376
590,-275,1427
566,-350,1494
537,-396,1552
542,-407,1671
601,-380,1792
696,-340,1938
807,-298,2044
923,-260,2146
1013,-253,2216
1068,-274,2262
1090,-314,2305
1088,-360,2350
1069,-401,2409
1049,-441,2493
1036,-482,2593
1036,-529,2684
1047,-572,2766
1060,-611,2833
1068,-638,2898
1067,-656,2948
1065,-670,2985
1066,-681,3007
1068,-699,3031
1062,-718,3033
1065,-720,3010
1090,-696,2974
1126,-680,2950
1156,-685,2942
1184,-708,2940
1208,-732,2931
1223,-737,2908
1213,-730,2858
1180,-725,2787
1142,-726,2690
1103,-729,2574
1056,-729,2445
1016,-724,2312
1002,-712,2165
1005,-690,1995
1002,-651,1796
978,-598,1585
947,-532,1378
914,-465,1168
877,-401,964
834,-339,765
785,-276,566
727,-215,384
667,-159,212
613,-111,49
562,-71,-95
520,-40,-206
488,-27,-249
469,-33,-243
459,-54,-200
453,-89,-98
456,-117,74
474,-123,284
481,-103,456
456,-52,608
406,25,698
368,111,770
393,209,713
447,312,567
433,381,402
293,387,196
43,320,-20
-217,207,-204
-397,84,-346
-477,-18,-447
-491,-92,-519
-483,-137,-582
-469,-155,-630
-447,-148,-655
-410,-129,-660
-357,-107,-646
-303,-92,-620
-270,-90,-588
-276,-99,-556
-324,-119,-530
-394,-144,-508
-456,-169,-486
-491,-191,-466
-495,-208,-447
-479,-212,-421
-464,-210,-385
-449,-202,-341
-429,-191,-286
-406,-174,-217
-386,-159,-124
-376,-147,-19
-375,-140,84
-377,-137,180
-380,-137,264
-379,-132,327
-373,-125,372
-365,-110,411
-360,-92,450
-359,-70,490
-352,-47,528
-342,-27,565
-333,-11,600
-338,0,634
-356,8,666
-377,15,693
-393,22,715
-401,31,730
-408,42,800
-473,44,1071
-593,33,744
-497,44,472
-291,97,645
-193,167,738
-221,227,614
-315,265,282
-395,303,369
-432,343,537
-406,355,618
-321,338,703
-220,295,777
-135,237,847
-77,192,931
-5,156,1026
84,138,1129
196,131,1246
298,128,1349
351,81,1460
349,20,1533
376,-31,1622
517,-76,1707
765,-124,1780
1036,-183,1849
1227,-239,1929
1264,-279,1993
1160,-288,2046
987,-260,2097
838,-225,2150
759,-209,2221
747,-214,2303
757,-240,2388
763,-276,2471
747,-309,2549
696,-350,2614
632,-402,2675
586,-459,2739
569,-520,2809
580,-581,2873
635,-620,2936
735,-628,3003
868,-614,3067
1010,-586,3119
1126,-552,3144
1227,-511,3143
1326,-470,3135
1409,-446,3119
1464,-440,3085
1493,-449,3024
1494,-470,2951
1495,-477,2874
1520,-478,2782
1538,-489,2651
1513,-505,2477
1418,-517,2310
1268,-532,2128
1108,-542,1939
975,-538,1743
891,-515,1546
854,-474,1352
838,-430,1151
830,-384,963
820,-338,762
806,-282,558
787,-218,346
770,-145,149
754,-70,-33
743,-2,-206
734,52,-339
728,94,-428
727,109,-438
738,87,-388
752,42,-300
752,-20,-105
734,-74,61
710,-109,216
672,-113,352
624,-74,500
586,-9,653
568,64,739
548,142,708
505,202,632
399,225,487
220,191,319
-9,110,150
-232,20,-2
-394,-32,-142
-476,-44,-272
-487,-31,-381
-464,-21,-475
-423,-14,-522
-399,-22,-546
-405,-40,-549
-430,-62,-529
-462,-77,-516
-511,-88,-511
-554,-96,-494
-563,-107,-451
-534,-123,-399
-486,-143,-342
-441,-165,-282
-416,-192,-228
-420,-217,-180
-439,-233,-129
-459,-237,-72
-467,-227,-9
-465,-205,69
-461,-175,160
-464,-143,258
-468,-114,349
-470,-92,432
-455,-78,501
-431,-73,559
-399,-68,599
-369,-63,622
-356,-53,636
-359,-40,642
-368,-22,634
-379,-1,622
-388,19,611
-387,39,599
-373,55,598
-341,65,606
-297,71,617
-258,69,622
-227,65,623
-205,57,619
-187,49,617
-173,44,620
-164,43,632
-160,47,650
-163,54,689
-174,55,776
-187,68,814
-146,82,804
-58,120,577
77,177,706
200,258,807
265,343,897
275,410,965
247,442,1029
211,432,1073
219,399,1102
271,351,1112
358,308,1095
453,258,1098
568,233,1090
665,231,1119
751,249,1138
823,290,1144
861,327,1146
860,290,1235
861,157,1323
882,-37,1438
920,-222,1576
955,-328,1714
970,-319,1835
953,-218,1945
916,-112,2043
857,-82,2149
776,-140,2273
686,-253,2408
608,-370,2541
558,-447,2656
533,-482,2760
520,-509,2859
520,-555,2934
542,-608,3019
566,-659,3103
589,-701,3182
619,-726,3228
671,-732,3252
750,-717,3254
847,-690,3220
950,-664,3163
1043,-636,3094
1121,-613,3028
1192,-600,2960
1260,-602,2893
1301,-616,2823
1316,-622,2733
1318,-615,2623
1289,-610,2506
1231,-616,2385
1164,-634,2236
1104,-642,2052
1047,-636,1846
979,-608,1630
910,-560,1406
841,-501,1179
767,-442,951
683,-384,732
599,-327,527
529,-270,333
483,-211,158
459,-147,14
459,-91,-90
475,-42,-147
504,-8,-147
531,5,-101
532,0,-26
494,-30,114
438,-70,277
398,-100,415
397,-105,509
425,-76,566
495,-22,597
608,51,572
698,115,506
671,148,402
503,134,252
246,82,94
-19,1,-39
-210,-81,-153
-268,-137,-232
-227,-165,-286
-169,-176,-326
-147,-171,-356
-164,-154,-372
-201,-131,-370
-240,-108,-362
-280,-90,-351
-324,-76,-336
-370,-71,-318
-412,-70,-295
-435,-75,-270
-438,-84,-243
-428,-92,-217
-416,-97,-204
-413,-99,-202
-423,-100,-204
-438,-96,-205
-443,-89,-197
-437,-73,-160
-414,-50,-98
-376,-22,-12
-331,3,88
-284,25,198
-248,42,295
-230,55,382
-226,68,454
-229,82,518
-227,100,582
-223,122,633
-220,146,669
-220,171,687
-220,193,695
-223,214,695
-224,231,686
-225,244,669
-229,253,649
-232,259,627
-237,262,605
-246,265,592
-262,267,583
-278,274,578
-286,283,574
-292,293,585
-301,306,577
-284,328,760
-256,412,917
-112,508,589
88,632,184
246,806,-22
183,895,52
-60,863,222
-334,698,225
-516,474,361
-532,214,479
-523,-33,478
-489,-240,537
-390,-380,652
-221,-439,818
6,-426,991
231,-347,1138
391,-230,1228
492,-90,1303
558,52,1343
597,170,1391
622,271,1471
635,314,1546
649,262,1656
710,141,1792
849,10,1913
1027,-80,2009
1181,-100,2075
1270,-51,2106
1288,35,2111
1247,114,2098
1174,145,2103
1074,106,2121
959,14,2163
864,-96,2241
813,-197,2324
777,-278,2411
726,-340,2491
650,-382,2551
571,-408,2601
514,-431,2644
506,-459,2692
534,-499,2750
577,-553,2827
619,-622,2901
657,-688,2943
696,-739,2964
744,-775,2978
802,-807,2977
857,-842,2969
912,-873,2948
973,-889,2921
1028,-897,2894
1055,-917,2879
1059,-954,2840
1036,-981,2784
995,-986,2695
942,-984,2582
902,-973,2440
899,-952,2253
915,-911,2036
919,-861,1812
908,-808,1582
886,-748,1349
851,-678,1117
802,-600,896
752,-516,674
701,-429,466
655,-346,271
613,-274,99
573,-217,-43
534,-176,-154
505,-152,-226
484,-139,-232
466,-147,-127
447,-175,-21
433,-208,99
453,-216,258
498,-189,403
507,-142,538
475,-93,630
444,-45,598
435,11,466
434,86,313
400,166,156
293,223,20
106,234,-143
-106,193,-281
-273,121,-394
-360,53,-492
-381,5,-556
-374,-12,-594
-351,0,-610
-330,37,-623
-318,87,-640
-326,135,-659
-357,170,-684
-408,190,-709
-465,189,-723
-519,176,-718
-554,156,-698
-566,132,-672
-562,115,-638
-551,104,-603
-538,98,-567
-529,98,-520
-524,103,-457
-520,112,-387
-519,120,-315
-530,126,-243
-548,131,-177
-561,134,-113
-559,136,-45
-549,137,19
-538,136,72
-521,131,121
-497,125,165
-463,116,204
-431,104,246
-403,89,276
-383,74,301
-368,60,319
-351,52,327
-332,45,355
-315,39,373
-305,31,383
-298,19,400
-286,6,421
-269,-10,455
-248,-31,505
-221,-53,570
-187,-74,657
-139,-96,768
-86,-111,958
-15,-107,1130
60,-94,1053
204,-50,1133
355,3,1032
416,31,962
335,24,997
123,-25,1022
-126,-105,1117
-281,-203,1233
-250,-311,1301
-84,-415,1331
93,-518,1385
276,-590,1483
466,-651,1589
649,-701,1712
776,-754,1853
830,-794,1942
809,-806,2054
713,-790,2152
602,-746,2223
552,-686,2289
591,-635,2346
683,-627,2426
785,-675,2524
880,-763,2621
958,-850,2716
1005,-902,2787
1010,-904,2846
980,-877,2884
936,-854,2902
901,-846,2912
886,-851,2925
897,-851,2929
926,-831,2921
962,-802,2915
986,-779,2909
995,-771,2912
1012,-777,2933
1051,-796,2976
1118,-820,3011
1196,-824,3026
1249,-811,3009
1252,-796,2959
1201,-811,2898
1125,-859,2800
1064,-902,2663
1023,-903,2479
982,-861,2265
952,-800,2042
932,-740,1813
893,-688,1574
829,-636,1336
765,-574,1128
718,-502,916
691,-425,699
684,-342,493
686,-259,282
689,-181,87
677,-113,-81
657,-58,-224
633,-20,-341
608,4,-389
587,-2,-350
573,-34,-300
575,-83,-184
599,-132,-14
655,-158,232
711,-155,583
733,-121,881
699,-68,1043
636,5,1091
604,118,990
603,255,834
574,369,606
448,407,320
210,349,50
-68,226,-189
-291,86,-341
-385,-21,-430
-349,-85,-481
-237,-111,-505
-135,-113,-538
-93,-105,-568
-99,-92,-585
-126,-79,-588
-152,-71,-587
-183,-70,-570
-223,-78,-534
-269,-93,-500
-304,-106,-470
-324,-114,-449
-330,-111,-429
-329,-95,-407
-328,-69,-375
-325,-34,-326
-321,7,-264
-319,52,-190
-317,96,-113
-318,131,-20
-323,161,71
-327,182,165
-324,200,273
-306,214,377
-292,231,468
-295,245,539
-322,259,587
-376,271,614
-443,281,617
-502,290,606
-546,298,587
-575,306,564
-586,310,542
-569,312,528
-525,307,510
-460,296,492
-386,278,474
-312,257,465
-245,234,456
-191,213,442
-151,193,424
-122,179,407
-97,172,398
-69,172,397
-36,178,401
2,190,415
39,203,428
68,215,449
65,218,714
-33,214,600
-3,219,513
197,263,301
324,308,71
295,371,195
132,433,262
-92,455,325
-261,432,403
-286,376,505
-166,307,641
19,235,741
202,185,824
327,145,896
373,107,962
360,77,1038
318,48,1121
286,28,1207
287,7,1297
335,-25,1384
411,-55,1453
488,-94,1526
560,-134,1579
620,-172,1650
678,-215,1755
733,-248,1821
767,-261,1902
754,-256,1970
690,-242,2009
608,-198,2010
522,-155,2030
435,-137,2039
350,-163,2062
277,-235,2092
224,-332,2125
193,-419,2161
183,-472,2196
192,-492,2227
208,-501,2268
232,-523,2326
275,-570,2400
342,-626,2476
431,-669,2553
534,-682,2628
643,-676,2695
741,-661,2753
816,-647,2804
883,-621,2835
946,-580,2836
1007,-534,2840
1074,-500,2839
1140,-485,2839
1185,-488,2826
1194,-503,2796
1171,-523,2760
1126,-549,2735
1052,-594,2718
958,-657,2687
869,-713,2634
795,-742,2571
743,-744,2486
719,-735,2376
728,-727,2237
756,-720,2070
787,-709,1880
801,-687,1690
808,-652,1502
821,-604,1324
839,-545,1155
859,-481,983
877,-415,814
892,-352,647
902,-291,493
902,-241,342
888,-204,205
864,-174,88
840,-156,8
815,-156,-31
788,-173,-75
751,-204,-89
705,-248,-79
664,-291,-53
637,-325,50
614,-349,238
591,-342,377
574,-276,512
556,-168,672
536,-57,795
540,44,757
583,132,635
597,187,456
493,198,242
250,154,19
-75,72,-180
-379,-25,-329
-566,-101,-451
-615,-129,-545
-583,-123,-612
-507,-95,-654
-403,-60,-664
-294,-34,-661
-223,-30,-651
-225,-54,-650
-266,-93,-643
-324,-134,-651
-366,-170,-646
-372,-196,-616
-358,-216,-569
-350,-232,-519
-366,-250,-470
-412,-273,-427
-459,-297,-403
-483,-312,-370
-488,-310,-325
-484,-300,-266
-476,-281,-196
-467,-266,-113
-457,-258,-29
-453,-258,62
-451,-269,151
-446,-284,233
-427,-300,308
-397,-312,383
-361,-320,453
-335,-329,509
-330,-334,553
-345,-336,581
-367,-332,590
-385,-318,595
-395,-298,600
-396,-273,609
-387,-248,622
-363,-221,637
-378,-180,814
-463,-109,797
-549,-26,363
-653,-4,127
-767,-22,335
-855,-66,377
-803,-105,376
-618,-126,461
-410,-143,554
-241,-174,614
-118,-216,685
-24,-263,797
52,-303,882
117,-330,951
177,-341,1012
233,-337,1099
301,-321,1201
381,-299,1320
474,-274,1430
584,-260,1543
704,-254,1637
825,-246,1711
944,-235,1785
1042,-220,1855
1108,-197,1905
1124,-172,1954
1099,-150,1979
1043,-129,2004
979,-129,2020
931,-141,2053
889,-168,2106
845,-209,2157
799,-262,2231
751,-315,2291
713,-344,2354
678,-362,2408
658,-376,2451
659,-390,2499
684,-417,2554
736,-453,2615
816,-493,2676
905,-529,2722
999,-550,2750
1093,-556,2768
1182,-552,2779
1262,-546,2791
1353,-546,2809
1468,-550,2822
1580,-558,2844
1668,-572,2872
1715,-586,2885
1713,-604,2892
1659,-627,2907
1566,-666,2918
1465,-717,2924
1365,-778,2941
1252,-851,2954
1124,-925,2948
1000,-990,2908
889,-1045,2819
792,-1087,2683
717,-1109,2504
656,-1109,2301
617,-1086,2096
612,-1048,1906
623,-999,1694
635,-936,1475
645,-863,1269
647,-780,1050
637,-694,831
623,-606,619
600,-520,402
572,-444,185
549,-376,-25
536,-320,-232
532,-275,-403
530,-240,-516
521,-226,-555
506,-237,-511
488,-267,-381
476,-301,-115
455,-317,195
404,-298,444
345,-243,617
339,-135,628
405,24,529
476,197,352
433,328,126
204,362,-92
-173,288,-312
-565,148,-533
-820,18,-730
-870,-53,-835
-762,-66,-862
-600,-43,-837
-450,-4,-789
-319,35,-748
-222,63,-737
-180,74,-752
-198,68,-789
-253,50,-832
-309,27,-858
-348,-3,-855
-372,-46,-833
-379,-98,-802
-371,-156,-767
-350,-209,-722
-331,-252,-656
-316,-280,-572
-306,-286,-477
-309,-276,-378
-325,-251,-277
-340,-219,-173
-344,-185,-78
-337,-153,8
-321,-130,85
-303,-121,156
-296,-122,239
-309,-133,336
-335,-147,420
-369,-157,499
-400,-159,565
-419,-153,604
-430,-138,623
-441,-120,626
-455,-102,621
-461,-86,626
-450,-76,635
-422,-76,644
-388,-82,661
-357,-97,676
-336,-114,688
-323,-131,701
-318,-145,708
-313,-152,720
-297,-150,749
-270,-142,799
-233,-130,856
-201,-122,905
-184,-117,944
-180,-117,981
-172,-119,1034
-142,-119,1097
-87,-117,1209
-63,-63,1285
-35,75,785
135,148,959
212,183,1060
185,129,1077
157,10,1023
157,-132,1132
170,-279,1240
239,-421,1300
379,-539,1374
573,-603,1497
798,-600,1553
1048,-502,1613
1248,-350,1673
1343,-189,1707
1356,-17,1672
1273,101,1718
1126,100,1752
1014,-20,1799
991,-198,1869
1027,-354,1976
1054,-437,2101
1036,-443,2241
977,-401,2371
907,-361,2497
850,-363,2606
811,-413,2706
784,-484,2797
763,-549,2886
745,-592,2962
729,-618,3027
707,-635,3083
673,-657,3111
659,-675,3131
701,-669,3142
789,-647,3161
887,-645,3181
979,-664,3202
1073,-697,3212
1162,-726,3194
1237,-741,3157
1285,-753,3117
1318,-777,3093
1341,-826,3070
1338,-892,3020
1299,-945,2936
1249,-961,2833
1206,-950,2682
1152,-929,2477
1079,-904,2255
995,-871,2019
906,-829,1775
827,-774,1524
768,-709,1290
735,-632,1065
714,-552,850
699,-472,651
680,-393,459
660,-318,276
640,-247,101
617,-185,-47
594,-137,-158
571,-102,-235
554,-94,-258
537,-109,-219
517,-156,-150
502,-230,-86
495,-315,22
509,-380,114
527,-405,195
513,-386,290
477,-339,393
445,-269,442
425,-174,426
403,-68,374
337,32,275
221,105,139
72,125,-11
-82,85,-138
-223,3,-240
-326,-85,-328
-397,-155,-393
-446,-194,-438
-479,-200,-467
-501,-181,-488
-512,-148,-504
-520,-115,-520
-535,-83,-532
-558,-57,-539
-573,-37,-545
-570,-24,-544
-554,-21,-532
-524,-22,-507
-491,-28,-478
-457,-33,-453
-419,-35,-426
-371,-30,-404
-322,-26,-380
-273,-19,-357
-226,-17,-336
-186,-12,-315
-163,-10,-280
-159,-8,-236
-169,-7,-179
-185,-3,-115
-184,2,-51
-163,18,18
-138,35,89
-121,56,151
-125,79,214
-146,101,276
-178,121,330
-198,139,370
-195,157,440
-174,170,495
-147,176,521
-127,176,549
-122,167,576
-126,151,593
-134,128,603
-142,104,605
-139,79,606
-131,58,610
-124,41,620
-124,30,632
-129,25,648
-143,26,671
-162,35,695
-190,44,719
-227,56,744
-275,68,767
-328,76,830
-356,97,929
-379,116,1049
-388,125,1175
-379,123,1295
-360,111,1404
-336,92,1495
-310,71,1558
-299,67,1691
-439,185,1298
-477,297,892
-533,324,1189
-472,275,1315
-197,120,1219
120,-85,1219
400,-279,1250
662,-403,1194
915,-432,1162
1106,-373,1166
1206,-242,1126
1192,-107,1124
1124,-31,1123
1108,-44,1158
1223,-125,1201
1470,-203,1273
1776,-218,1375
2041,-176,1485
2185,-124,1576
2170,-103,1642
2035,-116,1714
1860,-150,1824
1696,-193,1951
1537,-237,2089
1361,-269,2237
1160,-293,2400
937,-320,2568
686,-362,2725
425,-417,2859
175,-472,2984
-27,-520,3085
-152,-557,3172
-197,-590,3243
-183,-630,3292
-119,-662,3330
-24,-684,3341
102,-703,3345
264,-725,3341
472,-743,3310
731,-747,3268
1011,-748,3250
1278,-769,3239
1505,-816,3199
1666,-880,3128
1749,-931,3032
1765,-955,2900
1728,-967,2736
1658,-984,2549
1563,-992,2337
1442,-982,2096
1303,-953,1852
1151,-911,1610
1006,-859,1382
884,-795,1173
780,-721,971
678,-639,783
583,-553,607
501,-470,446
425,-391,305
354,-327,175
291,-278,71
233,-251,-19
194,-249,-62
179,-275,-30
196,-329,-14
232,-399,45
276,-462,152
316,-496,289
348,-498,422
363,-465,528
385,-392,612
432,-286,646
485,-161,621
515,-27,525
480,95,369
361,173,180
166,169,-18
-62,86,-212
-259,-35,-375
-374,-147,-493
-411,-223,-574
-400,-259,-623
-387,-267,-649
-386,-256,-663
-374,-231,-668
-347,-199,-661
-314,-170,-654
-302,-151,-646
-315,-147,-633
-354,-157,-620
-410,-178,-607
-473,-205,-597
-530,-227,-592
-564,-237,-582
-579,-234,-563
-580,-215,-535
-574,-182,-487
-559,-141,-415
-528,-100,-322
-491,-64,-212
-464,-34,-100
-443,-13,2
-429,3,91
-418,19,166
-409,38,223
-398,61,257
-397,88,284
-402,118,308
-409,147,331
-413,175,347
-422,198,355
-427,218,359
-424,233,362
-410,245,373
-386,253,391
-354,255,404
-320,253,418
-293,246,422
-287,238,427
-300,226,429
-330,210,427
-345,200,435
-338,202,433
-315,210,435
-292,227,460
-265,245,635
-221,267,481
-225,323,429
-326,417,302
-477,518,234
-566,609,423
-480,629,461
-322,556,324
-199,433,324
-113,271,362
-27,92,433
72,-60,596
221,-191,797
383,-267,955
541,-302,1103
656,-301,1233
731,-272,1386
790,-215,1517
819,-169,1646
842,-159,1766
885,-198,1860
960,-273,1927
1056,-342,1974
1159,-360,2007
1241,-319,2030
1283,-245,2050
1279,-188,2083
1250,-191,2121
1222,-251,2164
1195,-334,2244
1160,-413,2342
1111,-476,2451
1047,-523,2560
951,-566,2679
825,-612,2797
689,-668,2918
568,-726,3025
492,-765,3124
456,-799,3205
471,-826,3256
512,-825,3299
554,-822,3334
592,-838,3346
650,-846,3328
764,-815,3286
925,-750,3238
1084,-693,3190
1213,-664,3148
1323,-666,3122
1407,-681,3108
1453,-711,3091
1466,-755,3065
1444,-805,3004
1383,-841,2898
1286,-854,2753
1174,-864,2577
1073,-868,2348
984,-856,2079
913,-825,1797
867,-785,1512
839,-736,1238
807,-679,975
769,-613,741
725,-540,533
672,-460,343
613,-379,175
562,-302,35
532,-232,-79
534,-177,-172
566,-139,-244
616,-124,-260
655,-133,-238
657,-175,-151
624,-238,-41
581,-306,68
553,-372,224
542,-411,456
540,-408,689
531,-379,916
511,-305,1055
451,-164,1080
345,27,963
204,218,732
29,328,461
-158,324,150
-356,224,-122
-546,78,-351
-653,-40,-558
-686,-101,-733
-711,-132,-893
-741,-149,-1009
-742,-150,-1056
-663,-137,-1048
-506,-111,-993
-327,-87,-918
-181,-65,-836
-112,-46,-775
-121,-32,-730
-186,-18,-694
-269,5,-658
-335,39,-610
-365,80,-551
-359,122,-475
-332,158,-393
-298,180,-306
-260,189,-217
-222,186,-130
-181,175,-40
-140,166,57
-98,164,154
-63,174,234
-49,195,286
-63,225,324
-88,257,359
-108,288,387
-119,308,425
-124,311,448
-140,295,457
-169,262,459
-196,220,448
-210,173,434
-222,125,425
-231,78,407
-229,41,401
-223,9,437
-206,-16,465
-189,-35,488
-176,-48,524
-168,-57,562
-157,-61,595
-134,-60,628
-96,-53,653
-56,-41,676
-24,-25,696
-9,-7,708
-10,9,711
-21,29,714
-36,50,714
-43,70,717
-40,88,728
-29,102,748
-17,109,764
-16,106,771
-32,95,790
-49,80,828
-55,64,878
-38,50,938
-12,38,999
9,27,1052
14,13,1101
15,1,1150
26,-6,1134
56,-5,927
47,91,1470
-3,222,1255
-25,287,857
-17,297,937
-56,257,948
-101,192,844
-92,105,871
-1,-18,960
133,-155,1031
272,-300,1034
379,-423,1051
441,-522,1072
480,-590,1077
514,-612,1084
557,-577,1140
617,-521,1242
692,-475,1352
764,-468,1473
827,-500,1606
911,-548,1749
1041,-583,1903
1192,-590,2071
1304,-570,2237
1335,-538,2391
1290,-511,2531
1210,-503,2653
1135,-516,2759
1079,-544,2861
1033,-572,2947
981,-594,3023
913,-617,3082
820,-642,3119
713,-666,3137
623,-685,3143
579,-687,3133
589,-684,3107
641,-672,3095
714,-666,3078
787,-660,3058
861,-654,3049
930,-654,3060
983,-676,3091
1031,-720,3160
1075,-781,3242
1107,-847,3305
1131,-905,3319
1149,-947,3276
1145,-970,3167
1096,-977,3005
1005,-980,2793
914,-981,2537
851,-969,2268
810,-946,2003
777,-913,1749
746,-875,1494
711,-824,1243
673,-756,1003
643,-673,773
627,-582,558
624,-491,355
626,-405,170
630,-328,13
626,-268,-102
613,-230,-153
592,-221,-143
565,-247,-66
515,-312,60
460,-407,231
424,-512,443
427,-602,663
436,-660,882
412,-678,1006
342,-658,1039
260,-602,993
213,-509,875
202,-399,717
183,-311,535
127,-276,339
31,-307,208
-89,-393,60
-189,-498,-78
-250,-589,-189
-275,-650,-278
-273,-673,-339
-255,-657,-388
-226,-605,-411
-208,-529,-398
-223,-450,-368
-285,-370,-359
-372,-292,-341
-447,-214,-306
-488,-134,-263
-506,-59,-223
-525,9,-187
-563,67,-172
-612,114,-184
-659,150,-216
-703,176,-256
-745,196,-291
-788,213,-313
-833,226,-323
-872,243,-324
-893,269,-314
-893,305,-288
-868,348,-247
-825,397,-207
-781,447,-166
-747,498,-121
-709,542,-73
-671,577,-27
-636,601,10
-609,617,44
-591,635,73
-572,652,97
-561,668,120
-522,683,282
-555,736,82
-632,787,483
-1065,898,432
-1971,985,-875
-2455,899,-1098
-1465,557,-916
-217,162,-586
190,-37,-121
80,26,118
13,255,230
127,366,139
270,246,-23
311,62,-50
159,-29,127
-116,-10,235
-348,101,191
-349,260,190
-145,389,275
67,432,366
164,395,440
173,311,524
185,234,609
245,199,681
326,224,750
409,288,828
496,353,901
564,391,983
602,391,1069
622,364,1150
643,324,1235
678,288,1308
724,262,1363
766,246,1420
800,239,1497
833,231,1589
878,205,1692
934,150,1798
968,72,1881
950,-20,1939
877,-100,1971
769,-138,1954
651,-117,1880
558,-41,1778
515,43,1727
520,71,1773
543,-1,1867
550,-133,1924
554,-244,1928
579,-286,1908
616,-287,1915
661,-261,2019
715,-214,2142
745,-183,2258
749,-194,2397
749,-247,2566
757,-342,2774
758,-470,2971
734,-597,3125
686,-686,3244
614,-738,3338
532,-780,3427
468,-839,3493
447,-906,3527
458,-967,3524
493,-1016,3504
561,-1052,3463
660,-1070,3420
769,-1081,3363
864,-1088,3275
936,-1085,3168
984,-1077,3049
1009,-1072,2916
1046,-1068,2775
1104,-1061,2618
1148,-1059,2436
1170,-1049,2229
1198,-1019,2000
1214,-960,1768
1188,-885,1526
1124,-805,1282
1055,-724,1043
988,-638,803
911,-551,569
834,-466,355
772,-378,171
727,-297,12
686,-238,-111
636,-199,-213
572,-188,-182
496,-211,13
394,-281,335
273,-376,668
177,-452,971
112,-469,1161
45,-419,1169
15,-307,1034
76,-147,790
173,12,504
181,125,177
22,159,-198
-248,129,-528
-497,64,-787
-600,-9,-985
-554,-111,-1087
-369,-197,-1109
-175,-248,-1111
-51,-263,-1074
37,-239,-1032
122,-188,-988
178,-126,-938
173,-70,-890
112,-28,-844
21,-5,-796
-71,-4,-748
-154,-19,-696
-220,-45,-630
-271,-73,-562
-308,-97,-488
-330,-105,-403
-330,-93,-307
-330,-66,-206
-341,-24,-106
-369,24,-12
-411,76,59
-459,128,108
-512,174,133
-568,212,135
-610,241,124
-630,262,112
-639,274,106
-648,278,95
-663,270,82
-679,257,69
-685,243,63
-669,231,66
-642,219,78
-616,206,98
-597,192,124
-572,179,159
-536,165,194
-492,150,224
-448,136,247
-413,121,268
-380,103,297
-341,85,325
-288,63,355
-232,41,398
-176,15,463
-128,-13,519
-93,-41,555
-77,-68,595
-70,-91,645
-69,-109,702
-67,-123,760
-66,-129,911
-115,-94,1081
-213,1,1018
-422,42,560
-788,9,464
-923,-77,606
-527,-166,923
-21,-232,1178
297,-287,1279
440,-339,1349
432,-380,1435
336,-408,1510
221,-421,1567
150,-414,1618
153,-390,1656
239,-356,1696
379,-324,1715
539,-299,1731
695,-287,1753
841,-267,1794
943,-256,1860
1003,-244,1884
1021,-221,1890
995,-190,1870
949,-155,1845
924,-129,1822
935,-129,1808
967,-162,1799
987,-219,1801
967,-284,1826
919,-343,1882
872,-387,1971
850,-422,2087
846,-455,2224
831,-483,2376
774,-503,2528
678,-521,2679
567,-545,2823
477,-575,2958
425,-600,3084
410,-618,3181
423,-626,3257
444,-634,3316
463,-653,3341
494,-673,3349
552,-690,3352
633,-710,3358
731,-737,3348
853,-757,3323
992,-759,3285
1131,-750,3230
1244,-743,3160
1310,-753,3084
1349,-785,3009
1394,-823,2925
1443,-844,2825
1448,-847,2706
1396,-848,2554
1307,-857,2386
1216,-872,2214
1135,-874,2028
1070,-843,1818
1015,-783,1593
966,-709,1357
910,-634,1108
858,-563,883
815,-502,670
775,-446,461
736,-391,277
692,-337,112
638,-284,-18
582,-232,-102
528,-195,-135
479,-184,-122
447,-209,-38
437,-260,96
439,-334,255
458,-400,385
471,-427,510
472,-411,611
476,-346,665
484,-259,687
482,-187,645
426,-153,498
309,-159,295
163,-190,81
24,-235,-98
-83,-281,-225
-136,-312,-322
-187,-359,-413
-226,-404,-470
-257,-452,-523
-268,-495,-549
-247,-520,-530
-220,-522,-499
-207,-505,-461
-231,-475,-416
-281,-436,-385
-349,-392,-363
-414,-348,-336
-469,-310,-320
-504,-273,-304
-515,-236,-282
-519,-200,-256
-527,-166,-219
-543,-132,-173
-564,-101,-117
-598,-71,-56
-655,-45,1
-725,-16,49
-790,19,83
-822,65,107
-817,119,129
-792,182,153
-767,242,175
-742,298,194
-706,348,212
-664,385,233
-623,412,253
-587,427,270
-552,433,285
-519,433,295
-491,434,301
-476,433,304
-468,431,297
-465,433,287
-460,434,285
-454,437,288
-452,437,294
-453,439,304
-450,442,317
-445,446,327
-445,455,344
-430,475,631
-415,488,243
-471,508,178
-570,558,219
-602,630,42
-558,699,72
-461,729,39
-403,774,241
-374,808,505
-332,730,224
-193,595,-13
-64,480,31
-10,347,17
3,174,-11
23,-29,25
49,-213,63
74,-356,110
99,-452,194
194,-455,311
389,-361,476
633,-231,545
826,-129,556
917,-73,669
924,-39,816
903,1,980
899,49,1181
933,96,1385
991,124,1570
1042,123,1724
1065,94,1848
1056,51,1944
1023,12,1996
977,-7,2019
932,-17,2054
877,-33,2092
807,-62,2112
732,-103,2140
671,-145,2164
628,-180,2175
597,-207,2158
567,-225,2136
541,-248,2134
519,-284,2138
499,-334,2154
473,-392,2175
450,-449,2205
445,-503,2263
481,-555,2334
545,-613,2434
609,-684,2543
664,-765,2667
716,-836,2794
763,-879,2903
805,-903,2999
844,-922,3081
887,-950,3154
943,-980,3229
1007,-1011,3303
1052,-1050,3369
1073,-1102,3414
1071,-1156,3422
1050,-1195,3400
1027,-1217,3352
1010,-1232,3285
1005,-1256,3227
995,-1301,3170
956,-1356,3085
887,-1394,2962
806,-1402,2824
740,-1390,2674
705,-1376,2506
700,-1356,2312
700,-1324,2082
686,-1271,1835
662,-1198,1585
640,-1115,1321
620,-1026,1064
606,-933,819
599,-837,589
592,-741,389
578,-648,207
558,-562,46
529,-490,-87
490,-440,-183
449,-414,-223
404,-421,-157
338,-468,-7
243,-558,250
137,-675,605
44,-784,878
-21,-833,1043
-59,-792,1045
-40,-657,946
58,-451,727
161,-238,460
155,-88,198
-3,-34,-30
-259,-66,-270
-480,-119,-484
-570,-160,-663
-574,-261,-800
-484,-363,-845
-350,-428,-871
-212,-449,-864
-82,-422,-825
31,-372,-792
109,-312,-768
121,-258,-756
54,-219,-751
-58,-188,-740
-167,-164,-715
-238,-144,-678
-275,-127,-628
-297,-109,-575
-318,-90,-520
-344,-64,-462
-372,-29,-401
-395,11,-330
-403,60,-240
-397,112,-136
-390,166,-46
-395,219,20
-412,270,64
-436,318,97
-465,360,113
-489,394,107
-501,419,108
-493,433,118
-473,443,143
-466,448,175
-482,444,196
-502,435,209
-506,424,227
-488,413,246
-453,406,266
-413,402,284
-383,401,297
-367,404,325
-351,410,379
-324,421,456
-298,445,575
-269,489,322
-217,565,-189
-288,681,-169
-461,745,-50
-616,669,-241
-643,499,-216
-554,298,-78
-425,104,29
-316,-54,89
-223,-162,157
-137,-210,264
-48,-200,384
18,-152,481
43,-89,557
31,-23,628
13,27,715
14,56,805
48,67,888
128,70,991
257,71,1106
427,66,1236
629,52,1350
832,28,1420
999,-5,1487
1113,-43,1560
1179,-77,1622
1207,-97,1691
1220,-107,1781
1238,-111,1875
1253,-116,1952
1244,-129,2004
1197,-140,2042
1145,-149,2085
1099,-156,2125
1047,-166,2153
955,-183,2163
821,-209,2164
664,-238,2166
520,-273,2185
411,-311,2233
339,-357,2301
289,-424,2401
266,-506,2521
283,-581,2657
325,-647,2784
375,-694,2892
425,-727,2980
483,-745,3055
554,-764,3121
639,-792,3178
749,-826,3230
858,-866,3263
932,-910,3274
979,-954,3268
1022,-980,3235
1066,-993,3190
1105,-1002,3136
1123,-1022,3083
1122,-1057,3034
1113,-1102,2998
1100,-1155,2964
1072,-1210,2901
1030,-1253,2806
974,-1270,2663
906,-1257,2480
849,-1218,2284
818,-1174,2082
805,-1129,1881
798,-1072,1671
789,-998,1444
766,-913,1211
722,-823,982
671,-731,764
623,-638,567
582,-544,381
544,-451,209
507,-363,49
468,-288,-84
433,-228,-189
401,-187,-222
368,-170,-192
322,-171,-77
256,-197,138
198,-231,355
167,-253,512
156,-247,566
164,-207,531
214,-140,491
304,-60,411
393,26,285
419,112,149
334,171,21
146,185,-142
-68,159,-294
-231,109,-414
-308,55,-499
-324,15,-549
-313,-3,-582
-298,0,-604
-287,21,-619
-284,57,-633
-289,104,-648
-304,153,-659
-321,198,-660
-330,236,-642
-331,263,-608
-327,272,-573
-329,264,-537
-337,241,-506
-360,205,-479
-396,164,-447
-431,123,-412
-460,85,-373
-479,55,-336
-486,31,-298
-491,15,-251
-494,2,-196
-492,-7,-141
-494,-13,-97
-495,-20,-56
-486,-24,-17
-463,-31,14
-436,-39,39
-409,-49,60
-386,-63,74
-365,-80,81
-342,-99,86
-310,-118,82
-266,-135,85
-221,-150,92
-182,-163,106
-157,-173,121
-145,-180,141
-136,-185,164
-121,-190,190
-98,-194,215
-73,-196,240
-47,-198,261
-23,-198,289
-5,-195,326
5,-189,367
8,-180,413
7,-169,462
6,-160,510
3,-152,562
0,-147,617
-7,-145,674
-25,-150,896
-107,-151,945
-120,-134,759
-27,-100,916
39,-65,968
63,-25,732
15,-5,703
-96,-4,717
-173,-22,710
-152,-50,827
-63,-99,930
-7,-175,1035
-55,-273,1181
-162,-376,1300
-220,-459,1342
-179,-506,1360
-49,-511,1398
118,-482,1453
287,-431,1496
426,-380,1536
549,-322,1573
677,-279,1631
809,-259,1690
944,-283,1742
1087,-336,1770
1227,-435,1844
1345,-575,1890
1428,-726,1925
1467,-835,1963
1478,-861,2010
1482,-806,2073
1488,-720,2117
1478,-665,2143
1417,-674,2182
1289,-746,2231
1120,-846,2304
953,-927,2371
819,-970,2438
715,-975,2499
634,-963,2557
573,-947,2621
531,-953,2683
515,-962,2761
507,-963,2828
521,-954,2886
568,-938,2930
656,-902,2955
766,-844,2970
867,-784,2960
946,-735,2953
1015,-701,2948
1077,-681,2940
1140,-671,2929
1218,-671,2931
1298,-689,2945
1355,-726,2962
1369,-783,2962
1348,-849,2909
1323,-902,2834
1319,-950,2748
1320,-997,2630
1299,-1041,2472
1234,-1079,2296
1118,-1108,2106
963,-1113,1875
805,-1088,1623
680,-1042,1375
598,-986,1147
559,-923,912
546,-846,690
546,-751,507
543,-650,330
527,-551,149
491,-457,-22
446,-373,-176
402,-299,-310
367,-238,-441
338,-190,-520
328,-166,-548
345,-166,-539
380,-185,-486
418,-220,-351
456,-255,-131
487,-276,112
501,-278,369
476,-270,590
439,-243,729
460,-175,744
548,-69,688
621,44,578
568,140,390
325,183,180
-59,163,-42
-445,100,-238
-690,24,-386
-748,-38,-484
-667,-81,-555
-547,-104,-613
-466,-111,-650
-447,-108,-680
-461,-104,-704
-474,-105,-722
-480,-118,-729
-491,-139,-721
-514,-163,-710
-535,-182,-684
-539,-193,-645
-537,-193,-612
-539,-189,-584
-542,-176,-542
-546,-155,-482
-551,-127,-404
-553,-92,-307
-555,-58,-192
-570,-25,-74
-594,-3,36
-608,15,132
-594,30,213
-564,43,267
-543,61,304
-529,84,312
-501,114,312
-453,150,318
-402,186,343
-365,216,374
-340,232,403
-306,230,447
-243,214,509
-149,187,572
-54,151,624
20,108,658
81,59,678
142,6,690
218,-50,674
328,-110,636
454,-179,589
544,-264,556
577,-365,539
592,-472,541
633,-564,566
723,-621,600
846,-622,635
951,-568,655
994,-473,662
953,-350,747
858,-187,897
775,-2,784
756,195,714
750,366,557
591,467,475
258,486,490
-82,447,569
-257,385,726
-274,331,902
-224,297,1104
-167,285,1289
-91,295,1439
42,318,1571
233,334,1666
420,321,1725
549,277,1761
627,221,1752
676,160,1692
699,90,1610
703,7,1521
702,-77,1443
680,-156,1366
582,-234,1301
437,-316,1292
273,-399,1322
62,-481,1363
-152,-548,1393
-283,-593,1407
-313,-627,1405
-282,-658,1432
-235,-690,1483
-192,-727,1523
-136,-760,1579
-98,-781,1644
-101,-787,1722
-105,-769,1832
-56,-728,1974
61,-663,2091
171,-591,2192
214,-536,2224
175,-501,2207
88,-485,2144
8,-471,2056
-37,-449,1960
-69,-416,1855
-119,-381,1755
-202,-344,1660
-309,-306,1574
-421,-264,1504
-526,-216,1454
-620,-166,1413
-709,-117,1366
-793,-73,1324
-853,-36,1284
-881,-7,1259
-880,12,1252
-851,30,1263
-791,47,1280
-693,67,1302
-568,90,1324
-431,116,1341
-296,146,1343
-183,172,1330
-99,203,1296
-26,240,1255
55,280,1220
140,315,1191
197,336,1165
215,335,1143
207,318,1113
194,287,1093
212,248,1085
260,210,1075
327,174,1062
398,137,1043
455,97,1022
496,50,1005
526,0,989
549,-55,979
565,-110,972
576,-164,975
590,-211,994
610,-247,1021
625,-268,1048
614,-270,1097
577,-262,1163
528,-256,1224
485,-269,1289
466,-307,1360
464,-372,1428
476,-452,1493
507,-524,1537
555,-578,1552
605,-619,1553
660,-645,1551
714,-676,1549
752,-732,1551
767,-809,1555
757,-889,1546
734,-955,1549
693,-997,1544
635,-1021,1525
556,-1046,1516
463,-1080,1515
384,-1115,1517
340,-1149,1522
311,-1178,1535
284,-1206,1544
325,-1117,799
412,-413,1549
-715,472,-1230
-1548,135,287
-1023,-466,462
370,-1255,634
1758,-2001,961
2270,-2511,765
1701,-2700,821
890,-2339,860
492,-1555,977
402,-869,1196
309,-552,1384
243,-539,1451
273,-675,1473
325,-858,1465
325,-1022,1470
251,-1128,1474
114,-1143,1449
-27,-1062,1404
-128,-905,1347
-176,-729,1294
-186,-579,1241
-184,-479,1186
-186,-425,1125
-188,-405,1061
-194,-402,995
-200,-402,923
-202,-390,857
-180,-361,795
-131,-318,747
-65,-270,716
1,-226,706
63,-188,712
117,-163,719
154,-146,713
176,-136,702
189,-126,688
204,-115,680
228,-100,678
255,-85,682
280,-71,694
292,-59,710
295,-49,707
282,-38,688
259,-24,653
236,-6,617
223,18,586
225,47,574
238,81,578
252,110,592
254,133,603
237,150,596
200,160,578
152,168,550
109,181,518
84,200,489
77,224,472
87,255,466
112,289,474
142,319,489
167,345,496
178,364,493
171,376,484
153,382,470
132,386,455
122,389,448
128,396,454
148,406,470
177,417,487
200,428,500
215,438,513
222,443,529
224,451,542
225,458,549
226,464,551
223,470,553
217,476,553
212,479,555
211,484,556
214,490,562
221,497,576
234,505,587
248,510,591
259,514,592
264,516,599
268,517,607
271,519,617
272,519,625
275,520,635
276,519,644
276,516,650
276,514,650
274,512,646
272,512,649
271,514,656
275,517,665
288,523,676
304,527,689
321,533,699
335,540,703
341,542,707
339,544,713
335,543,715
332,540,728
339,537,740
351,534,748
366,531,749
378,528,750
380,526,751
375,523,751
368,521,748
360,516,748
358,513,752
358,510,749
356,507,747
349,501,744
348,500,745
346,503,746
340,503,747
334,503,748
317,496,740
303,489,751
316,497,743
325,507,736
327,516,744
323,522,759
317,526,771
310,528,782
305,527,791
306,524,796
305,520,799
305,519,803
306,517,804
306,518,806
305,517,810
307,519,812
310,521,810
315,521,808
318,519,806
323,516,805
328,513,808
336,509,810
349,505,814
361,503,817
375,499,821
390,497,826
403,496,826
411,493,825
415,491,824
416,487,820
416,482,816
413,480,814
408,479,813
407,480,811
408,482,810
410,486,809
411,486,807
409,486,803
406,485,802
402,485,802
401,486,811
403,484,820
405,481,834
404,478,844
397,473,853
385,465,861
369,459,865
350,456,870
335,451,877
324,447,880
315,441,884
306,434,886
298,429,884
288,424,881
279,421,875
271,421,870
266,423,864
265,428,861
264,429,856
263,430,851
261,429,844
259,429,838
258,427,828
264,427,824
274,426,824
287,426,823
301,427,823
311,426,820
315,426,820
311,427,817
308,429,812
313,432,809
325,434,809
335,436,811
341,435,813
341,433,813
339,429,812
333,427,810
328,427,809
325,431,809
328,438,811
334,446,819
345,450,824
355,453,831
361,452,833
358,449,833
347,445,830
334,444,828
323,443,827
322,443,828
325,443,828
332,442,828
334,439,828
333,435,827
332,432,826
329,431,822
324,429,816
319,428,813
313,427,810
308,423,803
306,421,798
305,419,797
307,417,800
310,417,801
314,418,805
316,418,811
316,418,813
315,420,815
315,421,818
318,426,822
324,429,829
330,431,838
337,432,843
340,432,848
341,433,849
339,436,849
335,437,845
330,441,842
325,441,843
322,439,843
324,435,845
327,432,844
329,428,841
330,425,839
329,424,837
328,426,833
329,425,828
331,425,820
330,426,813
329,426,807
330,426,801
333,428,797
336,432,796
341,435,799
344,438,802
345,442,806
343,443,806
340,447,810
315,424,713
312,421,676
256,451,851
269,457,850
402,473,837
490,482,822
456,476,837
351,462,868
272,450,886
271,442,886
308,435,874
337,434,862
345,436,861
343,436,862
343,436,859
352,436,851
# balls=5,catches=39,detected=0,sampleRate=200,timestamp=1781213069,countMode=watch_hand
x,y,z
652,245,717
647,246,715
642,246,712
639,249,707
639,250,702
641,251,700
644,251,697
649,253,692
655,252,689
661,254,687
669,254,690
675,255,690
680,255,691
682,256,696
681,255,699
678,255,702
673,253,706
667,253,710
664,252,711
661,251,710
658,250,708
655,249,708
653,249,708
649,250,708
648,247,707
648,247,708
648,248,710
647,247,711
645,247,712
645,248,715
647,250,721
650,251,726
653,252,729
656,254,733
660,255,737
666,256,738
668,255,736
670,255,735
668,252,734
668,250,734
668,246,735
667,241,737
667,236,738
666,233,739
662,229,740
659,226,736
653,222,736
648,221,737
640,220,739
633,218,738
627,218,740
621,217,741
618,219,743
615,219,740
614,220,740
612,220,740
611,222,738
608,220,740
607,221,739
607,222,740
609,222,742
615,221,746
621,220,748
630,221,747
639,219,745
647,219,741
655,217,740
663,217,743
673,216,744
680,217,745
688,220,744
692,223,738
694,223,736
692,224,732
687,223,723
682,219,713
678,216,704
674,212,697
669,207,694
662,205,691
657,201,687
652,199,680
649,196,673
648,194,669
649,191,670
653,190,668
656,187,662
659,184,656
664,180,657
667,179,669
670,179,685
673,177,700
676,180,715
677,186,731
674,193,747
669,199,751
664,206,748
657,209,746
651,209,750
655,209,743
650,202,715
644,204,698
653,216,715
658,221,718
659,211,702
648,192,690
630,167,689
608,141,693
587,118,690
565,101,690
548,86,707
542,77,733
537,72,750
531,70,762
526,73,775
526,83,795
527,93,817
512,104,827
479,113,834
433,120,850
386,131,877
339,134,898
318,145,908
298,156,919
299,168,924
299,178,921
300,180,920
301,172,916
302,156,903
299,134,887
296,109,877
299,84,868
312,67,850
321,62,839
336,62,831
382,70,818
406,80,818
408,84,829
396,85,839
378,77,851
359,66,870
334,63,902
342,68,933
367,78,965
380,94,998
376,107,1038
356,121,1071
326,136,1095
292,151,1112
258,160,1119
227,164,1110
202,164,1082
187,162,1051
185,161,1025
194,153,998
216,141,964
249,128,925
283,112,910
314,94,884
347,73,839
375,54,808
403,39,798
429,28,788
459,13,777
490,-6,774
525,-4,777
544,10,828
590,49,786
621,111,849
631,167,923
618,195,953
587,182,959
547,145,969
512,94,984
491,52,1005
474,39,1001
448,39,1040
433,45,1007
428,68,983
400,112,1034
368,146,1035
338,155,1021
320,141,999
313,120,986
329,113,974
367,123,963
417,146,965
484,182,1029
586,238,1022
599,286,939
491,329,953
400,366,908
404,383,849
474,378,799
571,345,773
671,301,750
740,273,713
760,272,669
747,292,631
723,302,609
691,289,596
651,267,587
607,248,572
574,250,587
546,262,627
526,263,663
522,262,697
523,259,736
520,249,771
512,226,796
507,198,799
511,180,807
513,173,835
511,176,856
515,182,885
528,187,924
544,174,965
551,111,990
532,44,1003
504,98,1034
452,153,1053
390,175,1061
337,158,1063
302,131,1054
288,108,1046
291,101,1043
307,109,1038
331,126,1039
351,139,1046
371,154,1047
385,170,1041
404,175,1031
403,173,1015
379,174,1001
339,183,980
307,185,968
296,179,959
314,183,950
351,207,939
371,222,929
358,208,921
326,160,900
295,107,874
291,79,845
321,94,826
368,134,826
415,168,833
451,180,838
474,177,844
490,167,849
508,162,858
523,163,869
526,164,877
520,165,884
502,165,883
478,150,876
463,160,877
453,177,879
436,186,875
413,187,873
392,178,870
383,169,865
387,167,863
392,166,864
395,167,869
394,171,883
401,178,910
405,187,937
406,189,971
406,188,1000
407,186,1020
405,186,1032
402,183,1039
395,180,1040
383,168,1028
375,150,999
378,134,966
396,124,930
425,126,904
450,137,892
470,150,883
478,161,882
480,161,879
484,150,868
486,138,879
482,127,909
467,119,932
446,125,937
426,143,944
412,168,957
398,186,970
382,193,989
362,187,1006
339,170,1022
312,150,1033
284,130,1042
258,116,1045
240,112,1044
231,116,1048
236,126,1049
249,135,1049
263,141,1041
263,139,1036
256,132,1032
252,125,1026
254,125,1018
259,135,1005
263,150,998
259,167,993
249,175,984
236,173,968
231,163,958
233,155,957
243,150,968
253,149,981
259,145,996
252,138,1015
239,129,1025
227,118,1034
218,108,1043
214,102,1050
213,99,1048
209,101,1045
209,107,1042
213,117,1045
225,127,1049
232,135,1049
230,136,1052
223,138,1039
217,144,1045
213,151,1043
217,157,1035
221,167,1029
223,176,1024
222,183,1019
219,185,1018
215,183,1022
211,185,1029
208,191,1034
206,201,1040
204,211,1045
191,220,1040
170,219,1038
146,211,1048
120,200,1065
108,203,1084
114,229,1095
129,258,1115
142,275,1142
160,283,1162
184,292,1164
212,304,1159
240,315,1142
260,323,1120
277,331,1096
289,337,1068
297,341,1051
298,341,1044
288,345,1038
272,350,1035
260,358,1033
254,370,1022
253,377,1013
257,382,999
268,386,987
283,381,985
290,373,989
289,364,990
280,360,995
272,359,1004
266,359,1016
264,358,1032
264,360,1043
259,362,1053
249,366,1057
239,370,1054
241,376,1051
249,383,1042
258,390,1028
261,392,1008
264,392,991
275,393,967
295,397,960
325,408,941
343,412,913
336,410,886
306,398,875
260,383,868
222,380,864
207,393,858
219,422,855
246,448,856
270,460,855
279,454,855
266,435,849
243,413,849
232,396,861
235,389,864
239,397,862
237,408,867
228,418,883
221,425,901
218,429,916
218,434,916
215,436,905
207,438,884
195,443,854
192,447,819
195,452,787
203,458,765
215,462,748
229,465,726
242,465,711
245,460,696
248,455,679
249,452,658
251,449,646
249,450,638
240,454,629
228,457,623
216,458,620
206,454,622
194,448,627
180,444,637
169,445,647
159,449,659
152,455,670
149,459,685
145,460,693
150,459,696
156,458,695
160,452,693
161,450,685
161,449,672
165,450,660
171,453,653
178,455,640
182,455,626
185,455,605
185,451,589
183,446,575
179,437,557
176,430,544
176,424,535
183,423,527
193,427,521
196,429,520
187,426,517
172,418,515
161,406,519
153,396,525
153,388,526
150,383,527
150,380,525
149,379,514
146,378,501
140,373,490
138,367,478
141,361,467
144,354,449
145,350,431
149,349,410
156,347,384
164,345,361
167,340,338
164,333,310
153,323,281
144,314,254
139,305,231
133,296,209
129,286,192
133,274,180
148,264,169
165,254,170
178,243,172
182,229,172
177,215,173
163,200,175
145,185,177
127,171,177
110,160,173
93,146,170
75,132,167
56,119,161
38,105,155
20,90,151
1,75,142
-15,61,135
-29,45,130
-41,30,128
-56,13,127
-68,-1,128
-71,-47,160
-69,-57,172
-62,-66,184
-48,-77,199
-31,-89,218
-26,-106,233
-29,-124,244
-32,-140,255
-28,-157,275
-18,-174,291
0,-194,305
17,-214,320
32,-239,341
45,-266,366
58,-293,392
61,-322,413
58,-351,436
55,-379,465
64,-404,513
84,-431,579
110,-463,657
138,-500,729
171,-541,789
212,-579,849
262,-615,901
314,-645,941
356,-673,974
390,-699,1011
421,-720,1055
449,-733,1096
479,-737,1136
517,-737,1201
566,-735,1278
621,-737,1352
676,-745,1414
732,-760,1460
787,-776,1497
841,-787,1541
893,-789,1592
942,-780,1647
991,-761,1705
1036,-738,1767
1065,-719,1829
1073,-702,1882
1079,-683,1931
1091,-664,1981
1093,-646,2037
1080,-627,2087
1065,-598,2124
1058,-560,2154
1057,-519,2177
1050,-481,2197
1041,-452,2228
1048,-432,2260
1060,-425,2287
1053,-430,2315
1034,-441,2352
1050,-453,2435
1119,-452,2518
1205,-434,2575
1281,-405,2611
1320,-378,2650
1326,-362,2684
1331,-353,2705
1372,-348,2729
1438,-341,2750
1496,-335,2766
1532,-328,2783
1544,-313,2807
1542,-294,2845
1536,-277,2896
1528,-271,2966
1522,-283,3048
1515,-308,3114
1506,-340,3157
1489,-374,3198
1458,-410,3252
1419,-446,3305
1382,-480,3353
1357,-517,3396
1354,-557,3408
1367,-601,3380
1388,-646,3322
1402,-686,3245
1399,-713,3156
1384,-725,3063
1365,-726,2963
1351,-720,2857
1333,-720,2756
1303,-728,2651
1257,-744,2540
1197,-764,2428
1128,-787,2310
1056,-810,2180
977,-827,2030
893,-841,1854
794,-860,1611
659,-907,1466
523,-967,1489
457,-976,1318
409,-968,1061
328,-989,876
218,-1026,572
94,-1070,177
-27,-1106,-218
-141,-1122,-601
-245,-1142,-902
-332,-1191,-1106
-388,-1285,-1248
-442,-1399,-1446
-520,-1505,-1590
-612,-1566,-1694
-729,-1589,-1764
-887,-1615,-1844
-1046,-1671,-1915
-1158,-1743,-1988
-1211,-1801,-2056
-1227,-1820,-2091
-1245,-1808,-2079
-1284,-1784,-2038
-1331,-1773,-1978
-1346,-1780,-1917
-1315,-1794,-1858
-1258,-1797,-1818
-1197,-1787,-1761
-1142,-1760,-1702
-1099,-1724,-1641
-1047,-1680,-1569
-974,-1634,-1484
-890,-1585,-1384
-814,-1538,-1271
-756,-1489,-1155
-708,-1439,-1033
-664,-1391,-915
-628,-1345,-803
-597,-1300,-695
-570,-1259,-578
-544,-1225,-454
-517,-1196,-335
-486,-1173,-221
-454,-1156,-112
-416,-1146,0
-370,-1142,106
-320,-1142,196
-274,-1142,275
-230,-1141,365
-179,-1138,448
-109,-1129,538
-43,-1113,622
1,-1094,720
40,-1080,826
91,-1070,923
138,-1073,1015
144,-1080,1131
152,-1062,1240
225,-1011,1345
308,-937,1439
356,-862,1527
408,-794,1658
472,-723,1786
517,-646,1909
544,-567,2050
594,-489,2195
663,-419,2328
731,-358,2452
778,-301,2571
839,-234,2686
967,-161,2816
1135,-93,2956
1287,-45,3055
1386,-23,3120
1458,-29,3168
1538,-45,3192
1658,-55,3237
1809,-53,3299
1955,-51,3377
2017,-48,3457
1973,-28,3526
1890,39,3620
1880,120,3712
1929,173,3825
1953,180,3929
1908,151,4000
1837,111,4076
1784,75,4125
1766,53,4130
1780,43,4120
1821,35,4127
1887,21,4150
1959,-5,4134
2025,-57,4090
2067,-141,4012
2078,-247,3936
2087,-354,3894
2108,-442,3870
2126,-515,3820
2110,-577,3748
2066,-635,3655
2018,-688,3534
1975,-733,3401
1940,-779,3258
1899,-833,3118
1845,-898,2983
1774,-972,2840
1688,-1052,2676
1602,-1127,2508
1505,-1191,2329
1377,-1239,2107
1226,-1282,1859
1062,-1314,1615
926,-1348,1388
826,-1379,1166
739,-1418,908
658,-1446,744
585,-1460,680
501,-1463,625
382,-1448,507
210,-1424,348
-19,-1390,145
-283,-1352,-91
-520,-1319,-358
-665,-1296,-677
-689,-1291,-994
-633,-1303,-1280
-563,-1327,-1516
-545,-1383,-1648
-621,-1484,-1728
-751,-1604,-1788
-847,-1702,-1859
-866,-1756,-1884
-852,-1763,-1860
-891,-1747,-1844
-1031,-1729,-1853
-1208,-1701,-1851
-1340,-1657,-1804
-1389,-1592,-1707
-1334,-1507,-1599
-1262,-1431,-1502
-1218,-1373,-1426
-1198,-1327,-1354
-1161,-1278,-1282
-1091,-1223,-1213
-993,-1161,-1148
-895,-1101,-1079
-806,-1039,-1001
-732,-979,-907
-665,-917,-807
-596,-860,-714
-528,-808,-623
-468,-763,-530
-411,-732,-437
-356,-715,-347
-305,-716,-266
-258,-733,-195
-215,-757,-127
-172,-774,-48
-137,-783,39
-112,-784,124
-89,-776,211
-63,-756,303
-35,-731,391
-8,-704,469
19,-676,542
53,-650,606
93,-630,670
133,-624,743
169,-631,823
208,-650,909
249,-676,986
298,-699,1054
355,-719,1134
422,-731,1228
495,-736,1333
568,-730,1442
633,-708,1551
691,-676,1638
730,-631,1696
751,-580,1731
757,-520,1760
760,-455,1793
777,-383,1847
826,-310,1937
906,-240,2050
1000,-181,2167
1103,-133,2304
1197,-86,2450
1272,-32,2567
1307,26,2672
1316,89,2752
1292,142,2790
1259,187,2976
1249,220,3152
1247,253,3297
1244,269,3430
1236,255,3543
1216,218,3608
1180,187,3628
1137,156,3647
1086,123,3654
1051,57,3669
1044,-8,3685
1026,-29,3623
1014,-62,3581
1007,-119,3604
1010,-193,3630
1039,-268,3630
1109,-323,3626
1210,-342,3633
1326,-336,3641
1440,-313,3652
1546,-304,3687
1632,-337,3739
1698,-409,3789
1741,-504,3820
1769,-613,3817
1773,-737,3784
1743,-859,3694
1683,-956,3526
1614,-1015,3321
1545,-1041,3094
1476,-1043,2832
1416,-1025,2548
1359,-996,2259
1301,-961,1970
1251,-925,1686
1209,-886,1413
1173,-843,1149
1140,-797,895
1120,-754,645
1111,-713,387
1109,-687,162
1112,-730,13
1094,-821,-152
1109,-970,-141
1115,-1147,108
1098,-1266,345
1032,-1323,335
910,-1320,193
942,-1263,62
934,-1122,133
795,-942,230
620,-759,70
477,-592,-315
356,-474,-725
210,-439,-1041
35,-500,-1227
-130,-642,-1354
-250,-830,-1510
-327,-1033,-1657
-364,-1231,-1765
-360,-1415,-1775
-315,-1562,-1700
-448,-1428,-1094
-513,-1314,-982
-589,-1234,-891
-706,-1191,-806
-862,-1178,-715
-1014,-1170,-625
-1141,-1153,-535
-1202,-1113,-452
-1206,-1061,-358
-1210,-1017,-245
-1237,-984,-120
-1259,-955,15
-1235,-921,140
-1174,-880,252
-1096,-829,342
-1030,-766,413
-995,-688,462
-991,-591,502
-1033,-491,460
-912,-356,397
-646,-221,436
-688,-167,574
-1023,-189,437
-1185,-43,233
-1049,-66,-264
-648,-141,-725
-741,-102,-594
-1288,-58,84
-1863,-43,582
-1801,-89,177
-1549,-173,-117
-1428,-250,16
-1182,-280,476
-760,-249,900
-451,-162,1139
-313,-15,1354
-258,182,1489
-280,408,1478
-175,661,1383
241,647,1173
569,537,1184
525,461,1354
415,269,1406
269,69,1383
79,-86,1334
-107,-194,1339
-253,-223,1525
-366,-192,1725
-395,-138,1679
-333,-110,1390
-197,-98,1218
-35,-81,1251
122,-68,1391
279,-68,1535
441,-86,1601
617,-100,1632
779,-105,1702
891,-112,1793
933,-131,1882
916,-156,1950
881,-161,2006
871,-132,2057
909,-69,2112
994,12,2169
1106,94,2233
1236,163,2304
1366,207,2392
1478,229,2447
1546,262,2388
1564,331,2287
1541,369,2402
1504,332,2728
1412,198,2866
1287,30,2796
1182,-91,2735
1123,-146,2744
1123,-155,2815
1148,-159,2899
1171,-177,2956
1117,-215,2952
1031,-276,3025
946,-355,3102
892,-427,3160
875,-471,3234
887,-490,3320
919,-499,3392
978,-516,3432
1064,-541,3442
1171,-574,3436
1291,-605,3457
1405,-635,3473
1489,-667,3474
1530,-700,3469
1530,-738,3447
1543,-812,3444
1528,-915,3490
1491,-1015,3553
1467,-1120,3567
1445,-1215,3536
1420,-1298,3460
1391,-1370,3325
1349,-1426,3153
1288,-1465,2938
1222,-1501,2706
1142,-1520,2447
1061,-1516,2215
1008,-1492,1984
972,-1454,1693
942,-1394,1396
917,-1328,1132
901,-1254,867
903,-1178,598
913,-1100,344
907,-1016,122
906,-945,-57
899,-903,-217
865,-971,-188
739,-1089,75
464,-1111,536
411,-1167,600
635,-1287,-16
752,-1410,-382
717,-1538,-94
587,-1602,521
472,-1474,835
385,-1175,652
267,-815,197
104,-482,-307
-87,-263,-740
-292,-192,-1070
-485,-233,-1341
-618,-336,-1571
-655,-466,-1730
-599,-624,-1833
-492,-800,-1833
-383,-987,-1727
-295,-1240,-1547
-209,-1506,-1365
-117,-1713,-1210
-74,-1802,-1065
-134,-1752,-942
-289,-1603,-846
-498,-1413,-791
-697,-1226,-762
-851,-1068,-736
-999,-970,-689
-1151,-924,-589
-1308,-917,-444
-1424,-925,-280
-1450,-932,-146
-1366,-929,-59
-1188,-909,11
-973,-877,80
-811,-850,134
-754,-838,164
-808,-838,189
-910,-832,233
-1001,-808,290
-1060,-766,342
-1091,-704,386
-1114,-632,427
-1127,-545,631
-1392,-423,1152
-1470,-282,98
-416,-342,-1311
-446,-446,-2128
-1251,-506,-1542
-3398,-677,1919
-3116,-720,2513
-1162,-576,690
-205,-413,52
143,-234,429
428,-43,1068
655,124,1372
805,247,1306
867,319,1142
783,296,960
592,214,910
360,111,1050
115,10,1284
-136,-38,1473
-372,-17,1529
-581,46,1486
-786,124,1415
-903,186,1348
-899,252,1331
-765,314,1353
-526,352,1382
-243,345,1397
19,307,1380
250,264,1346
456,234,1307
653,221,1271
848,214,1277
1031,198,1302
1188,147,1318
1267,73,1331
1262,-5,1382
1176,-75,1483
959,-103,1565
673,-80,1613
433,11,1760
290,170,2013
250,352,2324
304,494,2552
414,567,2598
539,566,2564
652,497,2540
766,382,2517
870,251,2460
938,125,2379
1024,-5,2324
1099,-144,2334
1121,-278,2468
1103,-369,2669
1084,-385,2824
948,-404,2979
828,-383,3219
737,-343,3400
678,-317,3498
660,-324,3614
700,-377,3754
788,-475,3915
912,-605,4077
1051,-734,4203
1187,-822,4289
1291,-860,4331
1340,-860,4329
1381,-828,4282
1430,-833,4235
1481,-877,4193
1539,-933,4150
1629,-1043,4090
1709,-1164,4052
1794,-1268,4015
1848,-1366,3945
1864,-1459,3848
1845,-1548,3727
1785,-1636,3597
1709,-1713,3433
1630,-1766,3260
1552,-1797,3063
1472,-1799,2805
1412,-1764,2525
1380,-1707,2252
1372,-1640,1975
1372,-1574,1683
1375,-1540,1388
1350,-1513,1094
1276,-1464,787
1167,-1409,462
984,-1324,180
586,-1066,155
574,-1223,1004
529,-1632,1939
751,-2287,1484
1086,-2912,391
1065,-3286,5
699,-3306,311
321,-2913,507
137,-2285,68
70,-1675,-692
-59,-1257,-1279
-292,-1073,-1567
-542,-1128,-1674
-668,-1408,-1790
-590,-1790,-1913
-428,-2133,-1976
-325,-2320,-2019
-326,-2281,-2091
-417,-2114,-2141
-547,-1878,-2128
-721,-1672,-2030
-920,-1532,-1901
-1116,-1450,-1802
-1268,-1391,-1743
-1375,-1319,-1692
-1442,-1220,-1634
-1490,-1098,-1524
-1517,-958,-1348
-1519,-806,-1175
-1490,-647,-1050
-1446,-493,-954
-1401,-351,-865
-1343,-223,-782
-1251,-103,-708
-1143,12,-634
-1016,119,-570
-875,218,-434
-769,343,-143
-742,386,-618
-158,120,-1038
-274,-36,-1364
-478,-188,-1960
-614,-325,-2276
-669,-241,-1889
-638,172,-216
-454,686,1188
-272,863,440
-331,573,-557
-359,405,-419
-325,418,687
-299,306,1514
-234,96,1215
-143,-86,785
-61,-200,864
74,-248,1109
281,-257,1240
525,-249,1269
798,-231,1361
1053,-240,1464
1238,-303,1505
1297,-419,1517
1258,-544,1639
1140,-638,1775
965,-666,1801
784,-620,1755
637,-524,1689
527,-418,1637
452,-333,1618
416,-287,1627
428,-270,1656
490,-273,1706
594,-283,1752
713,-292,1773
823,-289,1794
927,-266,1838
1024,-219,1886
1106,-151,1926
1158,-68,1991
1162,9,2082
1108,71,2174
1011,113,2258
922,141,2371
865,156,2524
844,156,2689
851,141,2854
861,110,2988
860,63,3088
842,16,3166
817,-16,3217
796,-36,3241
775,-49,3253
754,-65,3266
736,-100,3293
724,-162,3343
729,-245,3398
766,-323,3462
831,-389,3531
911,-442,3601
982,-497,3665
1025,-560,3698
1041,-627,3760
1041,-695,3836
1057,-760,3888
1095,-822,3914
1132,-894,3935
1157,-974,3938
1160,-1063,3935
1124,-1163,3938
1063,-1263,3917
1014,-1325,3830
988,-1344,3657
962,-1332,3422
917,-1312,3143
854,-1289,2845
789,-1268,2550
731,-1247,2249
694,-1218,1963
689,-1183,1693
711,-1145,1429
738,-1113,1136
756,-1091,807
762,-1074,482
759,-1050,246
736,-1039,24
701,-1030,-177
710,-1059,-204
675,-1148,216
176,-1099,864
35,-1302,713
402,-1730,3
842,-2252,-332
1183,-2799,-83
1230,-3062,348
961,-2885,402
525,-2345,-1
82,-1760,-516
-245,-1338,-937
-418,-1127,-1251
-489,-1138,-1459
-501,-1302,-1629
-430,-1465,-1735
-363,-1629,-1883
-339,-1748,-2000
-362,-1823,-2002
-462,-1866,-1903
-578,-1851,-1771
-651,-1767,-1624
-659,-1627,-1477
-601,-1445,-1346
-532,-1246,-1189
-505,-1053,-984
-543,-892,-754
-653,-763,-515
-797,-652,-341
-924,-537,-250
-1026,-406,-171
-1121,-251,0
-1224,-79,197
-1305,107,301
-1338,272,324
-1301,342,325
-1290,408,394
-1345,459,453
-1326,443,432
-1248,143,-249
-1132,-183,-1545
-1502,-230,-1776
-2730,163,423
-2904,782,1615
-1440,955,-112
-603,1084,-325
-148,1379,685
49,1536,1336
20,1453,1189
-24,1350,1116
-4,1302,1321
52,1265,1347
95,1192,1139
117,1119,1043
138,1089,1107
113,1110,1111
21,1153,981
-143,1198,902
-331,1245,925
-502,1254,893
-627,1225,789
-675,1177,725
-636,1125,704
-531,1058,655
-397,972,600
-249,883,580
-108,787,603
12,688,654
111,587,719
186,493,790
241,411,867
278,345,941
296,294,1001
301,259,1044
299,236,1102
282,217,1149
255,200,1164
222,181,1188
202,166,1230
220,160,1280
300,170,1337
428,192,1410
566,212,1477
722,227,1521
875,231,1553
1001,216,1576
1080,186,1583
1108,151,1580
1108,108,1581
1056,72,1595
942,58,1624
809,60,1669
695,76,1729
616,89,1825
562,78,1966
533,38,2112
537,-20,2238
586,-78,2367
678,-119,2527
789,-150,2698
883,-177,2842
943,-203,2960
967,-235,3086
964,-275,3206
964,-317,3339
994,-355,3481
1072,-387,3593
1184,-407,3686
1289,-435,3770
1352,-486,3817
1371,-559,3857
1347,-648,3909
1289,-742,3952
1210,-837,3983
1117,-943,4025
1024,-1069,4040
949,-1206,4028
916,-1330,3971
922,-1413,3849
969,-1457,3697
1053,-1473,3533
1166,-1479,3332
1279,-1461,3080
1345,-1388,2803
1400,-1310,2499
1444,-1241,2206
1412,-1130,1945
1333,-967,1675
1278,-902,1379
1197,-853,1119
1128,-810,907
1056,-773,680
967,-740,459
914,-721,258
831,-704,12
771,-698,-252
1089,-909,-163
1610,-1319,594
1867,-1877,1305
2014,-2435,935
1816,-2707,-15
1216,-2666,-365
504,-2318,127
102,-1706,531
15,-1085,182
19,-624,-514
-20,-360,-1047
-148,-272,-1305
-346,-312,-1428
-574,-431,-1656
-775,-596,-2006
-877,-808,-2201
-873,-1008,-2176
-802,-1209,-2029
-733,-1391,-1912
-709,-1515,-1862
-730,-1552,-1766
-748,-1521,-1606
-751,-1451,-1458
-789,-1385,-1365
-896,-1343,-1315
-1061,-1330,-1286
-1195,-1305,-1251
-1303,-1265,-1191
-1442,-1258,-1110
-1536,-1249,-972
-1496,-1200,-753
-1335,-1101,-496
-1102,-970,-293
-889,-841,-147
-758,-729,-10
-701,-636,112
-694,-561,184
-684,-457,93
-723,-344,-180
-1352,-469,-676
-949,-406,-1283
-1268,-457,-1228
-1697,-579,-224
-1293,-638,818
-673,-660,811
-342,-682,405
-188,-686,334
-81,-641,653
-42,-547,1037
-84,-431,1131
-163,-328,1041
-254,-230,1018
-344,-138,1060
-395,-52,1069
-377,29,1066
-299,103,1121
-196,161,1221
-95,190,1304
-2,188,1341
110,151,1346
239,98,1350
370,48,1371
496,15,1434
634,0,1531
746,2,1645
784,9,1764
738,4,1869
645,-12,1965
557,-33,2090
504,-64,2218
495,-106,2249
550,-137,2128
685,-129,1967
879,-84,1978
1079,-17,2099
1220,34,2040
1272,75,1907
1251,124,1936
1176,185,2090
1069,247,2182
952,305,2204
843,365,2255
742,426,2325
641,479,2382
546,526,2441
472,567,2501
409,596,2550
345,599,2622
291,583,2731
259,543,2858
245,465,2969
243,350,3080
248,222,3187
259,103,3283
283,17,3379
328,-27,3443
395,-37,3458
483,-27,3438
583,-20,3374
705,-21,3299
811,-36,3226
898,-60,3189
979,-84,3184
1050,-112,3168
1085,-153,3143
1070,-204,3141
1018,-263,3171
950,-334,3218
887,-414,3281
846,-502,3363
825,-607,3434
827,-716,3471
838,-825,3495
844,-936,3538
830,-1052,3557
796,-1164,3545
749,-1273,3509
714,-1383,3450
698,-1461,3364
709,-1499,3222
748,-1512,3026
802,-1518,2792
858,-1517,2515
912,-1505,2221
951,-1474,1942
982,-1440,1667
1004,-1386,1391
1028,-1306,1104
1054,-1211,802
1080,-1110,493
1100,-1010,187
1120,-928,-82
1151,-886,-238
1091,-901,-179
674,-949,97
193,-1016,123
594,-1210,-488
938,-1362,-1086
1155,-1503,-1169
1123,-1554,-514
850,-1412,260
546,-1072,418
291,-667,68
62,-287,-342
-156,-15,-698
-370,92,-1024
-592,68,-1257
-792,-74,-1378
-922,-275,-1495
-951,-495,-1612
-923,-714,-1673
-883,-973,-1677
-805,-1118,-1620
-720,-1223,-1606
-656,-1292,-1589
-619,-1319,-1483
-614,-1297,-1305
-639,-1245,-1128
-678,-1175,-1000
-723,-1109,-927
-782,-1066,-896
-871,-1051,-879
-987,-1062,-849
-1100,-1081,-793
-1152,-1086,-709
-1104,-1056,-573
-954,-991,-370
-760,-908,-163
-590,-827,3
-468,-756,120
-398,-699,202
-371,-654,261
-374,-628,300
-388,-615,318
-391,-606,329
-381,-594,333
-360,-580,339
-340,-566,360
-321,-557,396
-305,-553,436
-293,-556,479
-278,-563,524
-262,-571,571
-249,-577,623
-248,-574,691
-299,-335,526
-758,-246,-52
-1144,-472,-236
-442,-462,-517
-745,-461,-269
-1013,-580,548
-796,-741,1005
-423,-916,827
-138,-1132,475
81,-1318,327
307,-1443,566
538,-1496,981
698,-1430,1234
791,-1254,1285
820,-1028,1301
807,-818,1360
769,-656,1401
723,-537,1404
685,-447,1423
687,-384,1470
743,-348,1534
823,-328,1594
896,-308,1642
936,-278,1659
942,-231,1687
944,-163,1759
936,-75,1842
965,24,1919
1039,127,1995
1143,224,2070
1244,298,2155
1337,355,2241
1382,398,2320
1395,437,2429
1378,472,2549
1338,498,2662
1292,509,2779
1237,512,2905
1169,540,3019
1115,570,3103
1081,585,3191
1060,577,3281
1048,552,3365
1048,523,3440
1057,493,3509
1064,445,3566
1045,358,3609
1037,291,3639
1039,264,3676
1046,235,3714
1048,185,3753
1056,129,3809
1088,75,3875
1149,36,3929
1224,7,3947
1299,-10,3961
1356,-23,3981
1388,-52,4024
1390,-111,4089
1363,-198,4159
1311,-302,4210
1243,-417,4227
1166,-537,4197
1089,-643,4114
1018,-733,3960
966,-811,3758
928,-880,3513
891,-936,3237
858,-976,2965
829,-1002,2675
796,-1019,2356
766,-1031,2047
742,-1037,1752
717,-1040,1462
695,-1041,1174
678,-1033,885
663,-1019,609
649,-1007,364
637,-1006,162
653,-1048,105
624,-1162,499
466,-1388,1197
278,-1670,1276
165,-1904,579
66,-2079,59
-54,-2152,135
-120,-2095,415
-135,-1896,419
-20,-1707,19
69,-1478,-280
38,-1310,-438
-82,-1219,-575
-256,-1232,-757
-413,-1345,-941
-492,-1516,-1064
-482,-1690,-1096
-444,-1828,-1095
-431,-1901,-1115
-438,-1895,-1186
-450,-1822,-1216
-451,-1692,-1187
-465,-1540,-1108
-506,-1384,-1025
-575,-1237,-961
-655,-1100,-922
-740,-978,-895
-822,-862,-869
-887,-751,-830
-932,-645,-787
-960,-547,-746
-968,-456,-704
-963,-371,-659
-953,-298,-598
-931,-233,-525
-890,-170,-464
-844,-110,-412
-807,-57,-364
-782,-6,-309
-772,46,-271
-789,86,-254
-1063,68,-255
-1874,102,150
-1101,2,-952
-372,-171,-2101
-497,-294,-2401
-947,-287,-1673
-1912,-72,1315
-1662,309,2462
-475,658,622
66,575,-690
24,246,-1183
49,136,-1061
187,143,-674
520,197,-96
906,317,535
1142,416,902
1169,418,819
1114,394,601
1133,440,659
1163,512,836
1089,526,913
856,460,854
512,359,779
157,276,788
-146,223,849
-379,192,869
-520,170,875
-571,147,938
-493,86,1055
-271,11,1184
27,-41,1303
326,-77,1439
595,-101,1584
814,-118,1666
1080,-120,1662
1382,-99,1681
1693,-50,1769
1932,12,1880
2029,69,1959
1987,117,2020
1860,151,2111
1705,155,2209
1583,104,2305
1469,43,2467
1364,-27,2680
1226,-120,2840
1069,-219,2926
895,-332,2958
779,-405,3050
720,-439,3124
687,-439,3122
655,-407,3116
603,-366,3078
561,-327,3083
569,-271,3148
624,-202,3241
718,-143,3367
835,-102,3458
936,-71,3491
985,-42,3512
998,-23,3520
1020,-28,3496
1086,-68,3495
1183,-149,3526
1280,-266,3576
1344,-404,3669
1363,-543,3771
1332,-669,3862
1270,-769,3944
1204,-848,3978
1145,-925,3949
1091,-1012,3877
1045,-1099,3763
1007,-1166,3582
971,-1197,3381
939,-1200,3167
916,-1187,2913
899,-1167,2621
887,-1147,2304
871,-1125,1977
838,-1102,1657
798,-1078,1349
759,-1050,1051
718,-1021,765
670,-989,504
612,-957,261
543,-928,47
472,-914,-119
396,-975,-146
354,-1100,-59
313,-1299,460
252,-1483,1174
228,-1496,1082
249,-1514,675
260,-1558,772
99,-1588,1192
-57,-1627,1281
-191,-1502,989
-269,-1233,459
-295,-921,-109
-326,-673,-609
-356,-559,-992
-380,-587,-1197
-388,-715,-1198
-350,-866,-1153
-259,-932,-1095
-111,-929,-1136
39,-931,-1231
152,-976,-1228
216,-1066,-1054
207,-1188,-817
104,-1281,-689
-57,-1287,-685
-269,-1255,-667
-543,-1227,-572
-796,-1157,-457
-923,-985,-413
-940,-760,-439
-923,-558,-447
-879,-427,-400
-930,-315,-260
-994,-188,-125
-960,-45,-102
-856,92,-147
-815,199,-189
-788,279,-232
-775,320,-288
-692,354,-340
-642,393,-361
-609,436,-372
-600,496,-355
-591,581,-311
-571,676,-236
-538,815,-123
-480,1033,274
-505,1172,642
-564,862,-106
-400,270,-1892
-550,146,-3015
-779,101,-3502
-938,183,-2945
-1278,1027,274
-1375,1743,1646
-1036,1211,-856
-781,924,-1612
-472,990,-243
-108,969,1414
155,818,1187
396,658,392
790,497,381
1296,326,697
1446,86,695
1280,-32,569
1224,-4,587
1176,104,618
1077,265,574
914,452,495
688,626,471
434,761,520
183,840,604
-51,867,698
-265,836,776
-444,752,827
-561,608,897
-582,424,988
-503,262,1038
-370,167,1042
-221,133,1032
-76,149,1041
61,206,1070
209,301,1117
382,434,1180
578,593,1255
798,751,1323
1021,868,1359
1220,925,1340
1405,947,1303
1565,954,1344
1678,937,1522
1776,838,1763
1779,763,1940
1702,698,2087
1539,646,2265
1295,593,2428
1033,512,2576
840,400,2749
718,273,2968
633,126,3210
559,-34,3432
479,-214,3607
397,-405,3768
318,-598,3914
259,-761,3990
251,-860,3998
313,-868,3973
454,-797,3934
662,-696,3865
909,-617,3770
1171,-580,3674
1433,-585,3620
1673,-614,3574
1870,-647,3504
2009,-665,3442
2086,-687,3406
2110,-734,3383
2094,-816,3395
2060,-927,3439
2029,-1019,3447
1986,-1035,3438
1959,-1066,3334
1907,-1080,3191
1824,-1074,2982
1729,-1058,2722
1630,-1025,2470
1547,-993,2243
1470,-955,2027
1397,-916,1794
1317,-880,1539
1222,-844,1260
1109,-795,954
994,-739,648
895,-680,377
812,-622,136
736,-571,-94
666,-528,-307
616,-518,-457
573,-562,-523
568,-678,-408
528,-824,154
425,-940,687
232,-907,557
269,-871,238
331,-761,134
322,-551,33
243,-267,-402
76,27,-1027
-178,251,-1546
-479,348,-1872
-728,304,-2062
-853,150,-2156
-895,-62,-2172
-870,-274,-2176
-803,-454,-2163
-721,-605,-2079
-657,-726,-1911
-616,-851,-1707
-654,-974,-1526
-750,-1042,-1407
-862,-1112,-1395
-982,-1191,-1361
-985,-1217,-1264
-903,-1191,-1182
-921,-1199,-1141
-1021,-1259,-1060
-1138,-1371,-878
-1159,-1490,-595
-975,-1544,-321
-651,-1521,-144
-368,-1473,-34
-228,-1438,87
-231,-1413,209
-338,-1390,299
-455,-1370,382
-525,-1339,474
-546,-1300,559
-549,-1254,638
-555,-1209,709
-575,-1169,758
-621,-1130,804
-725,-1096,789
-795,-1047,715
-606,-925,621
-336,-801,569
-284,-725,654
-369,-661,664
-568,-603,341
-742,-523,-23
-793,-457,-144
-980,-526,145
-1104,-636,883
-996,-744,1331
-591,-793,1354
-123,-806,1454
271,-804,1689
564,-784,1838
750,-752,1866
834,-707,1904
858,-641,1946
818,-527,1964
834,-407,1917
963,-305,1774
1049,-215,1718
1052,-148,1681
951,-99,1592
794,-67,1489
629,-46,1418
469,-32,1392
338,-20,1412
288,14,1465
274,55,1520
231,80,1561
220,111,1588
261,155,1607
352,215,1621
481,286,1639
633,360,1657
778,428,1663
900,485,1676
998,529,1702
1076,573,1723
1125,616,1737
1143,660,1758
1153,710,1797
1188,745,1849
1212,784,1891
1236,831,1920
1266,876,1960
1297,911,2003
1319,931,2041
1339,932,2089
1358,915,2159
1367,879,2241
1361,823,2321
1332,750,2399
1282,662,2479
1209,564,2579
1120,461,2691
1025,357,2806
926,256,2930
848,160,3064
808,79,3179
806,18,3268
824,-40,3354
831,-109,3447
823,-194,3529
810,-274,3593
815,-333,3641
845,-368,3664
902,-399,3688
998,-441,3727
1125,-502,3742
1265,-572,3735
1396,-650,3731
1499,-720,3696
1588,-780,3613
1632,-815,3519
1683,-913,3386
1692,-1026,3270
1664,-1108,3123
1608,-1165,2915
1527,-1189,2679
1427,-1184,2391
1309,-1160,2055
1185,-1125,1715
1079,-1086,1379
988,-1043,1044
901,-997,738
808,-948,442
694,-896,115
566,-843,-202
444,-787,-489
272,-696,-704
100,-558,-771
125,-614,-375
109,-966,911
104,-1407,942
166,-1799,91
123,-2146,-31
-1,-2326,297
-71,-2173,286
-176,-1725,-315
-424,-1173,-1074
-709,-738,-1544
-874,-550,-1695
-839,-600,-1656
-706,-850,-1602
-563,-1123,-1706
-527,-1382,-1906
-557,-1586,-2049
-582,-1724,-2073
-578,-1822,-1957
-579,-1890,-1812
-620,-1893,-1727
-689,-1804,-1661
-804,-1636,-1567
-951,-1452,-1490
-1119,-1278,-1386
-1260,-1102,-1204
-1350,-925,-938
-1401,-753,-650
-1397,-583,-424
-1336,-416,-287
-1226,-266,-199
-1095,-146,-124
-962,-50,-61
-818,34,69
-681,133,96
-724,179,-288
-715,203,-575
-568,207,-862
-313,158,-1179
-307,176,-1189
-122,364,-845
140,554,-317
368,676,73
539,755,185
756,778,341
1044,742,662
1296,670,994
1388,553,1096
1329,431,969
1227,358,883
1146,344,984
1076,375,1168
995,430,1257
909,499,1243
836,584,1244
777,667,1312
727,733,1406
696,773,1468
686,776,1505
705,725,1560
753,621,1615
832,473,1637
924,326,1627
1027,219,1636
1132,162,1705
1231,157,1828
1309,198,1978
1349,267,2132
1337,337,2250
1293,393,2309
1251,431,2333
1226,457,2344
1220,472,2343
1227,477,2338
1239,476,2334
1254,466,2329
1274,456,2346
1295,445,2407
1305,438,2473
1298,438,2528
1273,447,2603
1238,447,2718
1208,421,2849
1192,369,2966
1204,303,3071
1175,212,3182
1154,117,3294
1149,28,3408
1156,-55,3513
1170,-135,3587
1184,-209,3641
1189,-274,3669
1184,-329,3663
1173,-375,3635
1160,-413,3596
1152,-447,3547
1149,-485,3489
1163,-529,3437
1194,-586,3428
1230,-656,3445
1266,-721,3439
1292,-766,3384
1321,-792,3298
1358,-817,3192
1376,-833,3060
1381,-861,2882
1362,-886,2677
1332,-882,2464
1306,-869,2245
1275,-855,2033
1231,-843,1833
1163,-837,1623
1074,-827,1408
981,-805,1206
916,-761,1016
888,-703,822
889,-642,650
887,-588,486
865,-565,353
814,-568,224
754,-585,95
715,-619,26
684,-681,183
636,-743,330
586,-759,212
535,-711,-29
452,-638,-205
346,-579,-273
220,-506,-344
141,-436,-537
22,-367,-669
-22,-313,-773
-91,-281,-816
-192,-283,-850
-315,-327,-912
-443,-395,-1003
-550,-462,-1112
-633,-512,-1223
-694,-537,-1334
-739,-545,-1402
-760,-532,-1431
-738,-503,-1416
-679,-482,-1367
-595,-488,-1261
-495,-531,-1145
-419,-623,-1021
-386,-755,-922
-392,-910,-866
-417,-1069,-827
-440,-1211,-772
-452,-1308,-691
-435,-1360,-594
-419,-1397,-473
-459,-1439,-335
-550,-1490,-201
-647,-1535,-77
-702,-1554,57
-693,-1539,198
-659,-1517,333
-641,-1507,449
-607,-1491,542
-546,-1470,622
-487,-1439,660
-439,-1403,667
-411,-1355,650
-396,-1291,616
-382,-1222,570
-369,-1150,536
-362,-1076,531
-360,-990,559
-361,-908,603
-354,-830,648
-350,-750,573
-712,-768,533
-1418,-875,332
-1509,-809,-38
-1100,-671,-89
-1203,-615,-83
-940,-553,166
-496,-527,498
-176,-579,519
-53,-659,383
-98,-687,363
68,-749,479
332,-781,649
573,-764,836
710,-714,820
889,-653,946
1182,-602,1246
1382,-529,1380
1510,-433,1357
1559,-357,1402
1464,-282,1501
1234,-182,1539
958,-47,1541
735,118,1570
588,302,1618
488,490,1650
397,653,1632
293,767,1607
215,849,1678
211,876,1774
335,863,1831
575,873,1879
874,896,1961
1161,905,2076
1404,901,2222
1577,879,2367
1673,838,2507
1698,785,2645
1680,740,2750
1684,723,2792
1733,716,2811
1735,730,2809
1705,741,2829
1670,740,2900
1656,741,2981
1666,747,3035
1676,728,3069
1657,717,3094
1593,695,3168
1497,658,3249
1394,610,3306
1296,550,3372
1220,489,3458
1170,446,3533
1137,420,3599
1092,388,3680
1032,335,3768
969,261,3850
926,180,3935
925,97,4007
956,16,4049
995,-66,4043
1024,-151,3992
1040,-236,3927
1049,-326,3874
1069,-410,3801
1087,-488,3698
1097,-559,3610
1107,-638,3511
1130,-724,3374
1162,-801,3193
1190,-865,2978
1209,-897,2773
1212,-894,2511
1191,-866,2226
1152,-831,1947
1096,-805,1663
1029,-780,1382
957,-751,1099
886,-714,828
832,-670,581
798,-626,349
781,-588,125
775,-557,-66
766,-579,-188
751,-645,-275
752,-756,-72
653,-956,683
565,-1088,788
502,-1061,332
351,-1031,106
157,-995,265
27,-910,333
-15,-775,-10
-113,-600,-581
-210,-457,-1163
-365,-398,-1574
-494,-434,-1864
-538,-552,-2114
-508,-730,-2204
-460,-971,-2136
-383,-1214,-1977
-280,-1414,-1842
-152,-1553,-1796
-51,-1639,-1753
-5,-1685,-1629
-26,-1696,-1460
-127,-1670,-1289
-292,-1612,-1146
-449,-1533,-1030
-525,-1412,-944
-546,-1284,-862
-639,-1222,-778
-771,-1208,-659
-938,-1251,-495
-1097,-1327,-297
-1189,-1390,-90
-1149,-1390,106
-982,-1306,279
-795,-1168,401
-696,-1030,462
-720,-919,468
-820,-831,483
-828,-672,700
-1007,-528,128
-751,-338,-496
-434,-328,-1418
-639,-397,-1976
-1322,-493,-1225
-2621,-635,1544
-2264,-602,1490
-919,-421,-20
-196,-250,-109
293,-74,704
696,105,1642
951,213,1772
1079,263,1480
1145,320,1403
1153,342,1517
1021,276,1547
777,158,1481
693,41,1431
653,-50,1363
634,-72,1273
612,-35,1185
566,42,1144
475,133,1154
342,210,1188
199,262,1235
68,286,1312
-42,284,1406
-105,242,1476
-108,187,1512
-45,145,1526
86,126,1538
273,130,1565
490,153,1598
717,184,1626
944,208,1658
1158,219,1700
1311,207,1740
1347,179,1751
1318,165,1720
1257,180,1664
1189,219,1608
1116,288,1555
1041,379,1542
962,460,1563
884,503,1621
819,502,1699
785,471,1783
804,421,1878
860,367,1976
931,316,2056
1000,277,2129
1045,251,2200
1051,234,2263
1023,231,2318
968,233,2375
897,238,2429
817,234,2489
739,225,2573
672,201,2671
625,170,2781
599,132,2902
592,92,3030
600,55,3142
619,28,3235
659,14,3305
719,14,3362
795,12,3423
873,-5,3492
938,-53,3560
986,-117,3621
1041,-170,3677
1111,-217,3761
1171,-282,3832
1212,-377,3854
1243,-513,3864
1255,-653,3864
1263,-792,3852
1274,-928,3860
1283,-1055,3840
1306,-1192,3762
1307,-1312,3618
1304,-1378,3416
1319,-1387,3169
1334,-1369,2899
1337,-1331,2606
1307,-1293,2310
1281,-1260,2011
1266,-1227,1733
1263,-1185,1481
1262,-1138,1227
1235,-1092,962
1176,-1041,686
1094,-986,426
1003,-925,207
910,-862,29
826,-812,-126
759,-770,-244
700,-742,-268
666,-821,166
404,-929,887
202,-1076,1127
435,-1327,646
648,-1518,211
711,-1703,308
581,-1825,762
338,-1782,972
87,-1553,670
-139,-1212,175
-352,-869,-289
-561,-615,-662
-744,-484,-935
-878,-483,-1115
-921,-588,-1182
-838,-752,-1181
-654,-959,-1153
-454,-1184,-1141
-297,-1388,-1143
-204,-1514,-1143
-156,-1572,-1146
-134,-1559,-1112
-137,-1483,-1008
-179,-1375,-898
-275,-1261,-840
-405,-1160,-810
-523,-1058,-762
-605,-950,-679
-663,-844,-570
-709,-736,-444
-751,-625,-310
-785,-511,-190
-808,-400,-96
-809,-292,-41
-782,-193,-8
-738,-110,20
-697,-46,67
-673,-1,121
-672,28,158
-685,52,154
-707,78,118
-722,113,95
-720,164,91
-701,231,105
-665,310,112
-613,390,109
-560,458,110
-520,511,125
-494,548,150
-479,567,161
-468,570,148
-449,565,129
-409,573,188
-373,667,598
-77,860,919
-46,705,61
-325,-54,-1353
-505,-253,-2029
-613,-314,-2310
-576,-297,-2102
-438,-191,-1547
-87,150,-625
398,551,397
605,563,398
486,263,-216
449,44,-397
665,4,44
914,9,658
1037,-32,877
996,-95,728
900,-130,649
752,-123,776
573,-71,971
419,6,1072
309,84,1091
263,165,1131
261,241,1213
285,295,1307
322,314,1399
373,306,1509
439,272,1631
509,224,1719
593,187,1757
689,172,1771
800,188,1801
934,234,1879
1079,296,1986
1198,351,2091
1267,384,2203
1286,395,2310
1256,374,2374
1206,339,2405
1182,304,2450
1201,285,2498
1253,282,2538
1302,276,2624
1311,242,2746
1279,168,2882
1226,74,3043
1163,-24,3234
1093,-114,3440
1015,-198,3640
930,-286,3825
848,-383,3974
783,-479,4105
747,-557,4210
746,-609,4285
765,-645,4333
801,-683,4358
858,-738,4367
934,-803,4367
1022,-847,4320
1103,-861,4214
1166,-853,4082
1218,-843,3942
1277,-852,3826
1349,-887,3731
1417,-942,3628
1472,-992,3510
1505,-1025,3345
1512,-1040,3128
1503,-1047,2883
1472,-1058,2620
1422,-1072,2330
1360,-1083,2029
1291,-1088,1750
1217,-1083,1480
1139,-1067,1203
1059,-1039,940
970,-998,691
870,-960,434
774,-929,213
687,-905,64
622,-899,-41
576,-935,-82
553,-1066,338
237,-1038,1149
95,-1205,999
256,-1576,142
428,-1982,-351
547,-2373,-205
621,-2581,212
666,-2414,260
589,-1940,3
327,-1395,-229
-33,-951,-429
-356,-686,-677
-545,-592,-880
-598,-644,-965
-577,-812,-1020
-546,-1030,-1155
-529,-1240,-1327
-508,-1387,-1492
-473,-1458,-1610
-425,-1459,-1650
-393,-1409,-1607
-415,-1317,-1520
-507,-1197,-1423
-649,-1068,-1309
-770,-938,-1205
-872,-822,-1113
-988,-720,-1006
-1114,-619,-898
-1229,-506,-805
-1332,-377,-743
-1420,-229,-685
-1455,-69,-608
-1447,113,-494
-1372,313,-385
-1224,498,-312
-1050,651,-249
-871,767,-207
-701,830,-200
-581,879,80
-373,931,653
-299,728,-169
-483,232,-1452
-645,-12,-2306
-730,-65,-2630
-679,-25,-2372
-432,197,-1281
-92,580,243
111,718,476
158,561,-199
243,391,-428
442,335,32
687,330,709
900,312,1033
1045,263,929
1101,213,742
1110,201,703
1133,249,812
1143,334,903
1100,423,883
1006,497,801
879,554,741
721,585,744
540,574,801
343,522,916
141,442,1066
-50,338,1223
-225,209,1378
-354,61,1522
-396,-60,1639
-356,-110,1718
-250,-83,1757
-101,9,1761
75,145,1752
266,302,1772
474,458,1823
689,596,1870
901,704,1888
1111,779,1899
1315,819,1918
1483,804,1969
1607,770,2046
1680,737,2123
1743,667,2195
1764,600,2256
1715,562,2343
1595,520,2464
1394,442,2609
1198,326,2758
1052,193,2905
918,23,3071
766,-177,3253
609,-383,3420
467,-551,3561
369,-656,3692
351,-688,3796
430,-660,3856
592,-605,3895
794,-562,3903
998,-544,3874
1188,-542,3794
1348,-532,3704
1467,-512,3647
1562,-494,3581
1645,-472,3483
1725,-440,3390
1804,-408,3308
1862,-398,3223
1885,-425,3129
1882,-472,3027
1856,-533,2948
1796,-606,2890
1700,-682,2798
1576,-746,2665
1442,-794,2494
1324,-821,2308
1226,-834,2109
1138,-834,1894
1060,-826,1674
998,-809,1467
942,-784,1260
882,-750,1038
824,-711,819
779,-667,614
753,-625,402
742,-586,199
739,-574,31
754,-603,-42
746,-686,215
667,-794,558
561,-854,433
436,-828,148
230,-814,20
272,-887,76
252,-887,70
230,-816,-192
207,-690,-559
39,-550,-850
-206,-472,-1072
-403,-490,-1297
-479,-610,-1436
-439,-800,-1494
-358,-970,-1467
-294,-1064,-1491
-267,-1194,-1591
-260,-1330,-1645
-229,-1460,-1661
-204,-1577,-1646
-217,-1642,-1594
-270,-1648,-1532
-340,-1612,-1460
-409,-1518,-1394
-455,-1405,-1316
-613,-1371,-1222
-789,-1371,-1125
-897,-1368,-1016
-933,-1360,-898
-928,-1353,-770
-906,-1348,-638
-859,-1323,-493
-796,-1271,-350
-741,-1198,-222
-709,-1116,-107
-704,-1026,-5
-709,-931,84
-710,-836,144
-704,-747,189
-684,-664,237
-658,-590,292
-612,-521,393
-582,-461,476
-736,-433,173
-1120,-424,-141
-1368,-409,-274
-1197,-324,-321
-1011,-259,-36
-571,-175,429
-201,-128,655
8,-101,598
233,-87,565
441,-93,702
630,-128,938
801,-197,1146
958,-290,1242
1083,-384,1231
1235,-461,1232
1391,-526,1244
1492,-555,1259
1555,-547,1308
1599,-514,1409
1584,-460,1462
1488,-375,1451
1324,-273,1433
1128,-166,1433
935,-65,1465
772,22,1532
644,89,1606
558,138,1659
511,177,1711
501,207,1805
533,226,1922
604,227,1999
720,201,2021
853,191,2007
982,221,1986
1091,282,1982
1167,361,2003
1200,442,2050
1194,512,2126
1156,566,2236
1096,591,2349
1036,582,2451
995,554,2541
985,523,2613
1010,503,2663
1055,489,2703
1102,477,2744
1138,463,2777
1158,442,2817
1151,408,2867
1123,364,2923
1089,318,2988
1053,262,3070
1016,201,3155
985,139,3225
972,81,3291
976,28,3355
997,-12,3410
1026,-51,3453
1058,-86,3478
1087,-124,3500
1102,-170,3515
1108,-225,3536
1118,-279,3577
1142,-330,3617
1180,-377,3648
1224,-427,3655
1267,-481,3646
1300,-544,3627
1323,-616,3578
1339,-695,3493
1336,-776,3376
1310,-852,3236
1261,-914,3074
1206,-958,2878
1146,-977,2649
1087,-984,2411
1032,-988,2168
992,-988,1927
960,-979,1675
921,-967,1413
872,-948,1157
823,-924,923
785,-897,696
760,-866,451
756,-825,223
766,-782,33
776,-750,-129
783,-731,-254
786,-764,-298
804,-895,-34
706,-1098,599
617,-1299,791
507,-1367,485
375,-1443,199
191,-1527,196
259,-1621,285
301,-1571,333
302,-1401,163
236,-1129,-135
69,-830,-413
-168,-607,-609
-419,-510,-720
-614,-536,-783
-714,-655,-831
-723,-818,-890
-647,-965,-974
-531,-1072,-1041
-416,-1130,-1070
-327,-1145,-1060
-277,-1134,-1037
-265,-1110,-1000
-276,-1080,-927
-303,-1037,-835
-338,-976,-764
-392,-905,-707
-470,-821,-654
-555,-740,-595
-655,-662,-522
-762,-583,-457
-854,-496,-393
-916,-392,-337
-946,-280,-277
-945,-173,-195
-923,-74,-101
-876,9,-38
-811,76,-14
-740,124,10
-670,159,42
-614,179,64
-568,193,67
-534,210,65
-512,235,61
-501,273,68
-499,322,70
-499,379,72
-501,438,73
-491,509,216
-557,620,359
-393,721,-3
50,745,178
-154,529,-472
-333,41,-1479
-407,-93,-1980
-450,-129,-2161
-444,-64,-1952
-306,132,-1252
45,410,-81
356,519,580
489,425,141
509,234,-293
561,63,-134
661,-79,334
771,-205,731
839,-311,859
846,-377,887
788,-392,968
659,-358,1090
509,-278,1127
403,-170,1061
354,-55,985
349,48,968
379,130,1018
435,183,1093
506,203,1157
582,189,1218
643,149,1297
682,99,1368
704,61,1430
734,50,1510
780,77,1616
841,129,1734
914,198,1860
997,266,1991
1086,323,2129
1175,362,2272
1258,383,2401
1329,390,2528
1388,391,2643
1439,385,2729
1490,375,2789
1541,366,2855
1579,359,2929
1596,347,3014
1591,321,3118
1563,266,3243
1520,180,3357
1458,71,3469
1383,-41,3567
1301,-141,3648
1216,-228,3717
1138,-312,3770
1080,-407,3825
1042,-517,3884
1020,-627,3930
1017,-717,3961
1035,-781,3993
1069,-820,4037
1114,-827,4028
1182,-804,3995
1254,-765,3943
1314,-738,3869
1363,-734,3794
1400,-754,3722
1425,-781,3635
1442,-801,3509
1441,-822,3356
1417,-851,3162
1376,-888,2944
1330,-924,2727
1281,-950,2468
1219,-960,2184
1155,-957,1917
1108,-942,1662
1069,-920,1394
1023,-891,1096
979,-851,802
949,-801,546
925,-743,283
909,-683,31
907,-626,-168
906,-578,-311
881,-538,-428
849,-516,-456
889,-597,-106
815,-766,986
464,-913,1608
224,-972,857
365,-1132,241
463,-1239,170
480,-1293,196
426,-1234,-88
276,-1070,-597
71,-907,-1042
-93,-806,-1347
-199,-789,-1544
-259,-861,-1685
-306,-997,-1642
-361,-1164,-1529
-404,-1299,-1431
-450,-1392,-1402
-492,-1471,-1425
-521,-1520,-1397
-543,-1533,-1336
-584,-1502,-1299
-649,-1432,-1243
-733,-1326,-1144
-823,-1191,-1009
-863,-1038,-878
-853,-883,-756
-826,-746,-659
-822,-633,-596
-824,-548,-555
-822,-485,-511
-813,-432,-448
-795,-395,-364
-771,-368,-285
-741,-349,-193
-714,-336,-92
-698,-331,-21
-697,-331,43
-707,-326,99
-717,-314,135
-709,-286,169
-713,-249,218
-767,-202,289
-831,-140,358
-886,-56,412
-907,48,464
-864,165,540
-861,313,1296
-825,441,883
-369,450,318
-100,471,-78
-74,237,-621
-266,140,-898
-528,71,-1094
-704,15,-1181
-868,-14,-1034
-1097,-55,-634
-1360,-162,21
-1451,-371,589
-1276,-611,834
-984,-778,1060
-746,-878,1415
-531,-926,1628
-369,-913,1635
-247,-838,1665
-114,-683,1792
45,-498,1932
245,-343,1999
459,-221,2049
708,-138,2134
958,-92,2169
1162,-80,2143
1383,-51,2154
1567,7,2127
1692,83,2027
1698,186,1907
1566,312,1791
1338,436,1677
1098,539,1580
901,606,1529
764,633,1544
667,619,1613
591,559,1717
533,461,1853
511,358,2032
533,289,2243
582,247,2450
641,222,2626
678,194,2842
669,147,3012
614,80,3159
527,7,3324
440,-58,3478
388,-105,3659
386,-133,3814
439,-147,3905
537,-160,3948
676,-187,3946
840,-225,3905
1009,-266,3873
1154,-306,3858
1273,-342,3878
1384,-374,3928
1483,-406,3980
1576,-444,3992
1673,-482,3947
1785,-523,3899
1900,-580,3846
2002,-656,3757
2089,-729,3629
2151,-774,3455
2187,-780,3225
2189,-762,2961
2155,-737,2698
2091,-717,2425
2025,-690,2142
1965,-650,1871
1912,-599,1614
1860,-539,1353
1805,-475,1100
1740,-408,870
1649,-344,618
1532,-285,335
1415,-245,71
1315,-219,-131
1226,-183,-285
1132,-158,-437
881,-170,-515
757,-269,-108
633,-401,875
734,-509,821
1076,-593,147
1207,-680,-103
1057,-801,81
769,-877,91
453,-809,-433
133,-632,-1108
-185,-451,-1616
-451,-355,-1936
-602,-379,-2185
-632,-508,-2298
-589,-699,-2325
-526,-889,-2329
-498,-1035,-2323
-494,-1108,-2387
-503,-1114,-2407
-525,-1095,-2225
-570,-1077,-2054
-645,-1087,-1904
-728,-1140,-1738
-788,-1229,-1589
-827,-1335,-1451
-899,-1443,-1306
-1015,-1542,-1187
-1147,-1619,-1081
-1262,-1655,-947
-1321,-1636,-765
-1325,-1576,-557
-1290,-1495,-304
-1214,-1403,-58
-1101,-1322,147
-969,-1259,320
-846,-1217,448
-756,-1188,532
-702,-1156,597
-679,-1113,647
-626,-1056,793
-525,-962,781
-518,-803,187
-659,-690,48
-835,-659,378
-589,-546,434
-581,-507,29
-683,-543,-264
-683,-639,-155
-567,-785,321
-361,-960,943
-85,-1104,1270
220,-1167,1234
543,-1141,1259
916,-1066,1502
1283,-958,1719
1557,-787,1755
1692,-564,1699
1671,-344,1686
1497,-157,1706
1258,-20,1716
1044,78,1721
898,145,1731
828,189,1781
836,208,1860
899,216,1930
979,233,2005
1044,250,2080
1071,263,2149
1059,273,2225
1028,279,2305
1006,276,2373
1017,275,2427
1070,286,2459
1150,308,2495
1231,334,2534
1287,347,2574
1305,342,2620
1295,319,2674
1274,279,2733
1258,235,2795
1254,198,2852
1265,181,2883
1288,188,2904
1314,212,2915
1337,241,2925
1348,267,2951
1349,279,2997
1346,279,3063
1348,274,3135
1372,274,3194
1420,279,3248
1460,264,3307
1477,204,3386
1486,111,3472
1511,10,3547
1540,-85,3620
1554,-187,3689
1545,-313,3749
1524,-454,3776
1517,-579,3751
1526,-672,3658
1530,-739,3511
1514,-800,3335
1479,-865,3139
1434,-919,2937
1386,-947,2711
1350,-943,2479
1331,-925,2261
1310,-906,2030
1274,-886,1772
1226,-857,1512
1184,-820,1257
1150,-775,1002
1123,-725,759
1085,-677,522
1032,-640,290
966,-606,79
885,-581,-113
796,-562,-272
735,-594,-327
711,-695,15
585,-858,642
452,-987,635
383,-1074,160
273,-1166,-145
34,-1210,-47
-35,-1240,-4
53,-1190,-21
103,-1002,-104
61,-773,-307
-95,-579,-547
-359,-477,-735
-633,-484,-877
-826,-589,-1006
-857,-729,-1133
-720,-851,-1242
-487,-942,-1325
-256,-1002,-1328
-85,-1031,-1298
44,-1047,-1253
102,-1049,-1159
84,-1033,-1053
14,-1003,-975
-86,-959,-922
-193,-901,-886
-285,-836,-866
-371,-767,-846
-460,-699,-785
-555,-623,-687
-664,-539,-563
-770,-444,-460
-857,-336,-391
-919,-217,-332
-953,-96,-266
-948,10,-206
-908,79,-146
-881,139,-36
-849,196,37
-798,257,41
-725,321,28
-640,387,41
-539,453,54
-426,520,49
-311,576,39
-199,621,37
-106,650,39
-35,668,38
11,673,37
34,669,34
45,660,35
51,645,50
50,621,79
45,588,123
29,545,170
3,492,212
-25,442,277
-67,409,412
-224,321,193
-296,87,-258
-445,-45,-444
-538,-36,-61
-429,48,246
-156,137,201
52,216,29
191,312,-54
306,422,-8
427,536,164
532,597,248
597,583,244
574,487,177
606,440,195
698,416,283
812,374,434
926,304,621
1023,197,788
1084,49,978
1096,-108,1186
1090,-228,1404
1099,-277,1639
1112,-226,1877
1087,-93,2100
992,59,2290
871,179,2430
767,257,2535
705,290,2656
684,272,2795
704,204,2950
763,101,3106
863,-3,3263
978,-72,3433
1079,-95,3577
1132,-83,3674
1138,-68,3746
1144,-67,3795
1201,-82,3864
1329,-111,3957
1501,-150,4057
1678,-213,4143
1807,-300,4235
1874,-401,4298
1898,-494,4354
1918,-581,4397
1944,-669,4416
1969,-743,4380
1978,-792,4273
1963,-821,4124
1930,-844,3925
1892,-852,3696
1852,-853,3463
1796,-860,3238
1723,-877,3036
1650,-886,2832
1584,-879,2614
1528,-856,2394
1470,-824,2169
1407,-797,1921
1334,-770,1659
1251,-739,1398
1157,-701,1130
1054,-655,849
955,-608,567
869,-562,278
786,-524,-7
710,-494,-262
658,-503,-458
682,-563,-442
623,-685,273
508,-852,688
346,-892,106
152,-950,-385
-20,-1037,-607
-79,-1010,-558
-129,-784,-600
-181,-426,-961
-310,-58,-1414
-538,222,-1790
-783,377,-2045
-963,380,-2267
-1072,235,-2420
-1115,13,-2517
-1100,-213,-2739
-1042,-408,-2774
-910,-556,-2734
-696,-649,-2631
-448,-711,-2412
-244,-773,-2171
-146,-847,-1977
-195,-944,-1822
-371,-1062,-1688
-606,-1192,-1592
-809,-1320,-1517
-934,-1433,-1431
-993,-1515,-1287
-989,-1550,-1082
-943,-1572,-853
-886,-1594,-560
-813,-1606,-217
-706,-1600,92
-604,-1589,321
-540,-1589,489
-517,-1598,608
-521,-1607,682
-542,-1597,737
-558,-1570,771
-573,-1540,856
-578,-1531,1059
-595,-1552,1236
-581,-1447,833
-614,-1256,653
-767,-1155,915
-1106,-1180,1045
-1373,-1238,926
-1242,-1193,679
-785,-1074,628
-266,-1013,804
161,-1087,1034
470,-1279,1185
680,-1490,1268
852,-1641,1322
997,-1645,1385
1095,-1492,1466
1143,-1267,1533
1138,-1057,1571
1081,-897,1573
1001,-791,1580
932,-726,1625
884,-686,1681
895,-656,1723
950,-630,1771
1013,-608,1828
1055,-583,1873
1062,-547,1887
1055,-516,1865
1048,-470,1813
1044,-405,1765
1085,-365,1700
1150,-340,1642
1198,-318,1612
1215,-291,1597
1201,-252,1587
1172,-196,1568
1140,-123,1543
1124,-36,1534
1139,60,1544
1183,159,1562
1248,259,1585
1324,357,1615
1403,455,1662
1469,545,1708
1512,622,1748
1529,685,1796
1526,739,1869
1509,781,1959
1482,809,2066
1451,817,2196
1417,811,2341
1377,789,2493
1335,757,2627
1290,717,2751
1235,667,2864
1195,640,2979
1147,619,3092
1083,589,3208
1021,548,3317
972,497,3428
948,432,3545
962,350,3655
1010,254,3741
1092,147,3809
1207,53,3844
1349,-27,3899
1495,-115,3958
1624,-230,4004
1710,-375,4037
1716,-522,4023
1693,-671,3936
1657,-810,3813
1602,-904,3675
1524,-968,3496
1430,-1006,3254
1354,-1032,2985
1314,-1043,2732
1312,-1045,2433
1328,-1032,2101
1341,-1010,1803
1349,-983,1531
1342,-953,1259
1299,-920,971
1211,-884,676
1113,-856,400
1021,-839,144
944,-836,-80
883,-855,-224
822,-975,-164
817,-1270,532
698,-1651,1930
682,-1824,1922
544,-1913,1015
562,-2090,503
716,-2263,730
694,-2240,978
602,-1985,499
429,-1581,-310
165,-1217,-975
-130,-983,-1380
-381,-889,-1583
-519,-927,-1718
-555,-1073,-1752
-502,-1275,-1703
-376,-1456,-1616
-238,-1577,-1597
-146,-1605,-1624
-125,-1530,-1605
-194,-1396,-1479
-332,-1235,-1305
-523,-1079,-1169
-738,-929,-1082
-927,-789,-1021
-1087,-660,-946
-1216,-538,-862
-1322,-418,-791
-1394,-287,-741
-1450,-149,-697
-1502,-9,-649
-1535,123,-605
-1545,247,-548
-1493,355,-496
-1379,448,-412
-1201,529,-325
-1028,593,-265
-900,633,-255
-806,637,-281
-762,635,-256
-770,647,-170
-755,650,-171
-730,621,-219
-743,727,388
-597,899,490
-602,181,-1643
-787,-58,-2689
-894,-85,-2889
-872,55,-1691
-932,565,1606
-865,815,1746
-594,648,-338
-332,457,-901
-53,417,-245
263,445,774
498,429,1031
607,372,599
721,321,378
845,281,514
911,243,727
883,202,779
780,164,679
646,142,601
507,136,637
364,141,741
213,145,815
65,150,856
-63,157,915
-186,174,1026
-305,173,1159
-404,137,1282
-464,80,1409
-494,29,1563
-493,-13,1713
-489,-41,1839
-489,-54,1947
-486,-45,2049
-455,-5,2150
-371,62,2258
-206,148,2333
19,247,2358
252,328,2406
491,392,2461
746,429,2431
1001,427,2359
1256,401,2280
1539,363,2254
1782,275,2396
1930,114,2653
1876,-16,2764
1694,-78,2824
1471,-64,2963
1225,-4,3158
975,42,3326
753,29,3495
629,-67,3642
620,-195,3701
680,-303,3667
770,-360,3621
845,-381,3622
872,-404,3629
859,-441,3644
844,-476,3699
833,-513,3787
845,-565,3879
887,-635,3931
960,-710,3954
1060,-770,3956
1181,-798,3893
1302,-797,3773
1406,-786,3621
1486,-774,3407
1553,-762,3175
1603,-764,2954
1613,-783,2691
1582,-811,2394
1519,-840,2109
1438,-866,1829
1357,-886,1550
1281,-894,1260
1201,-888,943
1119,-869,638
1040,-830,367
953,-767,113
678,-606,-117
495,-493,-351
302,-420,-509
231,-395,-570
434,-486,-413
911,-781,810
1074,-1241,2229
1271,-1788,1401
1372,-2339,519
1123,-2718,350
765,-2770,424
548,-2357,118
342,-1660,-608
21,-1044,-1304
-275,-672,-1750
-427,-528,-2015
-445,-566,-2057
-410,-761,-1964
-379,-1043,-1812
-352,-1292,-1718
-319,-1439,-1728
-305,-1478,-1755
-312,-1439,-1691
-355,-1344,-1511
-455,-1203,-1325
-584,-1049,-1187
-705,-895,-1090
-800,-752,-1009
-870,-626,-915
-926,-514,-784
-977,-413,-630
-1040,-312,-459
-1116,-203,-315
-1190,-76,-220
-1246,77,-135
-1258,262,-36
-1188,428,46
-1093,533,113
-1031,584,183
-1006,580,246
-1004,532,302
-1023,453,365
-1046,356,434
-1053,266,456
-1070,204,529
-1163,329,1598
-982,570,922
-476,-45,-1029
-440,-243,-1740
-526,-255,-1946
-622,-181,-1681
-796,24,-662
-891,229,625
-790,168,458
-531,-34,-173
-259,-177,-68
-24,-238,594
171,-266,1022
342,-252,886
530,-192,818
707,-108,1007
903,-28,1166
999,35,1147
952,85,1100
791,130,1117
566,166,1174
352,195,1229
168,214,1270
35,213,1316
-47,200,1401
-91,179,1508
-104,154,1590
-90,117,1631
-47,73,1658
23,26,1681
116,-19,1690
217,-55,1680
314,-81,1668
396,-101,1681
451,-121,1713
482,-136,1744
500,-149,1810
518,-161,1931
534,-183,2029
563,-209,2070
622,-222,2099
717,-206,2124
836,-159,2135
959,-85,2125
1074,7,2109
1178,107,2108
1276,200,2123
1368,266,2177
1445,286,2275
1503,254,2407
1537,189,2577
1541,122,2757
1491,63,2942
1388,13,3136
1252,-44,3327
1106,-134,3506
960,-265,3676
823,-428,3844
712,-604,3990
643,-770,4115
627,-920,4231
665,-1056,4311
764,-1178,4355
910,-1270,4330
1071,-1315,4239
1216,-1322,4075
1353,-1305,3838
1502,-1265,3601
1654,-1214,3346
1801,-1158,3081
1934,-1120,2823
2036,-1102,2559
2102,-1088,2293
2104,-1049,2044
1999,-953,1784
1760,-773,1497
1481,-614,1254
1395,-573,1051
1306,-564,880
1216,-561,715
1122,-555,531
1018,-545,329
914,-534,113
857,-544,-89
965,-641,-155
1334,-920,222
1368,-1254,1129
1299,-1611,1394
1378,-1957,755
1260,-2200,215
869,-2320,343
458,-2139,649
279,-1637,492
215,-1076,-102
140,-610,-720
-15,-305,-1154
-270,-188,-1383
-543,-267,-1452
-698,-503,-1528
-686,-819,-1596
-555,-1147,-1631
-389,-1422,-1676
-245,-1566,-1756
-173,-1558,-1813
-182,-1433,-1805
-271,-1267,-1758
-423,-1121,-1690
-606,-1021,-1614
-806,-961,-1527
-973,-905,-1443
-1098,-853,-1373
-1187,-795,-1299
-1240,-729,-1203
-1268,-653,-1079
-1280,-571,-937
-1273,-485,-797
-1257,-395,-668
-1245,-304,-532
-1239,-215,-391
-1211,-120,-254
-1151,-25,-119
-1070,67,6
-970,151,110
-850,223,181
-712,277,230
-575,314,265
-456,334,336
-478,384,400
-312,267,-226
61,68,-276
105,162,25
-57,220,-83
-190,173,-427
-230,104,-590
-177,88,-404
-86,65,11
-3,-20,356
72,-156,554
163,-314,714
272,-444,864
402,-536,932
559,-593,976
745,-623,1100
932,-623,1270
1059,-572,1360
1088,-472,1385
1035,-330,1465
947,-182,1596
874,-48,1693
840,63,1730
850,149,1782
905,210,1883
989,241,1976
1082,244,2020
1171,227,2053
1245,208,2088
1291,194,2099
1313,197,2082
1314,220,2071
1311,254,2093
1306,284,2145
1299,288,2219
1297,256,2284
1302,203,2318
1311,155,2330
1316,133,2323
1314,147,2308
1310,193,2303
1305,253,2308
1293,310,2341
1274,343,2415
1251,339,2518
1234,302,2639
1225,242,2763
1226,174,2873
1228,114,2971
1227,64,3071
1228,23,3183
1237,-26,3292
1248,-94,3389
1265,-182,3482
1298,-279,3564
1350,-376,3627
1411,-471,3643
1462,-556,3623
1494,-631,3585
1506,-695,3516
1503,-746,3424
1501,-786,3328
1507,-828,3235
1527,-876,3161
1557,-928,3082
1587,-978,2968
1608,-1013,2826
1618,-1023,2651
1614,-1012,2454
1604,-989,2272
1601,-955,2097
1593,-913,1920
1561,-874,1732
1496,-838,1541
1398,-808,1343
1277,-781,1136
1142,-750,935
1006,-718,743
868,-684,561
737,-651,393
619,-621,257
501,-615,179
403,-645,168
327,-704,440
230,-778,860
185,-824,833
172,-826,401
137,-817,93
87,-799,-20
59,-774,-122
37,-704,-374
-5,-561,-791
84,-424,-1285
78,-320,-1529
-10,-294,-1608
-126,-348,-1680
-233,-459,-1694
-311,-600,-1654
-351,-734,-1582
-371,-842,-1545
-378,-917,-1550
-382,-958,-1567
-403,-982,-1558
-446,-1007,-1521
-521,-1043,-1451
-629,-1093,-1362
-751,-1145,-1275
-852,-1187,-1198
-907,-1208,-1119
-905,-1208,-1019
-871,-1183,-910
-830,-1144,-799
-788,-1107,-679
-763,-1077,-543
-753,-1053,-415
-742,-1027,-308
-709,-997,-220
-651,-968,-137
-600,-948,-49
-570,-939,30
-549,-928,97
-525,-904,167
-488,-867,248
-440,-818,316
-401,-764,377
-382,-714,445
-381,-667,512
-395,-624,565
-414,-588,598
-432,-551,613
-364,-449,508
-759,-404,11
-938,-446,-376
-860,-424,-553
-1152,-470,-362
-1087,-507,548
-470,-528,1039
1,-622,843
184,-719,674
257,-776,748
337,-793,1035
408,-775,1279
470,-733,1374
572,-683,1388
707,-603,1456
833,-497,1577
906,-370,1661
921,-228,1676
898,-77,1672
876,82,1679
885,230,1620
912,375,1519
962,530,1502
1047,694,1624
1119,812,1700
1145,858,1702
1166,863,1718
1199,851,1817
1247,834,1956
1304,817,2086
1363,802,2204
1415,781,2323
1454,755,2427
1486,724,2517
1517,692,2612
1544,660,2710
1567,631,2822
1573,596,2952
1553,548,3102
1525,496,3252
1503,455,3401
1487,424,3565
1473,397,3722
1452,363,3873
1423,313,3997
1382,245,4085
1339,163,4138
1304,79,4160
1285,-4,4142
1288,-81,4105
1306,-174,4084
1329,-277,4038
1360,-367,3962
1402,-442,3889
1452,-514,3829
1505,-587,3761
1559,-649,3635
1599,-680,3466
1626,-689,3306
1628,-703,3150
1600,-735,2978
1545,-769,2775
1469,-786,2521
1378,-791,2250
1275,-788,1969
1171,-772,1685
1083,-750,1422
1018,-717,1168
979,-677,912
958,-633,660
945,-589,400
946,-550,126
956,-517,-138
970,-494,-374
1008,-531,-501
1083,-644,-272
993,-820,510
899,-1016,674
615,-1137,213
478,-1207,-236
663,-1325,-254
690,-1366,137
619,-1247,161
462,-967,-329
174,-641,-885
-146,-407,-1250
-391,-307,-1497
-546,-333,-1645
-637,-459,-1711
-674,-645,-1759
-631,-830,-1832
-514,-995,-1864
-378,-1145,-1824
-254,-1277,-1728
-156,-1376,-1615
-112,-1428,-1473
-140,-1426,-1321
-231,-1382,-1180
-381,-1323,-1052
-580,-1262,-942
-774,-1206,-882
-937,-1158,-833
-1059,-1107,-758
-1148,-1055,-653
-1234,-1008,-526
-1319,-959,-367
-1383,-906,-171
-1409,-838,24
-1378,-759,178
-1312,-675,310
-1222,-586,435
-1133,-498,543
-1059,-415,624
-1011,-334,670
-994,-251,685
-999,-165,679
-1015,-70,672
-1023,39,739
-1008,153,745
-958,269,430
-668,407,371
-678,472,407
-819,316,198
-925,81,-149
-966,-36,-315
-999,-24,-156
-866,3,140
-589,-43,364
-328,-146,480
-128,-236,544
39,-279,648
188,-266,786
340,-212,903
475,-133,972
587,-42,1036
709,29,1123
816,76,1228
895,99,1346
932,101,1462
923,94,1545
877,83,1589
801,81,1596
719,94,1592
654,125,1613
614,162,1645
591,193,1670
586,204,1695
599,196,1727
643,177,1764
741,163,1804
897,162,1859
1092,175,1926
1300,194,1983
1483,213,2020
1604,237,2026
1649,270,2003
1675,320,1966
1661,382,1940
1624,446,1953
1575,499,2017
1513,530,2134
1424,540,2298
1331,525,2516
1253,487,2766
1207,429,2986
1187,352,3153
1180,262,3292
1174,170,3428
1175,84,3553
1188,6,3668
1203,-76,3783
1219,-174,3886
1237,-279,3971
1270,-375,4010
1333,-441,4012
1436,-477,3972
1549,-502,3898
1648,-532,3803
1729,-570,3710
1805,-612,3622
1884,-652,3565
1953,-701,3490
2009,-762,3396
2030,-820,3243
2027,-857,3066
1991,-879,2890
1926,-894,2698
1881,-926,2492
1825,-956,2286
1764,-969,2071
1702,-963,1839
1643,-940,1599
1582,-908,1344
1501,-872,1071
1399,-835,783
1305,-794,486
1231,-750,194
1157,-700,-61
1066,-649,-268
1013,-644,-382
1009,-729,-218
707,-842,419
684,-956,381
1098,-1006,-473
1435,-1077,-1042
1597,-1190,-815
1480,-1265,-248
1135,-1171,-278
699,-910,-841
273,-583,-1368
-61,-301,-1672
-283,-149,-1844
-394,-171,-1930
-444,-346,-1881
-480,-597,-1772
-506,-836,-1776
-545,-1029,-1850
-615,-1197,-1898
-729,-1302,-1840
-840,-1346,-1788
-933,-1350,-1706
-973,-1324,-1559
-945,-1276,-1411
-881,-1231,-1270
-840,-1211,-1108
-863,-1220,-962
-946,-1254,-863
-1031,-1295,-809
-1075,-1326,-787
-1114,-1350,-737
-1181,-1369,-632
-1280,-1368,-469
-1349,-1345,-305
-1364,-1283,-76
-1293,-1177,180
-1159,-1046,388
-1032,-923,544
-956,-832,654
-924,-778,939
-901,-697,971
-823,-647,-3
-841,-592,43
-1300,-594,349
-1625,-580,131
-1642,-490,227
-1776,-412,379
-1711,-357,-111
-1265,-348,-438
-1158,-344,47
-976,-381,825
-662,-478,993
-374,-588,810
-146,-664,893
36,-701,1142
158,-709,1298
206,-656,1205
303,-517,1337
425,-370,1569
534,-253,1572
590,-152,1628
570,-83,1753
507,-42,1748
473,-20,1687
465,-11,1696
542,22,1696
631,59,1642
725,89,1609
821,106,1629
906,107,1677
956,96,1697
971,79,1716
959,62,1780
936,56,1863
909,64,1954
879,98,2080
842,147,2245
807,190,2415
796,207,2560
837,192,2664
919,164,2748
1018,134,2812
1108,103,2867
1174,78,2927
1215,57,2978
1234,47,3009
1244,50,3043
1245,46,3069
1242,28,3085
1246,21,3094
1240,9,3103
1213,-9,3113
1169,-32,3155
1129,-58,3221
1108,-79,3305
1113,-95,3421
1161,-112,3542
1240,-137,3640
1340,-170,3708
1451,-209,3744
1561,-254,3759
1663,-307,3754
1752,-361,3718
1818,-408,3663
1851,-454,3601
1861,-513,3520
1855,-575,3419
1839,-630,3301
1814,-669,3148
1792,-691,2986
1790,-710,2852
1798,-735,2711
1792,-761,2536
1751,-781,2298
1684,-789,2033
1608,-780,1765
1526,-757,1490
1435,-725,1220
1358,-685,967
1302,-639,704
1270,-586,434
1266,-532,194
1272,-491,-9
1247,-454,-181
1260,-473,-194
1232,-575,212
1001,-745,617
755,-813,395
644,-808,-232
1168,-823,-675
1558,-837,-467
1649,-851,49
1421,-819,125
972,-730,-292
489,-610,-749
91,-502,-1081
-172,-446,-1345
-300,-468,-1560
-336,-573,-1710
-343,-752,-1725
-365,-975,-1667
-412,-1200,-1635
-500,-1398,-1624
-636,-1551,-1616
-778,-1635,-1562
-872,-1647,-1467
-908,-1613,-1370
-908,-1559,-1264
-904,-1507,-1131
-923,-1472,-1007
-968,-1447,-917
-1015,-1422,-857
-1056,-1384,-810
-1117,-1334,-765
-1186,-1267,-705
-1231,-1169,-593
-1219,-1050,-430
-1154,-927,-244
-1062,-816,-66
-961,-725,75
-863,-658,186
-780,-609,282
-723,-575,360
-679,-547,405
-638,-518,434
-604,-488,461
-578,-450,485
-562,-407,484
-550,-360,492
-524,-290,760
-493,-175,440
-701,-117,5
-704,-71,-31
-404,-77,-57
-426,-75,-224
-610,-82,-339
-700,-107,-171
-733,-176,87
-660,-306,218
-482,-448,372
-258,-570,649
-70,-633,919
77,-670,1003
206,-682,979
343,-677,986
500,-654,1133
668,-610,1352
835,-541,1492
987,-464,1495
1109,-386,1505
1185,-322,1596
1206,-277,1703
1183,-253,1757
1126,-241,1770
1055,-223,1802
996,-194,1847
968,-152,1887
979,-96,1922
1020,-31,1965
1082,30,2011
1144,81,2050
1191,116,2090
1241,141,2136
1310,170,2182
1405,219,2231
1516,291,2292
1604,374,2342
1637,454,2370
1616,526,2393
1557,583,2431
1479,615,2482
1436,644,2538
1411,653,2620
1396,627,2733
1394,569,2861
1401,492,3004
1404,413,3148
1384,338,3281
1329,269,3413
1251,197,3548
1168,112,3678
1096,29,3797
1036,-50,3907
991,-129,4003
974,-217,4073
998,-305,4128
1074,-380,4159
1190,-424,4158
1311,-448,4124
1416,-483,4080
1501,-532,4036
1559,-603,3995
1585,-685,3934
1594,-751,3835
1586,-799,3690
1564,-841,3520
1537,-892,3345
1508,-953,3171
1480,-1011,2961
1452,-1043,2714
1407,-1060,2445
1343,-1068,2168
1273,-1067,1899
1212,-1052,1633
1169,-1034,1379
1141,-1013,1135
1116,-988,887
1083,-960,633
1053,-930,395
1030,-903,180
1017,-881,5
999,-863,-121
984,-858,-197
1026,-934,34
953,-1148,946
839,-1384,1550
734,-1549,1094
296,-1556,595
501,-1684,312
824,-1741,461
947,-1717,684
882,-1601,576
683,-1378,122
428,-1116,-415
191,-891,-810
-8,-753,-1034
-170,-712,-1158
-287,-754,-1231
-346,-859,-1292
-346,-975,-1308
-295,-1069,-1290
-221,-1124,-1252
-155,-1144,-1201
-115,-1134,-1140
-128,-1104,-1007
-201,-1062,-822
-322,-1018,-674
-460,-972,-606
-593,-920,-581
-714,-857,-550
-848,-774,-517
-981,-691,-510
-1110,-613,-518
-1236,-537,-505
-1341,-455,-470
-1408,-369,-419
-1423,-279,-362
-1382,-196,-300
-1281,-125,-227
-1162,-69,-125
-1051,-29,-9
-962,1,94
-890,29,190
-844,57,284
-792,96,365
-753,139,421
-747,187,423
-777,228,409
-823,260,388
-859,287,370
-860,308,342
-816,327,306
-743,344,269
-660,361,225
-595,379,194
-552,408,162
-526,443,131
-512,466,96
-498,475,79
-465,656,778
-475,1094,1614
-459,-163,-782
-568,-550,-2085
-706,-587,-2462
-719,-452,-2123
-617,150,-729
-406,1158,1137
-481,742,-22
-481,314,-949
-436,338,-778
-343,592,193
-218,773,1094
-117,620,897
-20,338,684
80,136,864
176,38,1083
258,29,1059
332,105,968
380,220,931
382,321,911
350,380,902
308,396,935
275,374,959
252,335,938
235,305,954
206,274,1011
147,235,1066
65,186,1104
-15,133,1130
-81,88,1169
-123,47,1230
-129,15,1308
-97,-6,1387
-37,-23,1454
46,-35,1499
157,-33,1559
292,-13,1649
443,11,1721
599,44,1781
760,90,1864
918,143,1965
1075,197,2062
1236,241,2157
1383,253,2265
1527,245,2394
1723,222,2511
1882,213,2603
1955,214,2711
1922,222,2814
1761,241,2925
1502,248,3070
1199,211,3284
914,105,3510
698,-69,3711
566,-251,3874
507,-414,4019
486,-569,4154
489,-703,4236
512,-822,4289
556,-928,4341
616,-1034,4408
699,-1138,4465
794,-1239,4511
897,-1319,4496
1017,-1359,4423
1152,-1366,4305
1301,-1347,4137
1468,-1303,3923
1652,-1236,3677
1834,-1160,3443
1987,-1097,3206
2114,-1098,2966
2179,-1092,2691
2174,-1056,2388
2102,-1001,2083
1996,-941,1787
1917,-894,1517
1850,-869,1243
1780,-839,974
1668,-801,707
1470,-723,454
784,-490,214
489,-408,-42
322,-376,-306
231,-367,-502
190,-361,-672
555,-436,-564
1443,-725,575
2129,-1214,1508
2424,-1646,751
2229,-1963,-96
1544,-2115,-104
683,-2038,363
74,-1619,437
-224,-1003,-147
-384,-451,-1051
-530,-73,-1872
-698,126,-2451
-859,155,-2822
-937,-10,-2984
-989,-191,-2894
-956,-342,-2787
-801,-466,-2786
-597,-581,-2704
-408,-696,-2485
-246,-802,-2217
-139,-897,-1980
-106,-981,-1779
-182,-1048,-1603
-389,-1105,-1492
-656,-1150,-1416
-957,-1184,-1306
-1247,-1215,-1158
-1275,-1138,-885
-1399,-1173,-606
-1528,-1249,-326
-1522,-1314,-59
-1330,-1339,172
-1013,-1312,358
-738,-1269,489
-617,-1243,567
-655,-1232,611
-787,-1220,664
-931,-1183,704
-1022,-1120,750
-1084,-1042,848
-1096,-892,1322
-1053,-734,602
-1224,-650,-434
-1513,-613,-877
-1519,-579,-668
-1716,-610,328
-1503,-681,762
-992,-798,481
-558,-904,587
-217,-946,1018
80,-917,1347
338,-837,1499
551,-728,1613
694,-586,1709
765,-447,1745
778,-342,1732
766,-256,1724
767,-170,1744
779,-79,1766
815,1,1746
894,43,1717
952,58,1687
956,69,1653
911,74,1599
834,87,1560
736,111,1537
625,143,1513
511,183,1496
402,221,1504
289,248,1530
182,255,1556
91,256,1583
36,251,1603
44,238,1620
130,231,1640
288,238,1679
485,251,1736
684,263,1800
867,272,1876
1025,280,1981
1150,293,2092
1228,310,2198
1252,337,2290
1216,367,2375
1137,392,2452
1045,410,2514
966,424,2585
906,425,2682
867,402,2801
840,348,2916
815,271,3015
788,190,3105
754,113,3185
722,48,3254
691,-7,3327
670,-60,3410
674,-106,3495
705,-147,3567
767,-181,3617
861,-213,3660
967,-260,3713
1062,-338,3794
1146,-427,3870
1237,-489,3913
1334,-520,3919
1430,-564,3949
1522,-662,3985
1607,-792,3980
1667,-917,3938
1684,-1038,3860
1656,-1150,3725
1602,-1240,3536
1543,-1306,3311
1474,-1344,3046
1398,-1369,2773
1319,-1389,2494
1247,-1399,2198
1179,-1394,1879
1105,-1371,1548
1026,-1336,1204
941,-1296,858
856,-1250,519
767,-1211,166
686,-1184,-162
671,-1220,-264
644,-1362,274
486,-1624,964
286,-1848,635
233,-2163,-195
369,-2559,-724
518,-2837,-504
396,-2754,148
127,-2318,265
-206,-1703,-149
-621,-1124,-657
-1026,-734,-1143
-1286,-608,-1486
-1253,-653,-1609
-971,-873,-1682
-624,-1177,-1733
-378,-1448,-1769
-265,-1609,-1836
-259,-1639,-1911
-358,-1580,-1936
-543,-1491,-1915
-751,-1399,-1888
-904,-1305,-1828
-977,-1205,-1724
-1016,-1110,-1578
-1081,-1014,-1423
-1187,-905,-1270
-1295,-773,-1110
-1360,-611,-931
-1371,-425,-729
-1343,-238,-517
-1267,-82,-348
-1157,37,-199
-1047,145,-44
-905,244,25
-724,333,38
-526,417,54
-308,500,151
-114,567,106
-69,605,-128
-286,635,-436
-445,502,-754
-177,53,-962
-21,6,-735
139,76,-516
224,111,-445
229,89,-422
258,109,-415
397,231,-432
945,510,65
1656,849,995
2029,983,1343
2010,904,950
1932,801,648
1901,722,803
1703,567,1065
1336,327,1099
1008,114,1010
797,-30,1000
717,-105,1058
771,-112,1114
924,-65,1151
1111,8,1161
1255,78,1146
1307,112,1139
1250,86,1152
1128,29,1160
1046,-22,1165
1045,-60,1198
1111,-77,1274
1202,-80,1393
1265,-74,1534
1252,-61,1661
1170,-46,1757
1065,-27,1824
991,-4,1870
967,26,1912
972,53,1946
969,71,1967
946,77,1951
920,76,1914
916,78,1878
932,86,1856
952,100,1844
961,114,1830
966,129,1807
986,156,1808
1025,188,1845
1076,219,1890
1135,246,1938
1199,267,2008
1254,280,2101
1288,277,2195
1308,266,2301
1331,247,2421
1351,225,2528
1363,196,2632
1367,156,2728
1379,98,2805
1372,20,2873
1322,-56,2929
1293,-131,2982
1282,-200,3022
1280,-265,3045
1281,-325,3062
1285,-382,3072
1289,-436,3084
1299,-485,3120
1316,-539,3188
1326,-604,3278
1322,-690,3402
1323,-791,3512
1336,-892,3583
1356,-981,3624
1385,-1057,3613
1432,-1121,3579
1488,-1189,3542
1522,-1273,3466
1513,-1359,3337
1471,-1431,3154
1414,-1473,2927
1346,-1489,2656
1275,-1482,2370
1201,-1448,2078
1127,-1398,1792
1056,-1340,1512
988,-1277,1245
922,-1206,985
860,-1130,748
799,-1052,530
751,-981,313
725,-914,141
724,-872,38
735,-916,62
767,-989,15
828,-1068,-71
846,-1183,135
782,-1333,485
712,-1393,223
599,-1433,-191
440,-1490,-427
310,-1537,-487
265,-1522,-515
210,-1394,-664
126,-1252,-922
17,-1130,-1045
-112,-1038,-1054
-240,-975,-1120
-364,-931,-1249
-493,-907,-1368
-626,-903,-1425
-730,-900,-1469
-790,-889,-1498
-819,-874,-1498
-856,-857,-1470
-906,-847,-1463
-951,-831,-1477
-960,-803,-1485
-917,-767,-1475
-855,-736,-1437
-803,-709,-1375
-784,-688,-1286
-771,-663,-1168
-665,-572,-1031
-581,-487,-921
-600,-439,-860
-624,-405,-811
-607,-389,-792
-633,-412,-741
-812,-473,-586
-1123,-570,-336
-1442,-653,-55
-1536,-658,76
-1256,-557,81
-851,-422,133
-572,-320,292
-390,-238,475
-277,-167,560
-246,-113,552
-285,-85,656
-305,-75,1365
-587,-49,507
-856,4,-17
-1450,26,-253
-1713,-56,38
-1674,-176,-190
-1597,-254,-381
-1662,-343,-22
-1435,-439,537
-925,-500,594
-544,-540,495
-302,-564,729
-71,-567,1225
189,-561,1641
412,-546,1763
592,-544,1709
737,-544,1679
865,-537,1715
946,-522,1761
1024,-449,1814
1082,-364,1963
1133,-310,1928
1209,-260,1733
1257,-212,1644
1235,-174,1680
1145,-142,1723
1010,-101,1742
855,-62,1736
717,-25,1723
592,3,1718
472,16,1722
369,14,1729
296,1,1764
262,-17,1834
277,-37,1904
353,-53,1964
487,-56,2003
660,-48,2014
847,-33,2037
1024,-13,2068
1168,8,2073
1258,36,2086
1287,73,2135
1270,115,2187
1218,159,2217
1149,204,2250
1096,246,2328
1072,265,2424
1063,249,2508
1067,197,2596
1083,129,2689
1105,59,2761
1133,1,2829
1148,-43,2901
1149,-86,2973
1134,-132,3053
1100,-186,3140
1056,-245,3233
1009,-309,3316
980,-371,3387
968,-427,3439
971,-474,3468
982,-514,3489
993,-562,3518
999,-630,3548
1009,-708,3582
1013,-797,3637
1006,-893,3690
999,-980,3679
1006,-1065,3621
1011,-1150,3516
1006,-1234,3370
995,-1308,3204
982,-1364,3018
970,-1390,2835
949,-1382,2641
913,-1356,2426
871,-1327,2197
848,-1292,1947
850,-1239,1679
873,-1165,1403
901,-1075,1131
943,-1002,852
990,-949,577
1013,-887,327
1018,-813,103
1017,-740,-91
925,-657,-265
542,-511,-426
180,-398,-415
498,-539,38
813,-752,600
1070,-964,556
1194,-1129,-22
1131,-1280,-372
819,-1373,-279
368,-1346,-41
31,-1132,-194
-108,-752,-769
-165,-362,-1365
-213,-81,-1771
-286,70,-1946
-392,84,-1956
-482,-24,-1865
-543,-192,-1790
-562,-378,-1814
-548,-561,-1889
-510,-752,-1905
-445,-872,-1794
-384,-950,-1658
-366,-984,-1559
-403,-977,-1457
-500,-944,-1332
-633,-901,-1191
-777,-858,-1051
-899,-818,-935
-973,-780,-841
-991,-745,-756
-965,-714,-673
-942,-699,-579
-944,-698,-474
-962,-709,-340
-976,-713,-170
-976,-699,14
-947,-664,184
-888,-616,325
-811,-566,430
-741,-519,502
-688,-479,554
-654,-449,595
-646,-424,597
-659,-403,599
-696,-380,643
-877,-348,1105
-988,-228,615
-579,-102,85
-17,-31,71
9,29,-213
-316,-127,-789
-425,-260,-1176
-592,-269,-1179
-1067,-276,-538
-1861,-345,660
-2153,-523,1128
-1579,-701,671
-906,-826,527
-457,-893,1023
-145,-886,1649
71,-810,1811
188,-703,1688
201,-571,1717
163,-443,1874
120,-343,1936
98,-277,1860
112,-237,1813
141,-208,1837
215,-192,1895
314,-186,1962
424,-184,1963
590,-194,1896
769,-199,1859
918,-200,1834
1011,-192,1776
1051,-169,1690
1052,-125,1630
1021,-63,1596
964,10,1579
890,82,1576
814,143,1617
759,193,1711
733,228,1828
747,247,1938
805,252,2044
899,250,2156
1011,246,2263
1117,255,2340
1204,282,2411
1267,318,2488
1289,345,2568
1269,351,2654
1209,333,2762
1123,295,2882
1028,243,2998
945,182,3099
879,118,3184
833,58,3238
800,12,3273
766,-32,3308
730,-80,3334
703,-126,3356
703,-167,3396
737,-206,3459
795,-259,3535
877,-329,3611
988,-399,3667
1120,-448,3714
1254,-493,3768
1361,-553,3800
1433,-629,3773
1474,-706,3713
1488,-776,3634
1487,-840,3512
1507,-900,3334
1531,-937,3118
1533,-945,2873
1505,-956,2619
1442,-982,2383
1353,-1013,2142
1264,-1021,1896
1192,-998,1641
1139,-952,1386
1107,-893,1129
1081,-827,873
1059,-762,615
1026,-701,348
992,-641,110
973,-587,-68
946,-549,-256
880,-528,-417
881,-611,-297
878,-720,387
371,-761,905
671,-861,159
1027,-936,-645
1239,-1030,-805
1200,-1115,-303
936,-1070,86
599,-861,-238
290,-577,-837
43,-318,-1202
-134,-160,-1293
-258,-137,-1392
-370,-233,-1500
-475,-370,-1592
-571,-524,-1672
-663,-717,-1774
-759,-836,-1775
-837,-916,-1728
-882,-973,-1666
-870,-1000,-1573
-828,-1007,-1453
-804,-1006,-1330
-828,-1007,-1217
-918,-1010,-1108
-1071,-1005,-1002
-1219,-989,-930
-1339,-965,-866
-1444,-928,-767
-1531,-880,-607
-1567,-810,-413
-1545,-719,-212
-1466,-614,-11
-1328,-503,166
-1163,-397,305
-1001,-306,413
-858,-235,490
-737,-183,537
-638,-150,555
-551,-127,547
-467,-105,542
-420,-49,799
-329,92,910
-71,125,-86
-175,54,-974
-332,-226,-1362
-373,-244,-1409
-349,-202,-993
-315,-128,-63
-307,-102,488
-237,-143,415
-138,-201,317
-48,-229,597
55,-233,1128
146,-234,1471
227,-244,1534
307,-253,1571
378,-251,1652
429,-234,1692
469,-190,1711
508,-122,1741
559,-49,1778
614,3,1777
665,19,1712
691,4,1645
683,-18,1647
645,-29,1690
623,-22,1703
605,2,1695
593,41,1692
581,81,1689
567,117,1686
559,147,1694
560,173,1719
575,200,1759
620,227,1812
704,255,1877
825,284,1963
963,301,2062
1085,300,2150
1170,285,2216
1218,271,2279
1261,268,2341
1272,271,2427
1236,272,2544
1151,268,2661
1040,259,2768
933,244,2884
849,209,3002
787,149,3100
742,62,3177
709,-36,3247
675,-140,3297
643,-233,3327
618,-309,3357
594,-376,3389
567,-448,3406
558,-516,3402
578,-563,3410
624,-597,3422
703,-625,3439
799,-655,3451
905,-680,3451
1018,-708,3447
1140,-743,3425
1261,-775,3401
1373,-807,3379
1465,-850,3352
1530,-903,3292
1543,-944,3190
1582,-1008,3050
1595,-1080,2888
1567,-1138,2691
1501,-1175,2447
1402,-1189,2191
1291,-1188,1938
1188,-1179,1681
1099,-1157,1420
1026,-1126,1146
972,-1096,863
929,-1068,575
883,-1034,326
829,-999,90
752,-947,-142
681,-912,-312
611,-899,-181
251,-813,511
149,-1007,932
392,-1432,380
696,-1910,-266
939,-2387,-208
932,-2632,387
693,-2452,756
407,-1890,616
163,-1198,132
-55,-590,-380
-283,-154,-770
-500,48,-1061
-651,-38,-1296
-630,-325,-1349
-476,-713,-1308
-255,-1101,-1401
-64,-1395,-1547
5,-1543,-1593
-67,-1537,-1479
-219,-1411,-1275
-375,-1230,-1102
-511,-1045,-1000
-635,-893,-933
-761,-781,-862
-904,-707,-792
-1068,-658,-755
-1210,-610,-732
-1270,-541,-685
-1248,-443,-578
-1194,-330,-445
-1159,-213,-330
-1140,-92,-232
-1109,37,-144
-1048,170,-62
-956,296,10
-841,401,67
-718,492,98
-606,572,114
-514,648,121
-481,690,-223
-400,521,-939
-373,381,-894
-612,220,-1266
-771,219,-1229
-583,536,-163
-77,879,754
212,899,420
301,768,-147
403,652,-298
597,603,-16
863,638,516
1051,665,903
1103,641,930
1065,591,770
1008,545,683
934,510,760
809,481,887
641,456,910
483,444,817
366,454,701
298,489,640
270,535,629
267,574,613
280,593,569
304,590,517
332,574,490
363,549,486
385,515,496
390,477,529
386,432,595
377,381,691
364,347,807
363,332,950
372,332,1129
385,343,1310
404,363,1443
434,396,1541
484,446,1621
549,503,1668
635,556,1682
756,602,1698
917,637,1760
1123,651,1850
1360,658,1897
1601,651,1901
1822,604,1912
1880,571,1913
1983,552,1905
2056,540,1921
2064,525,2020
1963,478,2182
1744,379,2380
1472,234,2587
1216,68,2772
1006,-98,2940
857,-242,3098
778,-362,3266
761,-466,3423
788,-563,3588
832,-669,3754
872,-795,3869
898,-919,3940
907,-1022,3980
928,-1096,4006
973,-1146,4020
1033,-1184,4020
1084,-1219,3989
1140,-1246,3914
1222,-1251,3787
1327,-1236,3613
1445,-1198,3398
1562,-1140,3159
1653,-1084,2942
1710,-1054,2808
1732,-1056,2713
1738,-1061,2564
1737,-1040,2367
1743,-994,2176
1742,-944,1974
1701,-896,1706
1604,-852,1392
1468,-827,1072
1322,-809,777
1185,-790,502
1065,-765,233
954,-742,-25
854,-717,-250
766,-691,-460
701,-703,-616
661,-740,-425
590,-849,522
449,-899,587
582,-1104,-323
572,-1393,-646
365,-1686,-279
215,-1782,-105
207,-1536,-451
106,-1090,-1065
-153,-646,-1646
-476,-337,-2099
-745,-212,-2440
-897,-286,-2579
-908,-490,-2639
-827,-741,-2712
-739,-976,-2808
-681,-1147,-2849
-650,-1217,-2826
-633,-1187,-2713
-637,-1092,-2538
-669,-981,-2355
-736,-891,-2170
-855,-840,-1996
-998,-822,-1852
-1110,-811,-1717
-1178,-799,-1530
-1210,-783,-1349
-1216,-768,-1153
-1215,-758,-897
-1188,-728,-545
-1188,-659,-690
-1168,-604,-825
-970,-518,-650
-833,-422,-575
-795,-395,-859
-1034,-458,-1046
-1927,-677,-386
-2946,-1003,837
-2907,-1300,936
-2335,-1488,936
-1490,-1485,1416
-593,-1321,1878
103,-1143,1992
484,-1033,1949
467,-1001,1897
554,-996,1908
780,-948,1824
1026,-861,1816
1245,-781,1928
1363,-729,1998
1357,-721,1950
1256,-709,1923
1083,-662,1996
920,-579,2077
850,-493,2098
782,-373,2030
744,-247,1929
720,-137,1834
705,-53,1765
706,10,1743
726,60,1744
754,108,1764
772,147,1822
765,178,1916
727,196,2010
662,204,2083
591,202,2133
547,191,2170
563,175,2199
639,173,2204
769,185,2187
921,205,2165
1062,231,2141
1164,263,2123
1217,297,2118
1225,334,2124
1204,368,2152
1173,397,2198
1149,409,2269
1146,401,2347
1152,372,2438
1158,323,2536
1149,256,2638
1123,179,2742
1086,101,2858
1040,17,3033
981,-83,3173
903,-194,3295
815,-313,3445
733,-441,3583
662,-577,3708
616,-701,3800
601,-800,3838
607,-873,3811
651,-930,3767
716,-996,3724
799,-1068,3636
896,-1124,3522
995,-1147,3395
1074,-1146,3265
1127,-1137,3086
1162,-1110,2880
1185,-1060,2665
1196,-1003,2454
1206,-957,2262
1224,-928,2063
1246,-901,1835
1260,-861,1594
1257,-808,1359
1228,-748,1130
1168,-696,882
1084,-658,607
989,-623,358
895,-587,160
818,-560,2
780,-554,-81
767,-614,209
649,-734,786
531,-838,917
151,-892,575
-13,-939,144
287,-1017,-76
525,-1057,136
635,-1048,285
683,-945,10
627,-744,-579
395,-504,-1126
56,-292,-1491
-247,-151,-1705
-441,-102,-1862
-526,-160,-1871
-515,-295,-1794
-409,-460,-1697
-252,-629,-1638
-100,-785,-1609
0,-925,-1556
36,-1045,-1485
-19,-1144,-1377
-164,-1222,-1243
-359,-1265,-1106
-551,-1276,-978
-693,-1246,-862
-768,-1179,-756
-775,-1087,-660
-744,-991,-566
-722,-908,-472
-738,-843,-354
-794,-790,-206
-867,-753,-76
-943,-712,45
-990,-659,182
-1002,-593,312
-995,-525,419
-997,-458,506
-1024,-395,564
-1060,-328,620
-1093,-250,656
-1115,-155,695
-1135,-42,727
-1151,92,733
-1162,242,708
-1153,376,664
-1106,455,620
-1216,499,571
-1430,463,211
-1195,416,261
-966,-4,-628
-928,-255,-1469
-1454,-189,-1031
-1504,205,1081
-552,521,1479
186,498,249
457,359,-592
496,221,-755
594,197,-317
669,237,336
639,230,717
577,186,736
520,180,771
493,243,1080
460,344,1464
400,451,1667
338,547,1696
309,616,1669
317,667,1625
342,707,1555
358,729,1464
329,730,1383
252,691,1314
158,616,1285
89,532,1287
66,462,1369
82,390,1523
137,316,1723
218,247,1939
321,191,2129
449,163,2285
596,171,2377
752,208,2450
901,256,2505
1028,302,2529
1129,333,2536
1205,354,2517
1262,375,2510
1307,396,2551
1349,411,2659
1377,399,2820
1374,353,2998
1337,271,3177
1270,176,3344
1194,89,3503
1114,14,3648
1030,-56,3771
956,-142,3897
899,-254,3988
847,-393,4047
794,-557,4142
755,-732,4237
743,-898,4273
757,-1024,4253
806,-1093,4180
884,-1123,4010
974,-1146,3818
1075,-1153,3581
1174,-1131,3353
1263,-1107,3154
1355,-1091,2942
1429,-1056,2690
1483,-998,2411
1533,-935,2129
1590,-870,1829
1636,-806,1515
1650,-745,1193
1636,-683,885
1585,-623,584
1427,-565,256
929,-425,-80
294,-280,-347
119,-236,-585
8,-222,-846
-23,-214,-1081
129,-211,-1279
984,-255,-1056
2297,-431,221
3100,-668,763
2897,-820,-5
1978,-840,-390
945,-739,-87
230,-544,0
-225,-223,-615
-517,123,-1511
-667,364,-2173
-704,442,-2526
-713,382,-2568
-728,234,-2532
-726,5,-2645
-756,-169,-2780
-745,-264,-2806
-697,-345,-2765
-637,-434,-2566
-572,-536,-2272
-513,-651,-1973
-460,-765,-1662
-420,-859,-1391
-439,-927,-1226
-550,-974,-1129
-737,-1029,-1059
-1004,-1123,-984
-1301,-1252,-798
-1506,-1349,-396
-1576,-1385,90
-1399,-1337,483
-1068,-1238,727
-826,-1165,927
-782,-1146,1094
-880,-1160,1194
-1006,-1192,1202
-1072,-1195,1218
-1091,-1184,1287
-1044,-1067,1313
-939,-884,1308
-807,-773,707
-909,-740,-88
-1210,-764,-413
-1503,-897,-77
-1592,-1112,859
-1235,-1302,1338
-772,-1487,1254
-261,-1584,1094
290,-1512,1241
808,-1302,1585
1216,-1034,1833
1485,-764,1911
1571,-511,1910
1467,-311,1867
1245,-191,1843
974,-136,1829
722,-118,1822
506,-121,1815
329,-130,1802
190,-146,1796
75,-155,1784
-26,-141,1735
-107,-105,1662
-159,-57,1599
-168,-10,1566
-136,34,1547
-70,72,1522
22,105,1509
134,131,1517
257,147,1529
381,156,1530
494,156,1526
585,152,1529
654,140,1546
698,128,1568
729,123,1600
753,129,1642
774,148,1691
801,179,1749
835,216,1819
882,254,1895
934,280,1957
965,293,2010
976,288,2071
965,270,2134
940,245,2187
914,222,2240
891,203,2298
871,193,2366
855,183,2439
844,169,2507
839,150,2574
848,128,2636
865,107,2676
893,92,2709
924,78,2745
947,51,2798
962,6,2873
976,-60,2966
981,-149,3102
976,-266,3255
979,-391,3417
988,-522,3581
993,-647,3703
1002,-751,3774
1002,-845,3798
992,-933,3785
980,-1030,3730
969,-1131,3627
960,-1210,3468
959,-1251,3284
970,-1249,3077
1002,-1216,2848
1053,-1167,2604
1107,-1115,2331
1136,-1066,2039
1137,-1014,1746
1118,-959,1461
1064,-897,1185
1000,-829,924
949,-756,681
934,-702,422
924,-666,177
894,-635,-40
867,-624,-190
873,-655,-105
756,-744,337
536,-888,699
317,-1005,471
332,-1160,-122
492,-1320,-348
517,-1411,19
379,-1392,666
163,-1220,972
-22,-911,580
-191,-562,-52
-395,-279,-537
-604,-85,-830
-756,-10,-996
-824,-116,-1073
-813,-362,-1124
-681,-587,-1149
-524,-798,-1194
-391,-975,-1246
-288,-1103,-1281
-226,-1178,-1269
-218,-1201,-1191
-280,-1177,-1098
-404,-1115,-1037
-551,-1022,-1003
-688,-905,-975
-785,-772,-941
-848,-625,-865
-883,-469,-722
-881,-301,-545
-880,-130,-371
-903,22,-229
-932,145,-139
-951,245,-81
-951,338,-20
-928,421,38
-899,497,83
-845,568,92
-761,639,77
-644,708,37
-507,772,-15
-364,816,-79
-224,832,-134
-93,810,-189
28,689,-316
101,660,-208
157,695,-1
187,691,21
187,664,-41
182,651,-35
186,664,54
190,684,158
190,702,223
188,733,320
233,1073,1151
119,1013,719
-117,339,-706
-181,42,-1388
-186,-15,-1708
-171,-24,-1702
-135,-21,-1399
15,86,-817
372,455,344
655,701,968
725,598,494
743,386,99
784,207,314
841,59,802
894,-72,1082
922,-174,1063
909,-228,1022
852,-222,1153
762,-139,1375
670,0,1532
592,155,1585
552,298,1624
541,421,1710
546,511,1823
566,561,1911
622,555,1979
705,489,2053
802,411,2141
892,344,2203
960,305,2230
999,296,2272
1013,309,2354
1002,325,2437
973,333,2487
938,320,2530
909,291,2574
892,248,2623
884,201,2678
883,156,2731
885,122,2785
880,94,2844
867,60,2911
850,11,3001
837,-54,3132
840,-139,3291
858,-238,3441
901,-339,3577
973,-425,3687
1061,-496,3763
1147,-564,3813
1218,-632,3823
1260,-707,3845
1282,-787,3873
1306,-866,3875
1343,-940,3835
1381,-1000,3735
1397,-1040,3573
1384,-1056,3349
1363,-1042,3111
1352,-1014,2862
1345,-984,2584
1325,-955,2276
1281,-919,1946
1232,-880,1627
1181,-833,1329
1130,-777,1017
1069,-715,693
993,-652,387
908,-594,75
821,-528,-244
743,-462,-556
674,-394,-849
607,-324,-1101
543,-257,-1282
450,-242,-1213
394,-403,-296
269,-627,1006
281,-798,570
284,-957,55
77,-1038,211
-147,-910,410
-302,-598,107
-438,-195,-569
-582,205,-1243
-651,517,-1656
-574,698,-1842
-423,686,-1805
-231,541,-1599
-67,325,-1384
79,140,-1213
170,-44,-1095
222,-237,-972
290,-439,-794
378,-664,-582
448,-921,-333
499,-1194,-111
526,-1404,79
492,-1333,147
392,-1325,180
117,-1512,334
-175,-1722,583
-269,-1834,801
-79,-1746,987
295,-1426,1160
583,-1012,1276
625,-678,1308
530,-452,1304
439,-295,1265
408,-179,1182
399,-84,1088
372,-8,1013
329,63,967
301,137,948
257,209,925
168,270,871
50,315,784
-60,348,693
-133,377,615
-164,404,548
-155,430,484
-107,465,441
-43,505,409
25,551,378
85,602,368
138,655,383
187,702,398
230,735,400
265,750,384
297,745,363
328,722,348
360,686,338
401,645,332
449,606,334
496,566,333
529,530,335
538,497,346
517,468,346
473,449,341
417,436,331
366,431,313
323,425,295
279,416,291
236,404,289
188,392,321
115,380,363
18,362,411
-83,347,466
-175,339,538
-263,330,638
-351,310,756
-435,284,886
-492,261,1045
-1422,-424,80
-2947,-1175,-1520
-18,-1848,936
1723,1085,555
730,1895,339
-462,1493,3070
-801,946,2255
-721,481,1305
-505,147,1271
-114,-71,1407
295,-180,1450
527,-198,1570
520,-132,1702
380,15,1744
237,191,1741
155,314,1720
107,358,1644
85,348,1545
68,299,1469
17,241,1431
-53,206,1395
-168,210,1346
-320,223,1335
-395,201,1427
-337,157,1476
-220,127,1471
-108,102,1507
-18,87,1556
45,83,1580
96,92,1578
131,106,1555
146,120,1536
145,131,1523
142,146,1513
171,145,1477
236,122,1399
299,80,1340
335,34,1279
329,-9,1200
304,-44,1151
271,-72,1127
237,-95,1107
205,-118,1090
153,-151,1066
86,-195,1036
52,-234,1011
62,-269,1009
90,-283,994
123,-283,1008
166,-280,1057
220,-280,1121
294,-277,1168
382,-275,1202
457,-285,1231
486,-308,1238
474,-331,1234
455,-344,1238
447,-342,1248
438,-333,1245
415,-335,1235
390,-359,1219
385,-392,1195
414,-414,1177
463,-419,1166
498,-417,1151
501,-417,1137
490,-422,1123
472,-431,1100
445,-439,1078
417,-448,1057
395,-461,1039
379,-469,1020
364,-474,1011
355,-478,1020
353,-485,1030
364,-495,1038
392,-515,1053
436,-523,1099
496,-521,1090
551,-508,1098
590,-480,1119
622,-449,1135
644,-424,1144
659,-405,1149
668,-397,1144
672,-398,1131
669,-399,1113
654,-394,1091
628,-385,1074
600,-376,1066
567,-370,1057
535,-372,1060
500,-374,1074
463,-375,1075
428,-374,1073
396,-373,1076
369,-371,1084
350,-370,1093
340,-370,1104
328,-366,1108
320,-360,1116
310,-348,1131
295,-330,1130
288,-310,1113
307,-283,1080
347,-251,1048
396,-217,1013
445,-197,982
486,-195,954
525,-202,923
563,-216,883
600,-229,837
637,-238,795
671,-238,762
691,-234,736
698,-226,720
697,-217,712
689,-208,720
676,-202,739
661,-197,771
647,-196,807
638,-194,845
633,-191,888
628,-187,933
615,-180,978
588,-174,1016
553,-168,1041
514,-166,1055
480,-164,1067
456,-163,1072
441,-160,1080
434,-162,1083
430,-164,1086
428,-168,1086
429,-175,1080
430,-181,1068
436,-186,1053
444,-189,1039
456,-190,1031
467,-185,1032
472,-183,1035
472,-178,1036
471,-174,1036
467,-169,1030
466,-165,1016
463,-158,993
454,-152,971
443,-148,953
436,-141,950
437,-132,960
447,-122,976
461,-114,983
477,-108,988
486,-107,993
491,-110,1000
490,-113,1011
489,-119,1022
485,-123,1031
481,-129,1038
472,-136,1040
458,-142,1038
447,-145,1035
435,-148,1031
420,-147,1028
403,-149,1021
383,-151,1011
360,-153,1001
334,-153,991
309,-154,984
289,-152,982
277,-147,988
272,-139,998
268,-130,1009
269,-119,1015
272,-108,1016
278,-95,1017
287,-81,1014
300,-66,1011
313,-53,1006
321,-41,1003
325,-35,999
326,-30,989
324,-32,976
319,-33,960
314,-35,944
307,-38,933
302,-39,929
298,-38,926
292,-37,921
284,-37,914
272,-36,908
262,-32,898
249,-27,885
239,-21,873
231,-9,863
225,1,856
221,13,854
220,27,858
221,40,863
220,51,862
218,59,858
212,66,847
206,75,836
206,88,831
213,103,829
222,121,825
229,136,821
228,147,815
223,156,811
214,160,802
202,165,791
192,167,782
183,171,773
178,174,764
174,177,762
174,181,769
181,185,778
190,191,783
196,193,784
200,196,791
202,196,796
200,195,794
200,196,790
203,200,791
210,206,792
215,218,790
219,230,791
218,240,793
211,250,798
203,257,800
192,262,800
181,266,798
170,268,794
160,268,794
152,268,795
145,268,797
140,269,806
136,273,819
133,276,830
128,279,833
122,280,834
118,282,834
116,287,837
119,291,839
122,297,839
128,300,840
135,303,846
143,304,850
151,304,852
159,302,853
164,301,849
170,301,849
174,299,844
175,296,836
172,290,827
166,284,822
161,284,819
155,282,821
152,283,823
148,284,825
141,285,824
135,282,823
127,282,824
121,283,824
119,287,829
123,293,842
128,299,857
133,303,871
137,306,878
137,306,881
136,307,879
136,306,878
138,308,877
141,311,880
148,315,882
157,316,886
162,315,887
165,312,887
166,310,887
166,308,888
167,308,890
166,311,891
165,314,890
165,315,889
164,316,888
163,316,886
163,315,886
161,317,893
161,317,902
159,317,906
156,319,910
153,318,912
150,319,917
149,318,922
151,318,929
155,318,935
161,317,942
164,316,948
168,316,955
172,314,958
177,314,956
182,313,953
185,315,950
187,318,950
190,319,949
190,320,941
188,318,932
184,317,924
180,318,921
179,321,918
179,323,918
180,327,918
179,330,918
176,332,916
176,333,918
175,334,917
174,340,915
170,344,916
167,348,918
162,352,920
156,351,918
151,348,919
149,345,922
150,345,926
153,345,928
157,349,933
155,350,935
151,352,934
144,352,930
138,349,923
132,348,919
130,347,916
131,349,915
139,353,916
145,357,917
150,361,914
152,362,914
150,363,911
148,361,907
144,360,905
144,358,904
144,360,905
145,361,905
146,361,906
143,363,909
138,363,911
133,363,911
128,362,914
123,360,923
118,360,929
109,358,934
107,357,939
110,356,940
112,354,940
112,349,939
111,345,933
111,343,933
113,341,932
115,342,933
117,339,932
118,337,931
119,334,926
118,332,924
118,330,921
120,330,918
123,334,915
127,340,911
130,344,909
133,348,906
133,353,906
134,357,908
135,360,911
139,363,914
143,364,916
148,365,920
153,365,919
157,367,918
162,367,918
166,367,917
169,367,916
171,365,913
173,363,906
173,359,902
173,356,898
173,354,894
175,354,894
177,354,894
180,357,894
180,359,892
181,362,891
181,364,890
180,367,893
180,372,898
182,375,906
182,378,913
179,376,916
174,371,917
167,368,916
164,366,917
163,366,917
164,367,919
163,369,923
161,368,925
155,364,922
148,359,920
142,354,913
137,352,909
136,353,911
140,355,915
146,360,920
152,364,927
155,365,931
154,364,933
152,361,933
149,359,931
148,357,928
148,356,925
149,356,921
152,359,921
153,363,923
154,367,927
155,370,928
154,371,929
153,373,929
153,371,928
153,367,926
153,365,925
153,360,924
154,357,921
155,355,921
157,355,919
157,353,917
156,353,916
153,352,916
151,352,916
151,353,916
151,355,921
152,355,923
156,354,924
157,354,923
158,354,922
157,353,920
156,351,916
155,350,911
154,352,908
156,355,906
160,358,910
165,361,916
170,361,922
174,358,925
175,353,926
176,349,923
175,345,919
174,344,912
176,347,911
178,350,912
179,356,914
181,359,915
177,361,916
174,361,916
172,360,914
172,359,912
172,360,911
172,362,916
174,363,919
174,364,922
172,362,925
169,359,924
165,355,922
164,353,918
164,352,913
165,351,908
166,352,906
169,354,908
172,355,913
173,356,916
173,355,915
172,353,915
172,352,914
170,352,910
171,354,907
172,357,907
173,358,907
175,360,910
174,359,911
174,359,912
173,356,911
172,355,908
172,352,909
172,354,909
174,356,912
178,357,919
178,357,925
177,354,929
175,351,932
172,348,932
170,348,930
170,349,928
171,350,929
174,352,929
173,351,927
173,349,924
170,347,921
167,343,920
165,343,918
164,341,919
163,340,920
165,343,921
165,343,921
165,343,921
162,343,920
160,342,921
160,343,922
162,344,923
164,346,921
168,351,919
170,355,916
172,356,913
172,358,911
175,361,913
178,361,917
180,360,922
181,360,922
178,358,922
164,344,869
176,360,867
177,368,985
148,353,944
132,352,839
140,361,839
160,359,886
189,350,887
219,350,861
250,354,858
272,362,875
283,370,898
274,370,912
257,365,925
239,367,945
216,364,968
189,356,972
167,349,957
