# balls=4,catches=31,detected=28,sampleRate=25,timestamp=1790080628,countMode=watch_hand
x,y,z
112,-212,-980
160,-272,-940
144,-320,-860
164,-312,-916
120,-276,-920
96,-336,-916
80,-284,-884
-44,-276,-852
48,-304,-924
120,-276,-924
76,-268,-904
84,-228,-928
56,-276,-948
104,-132,-920
52,-80,-924
-12,8,-1008
-52,40,-1060
-128,52,-1160
80,104,-1032
32,180,-1040
-112,-28,-1020
-200,-24,-984
-360,-52,-832
-348,-104,-888
-552,-140,-900
796,-780,-764
332,412,-952
-16,308,-704
-80,384,-508
-60,688,4
-172,1176,412
-68,1104,456
-72,1308,684
-36,944,856
-28,1028,876
-144,1268,1052
-308,1700,840
-352,2084,972
-220,1992,1120
-28,1764,1120
60,1196,1052
280,640,608
500,-144,144
368,-920,408
380,-1256,336
264,-556,376
276,80,668
192,884,984
-212,2104,936
-608,2376,1212
-828,2988,1748
-760,2848,2008
-140,2096,1848
284,1232,764
204,600,956
820,-1196,-312
696,-1244,84
440,-716,304
216,-220,412
116,232,816
228,952,1040
108,1708,1476
-432,2036,1516
-844,2288,1576
-1008,2736,1964
-388,2556,2484
440,1800,1472
796,1260,692
1252,332,76
860,80,20
440,-940,-36
-16,-932,356
-612,-636,1340
-376,-620,812
-292,-388,676
-136,448,952
176,944,912
-408,1428,1448
-832,2424,1712
-896,2488,2072
-264,2560,2636
500,2184,2128
872,1404,368
704,1308,600
1060,-1460,-952
768,-1012,-680
500,-848,792
324,-472,1544
368,-20,1600
456,464,1740
16,836,1720
-104,1160,1424
-252,1928,1208
-664,2304,1428
-696,2644,1824
32,2848,2296
644,2144,1308
784,1156,-48
620,1176,760
968,-1156,-752
484,-612,-500
280,-644,432
192,-440,1436
72,-424,1620
424,-348,912
136,728,1424
80,1268,1324
-220,2116,1252
-876,2744,1784
-1044,2900,2152
-328,2800,1952
356,1544,680
484,1212,496
844,972,316
792,-416,-248
208,-836,-348
64,-928,380
48,-680,1424
276,-528,1280
268,-12,964
164,432,1128
260,1332,1136
-160,2252,1400
-780,2540,2084
-596,2588,2516
100,2700,2292
516,1808,952
680,804,-556
372,1284,336
844,-1720,-600
640,-776,-24
644,-268,1688
316,-600,1900
-172,472,1284
-212,548,1048
172,1076,816
56,1692,1116
-504,1664,2004
-892,2288,1768
-672,2448,2336
108,2164,2328
852,1356,624
788,1564,772
1460,-180,36
720,-216,-200
32,-692,660
-580,-1132,1448
-624,-1392,1100
-172,-320,100
-524,20,1192
364,1092,552
380,1288,596
76,1956,1704
-388,2720,1912
-400,2716,1780
172,2948,1888
820,2024,1020
836,1220,-260
440,556,600
564,-1044,-592
204,-764,20
36,-496,856
-144,-716,1328
360,-948,1064
440,800,1140
132,848,1636
148,1628,1048
-324,2196,1032
-824,2512,1640
-632,2912,1920
196,3036,2036
836,1988,652
756,1756,160
988,172,480
788,-516,-332
540,-744,176
-8,-1040,1332
-448,-1032,1512
-28,-360,572
-408,388,916
-44,740,1012
244,1048,904
260,1172,1164
-224,1904,1436
-620,2144,1400
-616,2816,1872
-36,2848,2292
732,1952,1400
980,836,240
824,724,1068
968,-720,44
120,-572,120
-516,-856,264
-168,-1144,-612
-528,-184,260
-320,-32,304
28,856,396
-96,1236,1356
-324,1836,1764
-584,2152,1924
-340,2396,2308
276,2480,2376
828,1520,1060
696,784,48
516,84,732
660,-676,-544
212,-816,-48
-156,-316,536
-260,36,752
-284,-280,500
52,208,716
-144,972,1120
-136,1052,1220
-384,1800,1428
-596,1928,1736
-332,2488,2392
244,2588,2516
792,1572,984
768,904,-32
568,296,540
608,-864,-720
192,-584,-216
44,-636,196
-64,-184,988
-164,-508,1184
-56,324,1352
-96,608,1568
176,1056,1332
-24,1792,1228
-432,2312,1276
-420,2640,1528
20,2772,1652
644,1904,1096
836,920,132
596,768,844
732,-1020,-352
248,-580,-232
-132,-828,236
-284,-336,620
36,-332,752
296,276,1096
60,1176,1780
-216,1672,1520
-696,2172,1792
-536,2684,2300
352,2828,2288
788,1780,1048
692,1096,-464
368,-68,20
376,-1352,-1180
596,-724,-132
628,-108,1540
396,-348,1740
496,204,1476
288,444,1568
284,852,1456
-8,1632,1200
-520,2196,960
-708,2488,1168
-416,2824,1616
180,2628,2056
856,1496,956
752,920,344
756,-584,84
592,-552,-308
32,-556,404
-264,-268,472
-388,40,592
-224,-320,220
120,80,440
-112,996,1388
-304,1684,1192
-764,2288,1332
-796,2492,2164
-64,2928,2344
516,2132,1764
684,1028,332
276,668,-4
300,-884,-704
212,-592,-648
412,-960,-312
580,-384,760
848,12,1800
1004,248,2032
860,572,1836
348,944,1660
-388,1660,1192
-856,2532,1192
-828,2888,1544
-308,2876,1632
432,2144,1300
712,928,60
536,716,600
1012,-752,-320
764,-736,-160
112,-408,392
-204,264,656
16,-164,536
-228,352,976
-732,912,1492
-680,1268,1308
-860,1756,1880
-832,2064,2556
-236,2428,2772
420,1620,1428
496,808,-92
200,36,-92
224,-876,-1124
188,-664,-464
460,-336,508
736,52,1196
544,264,1736
556,244,1196
160,584,1624
-144,1128,1504
-612,1960,1052
-1092,2160,1148
-896,2468,1544
-156,2576,1916
436,1864,1428
528,860,4
248,468,364
596,-884,-336
568,-408,-304
164,-372,432
-188,-40,868
148,-380,256
204,520,988
-40,1044,1636
-256,1444,1212
-688,1980,1508
-952,2224,1908
-488,2576,2260
264,2012,1972
644,1056,468
508,896,816
792,-836,-220
244,-684,-96
-108,-636,260
-500,-260,576
16,-468,-120
-428,60,688
-152,564,768
-16,1244,1040
-396,1644,1276
-776,2064,1540
-396,2476,2256
80,2608,2484
460,1796,1340
576,872,-244
272,108,92
512,-1084,-872
388,-576,-228
228,-264,852
12,-100,1244
124,-300,676
32,592,1196
52,760,1300
20,1268,1248
-376,2192,1172
-784,2124,1544
-544,2744,1816
64,2716,2124
700,1488,932
700,860,104
388,416,1144
604,-852,-248
100,-600,96
-396,-664,428
-392,-648,128
140,-600,-120
-104,104,872
192,972,964
68,1440,1248
-376,1948,1624
-700,2340,1808
-224,2652,2304
176,2496,2264
612,1396,1060
516,1056,736
896,-300,256
644,-392,-132
-28,-624,328
-444,-668,48
-408,-760,-228
-232,-284,-20
-176,-16,688
-4,940,736
20,1424,1176
-220,2112,1484
-404,2196,2144
-24,2600,2700
632,2176,2008
844,984,396
412,772,240
480,-472,148
248,-112,-404
-148,-780,-36
-308,-288,540
-8,-420,248
168,72,696
-220,920,1220
-28,824,900
-180,1432,1308
-532,1848,1516
-540,2152,2060
-100,2640,2344
564,2088,1792
832,952,176
372,588,412
604,-748,-488
400,-692,-600
-20,-532,448
-4,-172,500
12,-48,644
280,-88,668
-24,816,1648
-72,904,1548
-208,1640,1476
-504,1700,1864
-456,2276,1884
-24,2604,2048
592,1976,1632
724,932,-48
288,184,-328
144,-72,52
80,-804,-684
288,-528,-168
416,-76,1104
468,36,1320
608,-116,1092
356,868,1576
-48,1264,1192
-596,1864,1060
-888,2416,1496
-672,2804,2132
124,2524,2396
716,1236,708
564,1068,1008
948,-668,420
188,-44,-68
-304,-984,36
-828,-832,192
-384,-656,-200
-360,-300,156
-164,88,412
64,380,184
168,892,724
-48,1248,1704
-408,2020,1780
-536,2344,2184
76,2532,2552
584,2180,1968
828,1064,136
420,676,104
372,-1568,-816
500,-552,-676
204,-140,1292
-4,120,1432
48,-92,712
264,316,760
68,948,1496
-104,1256,1216
-404,1764,1036
-660,1860,1312
-552,2368,1716
48,2668,2392
628,1780,1408
668,732,-196
240,564,780
592,-1352,-704
352,-544,-280
60,-264,620
-56,104,904
12,216,744
248,-84,624
192,972,1260
-32,1172,1448
-300,1736,1072
-676,1976,1568
-636,2376,1900
-72,2576,2612
552,1896,1720
708,888,196
456,388,444
476,260,260
424,-1396,-304
-36,-552,56
-188,-128,636
-108,-300,452
164,164,396
-124,716,1188
92,1072,984
24,1268,1004
-404,1664,1252
-616,2112,1556
-396,2448,1980
100,2676,2680
812,1732,1908
1032,824,496
1140,-140,1156
784,-184,0
-280,-780,-184
-960,-484,-672
-628,-272,-800
-804,356,488
-996,788,988
-856,716,476
-792,748,312
-788,728,424
-716,740,364
-656,744,428
-584,804,352
-528,676,228
-532,652,28
-452,584,-344
-436,412,-312
-596,580,-24
-496,816,364
-136,1340,984
120,1904,1772
104,2076,2388
160,1000,1320
-284,1088,788
-276,1176,700
-192,576,500
-264,360,204
-348,344,40
-440,304,-24
-544,148,-52
-680,64,-108
-764,260,-112
-812,200,-160
-808,364,-312
-716,488,-492
-696,452,-620
-564,260,-788
-544,80,-732
-460,144,-824
-404,44,-948
-292,144,-1068
-168,180,-1100
-76,36,-1036
24,-16,-1012
68,40,-1032
52,20,-980
4,12,-936
-52,20,-960
-36,72,-992
-12,104,-1040
44,88,-1064
72,120,-1076
100,112,-1072
124,124,-1052
124,104,-1008
96,60,-980
416,32,-1032
48,144,-972
-8,104,-972
-48,132,-1008
12,108,-932
-16,164,-908
-196,-28,-956
196,376,-1004
188,-56,-1156
44,216,-980
-156,192,-884
-396,472,-784
300,36,-1020
108,192,-996
-24,192,-928
144,132,-1020
24,224,-960
48,204,-1044
4,260,-1004
# balls=4,catches=24,detected=21,sampleRate=25,timestamp=1790080752,countMode=watch_hand
x,y,z
56,168,-976
48,152,-972
40,148,-992
52,156,-976
36,164,-976
48,148,-984
48,140,-972
48,128,-996
76,140,-972
60,144,-984
0,264,-1008
20,280,-1136
92,-24,-996
-8,40,-920
-76,60,-972
-16,360,-1040
40,-24,-996
144,80,-980
92,84,-976
68,120,-984
48,100,-976
60,96,-976
72,120,-968
64,128,-976
56,100,-972
76,120,-972
72,108,-984
60,96,-972
64,116,-968
68,124,-980
88,124,-984
88,116,-972
104,160,-976
172,128,-1048
-28,108,-992
80,168,-956
92,140,-980
40,176,-976
88,188,-1028
96,168,-992
84,328,-976
60,388,-968
100,360,-948
152,580,-932
172,564,-940
148,564,-956
84,484,-900
72,468,-856
76,500,-848
68,432,-828
108,368,-764
120,280,-628
144,308,-476
148,332,-244
132,656,104
128,1100,220
108,1336,252
52,1336,476
140,880,328
148,1180,592
72,1356,940
20,1464,692
-112,1976,884
-140,1880,932
120,1460,1036
156,1620,1120
164,1156,1056
256,672,520
348,148,68
164,-376,456
236,-1284,500
348,-752,272
176,-136,564
56,784,964
-384,2412,1016
-724,2452,1140
-704,2692,1520
-652,2688,2100
-136,1888,1656
208,836,304
96,-12,792
768,-1428,-324
616,-1040,236
488,-316,500
260,236,684
88,740,964
-36,1548,1128
-740,2216,1336
-1256,2436,1632
-616,2800,2392
-88,2420,2412
624,1304,904
592,1392,944
956,12,124
628,-124,-436
-12,-676,676
-56,-768,652
-332,-364,1256
-572,-412,1448
72,-220,684
-264,328,1084
52,1316,992
-372,2228,924
-876,2752,1700
-184,3328,2612
424,2820,2404
392,1688,328
316,1176,-240
472,-1400,-1132
884,-1348,-952
1192,-820,1792
924,-160,2580
652,368,1728
252,364,1500
248,860,1164
-416,2196,916
-1324,2756,1132
-1164,2784,1776
-248,2720,2668
484,1776,1404
592,1480,500
788,688,676
676,-580,-300
24,-852,48
-132,-740,792
-380,-872,1324
200,-1064,980
40,692,884
188,432,1316
424,1512,1464
-648,2232,1952
-928,2404,1808
-580,2780,2388
100,2392,2320
596,1336,628
468,1432,1092
888,-596,352
264,-348,116
-268,-864,360
-624,-720,780
-360,-1124,604
-260,-176,296
-188,-260,784
440,1488,464
8,2056,1312
-488,2608,2648
92,2800,2940
348,2576,2236
548,1336,516
568,1240,868
940,-372,292
600,-660,-224
-88,-760,556
-304,-532,772
-424,-680,920
-44,-360,252
-164,524,1204
-72,1160,1360
-464,1792,1528
-600,2468,1628
-296,2520,2396
252,2564,2204
536,1508,624
532,840,96
440,116,348
356,-748,-412
308,-784,-236
-28,-416,816
-180,-240,912
-44,-92,960
456,728,1216
32,1152,1808
-376,2000,1236
-800,2476,1368
-376,2692,2296
52,2468,1820
436,1412,768
716,948,524
948,-140,404
540,-580,-292
-192,-988,-76
-624,-924,428
-264,-772,408
-392,-52,1060
112,632,1064
60,1228,1344
-376,1796,1916
-420,2104,1892
-72,2500,2440
496,2248,2400
876,1096,732
632,668,708
668,-716,108
572,-592,-384
-244,-1076,156
-360,-312,96
8,-440,-16
-76,660,840
-68,872,1240
-304,1732,1912
-552,1988,2220
-316,2024,2912
396,1856,2616
660,1132,776
548,1020,1008
864,-204,-44
288,-488,-84
-240,-920,12
-420,-684,104
-408,-284,384
-292,-76,476
-84,-16,240
-76,520,1120
-524,1540,2064
-448,2304,2020
32,2844,2780
544,2652,2232
536,1408,320
224,628,-444
-144,-548,-1020
208,-692,-1124
920,-388,840
1004,168,1952
768,168,2116
628,-576,1180
412,628,1584
-204,1176,1288
-712,2332,824
-948,2332,1260
-600,3064,2096
152,2424,1688
496,1128,4
424,692,624
432,-636,-436
228,-668,-644
-24,-716,36
20,-204,636
168,-108,1416
228,-44,1320
648,392,1448
348,1176,1924
-284,2056,1200
-944,2400,1236
-832,2732,1864
116,2516,2244
620,1388,836
632,552,344
528,128,372
416,-500,-540
72,-868,-148
-156,-300,288
-316,-76,732
-12,-168,920
296,360,1328
-76,888,2000
-200,1408,1512
-752,2008,1320
-900,2396,2200
140,2652,2568
740,1436,800
712,848,980
772,-552,400
256,-72,-372
-396,-1236,-184
-628,-260,-44
-460,-360,-12
-348,-132,252
-664,-28,728
20,780,288
-220,1264,1028
-312,1916,1740
-272,2388,2476
288,2544,2860
520,1504,1536
724,564,364
488,396,976
556,-448,-200
-100,-380,-324
-404,-760,-288
-520,-576,316
-252,-804,196
20,32,696
-176,1044,1644
-60,1688,1520
-212,2336,1936
8,2624,2796
536,2476,2356
948,964,748
848,584,1012
876,-436,260
340,-336,-524
-580,-1052,-184
-764,-204,136
-360,-468,-40
-696,-160,392
-412,376,560
-112,836,888
-88,1448,1660
-152,2104,2260
224,2392,2576
564,2328,2360
996,1256,868
832,556,-156
248,784,1108
484,-1360,-580
-132,-684,212
-380,-544,1056
-388,-268,1032
188,-328,8
-312,732,1140
-160,1252,1508
-276,2076,1384
-644,2416,2216
52,2756,2548
500,2164,1496
744,1028,560
660,600,1344
684,-572,-92
-108,-1132,232
-648,-484,684
-852,268,1280
-468,-1128,552
-396,436,604
180,556,292
16,1676,348
-208,2372,1640
-216,2596,2304
232,2844,2548
272,1868,1096
440,1332,24
380,944,328
224,-1052,-44
-68,-716,-40
-16,-584,1484
0,-784,1748
604,392,1188
292,884,1384
28,1368,972
-676,2872,1192
-828,3036,2288
172,3080,2204
356,1996,1040
620,1028,1504
948,-540,20
192,-404,444
-512,-616,2136
-436,-484,1624
-404,-528,704
-104,140,588
152,1944,-16
-432,2460,40
-432,2484,1964
68,2828,2976
356,2220,1140
268,944,-56
52,52,428
448,-452,-696
120,-688,80
160,-508,816
84,-224,1004
64,-452,1212
-492,732,1432
-704,2052,1284
-556,2660,2124
-124,2908,2524
280,2092,744
268,1132,176
312,48,316
436,-900,-540
348,-868,172
100,-696,1296
64,-324,1156
256,272,704
-364,864,1488
-556,2096,1636
-620,2908,2200
-128,2836,2572
304,1980,676
252,1420,156
476,-208,140
676,-672,-468
164,-896,596
-104,-1116,1304
116,-636,868
232,380,976
-392,1516,1812
-424,2280,1648
-616,2724,2456
-100,2784,2176
276,1676,236
68,996,568
336,-748,-436
372,-348,-600
248,-296,572
56,-4,724
-60,-104,840
-16,116,696
108,168,904
-472,988,1740
-1164,2012,2112
-796,2376,2508
-424,2492,1996
-336,824,336
-660,-212,488
92,-596,340
-180,-696,284
496,376,468
544,1152,648
612,1004,588
228,976,1192
-532,652,376
-944,1552,24
-1576,972,116
-1496,1300,192
-1276,840,580
-932,940,652
-540,984,520
-52,508,568
488,208,1128
656,760,1204
500,224,1160
364,372,428
492,524,1080
208,416,592
-112,760,496
-204,840,356
-404,928,496
-412,1000,492
-372,1080,524
-272,1024,340
-396,1056,232
-332,1072,148
-388,1168,40
-340,1164,-56
-392,1152,-116
-408,1064,-368
-436,980,-556
-268,920,-616
-124,600,-668
-76,452,-720
0,316,-900
0,444,-956
-4,392,-988
20,288,-976
16,212,-940
44,172,-940
44,132,-976
116,68,-988
-12,60,-896
-100,212,-956
76,220,-708
44,-72,-1052
-168,20,-984
-4,332,-1084
188,80,-908
208,44,-1188
-60,36,-940
-244,196,-868
156,-28,-1028
-12,232,-1020
52,228,-1020
-112,164,-964
-100,232,-988
-208,220,-964
-176,96,-1020
-368,140,-892
424,100,-996
-536,200,-772
-112,116,-1000
-100,124,-1004
-156,148,-952
-188,128,-968
-200,148,-960
-188,148,-980
-120,112,-996
-156,100,-976
-72,140,-1000
-24,64,-968
-48,32,-968
-112,76,-980
-100,96,-976
-16,124,-980
-32,140,-964
-72,48,-952
-92,100,-928
-96,88,-940
-100,96,-944
-88,108,-984
-88,124,-1040
-76,120,-1048
-80,136,-1064
-84,108,-1048
-64,108,-972
-68,124,-948
-64,80,-964
-92,96,-976
-88,108,-976
-84,96,-976
-80,92,-964
-72,88,-964
-76,116,-996
-112,92,-976
-108,92,-984
-116,100,-992
-96,112,-964
-100,100,-984
-96,96,-968
-104,100,-964
-108,96,-968
-100,92,-960
-100,112,-972
-88,116,-976
-96,148,-992
-100,140,-1016
-100,60,-1020
-12,148,-1012
-84,316,-952
-120,108,-932
-224,44,-928
-8,228,-968
-184,204,-880
-132,220,-980
-276,128,-924
-116,88,-944
-112,196,-996
-144,296,-996
-164,332,-1012
-188,244,-1052
-152,208,-964
-132,252,-952
-104,200,-944
-132,208,-940
-116,316,-936
-128,344,-932
-140,256,-920
-84,308,-912
-88,368,-924
-72,364,-944
-60,400,-912
-56,428,-896
-68,460,-912
-64,452,-900
-88,428,-920
-68,368,-928
-68,432,-904
-56,420,-868
-56,412,-860
-60,408,-840
-48,424,-892
-52,452,-940
-48,436,-972
-60,428,-956
-40,384,-940
-44,400,-948
-36,424,-972
-40,428,-960
-28,384,-936
-48,396,-924
-32,416,-912
-36,388,-912
-24,376,-912
-24,404,-904
-28,388,-928
-20,376,-924
-20,400,-928
-32,420,-936
-36,404,-924
-36,424,-928
-28,396,-924
-24,392,-916
-24,420,-940
-32,400,-936
-32,392,-952
-40,392,-924
-40,368,-928
-40,380,-908
-36,392,-920
-36,400,-912
-40,376,-908
-60,372,-940
-48,368,-944
-64,372,-924
-44,360,-924
-44,372,-936
-52,356,-928
-56,348,-940
-60,360,-928
-60,360,-948
-60,368,-928
-76,348,-920
-72,348,-928
-56,356,-924
-64,328,-932
-76,356,-936
-52,348,-920
-76,340,-932
-60,348,-944
-64,340,-940
-68,352,-948
-68,344,-936
-44,352,-920
-72,332,-924
-52,320,-924
-44,348,-948
-48,324,-944
-60,320,-928
-60,356,-928
-64,364,-956
-68,360,-948
-68,352,-940
-60,340,-916
-68,332,-912
-64,364,-940
-72,372,-948
-56,372,-948
-68,356,-936
-76,368,-912
-72,372,-920
-80,400,-956
-76,404,-940
-84,408,-932
-88,404,-920
-92,416,-924
-80,404,-924
-80,408,-920
-80,420,-912
-88,424,-896
-84,448,-908
-68,452,-908
-64,460,-920
-64,448,-932
-76,436,-908
-68,424,-900
-56,428,-896
-68,440,-912
-56,432,-904
-48,416,-908
-64,424,-908
-60,424,-904
-60,432,-892
-56,440,-904
-64,440,-904
-52,456,-928
-48,436,-896
-56,440,-904
-56,452,-888
-56,472,-904
-44,476,-900
-60,476,-888
-56,464,-884
-60,464,-888
-52,472,-896
-44,480,-896
-56,472,-888
-48,476,-876
-48,484,-888
-56,468,-884
-56,476,-884
-52,476,-888
-52,468,-888
-56,472,-884
-48,488,-904
-52,468,-888
-40,472,-896
-64,480,-872
-52,488,-900
-52,472,-888
-52,480,-888
-52,464,-884
-56,484,-892
-56,480,-888
-52,476,-884
-64,476,-872
-56,484,-888
-56,496,-880
-56,492,-880
-56,484,-884
-60,484,-876
-60,488,-872
-60,484,-880
-60,480,-888
-60,480,-888
-64,492,-868
-72,492,-872
-64,488,-872
-44,480,-872
-60,484,-888
-64,472,-892
-60,488,-888
-52,496,-880
-52,496,-892
-60,488,-872
-60,496,-876
-68,488,-888
-60,480,-876
-76,488,-876
-56,480,-880
-64,488,-884
-56,496,-884
-64,484,-884
-64,476,-872
-68,508,-888
-56,512,-880
-68,492,-880
-72,476,-868
-68,484,-888
-60,492,-872
-56,500,-888
-72,488,-876
-68,484,-872
-60,492,-888
-64,492,-892
-64,488,-892
-60,488,-884
-56,516,-896
-64,484,-884
-64,472,-880
-84,472,-884
-64,480,-884
-68,476,-868
-64,476,-880
-68,476,-880
-60,468,-884
-48,476,-888
-64,480,-872
-76,484,-872
-52,480,-888
-64,472,-880
-56,468,-872
-48,468,-892
-48,484,-896
-60,488,-880
-60,472,-884
-68,460,-888
-72,460,-888
-64,464,-888
-68,480,-888
-76,468,-888
-64,468,-892
-68,488,-884
-60,472,-896
-72,476,-884
-72,468,-888
-72,472,-896
-60,464,-892
-72,468,-892
-68,476,-880
-68,464,-888
-76,480,-896
-64,452,-888
# balls=4,catches=0,detected=0,sampleRate=25,timestamp=1790080989,countMode=watch_hand
x,y,z
68,372,-916
80,388,-1040
100,336,-932
176,336,-948
152,352,-932
44,348,-960
72,288,-912
72,352,-964
4,372,-888
80,308,-944
100,356,-916
88,376,-920
108,388,-928
80,376,-948
68,396,-896
100,336,-960
84,396,-920
96,404,-936
100,324,-912
56,376,-940
140,256,-948
140,284,-936
120,416,-876
148,408,-952
40,400,-920
-72,404,-928
-148,464,-896
-36,476,-860
-80,528,-892
-72,472,-860
-100,536,-848
-116,564,-856
-44,520,-856
-104,528,-856
-64,524,-860
-64,488,-876
-40,484,-892
24,476,-892
0,468,-892
-8,432,-912
-32,508,-864
-52,520,-876
52,420,-916
12,476,-880
-40,544,-876
-92,436,-908
-32,396,-852
32,576,-940
28,468,-912
-16,360,-920
# balls=3,catches=89,detected=88,sampleRate=25,timestamp=1790081282,countMode=watch_hand
x,y,z
68,260,-956
60,276,-960
72,244,-968
68,256,-952
72,260,-960
72,244,-960
76,248,-960
72,248,-960
76,248,-964
80,256,-960
80,264,-956
24,252,-936
0,300,-900
236,188,-992
100,224,-944
-16,268,-980
84,336,-964
-40,192,-920
100,264,-992
44,276,-984
24,272,-948
40,220,-972
36,284,-956
36,256,-980
52,176,-952
84,160,-996
32,76,-996
-48,156,-872
-24,540,-904
32,408,-912
56,340,-964
40,392,-948
20,428,-916
16,428,-940
56,412,-920
32,480,-900
32,432,-924
24,416,-920
28,500,-896
24,420,-916
32,484,-912
32,448,-908
24,428,-920
16,392,-912
36,380,-944
4,408,-924
28,408,-936
20,332,-928
12,360,-940
12,352,-944
16,308,-932
16,348,-964
12,356,-944
28,356,-968
40,324,-960
40,328,-932
44,404,-900
48,484,-1012
164,760,-840
100,924,-500
40,908,-380
36,612,-632
48,356,-508
108,780,-568
36,928,-432
-56,1136,-64
-136,984,144
-100,1268,168
-180,1208,352
-132,1188,624
-112,1096,728
-88,904,736
-44,744,508
-4,608,292
-40,504,452
-20,500,588
8,660,696
60,1096,812
76,1384,1172
-20,1584,1572
-60,1632,1628
20,1436,1480
116,1048,1016
160,600,588
212,308,376
164,-504,224
-140,-844,556
-12,-632,548
80,-200,384
164,468,700
436,992,988
360,1828,1344
92,1808,1424
-160,1804,1952
-388,1820,2084
-376,1696,2300
232,1536,2484
560,1384,1280
404,1184,804
568,472,1024
416,-104,160
44,-36,-172
-224,-720,-88
-384,-484,300
-628,-304,600
-420,-208,-12
-372,204,180
-380,-108,652
-96,344,380
-76,892,520
-100,832,768
28,1116,948
-36,1156,1384
-276,1408,1644
-468,1484,2068
-168,1544,2756
344,1548,2212
408,1324,884
224,976,772
360,416,456
196,56,-164
-116,-4,120
-432,-192,404
-560,-444,448
-668,-540,380
-60,-232,-524
-240,-160,372
-204,188,788
112,992,736
80,856,1316
-12,1004,1628
-124,1156,1736
-340,1384,2088
-148,1328,2276
420,1512,2452
528,1484,1080
200,1156,364
16,412,684
156,-68,-452
-116,8,-132
-296,-292,276
-352,-208,524
-344,-352,612
-164,-388,252
100,216,252
-68,248,1076
132,764,1168
148,972,1140
24,1036,1504
-140,1324,1512
-364,1436,1688
-292,1432,2060
232,1456,2276
464,1428,1356
280,1172,364
20,1132,696
-28,-576,-132
-188,88,-308
-172,-48,36
-172,108,736
-108,-136,664
-96,-88,488
156,60,428
56,272,1072
100,588,1316
128,756,1240
-36,908,1420
-128,1004,1512
-316,1360,1556
-296,1312,2032
172,1244,2356
420,1128,1532
308,912,444
20,700,760
8,-232,68
48,164,-76
-160,-164,336
-300,-400,580
-108,-4,136
-340,148,416
-216,376,416
-120,620,992
-44,480,1496
-72,600,1564
-208,944,1836
-268,1028,2028
-20,1012,2416
388,1120,2076
532,976,496
128,856,624
84,-664,-228
20,60,-388
-228,-156,340
-152,-216,600
-264,-20,580
-368,64,944
-212,324,968
-56,308,1104
4,344,1252
-64,600,1416
-216,684,1524
-248,960,1840
-24,972,2332
320,1008,2216
360,992,884
108,988,396
0,468,192
-136,48,-56
-300,-152,-200
-236,40,60
-64,44,796
-40,-184,1048
-60,-252,780
124,288,740
-8,104,1168
128,488,1356
72,788,1308
-56,1080,1348
-260,1324,1532
-300,1272,1828
64,1336,2232
456,1324,1952
504,1020,640
224,824,744
116,-336,160
-8,48,-116
-228,-228,280
-428,-308,416
-68,-200,-332
-264,144,500
-252,372,620
-44,464,920
44,308,1428
40,520,1492
-56,816,1740
-140,892,2020
24,912,2260
352,1008,2460
576,976,1744
440,900,464
68,568,464
92,-44,-280
-196,112,-180
-232,-140,-4
-268,92,528
-336,-156,820
-328,-256,396
-120,188,520
-192,240,820
-32,336,1200
8,528,1432
0,764,1336
-80,1132,1424
-220,1164,1704
-92,1308,2060
240,1320,2252
408,1236,1168
228,924,372
-80,628,684
12,-276,-548
-180,36,-368
-208,-168,412
-136,-208,608
-16,-196,548
156,8,668
128,172,1248
76,408,1396
64,524,1356
0,852,1420
-104,1176,1428
-244,1272,1688
-68,1288,1968
312,1416,2160
552,1296,1276
316,1036,356
40,564,584
88,-248,-84
-116,60,124
-328,-76,516
-356,52,852
-232,-624,332
-620,420,584
-560,-96,236
-460,364,476
-164,176,556
148,468,720
484,368,1352
188,68,2016
-232,584,2076
-580,1376,1972
-308,1288,2248
484,1012,2528
748,928,1060
280,896,108
96,-152,112
184,-20,-948
96,-60,800
-136,-460,1340
-308,-164,1088
-368,-176,596
-188,180,344
-80,552,820
-72,336,1192
-52,624,1256
-236,924,1320
-372,1112,1768
-192,1140,2060
156,1088,2280
368,1068,1376
240,872,340
-180,720,968
84,-280,-216
-252,-96,-176
-440,-196,636
-272,68,728
-284,400,720
-404,376,588
-244,656,152
-184,-376,524
-80,232,1052
-160,304,1240
-224,568,1636
-388,1156,1656
-232,664,2184
52,1128,2476
256,1116,1584
236,976,496
-44,936,1208
124,-168,224
-104,236,-60
-456,-112,412
-584,-240,412
-400,-240,-84
-184,100,-492
-288,188,300
-172,580,632
-104,612,984
48,432,1332
64,780,1504
-8,976,1788
-52,1128,2192
144,1036,2312
368,1080,1980
364,984,672
44,980,552
-24,-180,248
-132,84,-168
-368,204,148
-404,-104,508
-160,-296,400
-256,-244,532
-204,252,800
-124,360,884
-132,340,1132
-88,584,1116
-64,712,1232
-184,1076,1640
-84,860,2304
192,1272,2272
324,1260,1368
44,1200,584
-16,680,660
152,164,-376
-136,228,-52
-304,-8,624
-164,-192,584
-148,-656,656
-156,-124,652
-136,172,724
-88,456,912
-44,620,1392
44,728,1280
4,1008,1428
-152,1184,1548
-104,1016,1840
252,928,2232
628,1144,1604
340,848,252
-168,584,1348
88,-412,-56
-284,204,236
-496,-316,556
-352,-120,360
-556,328,240
-404,28,-136
-252,344,544
-288,260,1128
-88,168,1188
-80,684,1528
-192,908,1836
-188,824,2220
148,760,2408
336,1000,1800
264,1020,548
-64,692,856
140,152,-4
-276,272,-100
-164,140,-188
-352,-276,548
-396,-492,696
-268,-68,260
-324,56,728
-188,324,780
-72,504,1024
-4,572,1244
-32,1116,1452
-204,1300,1684
-144,1188,2076
156,1304,2156
404,1396,1608
228,1216,500
0,1228,692
76,-272,-88
-156,244,-524
-200,-108,-20
-300,0,1120
-152,-412,1068
-92,-196,492
-192,100,836
-188,224,848
-92,440,864
-28,700,1124
-68,888,1272
-128,1100,1444
-176,1204,1744
-44,1424,2076
196,1580,1876
284,1356,700
-108,1176,756
44,672,440
0,104,-52
-204,-208,-52
-404,-140,244
24,-568,324
80,0,488
-188,-104,928
-156,280,1000
-52,576,920
-36,476,1108
-32,772,1208
-120,924,1432
-244,1168,1840
-60,1348,2192
148,1408,2212
296,1260,1140
28,1192,616
-76,680,916
20,332,100
-56,528,228
-176,-136,440
-112,-544,112
-508,-936,404
-340,-156,272
-228,-92,176
-100,324,620
36,584,928
48,736,1228
-72,968,1552
-184,1224,1832
-196,1424,2204
68,1436,2520
324,1380,1636
204,1000,448
-96,764,908
156,-76,-264
-132,264,40
-336,-232,460
-348,-396,480
-408,-228,280
-428,-12,264
-236,184,244
-192,300,720
-64,548,1212
0,636,1308
-128,952,1604
-268,1220,1968
-204,1252,2276
76,1312,2324
292,1256,1336
112,1096,512
-20,800,832
124,-136,-752
-212,-80,-308
-96,-360,68
-36,-200,800
96,-640,888
32,4,940
12,412,1140
-24,484,1044
20,716,1184
-76,944,1444
-200,1236,1492
-292,1432,1700
-152,1332,2148
264,1468,2112
332,1408,956
160,1200,228
96,784,820
212,-648,-456
-108,172,88
-196,-336,936
-208,-536,480
-512,272,632
-412,236,236
-260,260,388
-164,340,880
-60,320,1172
-32,612,1408
-52,800,1508
-132,1028,1840
-144,992,2100
24,1188,2140
284,1100,1808
148,1024,368
-328,1284,860
12,-544,-252
-192,208,-224
-296,-140,224
-204,-20,876
168,-288,676
-44,60,724
-260,440,988
-128,348,988
-104,452,956
-76,580,912
-104,696,1044
-220,924,1396
-244,1140,1736
-48,1244,2052
292,1344,2204
376,1412,1192
72,1516,396
96,604,668
136,152,-372
-164,380,80
-120,-100,492
48,-852,724
-60,-308,556
-436,-592,800
-296,252,740
-188,432,612
-156,468,796
-32,644,1076
-84,1032,1360
-124,1180,1608
-116,1364,2020
52,1404,2288
276,1496,1908
328,1304,872
68,1164,696
124,504,696
36,-456,-372
-248,92,60
-360,-188,572
-252,-104,484
-440,-336,492
-388,40,288
-196,272,308
-100,340,636
-8,580,884
8,848,1176
-88,976,1444
-128,1216,1756
-92,1260,1972
36,1368,2300
408,1392,2164
360,1200,584
-64,1064,620
-100,-244,284
-120,0,-356
-220,-96,224
-264,-232,764
12,-272,352
-88,228,532
-360,64,588
-120,248,536
-80,500,860
-12,580,1248
-40,920,1284
-124,1100,1604
-212,1164,2012
8,1208,2480
280,1348,2332
320,1248,872
84,1000,392
-40,92,584
-64,52,132
-152,-120,20
-268,-116,332
-264,-168,368
-4,-184,120
-420,352,228
-148,284,340
-108,428,892
80,404,1252
80,712,1540
-32,848,1732
-172,976,1992
-32,1052,2312
236,1248,2620
428,1184,1540
264,1000,188
-16,520,808
140,-300,-312
-132,-8,-88
-428,-316,420
-336,-368,172
-280,-12,48
-264,224,352
-128,232,608
-4,288,1024
116,452,1264
96,616,1316
-24,1008,1704
-60,1128,2088
200,1152,2620
344,1176,2600
256,1092,1056
-52,860,736
48,320,544
72,-8,-60
-148,-268,100
-304,-400,172
-404,-132,344
-296,36,144
-152,200,-228
-108,332,508
-40,400,1080
36,536,1176
104,488,1384
32,596,1676
-12,820,1984
-68,920,2184
-32,1060,2404
340,1036,2320
392,1172,976
28,1228,88
-240,92,-4
-256,-136,-524
-124,-136,-348
56,-48,436
140,-100,1228
248,-296,776
324,-68,764
184,428,1132
48,536,1120
72,684,996
-4,804,1128
-48,1032,1220
-180,1284,1404
-232,1412,1812
-4,1432,2060
168,1352,2016
148,1188,812
-200,828,408
-128,12,268
-36,-80,520
104,-240,180
-40,-36,352
-316,-116,480
-188,416,-56
-224,644,92
-240,452,424
-128,544,1032
-132,752,1216
-40,680,1280
-92,1028,1724
-160,1092,2076
84,1240,2568
352,1376,2140
208,1168,484
-284,844,1016
148,-512,-196
-40,128,16
-236,-36,668
-196,-52,412
-332,88,84
-380,300,224
-324,248,80
-196,292,380
-164,216,952
0,220,1244
68,556,1536
-64,940,1744
-160,1028,2040
-52,1040,2376
164,1124,2400
332,1000,1260
16,788,672
-120,452,656
172,48,-552
-208,-216,396
-292,-108,692
-404,-120,472
-148,108,-180
-376,256,352
-208,264,124
-144,296,644
-124,228,1144
-48,600,1380
-188,792,1632
-232,952,2044
56,936,2364
224,1112,2492
356,1108,1456
212,888,112
-308,812,1036
8,-520,-676
-240,172,-372
-420,-172,352
-224,-52,636
64,-144,616
256,-32,676
40,272,1208
16,248,1088
16,508,1080
-52,528,1176
-112,944,1364
-160,1104,1692
-96,1204,1972
120,1248,2460
484,1144,1812
312,1084,200
-180,516,552
92,-456,-524
-84,244,-168
-336,-96,984
-348,-268,640
-224,132,232
-180,64,700
-56,120,724
-56,228,876
-64,300,1080
-8,640,1224
-116,876,1460
-192,848,1912
-32,1028,2252
228,1212,2452
392,1108,1744
236,892,476
-92,636,508
60,-88,-76
-204,-80,232
-208,-12,160
-412,220,420
-440,164,232
0,-12,-168
-144,80,632
-84,36,1076
-32,320,1216
32,448,1120
-84,644,1380
-164,800,1652
-216,912,1964
48,1048,2504
344,1156,2472
336,1204,896
72,1040,388
-100,-232,236
80,-88,-584
-172,52,-64
-240,64,672
-192,-164,600
-40,-164,360
-108,0,972
-8,180,928
-32,384,1204
-20,580,1304
-40,876,1320
-188,1152,1756
-104,1160,2080
180,1244,2456
380,1248,1824
256,952,268
-196,736,836
-36,-544,-484
-36,184,-484
-140,-40,448
-124,-68,844
-92,-72,500
4,16,648
-44,308,964
-64,384,936
-60,428,1104
-52,524,1220
-124,680,1416
-212,800,1664
-184,896,1932
96,1032,2436
360,1020,2080
312,928,696
-64,760,808
52,-32,92
-12,184,-116
-332,-68,356
-412,72,240
-256,-84,64
-172,220,300
-272,-228,592
-152,460,944
-168,188,964
-68,444,1120
-60,620,1280
-44,808,1560
-100,904,1952
96,928,2332
376,1116,2436
388,1036,1260
36,988,312
-208,200,504
56,220,-276
-144,100,212
-288,164,780
-304,-48,524
-288,-336,396
-568,-136,516
-308,32,12
-188,380,464
-104,344,924
4,372,1324
12,784,1512
-88,1056,1668
-104,996,2076
-8,1020,2224
308,1096,2324
388,912,1144
-68,544,216
-180,-52,132
28,-72,-468
-160,124,80
-104,140,344
-144,28,716
-144,-44,676
-36,-32,816
-120,140,1052
-148,112,1320
-68,280,1380
40,440,1252
-28,824,1576
-112,932,1808
-40,872,2060
204,912,2412
368,852,1196
144,660,-84
-172,224,656
140,-156,-148
-120,304,276
-272,132,640
-268,24,304
-292,180,540
-244,-64,660
-152,460,732
-160,268,1128
-88,360,1228
-60,604,1236
-108,820,1572
-112,856,1904
100,968,2176
336,1180,2320
428,1084,1380
240,908,40
-240,444,792
-76,-684,-492
-176,28,-496
-164,108,356
-44,220,1040
-148,80,900
-40,124,420
-48,56,840
-24,148,856
52,528,1032
-96,612,1348
-292,808,1504
-328,1036,1740
-200,972,2008
100,1024,2372
420,1028,1872
252,868,228
-240,512,508
-76,-284,-40
-76,396,-468
-136,68,412
84,-72,832
-4,-124,872
-108,-236,1028
40,376,772
-60,380,848
-76,240,1084
-60,520,1284
-152,604,1460
-208,792,1720
-140,760,2084
252,968,2564
500,1024,1776
384,896,292
-72,572,756
76,-128,-120
-76,300,96
-204,40,664
-372,-28,572
-348,144,228
-568,-176,328
-408,164,80
-332,420,388
-256,308,904
-132,260,1328
-28,536,1516
-56,820,1768
-60,980,2136
72,1076,2348
364,1292,2124
312,1084,392
-184,1168,736
4,-496,-108
-4,364,-276
-132,-136,704
-304,-332,1004
-280,-304,472
-100,116,172
-356,188,284
-152,200,576
-184,284,1064
-132,348,1316
-108,752,1492
-172,936,1756
-68,1072,2228
188,1212,2664
260,1288,1848
88,996,436
-176,708,1048
220,-40,-356
-68,148,72
-232,-216,152
-228,-92,216
-60,-268,172
-148,-68,392
-232,104,820
-164,428,1024
-108,460,1028
-28,568,1172
-20,596,1436
-60,744,1784
-180,864,2272
-44,956,2944
388,1184,2336
328,952,608
76,792,392
144,-308,-220
24,136,-316
-208,44,168
-292,20,684
-188,-372,444
-180,144,600
-280,-128,884
-156,276,892
-136,244,1048
-92,356,1132
-28,516,1256
-108,932,1556
-156,996,2028
116,944,2432
436,1284,2500
408,1136,936
88,792,-224
-220,372,1000
88,-448,-640
-76,220,-156
-248,-56,788
-336,68,696
-276,64,820
-100,44,648
-12,100,644
-112,328,1128
-160,364,1172
-68,416,1196
-76,656,1392
-196,892,1600
-188,872,1968
108,892,2460
364,860,2244
292,880,812
-64,776,100
-244,216,128
-52,144,-712
-68,-40,-212
-108,32,828
40,24,1108
108,-328,816
-88,48,932
-88,352,956
-128,312,976
-84,380,1140
-20,488,1252
-44,628,1276
-180,780,1472
-368,1024,1772
-96,1012,2124
344,1056,2472
468,1116,1200
96,1096,-48
-164,352,300
116,32,-72
-188,472,516
-268,84,680
-196,-372,424
-488,-240,560
-492,-56,336
-292,60,332
-172,208,648
-80,336,1024
8,640,1240
-88,948,1420
-276,1180,1952
-108,1088,2392
236,1416,2700
372,1320,1408
268,944,164
-136,572,796
140,-284,-496
-204,168,-32
-340,-76,648
-312,-96,580
-172,-176,308
-256,148,396
-232,244,768
-152,272,844
-56,444,1036
-44,600,1296
-68,772,1428
-156,1028,1788
-140,1164,2140
144,1308,2528
348,1276,1756
204,1024,344
-192,756,732
-100,-120,-148
-68,-64,-392
-228,-212,212
-284,52,876
-76,-108,644
-192,188,464
-348,188,724
-224,420,860
-208,328,844
-136,436,1028
-152,592,1168
-208,736,1356
-296,936,1800
-132,1004,2192
120,1044,2352
292,1084,1552
212,940,380
-156,668,788
-40,-156,-36
-140,116,-276
-320,48,100
-368,204,740
-216,-100,300
-488,-56,764
-308,104,548
-360,560,508
-260,196,712
-116,396,1152
0,452,1248
-28,588,1740
-200,916,1964
-84,800,2048
76,984,2292
204,948,1652
84,864,428
-280,600,700
-64,216,152
-168,152,376
-292,8,216
-436,108,364
-180,-152,68
-248,156,332
-392,348,436
-220,284,408
-208,280,780
-128,292,1076
-40,464,1264
-64,668,1556
-196,1032,1960
-48,1128,2364
168,1340,2460
208,1260,1228
24,956,304
-224,568,756
12,-332,-108
-112,104,264
-288,-240,752
-288,16,408
-324,492,160
-492,344,100
-264,208,188
-136,208,664
-116,228,1192
-12,468,1340
-76,828,1432
-148,1060,1884
-84,1016,2464
84,1184,2440
232,1124,1660
112,816,728
-80,304,756
84,-188,-100
-204,64,76
-384,4,252
-404,140,348
-16,140,-228
-316,-68,384
-240,392,692
-192,356,848
-208,268,1100
-64,420,1172
-56,584,1356
-164,796,1824
-204,912,2072
112,1084,2536
268,1148,1996
108,836,512
-312,984,1176
308,28,-300
-24,144,-160
-392,-28,568
-428,-8,536
-312,-188,184
-388,176,280
-472,96,380
-264,332,296
-280,216,788
-200,376,1092
36,428,1148
-24,636,1584
-188,980,2024
-116,1060,2476
156,1056,2608
200,1232,1508
124,1048,280
-164,232,272
0,-120,-744
-152,72,-312
-344,168,668
-252,-76,612
-224,-152,860
-272,-16,1112
-188,160,804
-144,116,756
-112,244,836
-156,496,956
-144,656,1220
-320,1160,1540
-376,1164,1880
-140,1144,2344
96,1184,2088
64,980,640
-280,948,524
-180,-240,-44
-120,140,-484
-108,64,504
-212,132,1072
-240,88,656
84,160,396
-84,336,916
-120,256,896
-112,124,812
-124,272,920
-216,392,1096
-260,760,1248
-388,960,1664
-264,1008,1944
-40,1176,2128
228,1136,2072
308,1016,804
-72,904,536
-156,-112,300
-80,136,-72
-376,-36,524
-432,-20,516
-92,296,-104
-284,-28,464
-272,364,776
-208,328,764
-224,312,964
-172,384,948
-100,552,1056
-208,828,1328
-244,1176,1664
-176,1168,1956
0,1292,1976
248,1280,1700
348,1000,660
-64,564,804
-200,92,288
-112,116,-208
-408,24,248
-436,200,516
100,-96,100
-148,104,692
-280,172,748
-228,456,712
-244,336,740
-160,400,940
-80,528,1012
-76,692,1460
-216,924,1864
-112,940,2152
168,988,2660
304,968,1572
132,792,28
-356,144,568
68,276,72
-60,-440,192
-128,336,436
-372,164,784
-400,304,400
-172,312,360
-116,268,788
-176,160,1068
-132,196,1036
-76,532,1252
-160,884,1736
-212,984,2040
104,988,2584
424,1232,2112
320,1020,60
-188,640,296
-40,-284,-368
-108,216,-372
-172,48,964
-224,16,1184
-136,-84,744
-244,56,796
-124,-16,736
-12,228,720
-24,268,884
-44,412,1112
-152,788,1252
-308,1228,1388
-364,1164,1932
16,1088,2472
328,1228,2168
356,1028,756
68,776,224
-180,192,460
-56,-348,-520
-280,-40,-72
-308,20,528
-116,-28,820
36,-160,612
-264,76,984
-100,232,780
-48,260,808
-84,356,1080
-108,500,1244
-276,832,1548
-388,1028,1848
-200,1040,2220
92,960,2512
288,976,1576
196,872,216
-100,392,504
-44,-336,-364
-152,52,-288
-260,96,852
0,-92,952
-352,108,876
-404,64,688
-172,332,580
-200,260,732
-204,268,916
-164,372,1060
-156,616,1120
-256,996,1452
-364,968,1896
-64,1040,2208
240,1100,2556
416,1076,1452
240,1064,12
-240,640,364
-60,-260,-472
-208,-36,-88
-168,-100,624
12,-160,964
224,-252,644
16,-8,800
-92,216,892
-28,216,836
-24,448,1148
-100,468,1344
-156,592,1456
-300,1052,1760
-360,1144,1908
-76,1184,2256
292,1136,2120
320,960,636
84,164,124
-88,-376,104
44,80,-200
-160,128,996
-460,128,1140
-440,296,464
-384,336,476
-372,312,752
-260,380,744
-288,380,692
-296,404,892
-252,332,964
-196,480,1048
-188,512,1168
-200,868,1532
-188,932,1948
232,1052,2628
360,1032,1876
292,924,456
-96,536,572
-56,-76,-172
-184,356,76
-444,260,620
-472,48,904
-24,68,320
-240,-604,740
-252,152,636
-236,88,348
-248,188,568
-276,392,736
-224,436,880
-108,664,912
-172,992,1608
-320,1124,2152
72,1148,2616
376,1284,2676
396,1100,812
8,1108,496
-116,-336,-180
-28,296,-704
-232,48,520
-300,44,1352
-196,-392,856
-368,144,1060
-544,-40,460
-468,60,64
-380,180,364
-212,244,592
-164,348,752
-140,444,1004
-108,596,1236
-96,824,1568
-160,1016,1736
-184,1104,2004
44,1164,2312
356,1044,2232
336,944,792
-100,1000,492
-168,-20,264
-140,8,-492
-364,-160,304
-428,296,1064
-116,204,1052
72,-256,600
-392,372,840
-368,68,212
-300,200,120
-296,224,396
-180,220,560
-144,348,904
-36,516,1116
-44,832,1628
-256,996,2012
-260,912,2188
-80,1108,2452
160,996,2304
228,1032,840
-28,1112,452
-80,156,516
44,80,-16
-172,-80,516
-448,204,932
-200,-300,144
-280,244,392
-668,-76,456
-368,208,96
-320,296,380
-236,140,624
-112,380,888
-72,340,1044
-28,480,1356
-28,708,1588
-144,788,1800
-252,948,1896
-192,1152,2092
200,1128,2552
436,1008,1332
84,972,12
-284,68,688
128,400,-216
-124,-84,636
-224,-244,1000
-316,-24,500
-556,172,576
-584,152,120
-512,152,156
-300,96,240
-240,124,504
-124,196,756
-36,236,1056
-20,456,1288
-48,688,1492
-176,1044,1776
-208,912,2008
-132,1092,2236
140,988,2484
340,924,1456
196,820,404
-280,436,1084
132,-32,-232
-188,-256,192
-396,164,872
-260,204,392
-236,176,100
-732,348,408
-488,252,132
-344,236,196
-272,192,324
-172,152,640
-60,300,908
44,336,1056
56,536,1460
-52,700,1708
-188,952,1884
-164,884,2060
48,928,2284
368,884,2520
480,808,1328
220,804,324
-164,456,744
-68,-64,36
-256,248,68
-336,124,428
-164,-432,184
-256,-204,588
-560,76,668
-464,108,184
-344,164,280
-180,208,340
-108,200,684
16,312,920
100,472,1128
116,524,1584
52,720,1668
-76,884,1776
-68,884,1944
-76,940,2120
148,760,2392
476,768,1840
356,800,512
-124,364,904
-64,60,184
-160,320,-60
-100,-88,124
-168,-56,412
-472,-224,852
-468,80,356
-456,104,208
-428,108,264
-248,124,344
-180,284,548
-128,392,728
-60,504,1132
-64,604,1568
-48,848,1752
-72,888,1888
-32,928,1988
84,980,2376
412,856,2484
416,912,916
-8,820,504
-48,20,432
48,256,-20
-328,-20,436
-212,-192,144
-340,96,244
-568,-48,532
-448,60,372
-384,248,204
-252,212,316
-220,184,572
-96,296,748
0,340,976
32,556,1340
24,708,1640
-76,1012,1756
-72,972,1904
-32,1120,2104
236,1060,2536
556,988,1824
288,896,80
-248,348,392
-56,-320,-748
-56,-100,-168
96,-104,1240
-16,-168,1460
-528,492,1060
-512,276,360
-388,280,180
-256,8,396
-88,136,472
-36,160,704
40,312,1092
48,516,1312
-108,748,1500
-212,1088,1780
-176,1064,1940
-84,1116,2156
172,1076,2416
424,1156,1396
124,992,172
-236,344,556
-4,-348,-468
-160,-24,-12
-216,-24,1056
4,-44,876
-232,244,660
-488,164,536
-328,148,340
-268,204,352
-168,220,556
-132,492,848
-132,584,1056
-96,768,1288
-128,960,1740
-192,1052,2028
-28,1044,2232
208,1120,2412
348,1080,1496
112,756,200
-424,328,604
-8,20,28
-100,204,276
-256,48,604
-236,-108,420
-468,0,504
-500,80,160
-404,148,140
-256,236,276
-156,260,492
-104,540,928
-104,568,1108
-100,768,1452
-128,924,1892
-116,908,2056
32,984,2284
192,1060,2224
228,1020,1024
-108,840,640
-160,248,516
-32,96,-100
-220,184,216
-372,-84,468
-332,80,444
16,132,-28
-188,-184,508
-212,196,736
-112,308,760
-144,296,1044
-64,524,1132
-104,832,1408
-268,936,1724
-200,1012,2068
68,1092,2428
276,1060,1912
284,940,552
-144,644,520
-32,-148,-12
-124,-40,12
-268,-132,364
-104,128,184
-48,104,468
-24,92,752
24,316,1052
-128,464,1204
-268,828,1364
-284,1116,1820
-36,956,2256
208,1156,2248
244,1072,1332
148,908,296
-108,672,680
-24,-368,-312
-160,84,-88
-224,36,344
-164,48,616
0,-140,356
-56,-112,840
-64,280,1064
-16,256,1188
24,492,1328
-60,732,1664
-152,980,1888
-40,1084,1988
172,908,2112
412,1012,1696
436,808,584
88,464,600
20,12,432
-100,312,48
-392,136,196
-324,-148,148
-496,-28,344
-376,212,296
-284,224,584
-188,352,820
-100,388,1028
-36,428,1304
-44,776,1708
-96,812,1956
-76,752,2068
-8,756,2012
152,744,1584
140,400,796
-148,200,980
80,260,740
-80,172,368
-248,244,308
-132,192,-132
-484,572,480
-504,488,432
-392,424,452
-360,508,524
-400,548,688
-448,604,836
-432,632,952
-404,604,1096
-348,724,1100
-348,900,900
-236,1116,844
-188,824,992
-120,508,876
-132,484,736
-128,328,848
-160,348,752
-68,436,804
-16,688,1452
-368,488,1692
-352,332,1564
-328,416,1064
-96,-168,916
-364,400,1352
-496,544,1000
-492,732,524
-492,904,188
-484,860,52
-484,812,12
-476,720,-20
-392,696,-144
-352,576,-452
-356,416,-544
-312,352,-600
-272,324,-772
-252,160,-820
-204,164,-856
-156,24,-980
-136,40,-1040
-136,-28,-996
-140,12,-992
-160,-28,-1036
-308,-40,-972
76,-92,-976
-164,16,-1020
-72,20,-1020
-76,16,-1028
-96,28,-1024
-104,4,-1000
-108,40,-1000
-88,60,-1016
-84,52,-1012
-88,44,-988
-80,52,-984
-88,40,-984
-84,52,-980
-76,44,-984
-88,40,-988
-84,44,-988
-76,52,-976
-68,40,-972
-80,32,-976
-80,48,-976
-68,44,-980
-64,44,-980
-72,48,-984
-64,40,-980
-64,40,-972
-68,36,-984
-56,32,-980
-56,24,-976
-60,32,-972
-60,32,-992
-52,20,-984
-52,36,-992
-60,32,-988
-52,20,-984
-60,28,-976
-52,20,-976
-60,32,-972
-56,24,-968
-56,32,-980
-48,36,-992
-60,28,-996
-64,20,-992
-48,28,-992
-48,28,-980
-48,16,-1004
-56,24,-980
-48,24,-984
-44,24,-1000
-44,36,-972
-40,32,-988
-64,24,-972
-48,20,-984
-44,12,-992
-52,24,-992
-40,16,-992
-52,12,-980
-40,20,-988
-36,16,-984
-48,20,-976
-44,28,-984
-40,12,-976
-40,12,-980
-40,4,-984
-44,16,-988
-44,12,-992
-48,4,-988
-32,16,-980
-28,-4,-984
-32,16,-980
-36,16,-980
-36,16,-984
-36,4,-980
-44,12,-988
-40,16,-992
-32,28,-984
-32,-12,-980
-44,16,-976
-32,8,-976
-40,16,-988
-32,4,-984
-28,0,-984
-32,12,-976
-40,4,-996
-40,16,-984
-32,8,-984
-20,4,-988
-40,12,-988
-44,-8,-988
-32,4,-992
-28,16,-992
-36,4,-992
-32,28,-992
-32,8,-988
-32,0,-980
-24,16,-984
-36,20,-984
-20,12,-976
-32,-8,-980
-36,12,-1000
-40,8,-984
-32,16,-996
-28,16,-1000
-36,12,-980
-16,12,-976
-24,12,-980
-24,16,-984
-24,4,-976
-36,8,-980
-36,20,-972
-36,12,-972
-28,8,-976
-28,-4,-992
-32,4,-984
-32,16,-996
-28,-4,-980
-32,-8,-972
-20,4,-992
-36,4,-992
-24,8,-988
-28,-4,-992
-24,20,-984
-32,-12,-972
-16,-20,-944
-8,-52,-924
28,-68,-876
36,-36,-872
88,52,-944
100,32,-984
112,132,-964
132,268,-952
92,436,-916
72,532,-808
28,688,-700
20,844,-608
0,992,-520
-28,1064,-480
-56,1076,-440
-104,1088,-416
-120,1068,-380
-112,1052,-376
-132,1040,-360
-136,984,-380
-132,908,-368
-112,836,-476
-80,932,-572
-72,840,-480
-104,840,-444
-80,924,-508
-144,920,-528
-160,796,-368
-152,684,-312
-96,740,-252
-108,764,-104
-72,984,60
-56,1020,276
-64,1036,536
-128,1088,672
-272,1232,840
-336,1296,1192
-204,1216,1404
-96,988,1236
-64,860,900
-108,660,628
-140,424,368
-88,236,200
-168,-108,160
-200,-92,236
-88,44,292
20,304,432
188,888,556
112,1372,780
-112,1736,1256
-36,1476,1956
-8,1668,2440
144,1592,2308
404,1160,1256
212,1336,116
-120,420,640
-124,-128,-424
-356,24,-368
-352,52,704
-192,152,1068
0,-96,984
60,-280,392
36,48,608
-176,176,816
-76,292,724
-44,548,784
-8,660,816
-48,988,1164
-84,1160,1500
-148,1408,1736
-92,1568,2296
232,1540,2540
412,1260,1528
220,1124,308
-28,152,576
0,-188,-320
-196,12,-64
-320,120,620
-308,88,660
-52,-324,440
-324,-8,716
-440,-4,624
-320,200,404
-292,348,484
-220,532,640
-84,596,752
-12,856,1060
4,820,1372
-60,916,1636
-140,1068,1944
8,1120,2164
236,1096,2468
388,1040,1816
268,1036,428
-44,864,224
-140,80,368
-132,-300,-208
-284,116,260
-256,64,944
80,-408,556
-120,-56,636
-408,20,572
-284,240,480
-204,420,492
-204,464,672
-112,548,808
-16,792,924
84,952,1328
184,976,1656
188,1112,1660
48,1136,1416
-16,1052,1216
-36,916,976
12,708,816
36,596,644
80,424,584
76,304,524
176,320,508
80,360,880
44,236,880
-96,252,1316
-56,-352,1472
-340,392,1096
-448,180,988
-300,564,828
-232,500,1128
-152,448,1084
-100,620,1028
-112,552,1088
-116,576,980
-140,700,912
-176,720,928
-204,736,848
-212,868,692
-240,980,600
-204,856,364
-184,1060,248
-180,864,32
-108,944,-160
-128,752,-336
-112,692,-456
-100,644,-616
-56,504,-720
-64,456,-788
-36,440,-872
-44,364,-940
-28,316,-944
-52,432,-848
-12,324,-1020
-4,248,-996
-96,312,-964
-188,264,-912
96,292,-1076
-56,260,-964
-20,300,-976
-28,292,-968
-40,256,-948
-28,288,-932
-32,292,-956
-40,308,-968
-48,284,-952
-48,288,-956
-44,296,-972
-68,288,-968
-40,288,-976
-44,288,-972
-40,264,-980
-36,272,-976
-52,240,-968
-72,252,-980
-52,236,-972
-72,208,-960
-84,208,-960
-96,200,-956
-84,184,-956
-84,156,-948
-80,160,-964
-72,160,-968
-68,156,-968
-76,160,-968
-80,160,-968
-68,140,-976
-60,152,-968
-72,140,-972
-72,120,-988
# balls=7,catches=6,detected=6,sampleRate=25,timestamp=1790082779,countMode=watch_hand
x,y,z
368,432,-584
280,404,-620
288,364,-640
244,292,-604
188,360,-652
248,380,-680
452,348,-924
92,396,-752
356,288,-756
212,408,-720
64,312,-832
20,384,-692
400,260,-364
-200,-100,-920
-196,36,-808
-84,-140,-800
-312,-484,-728
64,-656,-544
776,516,-1184
420,112,-920
228,-152,-916
280,-120,-864
264,-116,-872
232,-108,-872
248,-144,-840
272,-100,-864
296,-100,-860
308,-84,-888
308,-68,-924
312,-68,-916
296,-108,-928
276,-100,-956
252,-60,-956
220,-196,-872
236,-368,-932
248,-32,-692
216,304,-416
28,732,-304
-120,1108,24
-304,1720,168
-368,1620,208
-396,1416,504
-348,1248,528
-284,1196,472
-280,952,572
-320,944,508
-340,824,364
-436,772,500
-424,836,368
-348,840,384
-288,648,396
-248,320,104
-164,40,8
28,60,232
184,292,536
248,804,704
-144,1684,1128
-868,2832,1192
-820,2540,1100
-488,2208,1096
-8,1592,1124
432,992,1056
536,724,684
604,-68,236
620,-744,-140
828,-1312,-140
1080,-1300,368
1240,-308,872
1284,692,1660
388,2704,2416
-1252,3992,2976
-1988,4660,2988
-1344,4304,3056
116,3548,2652
1544,1080,1448
2860,-2832,228
3280,-3516,44
2644,-2424,448
1784,-288,1224
636,1628,2072
-2044,3424,3120
-2916,4132,3752
-2496,4260,4064
-736,3444,3464
1220,1600,1584
3140,-1696,584
4160,-3244,292
3132,-2284,512
2008,-696,592
1288,1196,1512
-1604,2636,3680
-3520,4016,4956
-2356,3468,5784
-496,2932,2860
2228,1900,596
3368,-1764,-1516
1768,-1836,-924
592,-952,2028
712,-1408,1128
128,28,1580
344,-208,1056
380,1056,1128
-1264,2688,2268
-2260,3732,3720
-1480,3548,5152
8,2316,3092
2344,1764,1876
3848,-368,1016
2372,-1200,584
212,-2336,1424
-464,-1600,236
-368,-1416,-272
648,-552,-332
984,1100,644
772,2284,2284
-1692,3344,3648
-2052,3716,4988
-984,2588,4100
2060,2100,1824
3328,392,928
2608,-1500,452
548,-2008,1100
804,-2668,1704
-196,640,1276
32,-308,504
-20,864,332
-348,2348,932
-276,2468,2888
-364,3912,5072
220,2972,4160
1084,2264,1640
1448,1448,76
1844,-2120,-1296
2012,-1444,-1396
1568,-484,400
688,-64,3624
-396,528,2272
-700,1148,1572
-1856,1272,824
-2128,900,340
-1784,432,-100
-1256,-52,-4
-872,-260,396
-552,-416,300
-772,-500,676
-884,180,236
-1224,-76,2100
-440,-16,-628
-828,-1124,728
-764,-180,-204
-1072,220,44
-1152,-8,-280
-1240,-64,-208
-1532,328,-172
-1532,92,-420
-1648,72,-500
-952,-216,-836
-904,-584,-120
-524,-568,304
-268,-596,392
96,-492,872
212,-592,776
588,216,192
-28,-196,868
76,-468,456
-476,-576,696
-864,-576,896
-652,-388,580
-340,-356,44
-120,-260,-344
24,-176,-784
152,-244,-1232
324,-208,-1224
344,-300,-1284
416,-292,-1360
456,-472,-1180
416,-444,-1128
408,-260,-1092
344,-500,-1008
316,-312,-964
308,-212,-980
296,-284,-952
244,-212,-948
236,-208,-1000
220,-164,-956
128,-136,-952
60,-192,-1024
56,-160,-1064
80,-116,-1064
96,-188,-1072
112,-104,-1048
140,-124,-936
172,-256,-968
112,-112,-1044
120,-68,-948
132,-100,-964
112,-64,-988
56,-104,-964
84,-104,-984
60,-92,-960
# balls=7,catches=6,detected=6,sampleRate=25,timestamp=1790082819,countMode=watch_hand
x,y,z
180,-48,-848
140,-68,-864
108,-92,-832
144,-64,-932
100,-88,-924
144,-56,-928
180,-84,-984
264,52,-1040
128,-148,-912
80,-552,-1072
-152,-116,-1024
-268,-60,-920
-444,-292,-880
-280,-172,-1044
556,348,-1144
156,76,-1084
220,28,-1032
80,-132,-912
88,-40,-892
44,-40,-880
32,-84,-852
36,-92,-852
48,-156,-848
48,-168,-800
104,-364,-772
128,-428,-912
212,-88,-912
356,336,-760
464,692,-532
384,788,-216
276,916,288
44,1492,552
-44,1816,464
132,1456,648
48,1156,684
-8,1256,648
12,1108,544
32,928,552
-8,972,564
-56,884,472
-88,792,468
-76,768,584
-84,696,592
-124,792,696
-112,884,752
-128,840,628
-192,792,472
-264,780,528
-288,760,488
-280,728,464
-308,728,536
-360,744,416
-404,800,424
-416,860,496
-360,884,476
-284,956,548
-280,980,512
-304,932,412
-348,952,476
-360,940,444
-388,996,460
-440,988,500
-396,928,392
-308,632,208
-136,208,88
24,84,204
240,76,472
296,624,684
-228,1712,1056
-1148,3356,1532
-840,3396,1544
-88,2716,1480
596,1848,1636
1192,344,948
1300,-1108,340
1700,-2364,328
1632,-2432,480
1532,-812,1268
1164,1288,1716
-424,3792,2248
-1616,4924,2520
-1960,5276,2624
-868,4432,2536
612,3120,2056
1688,384,1376
3004,-3116,636
3312,-3576,780
2540,-2260,972
1824,-148,1624
-192,2968,2708
-2532,4340,3448
-3040,5268,3984
-2096,4304,3844
116,2816,2760
2476,-488,1284
4872,-4320,648
3940,-3648,460
2656,-1328,980
1372,1896,1420
-2288,3840,3696
-2704,4656,5504
-1988,3972,5164
532,3004,2452
1420,1496,-116
1900,-2480,-2572
2068,-2156,-576
2264,-812,2556
2104,-1344,2428
1412,-60,2200
356,-4,1104
-600,2336,932
-2400,4632,3180
-1452,4964,3820
-584,4344,2828
1136,2588,320
1144,-656,-1284
2072,-2316,-2108
2356,-2108,92
2920,-1240,2896
2664,-156,3176
2360,-708,1384
316,1800,2060
-4188,3084,1668
-3568,5336,3376
-1680,4836,3300
2576,4332,2556
6012,520,2376
3992,-816,1540
1240,-632,5152
-1304,-1568,5124
-748,-1116,2752
308,-808,2028
1424,328,1324
1252,2324,1596
304,2836,3112
-576,3880,3880
160,4776,4440
1080,3168,1812
1444,1644,868
1892,-1468,-1336
1020,-1980,-1684
368,-936,-1332
760,-556,484
1312,-284,2628
252,1120,2076
-388,1508,1072
-1024,1548,-172
-1856,1904,-124
-2956,1616,152
-2548,2188,384
-1640,1452,864
-288,1452,448
708,1160,680
1216,156,812
1052,228,1364
516,212,1656
852,560,2624
2484,152,1000
996,600,276
240,592,532
-768,752,-364
-1032,744,-432
-1300,1996,-756
-1068,2212,-444
-828,1696,-196
-656,2080,-232
-372,1688,144
-164,1368,-28
-636,996,312
-776,884,268
-608,536,268
-208,452,468
1072,-632,40
408,-44,-184
216,-164,-520
-80,-76,276
456,824,1764
-196,2304,1592
-1500,2696,2148
-776,1516,280
-1224,1644,40
-676,524,1192
-220,696,204
20,820,196
-88,492,328
12,320,132
172,420,68
156,700,1292
128,864,900
148,1044,992
88,512,1164
260,576,1080
276,636,1104
272,800,1280
448,948,900
376,1016,932
532,1028,604
524,784,340
504,892,388
412,716,364
352,692,284
256,648,296
212,868,316
232,904,204
248,900,196
324,852,132
348,880,176
312,980,336
220,884,312
148,896,256
192,884,220
252,880,200
288,1076,88
384,1148,-8
468,1324,168
688,1584,476
576,1332,4
480,1152,-12
528,1052,112
344,996,-252
240,1048,-236
184,924,-236
160,776,-364
116,740,-424
108,268,-604
# balls=7,catches=8,detected=7,sampleRate=25,timestamp=1790082848,countMode=watch_hand
x,y,z
-56,48,-972
-88,36,-988
-72,32,-992
-84,28,-988
-76,20,-968
-96,12,-976
-44,20,-980
-16,100,-1028
-296,208,-1628
-144,-36,-816
-168,-20,-908
-240,-244,-940
-264,-244,-936
-208,-164,-832
416,176,-396
220,288,-1112
156,-280,-968
44,-212,-904
372,44,-916
-8,-116,-880
188,-192,-848
176,-272,-812
184,-308,-788
204,-272,-704
168,28,-700
216,404,-596
164,744,-396
152,1112,-48
180,1708,296
68,1748,520
76,1564,504
56,1300,484
44,1148,632
-32,992,608
-100,868,548
-152,832,516
-152,844,408
-84,804,440
-52,1072,444
-64,976,456
84,584,228
264,104,100
272,-116,308
440,-156,420
396,680,764
-232,2220,1352
-760,3660,1460
-464,3220,1496
160,2480,1568
932,1312,1160
1128,556,1008
1140,-1028,320
1228,-1952,76
1212,-1936,508
1252,-1104,1192
1084,1080,1856
0,3560,1796
-1192,4896,2304
-1520,5420,2312
-528,4464,2300
828,2800,1876
1860,-940,848
3192,-4108,28
3176,-3656,192
2308,-1260,892
1528,1272,2224
-956,3196,2968
-3200,4856,4160
-2436,5032,3776
-1152,3956,3396
1316,1208,1356
3736,-2296,156
4380,-3824,-176
2976,-2552,212
1996,-232,1084
392,1852,2992
-3012,3556,4004
-2740,4092,4732
-1224,3576,4772
728,2700,2304
1940,1992,988
3176,-1800,-1268
2548,-2188,-176
1692,-1320,1976
288,-1752,2520
888,-696,1168
-136,372,2252
-128,3196,1608
-1916,4780,2776
-1340,4948,3992
-24,3744,2648
1400,2288,624
1808,636,456
1924,-1740,-972
1772,-2008,-376
2280,-1420,1488
2760,-1200,3596
1688,-448,3152
284,2168,2564
-2956,4812,2628
-2380,6112,5192
-632,4692,2944
1300,2936,1460
3848,-1288,-504
3148,-2192,-700
932,-1760,496
128,-1252,976
144,-536,1804
720,660,1492
-684,1980,1628
-2108,3436,2732
-1188,4772,4748
-224,3876,2956
2096,2420,380
3420,-136,292
2848,-1736,-820
1224,-2548,1004
-792,-1392,1116
968,-2000,-300
304,860,2512
944,1816,1720
-640,3088,2272
-1920,4400,3548
-708,4312,3668
1684,2848,376
2812,1004,32
2332,-2236,-1072
1072,-1892,1996
620,-1960,1156
-92,-244,1548
-144,-644,1420
760,796,540
-272,2360,2232
-916,4104,3400
-224,4676,4136
728,3532,2176
2120,1696,540
2612,-800,56
2084,-1640,-296
992,-1316,-284
-140,-472,1168
-1192,308,956
-1696,896,1468
-1156,1212,888
-1732,1528,900
-1168,1232,644
-780,748,336
-912,512,276
-832,-12,-104
-1112,-156,-200
-1280,0,-344
-1264,-52,-472
-884,448,224
-604,1112,1320
-596,412,3108
756,724,876
-676,-444,832
-512,-516,656
-500,-340,284
-408,104,432
-244,860,244
-440,1816,356
-516,2252,8
-436,1740,32
-96,1716,-16
-192,1552,488
-196,1848,768
-816,1944,1068
-420,1792,752
-592,928,-504
-336,1900,220
-380,216,764
-228,136,92
-164,340,-136
-280,96,-72
-404,-8,-148
-460,-156,-164
-408,-152,-264
-316,-60,-616
-236,60,-924
-160,140,-1104
-96,-172,-1124
-36,-172,-1208
-76,-64,-1324
-72,-96,-1336
-96,-180,-1248
-128,-196,-1152
-84,-224,-1124
-64,-216,-1040
-36,-144,-1004
-28,-156,-968
-8,-132,-988
12,-96,-992
56,-84,-1004
52,-120,-964
48,-108,-972
36,-144,-956
36,-120,-944
44,-124,-956
56,-100,-944
# balls=7,catches=8,detected=7,sampleRate=25,timestamp=1790082895,countMode=watch_hand
x,y,z
120,40,-984
328,320,-984
-1040,-296,-1464
128,-164,-900
-48,-452,-900
8,-556,-924
-172,-116,-936
96,4,-980
696,0,-1428
412,300,-1032
64,-40,-984
104,-24,-928
116,20,-904
120,24,-896
212,120,-836
316,104,-624
436,168,-564
600,248,-436
768,492,-264
972,788,-204
988,1208,112
848,1420,-60
724,1164,-60
616,1064,48
496,1144,156
428,1064,192
364,1104,228
356,956,216
368,856,160
344,1032,424
344,868,396
316,772,284
300,832,332
316,796,364
404,872,428
560,940,640
644,896,704
564,724,656
484,780,764
384,712,712
344,744,760
280,636,816
280,640,792
264,664,780
268,640,776
276,660,788
272,664,772
232,716,740
212,696,736
136,740,736
108,752,732
88,792,800
116,840,792
148,796,824
204,860,940
192,904,880
64,824,552
20,844,396
88,856,556
140,920,604
132,920,540
112,924,536
96,864,532
76,840,552
40,828,568
36,888,560
-8,884,624
-32,868,672
-32,896,700
-16,884,676
-60,856,648
-92,820,608
-100,804,572
-140,816,608
-192,812,584
-224,836,580
-248,828,592
-248,832,552
-268,856,552
-288,840,552
-304,852,528
-292,868,524
-300,852,512
-308,876,492
-304,880,500
-296,860,508
-300,888,472
-304,896,444
-312,892,440
-292,868,408
-256,840,368
-176,620,204
-44,408,256
36,328,384
76,412,384
36,840,676
-436,1924,928
-824,2788,768
-740,2752,996
-184,2292,1236
324,1624,1164
636,960,968
768,8,620
888,-844,148
944,-1588,392
984,-1328,684
1004,-264,1228
660,1740,1548
-1128,4356,1668
-2172,5316,1912
-1816,5096,1968
-372,3828,1940
956,1780,1544
2824,-2000,832
3892,-4292,620
2852,-2760,760
2164,-160,1676
1092,2312,2492
-2120,4368,3376
-3328,5732,3700
-2472,5152,3200
-412,3592,2788
1968,460,1080
3888,-1864,792
3984,-3068,508
2560,-1836,504
1536,-292,912
1036,1180,2392
-1636,3124,3372
-3920,4452,3780
-2152,5128,4364
-424,3128,3168
1440,2692,2284
3232,-780,1000
2588,-1604,268
1784,-1748,1348
728,-1592,2520
1044,-1168,1284
556,1100,1120
668,2384,720
-1072,3712,1800
-2244,4616,3488
-1316,4600,4836
80,3252,2600
1416,2164,1140
1676,416,716
1704,-1152,-636
1792,-1604,60
2112,-1128,708
1724,-532,2476
1784,-628,1904
1400,868,2212
-1220,1436,1868
-3976,4232,2240
-2800,5752,5020
-924,3832,3380
1504,1968,1372
3324,-676,1052
3276,-1936,-604
1736,-1976,-276
580,-392,672
-128,412,1428
-1180,2060,1732
-2804,3488,3032
-1684,4572,4856
-116,3408,3436
1472,2304,1200
3096,-176,-220
2600,-1344,-432
2396,-1704,540
1312,-1224,2868
996,-1528,1076
-124,972,1468
-1792,2020,796
-1952,4336,3384
-1732,4436,5576
-24,4084,3120
2248,3328,652
2480,228,-632
2300,-1864,-1404
2204,-312,1116
1828,-284,3012
384,-1460,3552
1536,-1432,1896
1372,292,2572
976,2356,1828
-704,3908,1748
-1248,5304,3024
-936,5748,3804
1128,3712,1956
3032,2404,1156
3736,-1932,476
2488,-1140,440
284,-1496,1496
-1444,-1172,2004
-1280,-340,836
-1588,1256,1304
-1640,1848,472
-1480,1852,4
-820,1392,-392
-792,648,168
-656,-60,164
-732,-644,48
-916,-888,-4
-824,-136,132
-976,604,572
-1036,688,1164
-592,624,192
-788,-280,356
-384,44,-476
-696,128,-220
-692,1408,44
-392,1180,-776
-972,1076,-264
-1180,1328,252
-988,1284,272
-1024,1404,660
-612,1248,300
-376,964,84
-444,972,308
-184,752,-280
-100,1648,872
100,1064,1300
1048,1160,1340
-140,1692,1164
764,544,332
24,540,324
-112,-68,-732
-304,-584,-324
-540,-432,264
-60,620,404
488,2092,560
-28,1656,1000
-120,1744,652
-296,1700,592
-228,1348,624
-124,1496,448
-68,1256,456
-64,1100,492
-20,1252,612
-16,1308,640
-44,1468,592
-92,1428,584
-24,1236,340
36,1284,240
92,1164,112
104,1036,0
132,980,-140
104,892,-224
96,796,-388
60,688,-508
20,648,-588
8,436,-692
-24,400,-764
-40,408,-760
-32,224,-816
-40,292,-880
-8,252,-916
8,132,-936
16,168,-964
20,136,-968
32,64,-992
4,84,-980
-20,100,-980
-24,100,-992
-36,56,-968
-36,84,-1008
-24,120,-1020
-28,76,-1000
-20,140,-1004
-8,132,-996
0,112,-996
28,148,-968
16,124,-952
128,156,-960
# balls=7,catches=7,detected=7,sampleRate=25,timestamp=1790082947,countMode=watch_hand
x,y,z
396,112,-900
364,104,-868
352,104,-876
324,124,-916
300,124,-944
308,172,-984
328,136,-988
244,148,-912
192,144,-924
132,164,-928
136,180,-980
232,80,-912
164,76,-1072
-20,224,-1016
116,224,-968
80,152,-1012
64,168,-972
4,200,-1012
-168,100,-940
-40,108,-996
20,100,-1008
168,136,-996
116,396,-1268
188,168,-1044
-24,-148,-1036
-128,-236,-900
-248,36,-852
-388,-8,-876
-224,80,-832
488,308,-1152
120,148,-992
156,104,-952
120,108,-952
128,80,-956
132,84,-952
144,56,-952
144,-12,-940
168,-152,-896
160,-236,-844
216,16,-872
260,396,-848
236,644,-708
204,940,-476
104,1412,-280
-4,1508,-184
-8,1312,16
-36,1276,228
-44,1196,248
-20,1112,244
-48,1044,332
-56,952,232
-96,992,140
-164,960,136
-200,948,124
-212,824,116
-248,740,76
-256,632,104
-204,528,192
-80,396,180
44,372,284
128,328,392
240,648,296
80,1244,744
-492,2812,984
-772,2692,1020
-596,2400,980
-112,1944,980
340,1236,904
516,792,800
684,116,516
820,-816,56
984,-1516,304
1172,-1492,676
1260,-272,1140
952,1736,1652
-372,4072,1656
-1424,5188,2180
-1536,5392,2052
-448,4352,1992
812,2936,1652
1916,-164,1196
2944,-3140,732
2972,-3416,756
2224,-1912,980
1600,252,1644
-144,2780,2192
-3252,4548,2888
-2968,5984,3376
-1972,4880,2920
192,2776,2104
2988,-948,788
4880,-3440,228
3952,-3172,176
2340,-1008,908
1304,1120,2240
-2352,3700,3892
-4048,4680,4228
-2036,4308,4372
-392,2952,2416
2412,1780,1340
3656,-1568,-384
1844,-1544,232
648,-2080,460
-724,-564,1148
-572,-940,708
208,-324,128
636,1140,1052
468,1912,2160
-1052,3000,2660
-1536,4172,3444
-1092,4140,4528
792,2448,2556
1928,1320,2104
2364,-220,932
1632,-720,944
1204,-1468,448
1376,-1452,984
1852,-1800,1124
1676,784,1168
632,1172,368
-2252,4184,1272
-2472,5340,5012
-1308,4828,5260
936,3064,1144
2828,1136,428
3868,-2420,-1416
2700,-2272,404
936,-1472,3256
-36,-900,2108
424,768,1816
112,1284,1780
-852,2472,1816
-2132,3664,2936
-1368,5036,3964
228,3648,2720
2072,2412,920
2564,584,1244
2376,-1580,268
1364,-1812,456
1020,-1476,2220
1360,-976,3172
2128,-192,1936
-12,2204,1624
-2396,4252,2820
-1484,5372,4568
-740,4536,4620
1036,2804,1564
2080,900,688
2544,-1728,-1288
1960,-2012,4
2036,-1664,736
1568,-848,2196
816,-552,1804
892,1228,2032
-996,2924,2640
-1876,4116,3152
-1808,5084,4224
-60,4144,2740
1612,2876,472
2444,1288,436
2064,-1300,-1100
1740,-1728,-408
1908,-884,2080
1220,-944,3676
1216,128,3268
1548,4,2428
620,1152,1704
1284,1636,640
172,3480,1324
-992,4368,2168
-944,5596,3732
312,4380,3404
1688,2180,1888
1772,1140,1980
2248,624,1456
1208,1036,1396
416,-344,648
-448,-440,1012
-380,-592,1264
4,-232,788
24,-564,-44
52,652,40
-380,-484,1988
-464,-444,1620
-716,-496,1340
-780,-676,1076
-700,-668,712
-740,-888,412
-960,-780,208
-1036,-796,104
-1044,-764,72
-1120,-676,20
-1012,-132,-340
-964,-404,-388
-844,-480,-32
-744,-384,-104
-624,-796,60
-588,-812,224
-472,-744,264
-392,-788,392
-352,-676,424
-300,-616,432
-300,-704,428
-280,-544,304
-208,-368,180
-148,-288,144
44,172,-60
124,-252,452
672,268,2212
568,204,768
3132,2316,560
2568,3360,-1228
1608,1856,-2192
1116,1664,-2368
1072,1236,-2652
920,1084,-2380
768,608,-2048
676,592,-1612
628,432,-1088
492,220,-876
348,224,-744
260,84,-640
176,52,-688
132,172,-712
112,160,-732
128,96,-824
72,140,-808
72,84,-836
64,64,-872
72,120,-888
76,88,-908
48,52,-948
12,108,-964
12,56,-936
-24,32,-952
-40,44,-948
-60,24,-916
-96,48,-1012
-60,60,-1012
-12,20,-1004
28,40,-1016
80,36,-980
80,48,-952
72,96,-984
152,84,-956
80,48,-1020
68,112,-1028
56,92,-1052
-8,92,-1044
36,112,-1060
# balls=7,catches=16,detected=10,sampleRate=25,timestamp=1790083035,countMode=watch_hand
x,y,z
672,392,-712
656,404,-700
640,352,-672
620,336,-668
616,328,-652
612,344,-660
620,340,-644
648,348,-640
668,348,-732
500,312,-696
604,380,-720
632,336,-748
656,300,-788
828,348,-852
736,456,-1052
308,244,-744
300,352,-740
456,360,-836
296,204,-804
92,48,-776
620,288,-944
1104,656,-944
428,284,-808
460,364,-816
416,348,-820
404,348,-840
368,352,-824
344,336,-836
352,340,-832
364,332,-832
408,316,-848
468,316,-828
504,228,-804
564,176,-696
632,328,-620
688,436,-564
728,500,-436
744,564,-400
764,728,-236
696,708,-48
620,732,172
560,988,356
508,1108,364
448,1100,448
432,920,608
456,912,524
492,788,564
492,720,552
508,736,524
520,736,524
540,696,472
524,708,408
528,712,448
552,736,448
696,784,564
708,664,640
756,608,692
780,708,880
752,612,796
656,604,796
568,516,784
504,496,560
460,472,616
448,448,668
452,508,612
448,508,740
432,560,708
416,636,648
384,852,736
328,864,588
228,932,600
200,924,616
208,896,528
296,872,540
436,940,588
552,984,644
520,952,544
404,860,360
396,804,288
528,836,288
628,808,424
604,752,460
528,776,424
468,780,432
428,768,396
380,796,428
304,852,436
228,856,412
192,912,420
168,916,412
120,884,376
80,916,480
116,880,492
176,1032,652
256,1184,848
220,1092,672
84,1056,728
4,976,680
-24,912,540
-28,884,616
-24,824,584
-4,836,504
0,840,576
-8,800,464
-36,860,440
-80,868,492
-100,876,420
-164,980,400
-192,976,356
-260,972,268
-336,1020,388
-284,912,316
-176,724,168
-92,376,136
56,120,268
160,152,480
340,580,516
-76,1840,720
-756,2952,692
-656,3064,548
-292,2536,800
256,1864,956
680,836,744
900,-452,608
1096,-1448,232
1160,-1828,616
1232,-908,948
1296,828,1488
112,3224,1592
-972,4820,1580
-1504,5432,1744
-700,4660,1828
484,3400,1648
1376,976,1380
2460,-2160,872
3036,-3472,804
2404,-2596,808
1644,-636,1344
756,1924,2300
-1932,4344,3076
-3108,5528,3576
-2360,5152,2876
-432,3428,2332
1692,420,1172
3992,-2376,896
4372,-3236,492
2680,-1976,508
1696,428,1432
-448,2524,3288
-3844,4076,3908
-2684,4760,4336
-1256,3604,3076
1344,2372,488
3076,-436,-524
2436,-2464,-1428
1652,-1736,1408
1292,-1228,1844
744,556,1748
156,924,1884
-80,1864,1152
-1596,3288,1964
-1976,4552,3012
-1036,4640,3632
672,3084,1752
1528,2476,1668
1768,-1012,320
872,-1044,-292
980,-912,-392
1744,-816,1140
2212,-796,2740
1320,-360,2112
1264,368,1188
-240,1364,2356
-3052,4384,2492
-3088,6356,4828
-764,5412,2060
3216,3524,704
4888,-1600,452
2528,-2228,1328
-116,-3700,2988
-768,-76,2344
-444,-248,1976
688,2308,812
-1836,3528,2112
-1624,5220,3464
-120,4440,2112
2308,2508,624
3940,-1948,-632
2748,-1984,524
536,-1196,3144
-952,-376,1700
224,72,1068
612,1092,1464
256,1680,1912
-1168,3212,1800
-2188,4748,2888
-792,4300,2440
1380,2648,904
3204,1432,1444
3288,-848,1104
1120,-1228,1664
208,-1072,2372
240,-432,2100
-748,388,1852
608,516,892
-4,2364,1196
-1236,3612,2308
-1272,5284,4012
-408,5304,2896
1512,4160,600
2512,2000,404
1880,-168,-228
1104,-2156,1064
2324,-804,2524
3048,1044,4660
2688,756,2272
1576,816,2128
1712,2580,1308
-1132,5568,1808
-1188,7180,3936
-8,6388,2932
1000,3992,1412
1516,1712,-176
752,-1796,-1352
1620,-1832,-1016
2084,-924,1084
3024,-1472,2236
4020,-396,1960
2496,128,2388
1516,668,2208
-312,3348,2108
-2708,5360,2236
-2064,6116,3108
-716,5032,3008
1712,2416,1216
2360,340,1528
3900,-2212,-76
2604,-2244,812
1188,-1216,708
860,320,1140
-2904,1624,1780
-4012,4760,3448
-1572,5456,5376
2428,3784,496
4812,1776,416
3868,-1780,-1224
1684,-2540,1444
184,-2144,3296
204,-268,4444
1408,564,2564
1068,1168,1840
348,1868,2332
-1460,3568,2252
-632,5344,2904
768,4840,1600
2056,3144,96
3924,-1524,-1280
3216,-1840,-1140
1352,-1432,1804
-588,-1116,2340
-1008,404,1820
-12,268,1428
1084,880,1492
1620,2196,1848
-492,2408,2128
-1576,3892,2280
-748,4616,3072
1340,3120,1812
2736,2224,1856
3500,-896,1652
2476,-1160,932
896,-1532,1992
344,-1076,2784
-396,0,1732
320,-148,1396
1188,2980,288
-1308,3892,2096
-12,6228,4456
-40,4200,2332
896,2504,424
1624,-192,-444
1688,-2552,-1412
2296,-1848,380
1992,480,1568
1048,776,1532
1628,72,728
720,920,2476
-764,1940,1488
-2332,3300,2044
-1400,3536,2916
-1020,3936,4520
940,3252,2684
3688,2856,320
4208,-300,1276
2256,-2020,964
312,-372,2204
-1568,-240,2512
-844,-1108,616
-2012,452,1284
-1508,-572,988
-624,328,40
-760,380,700
-116,1524,-492
-544,1964,16
-344,2152,-584
-164,1392,-220
192,652,-208
-748,8,2088
-468,-740,1864
-340,396,2252
-420,1328,64
-500,916,-204
-464,816,-268
-332,1040,272
-160,1120,168
-188,864,44
-196,708,132
-268,796,252
-288,844,164
-236,948,148
-52,964,212
-40,1152,52
-84,1484,-44
12,1512,-132
24,1580,-104
16,1300,-88
12,1148,-216
-12,952,-336
60,824,-416
120,728,-548
196,532,-696
208,404,-772
224,444,-776
220,472,-800
248,428,-868
276,380,-896
264,392,-848
260,340,-868
264,356,-892
260,296,-900
256,316,-916
200,308,-924
160,260,-924
156,252,-908
124,276,-908
64,232,-928
48,240,-944
-4,248,-984
-44,288,-996
-100,300,-1040
-72,292,-1040
-52,276,-1016
-4,280,-992
4,284,-956
20,260,-920
44,256,-892
32,260,-900
48,276,-924
68,296,-960
76,300,-1008
64,328,-992
52,328,-1020
44,332,-1044
40,356,-1004
68,368,-984
64,360,-964
60,376,-936
40,376,-924
60,344,-916
88,344,-900
108,344,-948
168,340,-1016
216,288,-984
296,244,-932
140,264,-940
276,56,-964
192,188,-1004
220,208,-976
280,188,-964
272,36,-864
240,48,-912
188,72,-880
128,96,-868
148,96,-876
128,128,-884
132,76,-932
124,88,-924
92,92,-928
16,64,-928
100,100,-960
28,104,-952
-8,80,-940
32,88,-976
56,112,-988
24,140,-1012
-20,152,-1060
-12,164,-1112
4,248,-1188
132,336,-1180
120,384,-1004
# balls=7,catches=10,detected=8,sampleRate=25,timestamp=1790083078,countMode=watch_hand
x,y,z
600,368,-868
600,300,-860
616,260,-856
628,240,-836
604,208,-724
524,160,-760
508,188,-780
460,268,-784
444,176,-820
444,136,-732
484,156,-904
396,128,-880
272,136,-944
252,72,-980
172,84,-860
204,168,-960
28,168,-980
156,188,-948
-552,396,-1340
-152,380,-928
-36,176,-924
-140,332,-840
-564,-12,-792
-736,-400,-804
-340,-336,-716
556,464,-844
320,60,-1076
-24,104,-904
-16,-52,-888
16,4,-876
8,16,-904
32,-84,-904
124,-92,-772
276,28,-612
468,320,-452
712,736,-236
808,1052,36
768,1164,100
804,1428,388
720,1360,540
616,1060,292
444,1060,332
380,896,480
372,796,424
344,780,500
304,792,588
280,796,592
220,780,568
176,696,580
132,704,640
108,708,716
192,800,816
352,1024,1256
456,956,1232
420,904,1100
336,848,1080
316,756,896
272,720,704
204,728,856
160,672,724
148,672,588
64,672,792
16,784,692
-28,800,596
-68,752,532
-132,812,528
-252,800,412
-356,836,452
-392,884,464
-372,920,440
-336,880,388
-240,672,196
0,44,72
196,-312,236
308,-44,324
236,564,616
-332,2220,848
-944,3368,784
-844,3436,1012
-252,2788,1140
472,1860,1252
880,620,872
960,-660,288
1216,-1700,140
1276,-1796,600
1316,-804,1096
1148,1008,1508
-240,3548,1540
-1728,5420,1760
-1960,5832,1680
-848,4828,1636
624,3224,1728
2236,-528,1080
3772,-3872,768
3396,-3440,1164
2408,-1460,1636
1452,1240,2020
-1728,3824,2748
-3632,5760,3728
-3272,5820,2984
-1296,4164,2844
1324,932,1416
4084,-2828,900
4336,-3852,768
2948,-2368,1012
1980,-192,1696
820,2068,2356
-2728,4312,3500
-3056,5016,4456
-1948,4292,4420
-76,2804,2412
1376,1548,1416
2828,-1512,-984
2452,-1964,-556
1932,-2040,-608
1944,-1064,1348
1812,-412,2304
1220,184,1936
476,1232,2728
-1216,2640,2892
-2220,4096,2956
-1832,4920,4132
-120,3612,3248
1444,1868,908
1516,400,592
2128,-1616,-552
2456,-1976,-32
2188,-1104,320
1588,-1208,688
1760,568,1888
24,2244,3124
-3504,3616,3508
-3276,5060,5196
-500,3720,3488
3228,2912,1148
4736,-1728,-392
2388,-1560,140
400,-1952,2576
-736,-960,2528
736,-672,416
44,504,1068
92,932,1292
-1384,2628,2676
-1476,4768,4132
-736,4780,4544
1284,3868,2060
2596,3120,1692
2880,800,1364
1284,-24,904
356,-616,1192
500,-692,2396
1564,708,3736
2384,1316,3328
1100,960,3312
1656,1120,2708
1868,3356,2552
508,5488,2504
1068,7420,6448
80,6240,2816
24,3852,136
708,8,-2716
1164,-3688,-1880
2416,-1992,956
3980,440,3092
2652,-808,3988
2324,876,1544
1992,356,996
104,1140,1652
-3988,3764,676
-2648,6372,1580
-2164,5248,2168
380,4316,2064
2808,3240,3584
2112,-596,2416
208,-140,2280
404,508,2716
1704,424,2828
1116,-148,1404
968,808,108
372,-308,-188
-316,-332,-1064
-840,932,-1968
-1352,2016,-2504
-996,1580,-1916
-1576,1692,-1328
-1124,1600,-1384
-764,1388,-1136
-892,960,-1156
-860,836,-1020
-976,424,-572
-640,188,-276
-188,228,-48
172,148,500
176,500,356
648,1112,2248
984,468,888
688,636,780
-1544,1656,120
-896,228,-664
-1748,16,-476
-1876,180,-496
-1556,4,-324
-1368,12,-124
-1168,-128,-316
-1072,-260,-132
-952,-620,-60
-788,-1100,-168
-712,-868,-320
-628,-724,-80
-664,-560,-36
-624,-644,184
-728,-796,676
-888,-852,1012
84,-396,1144
1040,880,-4
948,1268,-596
748,716,-264
648,324,-1076
216,304,-1048
356,264,-1068
572,604,-1312
580,800,-1496
616,744,-1596
616,1120,-1612
624,952,-1684
504,720,-1400
400,732,-1204
420,568,-1164
436,524,-996
464,464,-924
508,344,-924
496,300,-812
412,284,-816
408,188,-928
360,160,-844
280,132,-788
216,36,-876
200,32,-764
208,44,-888
132,-4,-900
208,16,-884
168,-92,-880
300,-48,-968
132,-56,-892
204,-108,-908
188,-60,-916
120,-80,-868
164,-48,-892
128,-80,-904
172,-56,-920
# balls=7,catches=11,detected=7,sampleRate=25,timestamp=1790083150,countMode=watch_hand
x,y,z
324,-184,-856
280,-112,-900
328,-136,-888
344,-136,-940
328,-36,-916
356,-60,-892
692,180,-944
268,168,-928
196,-448,-908
44,-432,-836
-336,-536,-868
-108,168,-936
1004,100,-1012
128,-116,-896
104,-20,-956
84,-8,-880
144,-16,-760
156,144,-664
132,364,-368
88,604,8
-4,1228,440
-80,1636,524
-88,1536,580
-20,1316,712
-92,1300,648
-136,1072,564
-108,972,596
-20,1184,648
0,912,608
40,1008,540
-8,972,404
-20,896,468
-44,848,432
-60,852,396
-80,912,448
-68,844,436
-104,932,432
-152,960,424
-184,948,448
-224,984,380
-240,972,420
-240,968,444
-200,880,408
-152,700,368
-44,540,312
-4,356,348
4,388,364
-52,864,404
-496,1900,532
-848,2696,688
-784,2472,720
-244,2012,860
216,1272,732
424,320,512
600,-524,180
884,-1168,172
1148,-1268,660
1320,-564,952
1384,512,1452
240,2872,1432
-880,4500,1656
-1712,5584,1976
-1096,4928,1960
176,3772,1860
1452,1172,1172
2588,-2300,620
3080,-3756,656
2664,-2708,712
2196,-632,1528
556,2500,2352
-3152,5148,3392
-3080,6216,3380
-2232,5296,3080
364,2860,1836
3312,-1728,948
5636,-4764,652
3940,-3620,688
2280,-360,1440
-568,2856,3104
-3656,4556,4176
-2560,4828,4924
-868,3652,3588
740,2964,1200
1968,-316,-1288
2300,-2532,-2264
2936,-2560,264
3048,-1900,2468
2056,292,2608
1172,392,1648
224,1744,1768
-1560,3396,1924
-2384,4756,3388
-1476,4564,3932
4,3468,2700
948,2108,1252
912,-956,-544
816,-1604,-756
1668,-1876,-832
2904,-1184,408
3512,-732,1956
2976,-368,1248
1576,688,1604
-1576,2460,2096
-4096,4420,3412
-3460,5644,5392
-100,5572,2336
4284,4744,1956
5360,-788,1792
3232,-772,1992
1896,-640,5344
316,620,5492
348,-240,3384
1120,728,1404
1016,2252,1060
-572,4532,2436
304,5552,5280
432,5004,3452
1012,3508,1036
1852,732,-816
1116,-2380,-2408
2260,-2056,-1164
4588,-1288,2092
2780,-940,3864
2648,-612,2736
2204,464,2024
1340,1636,1884
-1660,5128,2232
-1932,5884,3500
-1328,5512,3484
652,4292,1948
2752,2352,712
3776,-268,368
3464,-3552,1276
2552,-2548,1180
1264,-652,2052
552,736,1544
-880,2224,1340
-1948,3780,2136
-2188,4648,4372
-664,4296,4508
948,3376,2200
2256,2736,2008
2428,-88,80
1116,-576,-608
768,-752,112
1436,-668,1304
1952,-52,2904
3384,-484,3416
1780,916,2848
1212,768,1872
604,1920,1728
-1964,4992,2168
-808,7012,4232
104,6596,3144
1192,4336,1196
2628,1664,328
3432,-2784,-1404
4020,-2500,-120
2060,-524,2952
1248,44,1988
-1040,1924,1780
-1784,1892,1240
-2384,1944,752
-2184,1764,992
-1556,1268,852
-1192,820,828
-980,516,536
-904,0,148
-468,316,916
-532,736,2096
684,260,1280
-760,1608,1132
-112,632,176
-320,376,-376
-404,244,-432
-668,-368,-468
-952,-572,-268
-1180,-548,-356
-1220,-388,-372
-1020,-260,-480
-892,408,668
-664,176,576
372,-140,1316
-412,1408,1952
-68,116,592
-340,564,604
-484,664,328
-356,224,88
-312,724,-172
-292,764,-80
-24,1020,24
172,1332,96
316,1636,24
408,1752,212
380,1616,12
348,1412,-68
360,1416,-184
392,1268,-256
496,1108,-388
544,1072,-428
# balls=7,catches=10,detected=7,sampleRate=25,timestamp=1790083197,countMode=watch_hand
x,y,z
824,148,-556
756,128,-628
704,112,-684
664,80,-736
604,40,-732
572,24,-732
512,-32,-740
420,8,-728
364,-4,-716
316,-8,-728
288,32,-744
312,-12,-796
272,-40,-856
284,44,-920
240,44,-968
560,8,-1120
0,0,-896
88,80,-952
44,84,-976
112,208,-1000
80,172,-1028
132,120,-1012
200,272,-920
124,84,-1044
104,100,-1136
-100,88,-1016
-108,-20,-1004
-48,-84,-1048
-112,-4,-940
-384,-104,-876
-476,-252,-864
-268,-272,-812
576,44,-888
248,44,-1044
20,0,-996
8,-16,-952
24,0,-976
12,28,-976
-20,32,-968
-44,8,-976
-40,24,-988
-64,32,-1004
12,36,-1052
36,-32,-992
100,-108,-940
192,44,-1020
236,112,-1052
160,96,-1048
72,-28,-1000
36,-28,-940
40,-68,-944
84,-108,-952
72,-144,-940
64,-60,-980
64,-64,-960
52,-72,-952
20,-56,-976
-4,-64,-1008
-28,-28,-1008
-20,16,-1028
-12,-20,-984
-36,-76,-904
-64,-180,-808
-92,-196,-716
-144,-72,-548
-76,260,-388
-36,660,32
-12,1388,404
8,1680,428
-48,1316,588
-72,1292,744
-108,1164,652
-128,1100,596
-120,1116,644
-124,1032,604
-120,864,604
-24,616,388
52,412,248
140,180,164
132,364,288
-8,1004,716
-496,2252,868
-712,2748,976
-388,2460,1012
32,1844,940
484,1220,764
652,536,728
676,-368,216
804,-1428,156
1044,-1452,572
1140,-724,880
1268,568,1392
400,2712,1568
-900,4452,1648
-1884,5448,2128
-1460,5032,1848
-92,3868,1728
1212,1656,1568
3028,-2048,752
3548,-3780,944
2672,-2984,868
1836,-748,1400
580,2164,2308
-2824,4740,3008
-2964,5784,3568
-2048,4872,3288
-156,3312,2572
1856,340,892
4740,-3712,176
4388,-3732,404
2632,-1696,1280
1428,1060,1868
-1628,3472,3596
-3276,4572,4244
-2316,4736,4736
-432,3436,2932
1528,2128,168
2680,-2820,-1868
2752,-3044,-960
2232,-980,2248
1824,-432,2360
1172,600,2276
560,448,1752
-100,1936,1620
-2480,3648,2012
-2944,4988,3160
-1560,4664,3796
456,3016,2268
2204,1588,1624
2576,-416,580
1740,-1436,616
1416,-1104,220
1380,-572,888
788,-1088,1492
1220,-1004,704
-60,912,1424
-2736,3468,1168
-2660,4880,4260
-1704,5064,5524
132,3420,1784
1504,1708,808
2120,-648,-820
1900,-1620,776
2048,-1268,896
1708,-476,2312
1732,-716,2812
584,544,2680
440,1600,1880
-1356,4176,1928
-2540,5568,3184
-1352,5628,3264
92,4056,824
1680,2020,-336
2620,-3340,-2360
2408,-3044,-48
3040,-1144,3040
3368,-248,3708
1880,-188,2904
592,1320,1028
-100,3080,428
-1672,3956,1592
-2576,5580,2152
-1240,5348,2688
1488,4196,1396
3408,2696,1500
3464,-1200,740
2148,-1520,1620
552,-444,3888
36,-268,2816
12,-332,1848
652,-120,1488
1296,804,1048
396,2800,2228
-1064,3772,3324
-992,5012,4808
-80,4140,3780
1252,2484,1472
1700,612,656
2304,-2316,-1308
1576,-1684,-360
724,480,1232
-40,1500,668
-1544,696,476
-1912,964,-260
-1736,324,-648
-1328,100,-436
-1196,52,-148
-1228,8,164
-1184,4,376
-916,-160,464
-600,592,392
192,880,2244
1056,1288,2620
-252,1540,2488
-48,1116,704
-156,112,232
-320,-76,-240
-700,116,-500
-736,-140,-696
-908,144,-460
-856,-224,-532
-924,-68,-648
-908,124,-472
-952,184,-452
-960,348,-344
-884,668,-552
-984,436,-232
-840,692,-336
-776,772,-352
-1004,764,-308
-1012,660,-424
-236,-504,-292
-1072,2360,-616
-244,448,-912
-656,488,-292
-672,700,-356
-720,668,-360
-788,596,-108
-660,684,-372
-648,452,-576
-568,412,-560
-472,372,-756
-380,284,-932
-332,220,-860
-284,348,-980
# balls=7,catches=13,detected=9,sampleRate=25,timestamp=1790083232,countMode=watch_hand
x,y,z
464,232,-796
568,140,-772
580,268,-884
268,184,-864
324,176,-872
300,140,-912
332,136,-904
232,44,-848
340,140,-844
1060,-64,-324
352,80,-892
204,88,-972
-12,-244,-920
-100,-484,-932
308,-892,-832
300,724,-752
480,292,-1028
112,156,-904
180,124,-872
276,196,-728
240,188,-624
312,288,-412
512,500,-168
648,660,8
684,1112,488
584,1456,464
488,1232,316
396,1072,528
372,1192,560
348,1052,584
336,1028,488
496,1552,648
568,888,616
616,808,744
532,620,680
324,512,420
380,852,428
392,868,396
484,748,360
512,1068,424
700,1048,284
672,1124,404
680,844,100
676,812,96
624,608,272
532,532,396
636,732,284
720,616,220
736,772,316
756,712,136
636,620,204
676,660,-80
584,560,-140
432,768,-76
476,688,-100
520,612,-60
544,680,68
476,604,-136
476,880,32
552,1360,612
644,1396,540
660,1412,960
688,1120,1152
692,1088,896
600,844,888
520,836,704
404,912,636
264,724,596
208,776,472
156,792,580
104,676,456
28,668,408
-44,688,432
-100,752,380
-240,852,332
-344,884,336
-308,860,360
-188,756,268
-92,412,160
64,96,288
196,196,360
192,536,352
-332,1408,608
-900,2956,712
-792,2940,604
-368,2864,968
276,1908,904
736,804,660
988,-360,320
1304,-1920,84
1580,-2020,824
1540,-620,1156
1304,1424,1656
-376,4244,1688
-1896,5348,2248
-1664,5564,2168
-568,4584,1932
944,2876,1624
2204,-1020,852
3280,-4064,368
3244,-3676,844
2540,-1516,1592
1588,1592,2168
-1664,4148,2692
-3144,5636,3344
-2644,5688,3420
-880,4476,3008
1636,1492,1576
4200,-2876,936
4780,-4424,1052
3008,-2468,1388
1808,640,1408
-772,3104,2600
-3404,4676,3860
-2816,5040,5064
-1076,3644,3460
1172,2576,1300
2640,-808,-228
2688,-2508,-1140
2496,-1704,676
2008,-1516,1780
1480,-392,2004
-20,1080,2600
-744,2828,1812
-2464,4344,2536
-1784,5400,3924
-520,4184,2880
588,2552,888
1088,-112,-268
952,-904,-1216
1244,-2100,-1208
2720,-1620,452
2992,-720,2468
2660,-456,1548
1816,904,1896
96,1908,1428
-3544,3508,1292
-3556,5244,3920
-1796,5096,3372
1424,4196,1060
3544,1528,756
2772,-1144,-236
1860,-1060,880
1292,-1444,3248
1120,-1488,3884
352,-568,2952
964,668,2232
1188,1688,796
-1072,3984,940
-2160,5452,2220
-1384,5808,3440
256,4000,1868
2280,2240,1936
2972,476,1748
2648,-1276,2288
820,-2576,2292
1028,-1376,2764
464,-460,2464
1840,1036,1160
976,4144,-300
-1436,4916,2124
-1000,5580,4880
-628,4048,2976
340,2636,1168
900,404,-92
756,-1932,-1776
956,-1172,-664
2036,-184,464
2032,-492,2356
2688,-792,1168
2520,-396,2600
1992,-160,1336
1160,792,1732
-2396,4080,984
-2896,5908,2416
-2632,6724,3528
-664,5204,2500
1980,3400,1280
3128,292,1604
2500,-1084,900
1628,-2032,764
1864,-1696,1768
2632,-1560,1596
1832,1404,2332
332,1588,2468
-2852,5480,2044
-2608,6340,5104
-1196,5180,3092
792,3752,264
2608,616,152
2948,-2220,-1224
2476,-2040,372
2560,-860,3796
2724,-72,3344
1688,880,2752
-96,2736,1492
-3496,5764,2208
-2524,6360,4224
-160,4768,1868
3036,2732,896
4356,-2580,-460
2048,-2132,908
472,-1564,1264
-708,-460,1576
-148,-52,400
588,1144,516
-688,2660,2468
-1296,4428,3380
-1296,5024,3732
344,3952,2188
2952,3324,824
5072,-2816,-1368
3796,-3248,-1516
2496,-1364,2644
1280,-188,5152
436,1432,3680
796,428,1372
1148,640,796
140,2224,1316
-1480,4024,1940
-796,5348,2964
860,4852,2228
2392,3280,944
2764,1888,1196
1688,-1592,396
856,-1584,524
156,-940,1812
728,-920,2092
864,-644,1724
1668,228,1712
1004,664,1436
104,1832,1164
272,3228,1008
-776,4624,2436
-904,4320,1000
-488,3148,-140
372,1700,-464
-152,340,1916
-408,724,2332
-212,-1548,4248
-756,2688,2492
1064,-1576,-1828
-596,472,-2892
-464,-208,-720
-760,296,-160
-1152,984,36
-1592,788,180
-1508,256,-64
-1372,56,-68
-1196,0,88
-928,52,140
-664,404,160
-588,544,324
-380,1292,1060
472,660,1408
-160,1636,1864
364,1024,548
-236,384,732
-136,100,52
-408,292,-400
-612,-104,-372
-876,-84,-280
-844,-176,-312
-796,120,-488
-748,-4,-80
-440,368,28
-228,376,-32
-28,596,0
152,604,48
452,1344,604
748,1656,624
948,1664,1004
1056,1572,940
1020,1080,716
936,920,376
924,816,284
912,764,332
844,592,260
780,668,224
760,716,264
744,784,316
788,888,400
832,788,428
844,880,356
860,848,176
804,836,128
748,764,-12
680,696,-172
632,672,-292
580,656,-304
536,516,-480
440,524,-612
404,424,-804
468,256,-812
360,284,-752
248,164,-712
192,180,-816
188,340,-836
212,256,-868
188,220,-880
164,248,-820
144,268,-824
172,276,-852
224,256,-876
292,324,-944
264,448,-968
284,336,-916
292,380,-864
272,460,-872
240,444,-828
232,528,-780
556,724,-1004
700,480,-812
688,564,-604
612,616,-572
564,592,-600
572,520,-572
572,472,-568
592,500,-624
568,504,-608
548,476,-588
496,396,-564
468,384,-532
428,360,-480
380,296,-400
312,288,-308
220,116,-112
260,204,-24
408,376,-248
428,844,-312
544,984,-300
680,868,-440
712,804,-444
644,804,-372
636,772,-348
692,736,-292
780,972,-352
912,1116,-544
860,1016,-536
828,1052,-556
800,916,-636
820,824,-628
772,948,-652
820,960,-812
924,904,-868
860,832,-748
816,788,-796
748,692,-716
704,732,-636
640,748,-700
# balls=7,catches=9,detected=9,sampleRate=25,timestamp=1790083313,countMode=watch_hand
x,y,z
344,0,-936
400,-88,-868
288,-52,-1008
464,88,-1024
412,4,-924
212,-160,-940
692,120,-960
76,-356,-872
288,92,-936
152,-92,-972
-104,-344,-960
84,-352,-920
760,184,-1004
332,0,-992
268,-100,-900
232,-40,-876
220,0,-896
216,-48,-900
224,-56,-816
148,-124,-724
184,-212,-656
296,112,-396
312,612,-100
380,956,280
324,1456,752
84,1888,748
-24,1680,796
-44,1244,828
-100,1160,924
-88,984,880
-124,872,820
-136,916,820
-124,776,764
-88,856,668
-60,884,612
-40,816,572
-88,864,532
-148,860,328
-168,756,276
-188,896,332
-156,912,288
-160,904,264
-188,984,384
-180,944,392
-192,964,376
-172,988,364
-180,944,364
-196,964,388
-216,984,344
-248,980,360
-268,984,340
-292,956,320
-324,968,328
-384,980,368
-372,948,368
-304,868,336
-224,608,248
-120,288,228
-4,132,268
76,252,356
64,772,580
-276,1784,764
-736,3016,724
-736,3148,704
-224,2368,812
248,1724,1108
592,860,868
612,-52,540
648,-800,264
772,-1448,260
1024,-1380,608
1272,-616,1232
1016,1108,1652
-480,4032,1440
-1468,5296,1528
-1784,5468,1620
-864,4464,1668
592,2980,1648
1780,-420,904
3128,-3544,588
2936,-3400,732
2040,-1736,1200
1256,576,1960
-1044,3124,2384
-3300,5092,3360
-2924,5660,3180
-1508,4392,3028
872,2276,1728
3016,-1536,1068
4328,-4124,760
3392,-3396,636
2168,-836,1120
884,1592,2216
-2612,3520,3616
-3216,4344,4480
-2152,3764,5060
-332,2840,2940
1188,1712,1192
2200,-1604,-700
2240,-2236,-364
2400,-1952,844
2220,-1672,1652
1676,-1000,1380
360,1620,1796
-1236,2840,2408
-2532,3968,3780
-1708,4156,5100
-700,3292,3940
408,2400,1636
488,660,92
660,-2048,-1428
1456,-1860,-772
2344,-920,868
3356,-1164,1968
3768,-1100,1284
2064,192,2560
-504,1620,2344
-3972,3968,2200
-4688,4996,4456
-2340,4840,3620
1628,4324,1704
4752,1280,2728
3732,-1828,1248
1684,-1268,2324
-776,-188,4640
32,-476,3596
324,528,2416
1108,1612,1824
-920,4668,1068
-1788,6204,4688
-168,4708,2348
1896,2120,-332
2996,-2604,-1716
2148,-2036,-84
612,540,2728
-332,-236,976
-704,-52,1972
-16,-352,1360
-48,512,1512
-792,2000,1472
-1700,3620,2728
-592,4648,4084
444,3260,1960
1540,1932,892
2852,-1780,-604
2540,-1944,-504
1812,-1420,220
764,-76,2316
1080,176,1576
408,52,2864
-800,1060,2792
-3460,3188,2956
-2068,4684,4056
348,4420,2092
2872,4040,1232
4460,-1380,856
2228,-1312,636
-44,-1752,2764
-1056,-1184,2700
-316,-924,2804
128,524,1208
732,-72,1752
896,2076,844
588,1324,2136
-64,2672,2784
-916,3524,3016
-4,4596,3916
1656,3592,2320
2324,2624,336
1960,-512,-1048
788,-1724,-1336
660,-1008,-384
1180,-280,1532
2596,-560,2156
2056,116,1872
1944,-752,1324
1068,-580,1276
1168,588,1928
-1104,3800,2660
-1704,5112,4752
-512,5460,5648
1012,3940,3420
2240,3364,2476
2656,1368,956
2900,-1312,672
3252,-1260,2092
2692,-600,1356
680,48,2644
724,-480,2028
-256,492,3004
-2236,1824,1976
-3688,3224,1088
-2252,4124,4580
1236,4888,5004
3032,3724,2612
4276,1424,844
2832,-716,612
1476,-2172,2468
-400,-1044,3880
-284,-1420,2392
-1032,716,1132
-1724,-816,588
-1008,124,-816
-1288,564,-508
-1116,408,-156
-1104,640,148
-1056,552,244
-1024,964,172
-788,904,0
-828,728,48
-916,920,392
-836,848,212
-1324,924,-8
-1272,980,-348
-976,1072,-676
-616,772,-528
-564,972,-112
-108,1936,888
-404,1880,908
196,1336,-60
-148,584,1940
-156,680,1060
-152,380,452
52,-64,228
68,-912,308
56,-1996,304
-112,-2688,344
256,-1492,160
-204,-372,776
-136,-44,-28
-424,256,-228
-716,512,120
-512,500,-208
-308,928,-580
-16,1104,-1180
268,1264,-1732
308,908,-1452
480,820,-1660
460,660,-1504
408,320,-1176
420,292,-1084
420,252,-1028
400,152,-888
388,188,-820
440,356,-1036
320,220,-880
488,200,-904
396,180,-960
364,128,-924
368,188,-916
380,172,-920
344,144,-896
316,172,-848
252,236,-792
216,244,-788
224,288,-872
288,332,-920
344,324,-952
316,308,-1000
392,376,-1064
412,456,-1024
288,456,-948
284,456,-908
340,396,-928
300,380,-976
236,408,-948
212,388,-924
164,356,-944
132,364,-892
148,320,-872
116,296,-852
108,268,-884
92,232,-884
64,220,-904
68,216,-892
# balls=5,catches=49,detected=27,sampleRate=25,timestamp=1790083464,countMode=watch_hand
x,y,z
524,472,-240
408,388,-312
284,-88,-152
496,576,-520
144,512,-348
132,564,-508
48,552,-620
40,488,-604
-4,444,-568
40,512,-648
-12,412,-576
232,536,-756
324,616,-932
-244,196,-732
-120,268,-756
-288,120,-888
-336,-72,-804
860,364,-976
320,-140,-984
468,132,-948
192,-144,-736
144,-128,-932
308,-96,-1024
416,-228,-948
368,-212,-992
228,-24,-732
120,236,-532
60,532,-360
-16,984,-188
-72,1200,140
-20,1316,444
-24,1272,436
-36,1032,492
-8,812,468
-28,580,376
4,412,324
-28,348,532
-48,684,528
-268,1584,952
-496,2632,1468
-220,2700,1376
24,2284,1300
172,1592,1376
376,916,868
656,-324,372
712,-1892,732
1056,-2644,772
1040,-1312,792
864,352,1416
-48,2756,1300
-848,3676,1444
-1216,4736,1812
-460,4328,1980
228,3124,1296
968,964,1472
1876,-2188,644
1848,-2720,676
1248,-1928,556
912,-484,788
740,1156,1672
-576,2668,2500
-1876,3376,2668
-1604,3548,2828
-804,3192,3000
232,1980,1748
648,1524,1188
816,12,656
568,-476,-16
292,-384,336
448,-472,356
696,-504,388
908,-740,560
780,-760,784
904,-352,524
620,1076,1204
-1552,2512,1908
-2252,3568,2272
-1944,4112,4148
-888,3164,3240
204,2236,1200
676,1444,588
752,-280,244
1120,-1492,-136
1380,-1452,496
1408,-808,944
1144,-500,1920
908,108,1688
856,648,1364
-172,2160,2096
-1140,3156,1716
-1808,3748,2392
-1428,4328,3184
-212,3388,2156
868,1948,616
900,1300,1272
1424,-1544,-216
1552,-1320,304
1516,-936,864
680,-1148,1596
392,-1016,1204
-228,552,1124
-236,1240,1596
-304,2176,1756
-960,2876,2408
-1380,3384,2904
-720,3448,3280
340,2504,2068
1164,1744,640
1496,4,768
1832,-1024,-16
1476,-1312,148
988,-872,372
704,-1004,728
-188,-244,1600
28,616,1464
68,1904,1444
-696,2236,1896
-972,3180,2180
-1196,3636,3012
-240,3272,2992
908,2336,1440
1252,1744,932
1108,280,1256
680,-840,328
620,-940,256
920,-1024,888
1088,-776,1472
932,-776,1604
1020,836,1036
516,1156,1592
208,2764,1028
-620,3108,1832
-1352,4012,3000
-1280,4240,3660
-124,3308,2504
1056,2304,1164
1560,868,1000
1780,-452,-212
1388,-1076,500
1072,-1444,672
712,-804,1020
96,-448,1584
808,-200,500
-308,860,1692
-12,2068,1168
-1052,2680,1448
-1768,3980,2836
-1348,4056,3444
64,2980,1920
948,2436,1184
1852,560,872
1632,-180,620
1368,-1260,1004
824,-1496,1120
196,-1588,2068
1144,-336,500
-108,588,1684
412,1712,1364
-164,2336,1132
-944,3288,2232
-968,4488,3092
-260,4232,3064
728,2936,1008
764,2296,988
976,-552,44
360,-748,-632
144,-992,28
548,-1096,516
956,-548,976
1364,-456,2000
1288,-76,1760
1248,60,1136
236,1628,1956
176,1844,776
-824,3068,1468
-1268,3452,1704
-1656,3980,2036
-912,4020,2816
596,2820,1728
1444,1976,336
1636,-344,1040
1736,-1552,-148
1512,-1492,644
852,-820,1040
492,-376,936
-72,364,1552
84,1224,868
-712,2204,1404
-1488,3088,1800
-1704,3896,3712
-684,3512,2772
868,2904,536
1768,1576,1140
2120,-32,-416
1384,-876,772
1068,-816,1164
-28,-708,2440
-368,-916,1960
-560,220,1480
-628,-256,1256
272,292,576
600,1268,988
700,1676,1164
256,2336,1524
-668,3148,2228
-760,3816,2968
116,3520,2440
928,2432,948
1024,1972,1104
1188,-296,624
604,-336,52
468,-768,472
668,-824,820
908,-928,1192
1252,-428,1520
948,552,1220
536,468,1940
64,1568,1412
-292,2840,1636
-1092,3564,3132
-1104,4204,3708
-272,3704,2968
552,2656,1600
1500,1624,-48
1368,-1124,304
1544,-2980,-1204
1756,-2016,324
1272,-156,2752
1088,540,2716
412,736,1824
504,888,1148
320,1364,1664
-152,2080,1756
-1140,2816,1960
-1476,3884,2676
-784,3512,2828
484,2232,1736
1500,1576,2140
2216,-548,1120
1488,-476,1220
560,-1488,792
284,-1468,656
-1164,100,1012
-628,-872,520
52,-156,-76
492,620,16
760,1824,212
172,1388,1416
-444,1900,2048
-924,2952,2516
-808,3312,3708
-12,2796,2672
1320,2000,1008
1824,944,1344
1688,-380,776
1024,-1128,844
396,-1084,1404
184,-712,1484
184,44,1324
144,356,1296
600,772,544
568,2052,1024
-72,2340,1960
-816,3080,2756
-840,3884,3336
-172,3600,2804
788,2664,1180
780,2200,1116
984,-460,264
416,-452,-384
80,-708,108
732,-948,528
1300,-508,1444
1272,408,2152
1004,-216,1212
256,880,1732
600,712,900
132,1668,1292
-1020,2908,1488
-1904,3944,1804
-1976,4676,3368
-688,4176,2892
860,2884,1196
1272,2108,1300
1560,-588,172
1280,-640,176
1156,-1180,912
1168,-776,1508
1096,-1484,1840
628,764,1780
196,636,1452
176,1428,1376
-728,2792,1356
-1772,3900,1620
-1616,4772,3088
-440,4224,2164
712,2860,236
1140,1584,1020
1648,-1668,-836
1488,-1492,-160
1340,-908,1640
944,-1228,2248
616,544,2332
404,728,1772
244,1404,1484
-460,2332,1316
-1428,3324,1100
-1572,4980,1928
-404,4492,1424
728,3272,112
1044,1568,948
1176,-472,-288
976,-876,368
1008,-1032,440
900,-500,968
652,-348,2072
980,-360,1720
396,692,1684
120,968,2060
76,2072,1344
-788,3260,1304
-1700,4236,1904
-808,4780,2476
264,3648,996
664,2232,1028
1276,12,160
1168,-832,-52
1128,-1448,672
996,-876,1508
432,-572,1892
672,-232,836
-260,452,1240
-212,1388,976
-696,2756,528
-1896,3908,1544
-1284,4896,2920
-112,3856,1352
472,2992,1024
1040,584,1020
452,124,140
172,-596,432
620,-868,1184
1112,-644,1572
1280,32,1796
1004,260,1152
568,480,1256
712,1448,1060
-392,3240,1084
-1756,4460,2444
-1684,5376,3888
-772,4404,1764
516,3248,1252
1512,912,1064
1340,-152,468
1060,-1180,1160
1396,-1184,1880
1124,-1100,2852
896,628,1748
484,644,1576
608,1604,1316
-292,2656,1272
-1056,4028,2008
-836,4808,3396
-232,4540,2216
656,2844,500
960,1544,1100
1312,-1980,-396
1332,-1608,320
1112,-1032,1584
292,-632,1888
952,-156,240
-32,456,1140
-236,1480,1160
-1132,2648,972
-1928,4000,3184
-1300,4332,3164
-244,2900,1216
528,2252,1496
1036,-68,556
912,220,700
784,304,1004
536,-192,1396
324,-364,1580
180,-388,1684
656,-132,1428
772,272,1168
764,2352,744
-912,3984,720
-1452,4936,2476
-1104,4676,3368
-264,3316,944
368,1948,1096
724,-256,-104
368,-804,-352
412,-1068,284
948,-828,820
1024,-500,1428
772,-124,1588
1032,68,1280
988,912,1732
380,1668,1740
-856,2768,1024
-2216,4428,1836
-1940,5224,2988
-480,4036,2344
976,2972,1652
1836,864,2104
1544,-164,1276
1024,-512,1812
908,68,2284
672,-188,2696
1036,464,1144
648,240,1144
800,1732,1452
124,3364,1124
-908,3316,2504
-1044,4400,4004
-596,4164,3216
452,2776,1436
788,2260,1092
1132,-1388,-84
900,-1052,-404
752,-1368,212
744,-1040,912
664,-620,1572
1316,-220,460
664,520,1452
140,1516,1808
-756,2828,1440
-1860,3932,2968
-1472,4180,3868
-560,3004,2180
876,1716,824
1308,880,1616
1676,-968,616
1168,-1112,960
304,-1196,984
488,-1584,436
-280,116,224
44,-60,244
660,1148,20
356,2336,968
-928,2824,2808
-1284,4028,3176
-1068,3576,3184
484,2756,1212
996,1952,1320
1320,392,416
740,40,260
8,-544,628
-12,-560,556
336,-304,964
448,-144,1544
684,416,504
272,604,1508
548,528,1120
848,1640,856
64,3104,1376
-1664,3972,1652
-2020,4924,3040
-1272,4180,2988
252,2920,1468
744,2048,2188
1412,628,1344
1040,588,1152
800,252,1416
664,464,2424
528,92,2288
592,-460,1128
584,-156,932
916,168,788
1048,1860,1048
-640,3856,1420
-1440,3240,2648
-1784,4464,4872
-808,3392,2644
688,2476,1072
1472,1440,1812
1428,-580,1044
728,-864,1076
456,-828,1640
252,-308,1932
724,-424,1728
320,692,1128
636,320,1392
1040,2272,912
-296,3300,1332
-1436,3892,3068
-956,4284,3848
-144,3028,2104
1336,1688,524
1884,-916,1180
1856,-1328,-48
256,-1336,472
-468,-816,-648
-152,392,-320
-568,20,492
80,708,268
-180,1336,1492
-600,2092,2508
-976,2948,3124
-668,3340,3620
388,2436,1900
924,2024,1012
1376,68,676
1204,-588,200
636,-1008,612
480,-1148,668
528,-928,880
136,-452,1224
816,-568,368
92,1520,1060
-96,2128,1060
-748,2532,1396
-1420,3552,2652
-1144,3816,3784
-272,2984,2260
876,2252,704
1056,1140,1272
1116,-768,56
692,-248,204
452,-496,592
348,-532,1128
712,-1496,2244
540,-412,1752
764,516,1816
740,1132,1436
160,2552,1256
-876,3152,2332
-1208,4144,3308
-736,4284,2956
140,2924,1512
368,1912,388
300,-1036,-232
404,-1732,-704
976,-1724,148
1368,-700,1020
1144,-128,1560
1096,-188,1280
912,968,1740
676,1100,1720
-296,1752,1500
-1888,3372,1444
-2288,4172,2516
-1308,3820,3288
236,2180,2060
1552,1388,1612
1980,-612,1292
1372,-772,432
576,-1484,676
40,-1500,1120
480,-416,24
-484,-832,512
880,644,-244
692,2220,372
-672,2832,1692
-1644,3912,3068
-1312,3884,3628
112,2896,1580
972,2560,1052
1596,216,812
1024,-216,-24
728,-868,384
796,-800,1088
1352,-1040,1664
552,60,2380
476,64,2120
644,684,992
268,2120,1344
-580,3056,2016
-1144,4220,3052
-1148,4396,3712
-4,3460,1956
792,2360,784
1056,1008,1048
816,-1312,-564
568,-1312,-472
844,-1084,-84
1176,-664,1452
1020,-124,3000
1112,-168,1660
608,360,1824
400,1152,1708
-184,2500,1384
-944,3584,1512
-1516,4844,2476
-864,4780,2724
312,3328,2116
904,2396,1976
992,724,1736
508,144,984
152,344,1204
276,-72,656
608,-196,584
1204,364,1724
1372,328,1348
784,160,1440
840,580,1228
764,1416,1408
-464,3152,1324
-1836,4744,1788
-1472,4820,4624
-1520,3976,3276
180,1912,372
492,-316,124
1884,-1656,-380
1956,-800,988
1188,376,1944
700,-328,584
4,460,500
-228,620,220
-408,1768,1012
-1292,3004,2732
-1648,3976,4456
-1084,3368,3736
908,2348,1536
1864,1164,1352
2312,-1332,-316
1588,-1796,312
924,-1012,664
12,164,1324
-324,68,96
-1052,-124,572
-1036,0,116
-316,228,52
292,1012,612
316,1676,1644
-412,2272,2416
-1048,2984,2780
-580,3776,2848
680,3504,1676
1308,3296,1104
1632,1268,1380
1008,760,256
528,504,536
716,-256,1084
1216,200,2644
1156,156,2992
960,292,2532
492,620,2400
744,640,868
1064,944,1056
964,2192,2148
-16,3208,2244
-808,4392,2920
-512,5200,3432
496,4260,2128
1104,2748,772
1016,1848,1236
940,-848,468
808,-1184,216
1000,-1312,816
1344,-1036,1348
924,-760,1864
432,-124,1556
828,572,36
212,1280,1620
-316,2584,1752
-1224,3152,1928
-1840,4456,3168
-980,4224,3116
512,2868,1428
900,2324,928
1180,-1092,428
1064,-1000,-448
904,-1400,480
1008,-760,976
740,-636,1844
876,-1012,1476
448,628,1252
48,1104,1212
0,2344,1196
-720,2760,1940
-1048,3264,2416
-1020,3524,3144
-236,3056,3044
744,1924,1656
1164,1316,1008
1272,-412,828
1216,-984,116
1128,-1176,564
784,-896,844
700,-972,404
180,-208,600
368,172,340
284,1644,788
-632,2468,1940
-1564,3232,2656
-1544,3788,3680
-832,3616,3128
592,2744,1272
1132,2088,1356
1544,-236,-488
896,-736,-836
748,-1280,140
1100,-872,788
784,-772,1548
660,88,2416
1004,-132,1500
748,628,1380
356,452,1352
324,1588,1456
-488,2500,1944
-1480,3416,2216
-1696,4484,3012
-616,4232,2412
700,3252,980
1220,1952,1308
1452,0,256
876,-368,-8
420,-908,240
456,-852,484
864,-652,1152
1076,84,2368
1208,-64,1768
548,380,1840
572,900,1208
280,1936,1364
-1236,3592,1800
-1916,4208,2152
-1400,4956,3136
-232,3948,2228
1052,2856,1112
2056,1280,1560
2208,-1420,224
1704,-1716,668
756,-1076,1644
-108,-724,2108
568,272,1048
372,604,1664
16,1304,1480
-220,1864,732
-364,3172,1004
-392,3604,1344
-284,3768,640
0,3116,104
392,2116,84
456,1104,224
216,376,348
72,8,212
-84,-28,356
-180,-60,400
-244,240,504
-564,476,908
576,-672,-436
-1424,1008,776
-972,332,-428
-1128,1116,-556
-1040,540,-304
-792,944,-280
-416,724,-344
-300,692,188
-280,728,568
-340,1012,676
-288,484,264
-732,1024,828
-968,1164,1400
-1048,1196,1412
-548,1020,756
-508,912,-28
-356,1564,-148
-432,1388,264
-348,992,104
-324,412,-220
-308,68,-316
-136,-72,-488
-80,0,-836
-84,284,-888
-88,352,-876
-108,244,-928
-48,260,-1028
-64,232,-1072
-80,172,-1088
-88,188,-1116
-76,176,-1108
# balls=5,catches=39,detected=23,sampleRate=25,timestamp=1790083542,countMode=watch_hand
x,y,z
436,744,-784
404,624,-920
404,556,-944
440,472,-992
468,460,-964
468,460,-876
500,396,-948
448,248,-768
380,284,-728
256,368,-592
248,192,-772
328,276,-756
356,216,-744
372,188,-780
412,240,-804
400,64,-836
424,160,-844
480,148,-888
1156,492,-180
92,-248,-892
-48,128,-660
-284,-240,-768
184,-600,-496
984,588,-1612
200,-124,-876
224,0,-904
116,-12,-860
92,36,-964
52,124,-972
-92,92,-868
-64,140,-1048
60,200,-1108
40,88,-988
36,124,-1036
20,128,-1056
4,64,-968
24,80,-968
12,96,-988
16,96,-972
28,76,-972
44,60,-944
12,40,-952
-8,44,-948
-40,60,-956
-36,52,-972
-40,40,-1004
-44,68,-1032
-24,60,-1060
20,104,-1088
92,136,-1080
228,144,-1084
288,124,-1012
264,124,-900
260,136,-892
344,168,-948
392,168,-880
344,116,-896
288,84,-924
236,96,-868
232,100,-896
244,-8,-836
284,-52,-780
304,120,-672
356,280,-648
336,512,-460
212,928,-124
160,1440,12
156,1472,128
132,1232,568
112,1064,656
44,996,648
0,892,644
-4,888,780
32,916,748
60,816,608
52,704,528
48,636,468
100,552,456
156,556,540
220,616,716
304,596,912
240,948,964
32,1432,1060
-208,2176,1212
-120,2760,1088
140,2596,1132
404,2052,1328
788,1380,1252
1052,424,892
988,-1096,752
1108,-2576,1004
1164,-1916,872
1008,-572,1056
716,1296,1448
-420,3516,1736
-1076,4380,1880
-1268,4816,1592
-580,3948,1732
580,2552,1244
1040,80,1204
1916,-2716,516
1964,-2708,580
1376,-1492,656
1072,-72,944
580,1440,1980
-1028,2768,2424
-2044,3600,2524
-1860,3852,2972
-876,3036,2816
488,1856,1160
612,1308,1664
1036,-200,204
516,-300,68
140,-200,432
80,-616,316
72,-476,228
384,-484,200
532,-332,572
668,-460,936
676,136,476
84,640,1004
-872,2284,972
-2464,3444,2504
-2284,4328,4056
-1240,3800,3360
528,2608,820
1144,1636,1152
1656,-724,-304
1220,-1204,100
1188,-1368,644
1044,-1016,1808
932,-724,2264
720,336,1756
144,924,1988
144,2048,1820
-1100,3476,2064
-1168,3980,3136
-232,4336,3340
432,3252,1976
968,1676,-88
620,244,-4
1176,-1644,-816
1456,-1448,216
1084,-528,812
768,-1104,1104
648,0,1668
560,780,1788
300,1064,1508
-936,2404,1732
-1932,2932,1600
-2080,3880,2328
-1236,3424,3012
348,2144,1932
1180,1784,1320
1876,372,1472
1800,-592,744
1004,-1024,928
8,-1004,1456
-412,228,1284
-732,-952,1480
504,-64,664
688,1468,416
168,1964,1124
-716,2760,1824
-1128,3528,2080
-1264,3928,3124
-296,3200,2360
688,2040,844
1216,844,1324
1464,-276,244
916,-748,192
864,-1236,508
744,-1068,1008
248,-820,1160
1144,236,172
-128,240,872
448,2592,736
-824,2756,1320
-1400,3472,2384
-968,3964,3688
-332,3132,2724
848,1916,600
788,1664,776
824,48,432
464,-728,-244
480,-648,140
728,-808,832
780,-380,1220
424,-160,1296
580,-408,828
584,728,1156
244,1032,1940
-204,1992,1600
-1480,3156,2032
-1456,4232,2912
-860,4440,3644
508,3088,1716
1144,1916,-12
1072,-292,228
1420,-1712,-672
1664,-1848,508
1448,-836,1604
816,-68,2196
1004,52,1256
252,944,1916
-148,1720,1364
-1208,2636,1412
-1936,3540,1964
-1452,4352,2872
-160,3232,2116
992,1972,648
1628,828,1156
1836,-700,156
1156,-480,1308
488,-1408,1020
-652,-1168,1300
-88,-616,232
-504,-284,592
-292,404,1124
152,2012,556
-588,1724,1700
-984,2692,2132
-988,3532,3076
-472,3164,2412
676,2316,1036
1232,1812,836
1524,660,1120
1028,-1316,688
360,-84,832
112,-500,948
-480,-124,2120
436,-748,496
-560,312,1172
248,532,1220
812,2168,856
-172,2136,1172
-832,3404,2228
-584,4108,2364
-16,3740,2496
736,2432,748
524,1716,852
1008,-348,632
1004,-852,-204
676,-1116,-76
736,-1100,308
768,-440,668
440,40,1572
856,272,648
200,1116,1308
-800,1980,1712
-1308,2732,1576
-1644,3352,3224
-712,3560,3484
144,2572,1708
740,1944,908
1040,836,1020
784,-292,216
192,-556,264
232,-864,764
700,-632,1408
448,-340,1924
988,236,784
352,680,872
588,1432,1136
-292,3168,412
-1532,3596,1504
-1292,4552,3944
-864,4008,3164
688,2092,744
1532,1664,1020
2116,-1380,540
1400,-1464,748
680,-1924,756
556,-1284,1272
-108,228,1300
-368,856,1608
-164,2528,872
-1268,2688,2232
-1024,3632,3084
-428,3788,2932
492,2528,880
988,1596,508
1552,-1356,-760
1460,-1372,-648
864,-1132,760
-8,-748,1460
-124,328,1068
-464,184,1368
-60,460,864
220,556,1016
-56,1168,1288
-696,1920,1428
-1324,2872,1816
-1148,3732,2572
-352,3452,2200
868,2240,736
1292,1468,1444
1660,-228,940
868,-1532,812
444,-1376,1168
384,-504,1592
88,412,1800
-448,152,1168
484,1020,700
468,1976,880
-360,2444,1980
-1068,3128,1792
-884,3940,2824
-396,3584,2548
740,2148,716
900,1660,836
864,-548,140
236,-820,-144
192,-912,284
576,-492,980
768,-384,1620
600,-248,1060
1120,104,408
368,472,1128
188,1728,364
-1356,3252,1620
-1228,4448,3076
-752,4268,3592
-44,2884,1848
876,1832,272
1176,324,616
1488,-1404,-352
1472,-1604,-64
1308,-1312,892
968,-892,2356
720,352,2048
372,1072,1812
-240,2032,1564
-1316,2944,1748
-1260,3824,2288
-604,4212,2864
296,3048,1604
784,1868,272
792,-92,416
616,-1672,-536
852,-1776,-16
1128,-1104,576
1056,-412,1408
1248,-464,1560
884,736,1604
232,1424,1656
-500,2048,1464
-1432,2996,2036
-1636,3980,2996
-896,3744,3104
412,2448,1508
1128,1700,512
1320,456,960
1264,-1128,20
1120,-1072,196
848,-1012,880
416,-668,1772
704,-464,1168
304,604,1292
48,1484,1188
-488,2384,1264
-1080,2840,1896
-1644,3484,2832
-1036,3576,3224
-56,2516,1792
620,2092,1180
1628,168,1272
1884,-592,148
1068,-1508,608
452,-1064,448
436,-1196,-176
180,-88,404
-124,-24,912
308,1756,748
-628,2128,1772
-1304,3072,1940
-980,3620,3012
-540,3256,3200
452,2180,1344
1000,2004,620
1632,-440,344
1064,-1224,-140
796,-1120,212
596,-776,716
236,-412,1248
224,28,908
616,-200,932
-168,1348,1740
-688,2332,1348
-1664,2852,2176
-1468,3928,3376
-436,3612,2716
620,2276,596
684,2016,640
1056,-776,-264
696,-964,-568
836,-1168,60
1036,-888,624
908,-796,1668
432,-196,1996
676,280,1472
772,1208,1484
180,2216,1568
-900,2708,1152
-1732,3660,1556
-1364,4508,2776
-364,3512,2204
876,2128,1088
1576,1220,1236
1684,-788,536
1168,-1120,172
968,-924,524
448,-1168,1168
-24,-148,1800
-248,104,1652
504,804,1116
84,1616,1656
-788,2888,1764
-1088,3488,1756
-1004,4248,3260
0,3420,2408
1020,1820,836
1112,1048,1536
1432,-1016,-76
1044,-992,36
616,-1004,212
124,-968,864
548,-124,276
-248,-12,1208
212,560,900
164,1768,788
-420,1848,1636
-980,2696,1496
-1208,3396,2548
-768,3768,3576
416,2472,1660
1060,1848,868
1712,-128,752
1468,-1068,-244
960,-1632,-32
684,-1120,500
240,-624,1568
420,-140,1024
-220,228,1568
-312,1412,1436
-1028,2188,1656
-1520,3596,3000
-1052,3664,3596
4,2732,1352
656,2168,608
1372,428,420
1300,-632,-336
884,-1044,228
752,-900,692
280,-496,1356
-164,-476,1488
592,-64,184
236,416,1532
4,1504,1784
-560,1932,2036
-984,3000,2444
-800,3600,3000
-176,3604,2484
696,2560,1028
1048,2060,564
1228,112,-132
604,-892,-812
520,-1328,-312
952,-912,160
1108,-428,1300
1064,-408,2152
980,496,1468
744,632,1332
412,1276,1428
64,1848,956
-896,2984,1424
-1376,3776,2236
-880,4404,3272
12,3316,2576
876,2104,1276
1296,832,1000
1168,-608,108
780,-1128,-84
1096,-1204,172
1080,-940,756
932,-468,1516
1164,312,1400
356,424,1928
-496,1792,1536
-1564,2624,1288
-2160,3992,2752
-1640,3972,3852
-308,3048,1864
592,2464,1484
1880,872,588
1652,-232,808
1404,-1712,620
1380,-724,1000
476,-84,2364
-72,-212,1332
-116,96,976
240,1232,1424
168,1684,1032
-412,2572,1516
-1264,3372,2020
-908,4580,3348
88,3712,2084
976,2140,548
1176,1240,1240
1392,-336,236
912,-464,848
540,-1060,808
76,-900,1148
304,-252,760
-908,-704,1216
-368,-184,764
480,728,536
448,1904,908
-204,2180,1572
-812,3064,1836
-504,3988,2740
-28,3696,2836
904,2280,1428
1232,1264,272
1064,-880,580
1248,-1520,-504
992,-1208,252
700,-396,996
812,-112,696
228,-92,1292
8,596,1404
-228,1504,1112
-840,2412,1736
-1308,3288,2264
-1068,3828,3420
-168,3048,2668
860,2068,1032
1028,1352,1208
984,-72,236
248,-188,288
-140,-484,336
-192,-428,448
4,-400,560
208,-416,760
480,-396,1052
920,544,1040
680,512,1104
804,1064,1132
-364,2804,924
-1208,3540,888
-1676,4332,3288
-1164,4076,4580
100,2816,964
808,1388,432
1608,-2484,-1396
1664,-1664,-808
1312,-912,1588
1248,-408,1612
232,388,1756
244,380,956
212,528,1324
-344,1808,1444
-1176,2520,1592
-1272,3704,2676
-656,4136,3476
408,3104,2324
1712,1724,508
1640,32,1468
1424,-1072,-308
540,-1036,180
-112,-500,580
-332,-1156,648
-388,52,300
-932,-544,624
132,-416,-232
576,372,324
368,1284,1548
-352,2212,1964
-924,3044,1876
-1052,4032,3076
-260,3488,2808
1140,2084,680
1620,1600,736
1820,-896,32
1076,-1308,80
572,-1124,488
-248,-1404,1252
-76,-60,332
-348,-28,952
-120,344,788
220,1064,792
-24,1204,1416
-356,2504,1256
-1332,3132,1676
-880,4020,2768
168,3496,1844
712,1964,896
840,1560,1524
1096,-280,112
568,-660,156
308,-928,676
368,-1132,516
196,-1124,528
272,-764,792
1256,484,40
-100,664,1128
680,2640,760
-556,2332,912
-1492,2980,2744
-1200,3904,3980
-612,2904,2804
772,1952,856
1172,1432,1620
1564,-980,452
892,-732,468
552,-1440,768
352,-836,912
336,-440,1152
728,544,508
-12,648,1204
-392,2240,976
-1432,3140,1968
-1504,4124,4232
-552,3612,2808
552,2440,656
684,2368,1412
1244,-688,236
652,-476,-136
744,-1308,864
1416,-92,1476
760,212,3336
948,-4,1240
476,436,1404
440,1588,1264
-28,2644,1012
-1180,3496,1808
-1552,4168,3012
-1068,4172,3232
264,2668,1488
992,2028,1164
1588,260,884
1464,-220,288
764,-996,724
360,-628,736
-116,-360,1592
456,-428,604
-456,-20,1052
236,604,780
76,2040,-24
-132,2360,484
-512,2656,1504
-292,2316,784
-372,1788,744
-136,1428,380
-52,1188,372
48,596,324
-96,412,324
-292,144,384
-696,1176,1248
-956,1048,1476
-592,452,700
-288,168,196
-248,1016,704
-176,976,748
-128,812,576
-68,812,316
-96,856,148
-140,952,52
-100,928,-156
-132,988,-172
-184,1088,-260
-344,936,-328
-416,908,-380
-348,1036,-440
-280,980,-568
# balls=5,catches=61,detected=35,sampleRate=25,timestamp=1790083632,countMode=watch_hand
x,y,z
132,176,-1012
164,16,-788
276,140,-1012
208,148,-1016
240,108,-940
168,20,-956
268,136,-988
508,208,-1088
300,64,-976
40,-124,-912
40,16,-944
-84,-152,-968
-8,-16,-972
372,116,-936
268,156,-1008
208,192,-992
160,116,-964
116,108,-956
128,92,-936
80,84,-940
84,68,-976
84,56,-956
72,52,-944
60,16,-960
44,24,-976
56,32,-1000
44,4,-1020
28,-32,-1000
24,-64,-1020
32,-84,-1076
60,-172,-1164
-36,572,-1060
-84,244,-1116
-172,-68,-744
-176,60,-336
-112,0,-136
56,260,92
180,432,544
404,752,1008
448,1532,1340
-324,2592,1728
-512,2760,1640
-196,2772,1456
108,2228,1780
464,1384,1340
1112,-28,568
1268,-1720,696
1224,-3196,868
1028,-1524,704
752,348,1296
-244,2876,1424
-1100,4208,1984
-1028,4628,2036
-536,3940,2164
412,2564,1244
780,116,1024
1812,-2792,144
1984,-2360,688
1448,-1264,864
1092,-88,1136
636,1316,1824
-912,2760,2224
-2004,3368,2516
-1564,3772,2844
-776,3276,3204
468,2008,1472
576,1580,1416
1012,-168,120
380,-660,-96
48,-552,176
144,-564,-56
216,-424,204
632,-388,520
1072,-332,1368
856,-420,1600
840,124,760
96,592,1664
-704,2268,1200
-1464,3388,1876
-1488,3988,2920
-1208,4332,3344
-52,2980,2788
948,1588,972
900,948,724
1184,-1728,-448
1316,-1272,-148
1352,-1000,800
1016,-972,1368
1152,-480,1096
572,576,1620
84,1500,1516
-1084,2560,1772
-1892,3228,2440
-1408,4076,3752
-500,3368,3232
856,2036,844
1304,644,512
1368,-1100,-644
1136,-1224,-60
864,-916,540
288,-396,1276
388,-460,616
-40,112,992
8,436,1064
136,936,1040
-100,1388,1636
-760,2296,1952
-1800,2808,2340
-1584,3088,3088
-824,2896,3236
624,1776,1708
1252,1632,1696
1816,300,1360
1460,-132,816
748,-856,1184
204,-960,1464
200,-968,2120
0,132,780
308,-184,904
1076,1416,396
684,2040,876
-440,2040,2248
-1136,3072,2368
-1240,3632,3048
-776,3248,3376
304,1920,1616
1040,1260,1164
1372,260,1156
1000,-768,936
740,-1660,612
468,-1132,844
780,-1128,392
228,816,828
708,120,404
1120,1896,-208
-160,2968,808
-1324,2836,2460
-1532,3836,3764
-832,3012,3276
488,2216,1312
948,2024,1052
1564,-24,236
1012,-536,-28
544,-460,624
820,-756,748
548,-168,1816
440,-504,1448
24,144,1320
568,760,1240
788,2040,848
-200,2288,1380
-1024,3340,1916
-1192,3768,2304
-848,3804,3372
208,2708,2284
940,1728,824
1044,1196,904
1132,-652,216
944,-552,76
872,-1044,468
708,-952,1020
632,-1296,1040
704,248,692
144,176,1540
392,2004,1184
-576,2312,1416
-1404,3148,1868
-1588,3696,2772
-936,3700,3580
484,2716,1928
1368,2488,1212
2512,-180,500
1712,-888,252
1012,-1756,848
4,-1652,1312
284,-608,1116
-832,-80,1044
-128,-64,808
376,840,640
-4,1780,1460
-760,2420,1824
-1096,3252,2112
-764,3684,3392
40,3024,2448
888,1740,624
1040,812,756
1188,-1044,-140
924,-1116,484
908,-908,376
336,-688,1312
620,-572,440
-80,-224,1068
20,656,988
168,1680,964
-548,2108,1800
-932,3024,1864
-1192,3624,3000
-180,3664,3164
796,2680,1620
1100,1820,740
1156,376,592
704,-464,352
620,-1200,116
504,-952,708
372,-844,832
-20,-608,1040
1012,-684,-464
64,284,1024
556,1280,1000
100,2204,1000
-836,2924,1648
-1344,3420,2564
-996,3612,3440
-64,2768,2812
980,1624,984
1136,752,816
1504,-844,-168
1220,-1196,304
1000,-1520,504
728,-732,1156
1276,-240,76
-144,400,1740
-268,1280,932
-1140,2168,1756
-1504,3256,2820
-1356,3556,3676
-452,3048,2804
756,2272,1004
1168,1616,892
1376,-308,444
928,-852,244
668,-720,596
468,-548,1136
-92,-740,1664
364,-980,1240
-64,288,1544
648,736,1224
740,1744,1364
64,2440,1804
-772,3096,2188
-952,3684,2632
-300,3896,3044
524,2624,2036
1212,1408,600
1104,600,1260
1340,-1360,-176
1028,-1512,-44
728,-1264,224
496,-780,388
476,-776,860
476,696,1288
48,1352,1780
-244,1920,1620
-1104,2276,2220
-1480,3084,2836
-952,2940,3620
32,2408,2248
948,1792,968
1524,416,1016
1348,-712,84
636,-756,692
436,-1088,612
72,-928,600
-64,-664,788
556,-508,748
188,1648,1264
24,2152,1288
-676,2292,1040
-1376,3112,2512
-1020,3532,3776
-384,2836,3148
892,1572,1044
1228,1248,1276
1956,-856,424
1288,-480,332
236,-1144,216
268,-2076,-696
-916,92,740
-348,-388,576
100,348,312
308,1292,848
-204,1620,1680
-888,2436,1720
-884,3160,2360
-336,3340,3340
484,2556,2024
1172,1376,160
1156,-176,544
1600,-1796,-836
992,-1532,180
784,-1324,888
180,-244,1428
-216,544,1456
-240,656,816
-388,1732,1416
-668,2276,2116
-1216,3248,2784
-544,3452,3120
352,2560,1592
684,1888,120
748,-508,-292
748,-940,-1044
948,-1076,-96
1248,-624,1100
1028,-740,2156
836,-688,1820
572,108,1460
520,656,1268
-140,2188,1336
-1020,3136,1564
-1572,4188,2092
-980,4344,2744
144,3096,1708
772,1892,276
840,144,608
800,-1280,-716
864,-1268,-132
1356,-844,948
1488,-964,1820
684,144,1408
180,56,1516
108,892,820
-144,2140,1356
-716,2736,1596
-1428,3636,1832
-1336,4164,2636
-336,3344,2224
780,1948,772
1248,1416,1112
1576,-516,380
1100,-772,624
724,-1268,692
40,-1424,1256
736,-928,804
-248,-112,1016
652,1040,980
88,2272,980
-964,2804,2052
-1320,3816,2528
-1008,3812,3196
148,2616,1560
1156,1884,748
1716,-200,636
1472,-1216,-268
868,-1012,96
224,-800,1116
-464,-348,968
-848,-76,972
-328,12,220
176,636,204
-204,1256,1072
-804,2096,1592
-1148,2704,2164
-536,3612,3192
4,3144,2596
872,1964,556
1052,968,444
1128,-1264,-752
748,-1276,-92
940,-1204,492
1116,-796,1780
420,-104,1900
412,532,1748
308,456,1236
-48,2048,1448
-1024,2648,1440
-1448,3400,1952
-1344,3836,3180
-216,3020,2416
844,1968,776
1196,1312,1156
1084,-532,612
752,-704,268
804,-1084,544
404,-1028,1240
560,-1428,1044
192,516,980
84,68,1100
260,1912,788
-564,2652,940
-1184,3668,2232
-832,4232,3436
-272,3508,2688
656,1992,512
784,1000,496
972,-1920,-992
936,-1412,-504
956,-1156,664
1104,-304,1508
1336,32,1652
540,292,1888
540,520,1328
-56,1512,1412
-1440,2800,1160
-1784,3704,1872
-1508,4160,3056
-168,2820,1868
1112,1996,536
1932,-56,1016
1728,-716,-256
796,-1068,-156
12,-852,876
-448,-936,1332
-896,-252,820
-344,196,616
32,328,516
180,1184,956
-532,1984,1504
-1032,3244,2056
-684,4008,3040
72,3236,1384
700,2016,100
652,1144,900
548,-1488,-420
628,-1072,-288
1028,-1100,820
1004,-852,1932
1176,-448,1584
484,468,1660
476,924,1324
324,2040,1340
-308,2920,1552
-1236,3800,2124
-1216,4364,3116
-268,3236,2740
888,2140,1328
1332,1340,1560
1680,-604,36
1080,-964,224
840,-1404,652
480,-948,1176
100,-652,1432
1024,-72,580
-212,388,1688
340,1932,1116
-848,2580,1328
-1624,3884,2228
-988,4160,3744
-236,3172,2040
1252,1736,276
1356,-832,204
1452,-1484,-804
668,-1012,380
136,-540,1148
340,-160,764
-156,80,1688
8,484,1224
-112,1144,1320
-764,2104,1600
-1276,2960,1972
-916,3552,2976
-40,3152,2664
944,1932,848
1356,1280,1232
1752,-1088,-304
1260,-1028,116
640,-1268,668
52,-1000,1336
388,-812,372
40,376,1220
-40,684,1316
28,1828,1228
-700,2508,2008
-1124,3212,2428
-916,3556,3216
48,2936,2244
812,1824,740
1172,1292,1096
1320,-748,200
860,-664,220
620,-1112,496
304,-660,816
108,-896,636
436,152,528
-232,228,1304
236,1212,972
-440,2148,1620
-1368,3232,2176
-1320,4128,2940
-584,3328,2720
572,2012,1012
1020,1948,1412
1764,-376,856
1372,-916,528
744,-1768,944
176,-1444,1344
708,-888,604
208,912,1016
616,1000,796
312,2888,728
-924,2660,2056
-1308,3848,2908
-856,3812,3212
272,2376,1556
1172,1584,336
1356,164,992
1044,-1208,292
544,-1212,220
-36,-732,760
648,-1036,396
-220,564,1232
340,476,860
612,1528,572
-196,1984,1772
-916,2920,1720
-1100,3348,2860
-848,3372,3136
324,2016,1328
1076,1592,952
1928,-556,1064
1348,-748,600
268,-1868,856
4,-1252,444
-204,-400,520
-256,-216,648
376,1188,492
-196,2296,1180
-904,3608,2028
-944,4496,3260
-184,3448,1556
740,2272,356
1176,228,564
1248,-1292,-600
924,-1436,196
720,-556,1196
332,-420,1604
624,-816,1204
332,752,1812
348,816,1492
-356,2276,1416
-1280,3420,1636
-1532,4244,2560
-600,3876,2284
436,2284,840
600,1780,1164
808,-700,336
540,-868,24
640,-1076,324
784,-816,828
412,-804,1472
944,-216,432
248,368,1692
276,1260,1424
-416,2412,1428
-1556,3532,1804
-1720,4216,3004
-976,3424,2776
712,2232,844
1292,1092,1236
1800,-1260,-484
1348,-1236,132
1032,-1000,568
684,-1044,1264
220,-144,1172
-268,592,1832
-88,1524,1376
-760,2500,1552
-1464,3400,2332
-852,4004,2592
72,3320,1696
952,1824,432
800,1108,828
984,-1304,-492
716,-1228,-320
628,-1264,404
712,-1204,1416
1228,-956,1828
796,604,2088
184,1532,1976
-408,2692,1136
-1672,3792,2132
-1472,4356,2808
-380,3588,2068
656,2428,1096
1100,1128,896
968,-372,184
612,-736,168
440,-768,428
488,-736,848
584,-760,1464
408,-640,1580
1068,-432,536
328,948,1364
-748,2844,1212
-1576,3532,2036
-1780,4600,3836
-812,3760,2704
556,2568,676
1248,864,824
1828,-1384,-876
1428,-1644,380
844,-888,1292
632,-948,1124
264,64,1480
-40,520,1856
-36,1488,1124
-996,2664,1320
-1640,3292,1828
-1120,4172,2940
-92,3340,2016
888,2500,692
1208,664,636
1004,-608,-596
540,-504,-204
396,-356,648
440,-316,1376
344,-668,1872
796,-1056,1352
668,284,1096
536,560,1372
340,2140,832
-392,3168,1096
-1228,4112,2360
-1084,4404,2944
-428,3316,2036
576,2288,820
1140,752,904
1388,-444,-364
1308,-996,100
1028,-1328,520
820,-716,508
688,-1104,1140
732,376,1564
88,752,2228
188,1772,1552
-756,2748,1580
-1592,3544,2280
-784,4384,2624
116,3608,2228
1004,2192,1076
968,1496,1228
1136,-920,-12
928,-776,84
1012,-1380,272
844,-1044,1112
1028,-784,1444
584,316,1432
276,908,1852
-384,1684,784
-1436,3176,1152
-1984,4364,3268
-1144,4272,3168
-36,2964,1988
876,1964,1920
1268,224,1056
872,140,824
420,-536,1356
604,-248,1504
576,-284,1868
932,-136,1436
476,116,1632
952,104,1188
968,1608,1072
32,3628,1172
-1220,3796,2128
-1088,4716,4180
-588,3920,2936
604,2264,392
1136,48,284
1568,-1880,-1684
1208,-1388,72
920,-664,1292
700,-648,1420
276,-8,1348
120,288,1456
-200,1180,1548
-824,2520,1544
-1568,3232,2340
-1004,3960,3160
-64,3164,1968
588,2096,880
768,1504,1604
936,-552,88
372,-572,108
448,-852,416
784,-800,832
768,-640,1332
560,-724,1544
932,376,1124
452,784,1304
120,1692,1608
-944,3072,1700
-1736,4288,2864
-1360,4956,3672
-196,3540,1520
1060,2412,1228
2040,168,284
1740,-772,284
1212,-1576,372
452,-1012,1104
-232,-700,1680
380,-576,1324
-144,556,1344
-116,644,1624
116,1584,1340
-448,2516,1556
-1328,3288,2320
-788,4068,3204
-212,3360,1980
784,2060,880
1152,628,1216
1236,-600,-48
852,-788,444
716,-868,656
488,-884,720
352,-1056,728
1172,276,484
-32,492,1740
216,2308,1256
-868,2692,1532
-1580,3532,2880
-1100,4024,3496
-52,3112,2328
896,1996,852
964,1032,1740
944,-224,-152
384,-416,308
168,-504,568
220,-740,752
200,-476,1196
140,-528,1292
560,-692,1268
804,660,1068
1012,1672,1076
20,3368,712
-1084,3560,1868
-1488,4532,3644
-1012,3888,3004
464,2412,1124
1004,1956,992
1664,-1540,-148
1496,-1192,-84
1128,-1276,788
492,-692,1524
604,-1200,1436
484,972,1060
-120,912,1336
-652,2764,1472
-1460,3100,2684
-1488,3864,3720
-568,3320,2316
520,2488,764
1320,1052,728
1380,184,308
1216,-1420,-20
996,-944,704
688,-772,1488
312,-680,1788
352,196,1360
88,452,1572
280,1352,1356
-176,1840,1296
-1108,2828,1504
-1300,3648,2360
-912,4360,2856
148,3388,1620
888,2304,836
1428,1200,888
1732,-1296,-24
1324,-1008,328
1060,-916,1148
372,-556,1276
-384,-160,992
-388,92,916
-32,364,748
448,1280,908
-256,1176,1848
-872,2480,2420
-1452,2884,2220
-1048,3376,2524
-384,3148,2756
648,2076,1052
980,1508,1328
1400,-232,208
732,-648,476
504,-1164,320
440,-704,592
120,-664,1220
832,-704,684
168,1052,1224
16,968,1320
128,2052,876
-1108,2588,1732
-1604,3348,2376
-1404,3896,3540
-292,3040,1988
812,1912,1068
1116,596,1248
1148,-408,-88
616,-784,332
588,-1080,660
336,-868,1300
292,-684,1252
472,244,460
512,232,612
752,2060,348
-348,2980,900
-1492,3984,2628
-1528,4368,3632
-652,3148,2120
988,1900,732
1808,944,1924
1916,-840,360
928,-1496,952
-212,-1028,1808
-276,-640,1344
-372,484,868
-180,-80,712
316,1192,612
236,1772,836
-324,2252,1820
-768,3108,1888
-880,4020,3232
8,3168,2132
936,1852,356
1216,1080,1328
1512,-856,52
896,-1008,404
284,-1204,668
56,-880,864
272,-1312,420
468,200,960
-132,980,1520
-28,1600,1372
-340,2224,1644
-908,2824,2388
-1048,3512,3344
-356,3228,2816
716,1916,1164
1232,1684,1312
1476,-988,600
1016,-616,212
516,-1176,636
264,-652,764
196,-1320,832
276,440,536
-132,24,1264
444,1616,360
-504,2432,996
-940,3100,2116
-1168,3912,2600
-812,3744,2680
300,2540,1388
956,2228,1008
1680,-288,796
1216,-628,108
912,-1312,604
644,-952,1080
152,-612,1368
508,-780,396
512,688,968
84,1176,1812
52,2252,1180
-964,2424,1540
-1304,3468,2380
-1016,3748,3364
-4,2952,2216
1128,1800,548
1312,1632,1428
1636,-1540,-124
980,-1020,56
520,-1292,756
144,-832,956
504,-476,812
-96,364,1220
44,908,956
136,1676,968
-464,2072,1592
-1020,2784,1684
-1348,3624,3096
-660,3456,2696
428,2016,1056
1016,1636,1164
1544,-432,132
1220,-1076,-220
1064,-1232,52
684,-804,1172
708,-720,1760
116,432,1564
132,932,1416
48,1712,940
-844,2360,1528
-1340,3148,1984
-1208,3912,3208
-464,3360,2784
628,2076,1072
948,1256,496
1152,-1340,-500
1084,-1468,-648
1176,-1312,48
1028,-388,1588
1148,-176,1680
516,552,2200
492,568,1312
264,1268,548
40,2160,660
-396,3124,1028
-584,3240,612
-624,3112,420
-340,2468,360
-40,1716,440
92,1048,492
72,452,428
-48,120,400
-244,124,680
-292,204,596
-648,160,1924
192,40,-372
-572,-20,812
-976,652,384
-996,556,-40
-992,708,-88
-972,752,-16
-860,804,84
-796,772,204
-748,752,276
-624,820,240
-564,700,164
-452,584,100
-356,540,144
-448,952,556
-1000,1180,1500
-1244,1516,1512
-700,464,280
-776,1028,536
-792,776,452
-604,560,-16
-540,312,20
-524,160,28
-488,52,-204
-528,16,-172
-488,352,-284
-500,284,-472
-492,144,-588
-384,96,-692
-272,-44,-820
-188,132,-1020
-72,420,-1228
48,464,-1400
136,352,-1332
168,440,-1284
164,360,-1232
104,248,-1128
76,252,-1016
44,220,-988
48,152,-944
84,144,-912
124,216,-948
120,160,-960
4,224,-976
# balls=5,catches=85,detected=47,sampleRate=25,timestamp=1790083768,countMode=watch_hand
x,y,z
732,664,200
676,728,208
596,824,112
764,1036,-24
896,1108,-184
1164,948,-436
1148,1004,-572
1064,1004,-436
924,864,-392
812,800,-384
708,744,-420
624,736,-428
544,584,-428
472,464,-344
416,564,-412
336,516,-544
304,512,-556
376,432,-624
188,372,-636
324,484,-712
268,284,-772
220,216,-936
-68,-40,-816
-88,216,-820
-92,164,-816
-196,32,-880
-188,-84,-948
184,12,-948
472,424,-2064
44,60,-884
76,12,-900
76,-148,-748
72,-132,-540
88,44,-360
148,392,-4
240,784,480
360,1340,668
332,1488,708
324,1484,776
224,1796,1100
68,2284,1064
252,2580,1028
332,2360,1292
600,1808,1148
764,1340,908
884,396,848
848,-1152,868
904,-2132,1092
852,-1896,928
768,-684,884
560,1340,1172
-260,3584,1280
-1160,4492,1228
-1028,4652,1452
-196,3752,1580
592,2080,928
1116,-800,1012
1708,-2688,720
1476,-2284,804
1036,-1148,712
924,24,1016
504,1752,2108
-1112,2992,2632
-1764,3440,2856
-1416,3712,3452
-396,2588,2704
640,1488,892
688,584,1432
1036,-552,128
792,-852,192
504,-668,460
556,-768,312
640,-516,332
472,-372,672
608,184,264
64,740,712
-1256,2356,1768
-1904,3076,2892
-1548,3416,3716
-744,2880,3440
372,1872,1652
784,928,548
768,-460,28
832,-1212,-340
1020,-1264,-80
1064,-728,504
724,-480,1212
772,-508,984
760,412,1284
-112,1552,2072
-1312,2448,1900
-2040,3448,2552
-1308,4004,3312
-24,3352,2584
956,2124,476
820,1124,324
884,-1312,-1208
912,-1600,-840
1344,-1212,408
1624,-768,2272
1328,-468,1820
368,-40,1472
136,492,1084
-452,1944,1248
-1100,3112,1576
-1468,3500,2396
-1080,3888,2948
-96,2916,2540
704,1804,892
524,640,564
472,-1096,-588
540,-1100,-144
640,-1088,408
872,-576,392
1104,-336,880
1352,-64,1340
988,148,1620
660,500,1512
-28,1628,1700
-912,2448,1560
-1672,3240,1884
-1792,3836,2600
-944,3304,2852
556,2176,1688
1108,1776,1040
1748,-60,844
1528,-844,492
796,-1080,988
360,-1304,712
280,-1072,1040
-40,84,668
224,272,1028
732,2336,852
-320,2048,1128
-1624,3000,1832
-1532,3792,2852
-1148,3500,3536
116,2128,1604
528,1868,1432
1028,-212,1016
708,-188,504
432,-268,592
296,-368,892
444,-516,696
104,-1140,1044
504,-1060,1308
592,904,872
800,616,1008
308,3324,380
-1080,3068,760
-1580,3468,3412
-904,3836,3924
-328,2528,2056
460,1532,528
504,352,1012
868,-916,-644
916,-1140,-288
924,-984,356
1084,-496,612
712,-144,1428
1036,-152,760
292,872,1864
-1028,2080,1764
-1984,3320,1900
-2056,3636,3156
-856,3152,2828
512,2076,976
1152,1292,1012
1728,-732,-332
1260,-984,144
676,-1428,604
124,-1172,1104
448,-768,732
-384,508,1244
-704,1888,1188
-1092,2616,1752
-1048,3212,3016
-544,3280,3012
-36,2532,1072
264,1928,868
680,436,244
380,-660,-188
172,-1060,0
576,-1024,-60
1004,-768,716
1044,-216,1924
1256,36,1340
536,812,2028
-344,1784,1604
-2112,3216,1016
-2256,4164,2156
-1296,4032,2556
72,2844,1016
708,1804,176
960,-780,-184
1048,-1372,-600
1272,-1332,824
912,-708,2028
1148,-356,1216
516,592,1732
-480,1824,1804
-1724,3076,1048
-2072,4036,2248
-1308,4264,2384
-16,2492,1020
784,1456,1116
1732,-852,16
1496,-1404,508
1052,-1668,536
424,-1296,1000
608,-348,984
-328,1104,1512
-1360,2824,1380
-2072,3692,2316
-1436,4092,3032
-184,3144,1124
320,2068,300
964,-204,56
1368,-1516,-420
1240,-1476,184
924,-628,1476
776,-848,1816
440,268,1532
72,772,1652
-136,1636,1192
-1168,2984,1656
-1572,3760,2348
-856,4096,2456
32,2844,1200
636,1612,312
704,12,508
1024,-984,-584
1108,-1300,-280
1192,-924,472
1184,-936,2016
616,136,2056
-348,1468,1556
-1580,2344,920
-2028,3748,1676
-1652,4028,3236
-400,3208,1608
424,2440,520
900,4,180
500,-988,-800
536,-1308,44
960,-824,1060
1168,-628,2284
1376,-380,1944
600,444,1768
-248,1400,1588
-1584,2680,856
-2364,3900,1532
-1840,4448,2604
-364,3340,1172
724,2156,236
1464,-512,408
1644,-1504,-280
980,-1508,952
276,-888,1532
488,-416,1068
284,824,1564
-708,2076,1792
-1708,3028,1704
-1880,4164,2136
-856,3984,2176
432,2464,820
904,1380,752
1228,-676,-268
864,-1352,-260
1000,-1344,412
868,-780,1460
452,-220,1704
396,-48,1228
516,1140,1476
-872,2344,1824
-1984,3412,1932
-1820,4144,2488
-664,3272,1932
864,1964,852
1536,780,1496
1440,-952,464
596,-1288,292
-400,-1268,676
16,-1304,-360
-328,-92,756
-148,-652,904
600,1120,596
-292,2264,1280
-1252,3164,2448
-1124,4360,3032
-412,3108,2020
648,2080,708
1112,596,960
964,-364,236
336,-860,528
432,-1096,856
188,-996,1384
284,-712,1040
664,604,580
-172,792,1188
-628,3768,32
-1744,3292,1792
-1284,4196,3392
-332,2972,1708
444,1884,316
628,720,788
484,-1000,-140
220,-864,-24
624,-812,464
992,-584,1188
832,-628,1908
1216,140,1084
152,1060,1940
-1288,2852,1444
-2092,3752,1544
-1720,4668,3036
-412,3448,1740
460,2196,164
784,220,444
1024,-1704,-760
988,-2028,88
1564,-1392,1368
1228,-340,2536
1232,560,1440
120,1332,1912
-1324,2608,1648
-2136,3652,2072
-1860,4244,2732
-224,2948,1572
664,2168,576
1492,-408,496
1352,-1100,-184
956,-1296,596
500,-976,1288
552,-840,1168
528,432,1452
-88,1188,1788
-940,2476,1300
-1728,3368,1932
-1448,4324,2580
-448,3400,1636
636,2232,868
904,1352,1528
1100,-728,512
848,-532,240
584,-940,596
420,-740,1004
112,-892,1244
896,-748,704
448,1276,1152
-828,1788,1868
-1148,3212,1048
-1460,3760,1704
-1352,4084,3144
-124,2740,1880
656,1844,924
1092,-68,860
1096,-828,84
660,-964,328
540,-884,332
408,-1084,780
944,-752,208
56,532,760
-900,2068,1432
-1168,2768,1744
-1360,3828,3300
-712,3336,3228
196,2444,1320
712,2124,956
1032,20,1208
688,-536,0
376,-736,536
544,-868,892
596,-640,1188
540,-308,1384
1076,644,376
-240,600,1416
-608,2832,568
-2292,3096,2540
-1768,4752,2676
-808,3540,1148
88,2712,452
1172,1064,752
1332,-444,720
1312,-1512,1124
636,-1348,1872
128,-1116,1800
492,328,608
-116,768,1144
-112,2236,1092
-760,3112,844
-1528,4032,1944
-848,4580,2524
180,2928,884
828,2148,1052
1408,-512,552
1280,-864,176
884,-1256,428
524,-952,756
288,-836,1060
844,-36,596
-404,1216,1784
-836,2292,1456
-1760,3280,2248
-1468,3860,3212
-616,3080,1812
284,2016,944
828,920,996
852,-252,296
464,-372,412
324,-584,468
180,-548,916
100,-524,960
284,-700,1296
344,1048,1148
432,1196,904
-276,3456,728
-1412,3456,1564
-1656,4504,3016
-544,3736,1536
436,2204,472
1112,1132,1108
1384,-900,-260
984,-1316,220
700,-984,1144
192,-632,2024
584,-224,856
204,676,1152
236,1712,1596
-696,3060,1148
-1896,3924,2732
-1048,4208,2768
32,2744,1424
772,1796,1428
1464,16,324
1032,-680,564
648,-1136,764
220,-1128,1556
-20,-476,1808
776,176,524
-240,552,1088
-204,3192,156
-1220,3016,692
-1648,4008,2728
-964,4168,2536
8,2456,944
724,2012,1236
1452,-388,228
1088,-452,316
740,-1112,768
656,-656,1228
200,-496,2088
560,-188,764
92,428,1220
-464,2148,1228
-1284,3292,1280
-1836,4320,2776
-976,4228,2712
216,2740,788
772,2164,1132
1160,-1016,-408
704,-920,-644
816,-1364,408
1132,-884,1344
920,-192,2340
1172,-104,1476
292,1044,1940
-200,2160,1440
-1456,3328,1668
-1972,4440,2184
-1432,4336,2472
84,2940,1344
932,2136,1132
1732,-452,-4
1636,-1180,-40
1484,-1328,336
1008,-928,1568
248,-572,1996
684,112,1192
-88,1104,1704
-804,2796,1344
-1544,3476,1852
-1484,4432,2560
-572,3788,1912
432,2128,284
664,896,688
1620,-1204,-1324
1424,-1480,-376
1408,-484,1164
1216,-884,1524
284,-188,1940
324,268,1592
56,1320,1340
-880,2512,1472
-1440,3212,1720
-1536,4216,2392
-476,3744,2344
652,2576,616
1092,1320,1052
1344,-568,-312
952,-716,-360
928,-1172,176
1036,-828,1468
768,-1316,2132
772,372,1240
-44,316,1700
188,1776,1324
-612,2852,1360
-1344,3276,2036
-1280,4172,2708
-588,3572,2464
408,2412,1080
932,1404,1060
1092,-376,-40
520,-656,-84
516,-900,80
736,-552,608
676,-736,1336
356,-1004,1940
1088,-448,1216
524,1380,1860
-392,2728,1648
-1440,3656,1508
-1508,4640,2660
-560,4428,2668
524,2484,552
896,1168,632
1516,-1812,-732
1300,-1408,-464
928,-1048,452
508,-568,1136
512,-612,1432
688,720,1812
-68,1368,1980
-1140,2668,1556
-1912,3444,2120
-1484,4032,2760
-100,2576,1664
508,2112,540
900,664,696
832,-548,-332
472,-428,60
672,-812,356
768,-544,1228
540,-660,2068
924,-644,1604
804,1172,1116
-280,1636,1588
-1324,3416,1316
-1944,3960,2416
-1292,4516,3100
36,3292,1144
1024,2696,732
1984,-808,220
1596,-908,-112
836,-1300,1264
-188,-936,2628
232,-708,704
-236,-168,1056
12,364,880
160,1628,1072
-224,2324,1524
-940,3476,2136
-1012,4128,2804
-80,3228,2084
948,1932,568
912,1048,1540
1248,-844,44
872,-600,168
808,-1180,500
360,-736,1684
712,-1288,656
-112,156,1064
-284,788,872
-332,2244,1128
-936,2628,2436
-1036,3752,2988
-576,3492,3076
468,2608,1200
804,2156,1072
1500,-700,-68
1184,-584,-388
708,-1264,484
704,-980,1060
208,-868,1772
464,-640,1392
568,900,1404
152,1596,1704
-480,2564,1340
-1548,3728,2432
-1008,4504,2748
-80,3440,1252
636,2736,1016
1336,-244,272
1072,-604,16
1020,-1552,344
1180,-960,748
564,-900,1956
596,-116,1828
772,240,1508
216,1872,2036
-752,2688,1528
-1576,3436,2228
-1088,4428,2932
-272,3480,1904
480,2204,964
840,820,1168
764,-688,356
540,-752,460
660,-1068,512
512,-948,684
444,-700,584
668,-564,176
760,872,820
-204,1772,2052
-964,2892,1480
-2104,3908,3132
-1256,3948,2928
-20,2756,976
380,2204,1520
1336,-208,772
964,-444,576
508,-976,872
396,-876,1292
276,-800,1556
504,-176,1700
600,752,1220
904,1776,716
-716,3380,1356
-1472,3608,2820
-1452,4448,3848
-420,3064,1720
652,2260,952
1532,476,856
1352,-528,772
720,-1220,872
400,-1128,1156
0,-1380,2048
60,552,1196
-112,60,1276
444,1796,932
-312,2372,1316
-1256,3332,2260
-1028,4100,3076
-444,3468,2388
536,2228,840
1152,1144,748
1692,-836,-408
1492,-1072,-20
888,-900,732
248,-868,1332
328,-640,1104
-16,408,1276
-224,1064,1680
-600,2660,1440
-1620,2988,2264
-1552,3916,2964
-632,3256,2296
732,1864,948
1192,712,1644
1244,-940,464
904,-776,324
452,-1196,692
88,-1060,1708
504,-412,-32
0,-112,956
664,2024,308
-620,2808,700
-1348,3568,2348
-1220,4172,3172
-476,3152,2136
708,2136,740
968,764,1076
1040,-372,-108
548,-656,144
456,-856,488
544,-696,1096
208,-548,1540
324,-444,1180
1100,508,864
-336,1508,1832
-712,2988,1324
-1728,3280,3496
-1108,4096,3416
-212,3044,1640
856,1828,632
1276,-628,652
1384,-1604,-328
1000,-1496,492
508,-900,1004
732,-140,812
-24,768,1596
-180,1544,1200
-1104,2540,1488
-1732,3548,2592
-1256,3604,2852
-88,2492,984
520,1792,804
1052,348,520
844,-520,88
556,-480,72
436,-804,780
92,-844,1824
432,-800,1436
288,496,1212
132,908,1456
-232,2656,1056
-1208,3380,2060
-1408,4356,3580
-796,3848,2032
112,2400,760
668,1256,1080
616,-524,52
436,-572,-104
660,-948,280
1032,-600,792
1200,-548,1808
768,72,1736
404,484,1508
-68,748,1356
-788,2248,1020
-1552,3560,1508
-1524,4632,3148
-752,4760,2828
484,2676,1196
968,1772,880
956,-1704,-288
716,-1332,-460
932,-1224,596
1356,-492,1784
1124,-404,2372
1396,-36,844
300,976,2124
-1244,3176,1392
-2164,3944,1960
-2064,4692,2892
-424,3188,1984
596,2060,652
1268,-520,300
1488,-1528,-112
1236,-1608,48
628,-304,900
-148,-512,916
-288,356,616
4,256,480
8,1472,1120
-636,2188,1980
-1140,2872,2596
-1156,3552,3192
-452,3048,2668
708,2052,1104
1048,1032,1044
1148,-752,224
928,-1036,92
820,-1152,576
644,-784,1284
468,-1112,892
336,220,788
72,652,952
8,2112,1048
-1192,2876,1816
-1876,3888,2772
-1436,3984,3136
-196,2780,1364
740,2148,1156
1144,236,1044
712,-308,144
452,-196,236
576,-432,760
748,-372,1296
508,-376,1700
756,536,1320
364,240,1696
480,1828,1512
-360,3200,824
-1320,3984,1960
-1552,5060,2916
-852,4168,1968
448,2452,840
1092,1592,1292
1232,-984,540
812,-740,292
688,-984,588
584,-536,756
124,-664,936
828,-724,432
88,584,1328
4,1848,1252
-1176,3152,1196
-1996,4416,2920
-1472,4108,3296
180,2572,1312
1148,1880,976
1644,-1192,196
1284,-852,-572
684,-1152,308
32,-912,1292
220,-528,1280
-380,396,1088
132,484,732
56,1328,1128
-336,1824,1600
-920,2636,1784
-1340,3272,2644
-664,3552,2764
144,2488,1584
540,1700,1224
1032,248,412
788,-376,76
788,-840,-16
948,-940,340
1052,-872,1232
1160,-1220,1292
500,708,1552
-140,1100,1152
-740,2336,1336
-1852,3080,2092
-2104,3880,3096
-1388,3548,3004
132,2264,1352
1236,1764,1192
1760,-868,628
1328,-804,492
516,-1408,1616
40,-1016,1656
824,-716,480
-152,824,1188
728,2048,616
-488,2916,680
-1464,3788,2760
-924,4520,3600
-12,3348,1600
780,2500,556
1108,148,112
968,-788,-840
876,-1280,96
1128,-1060,596
1260,-680,2132
1368,-284,2532
692,252,1976
452,920,1468
-192,1860,1312
-1068,3332,1308
-1540,4172,2620
-1128,4496,3048
-100,3032,1780
648,2340,1136
864,-268,372
804,-1100,-188
1008,-1336,244
1368,-944,552
1204,-588,1480
1060,-348,2052
732,392,1736
192,1272,1712
-344,2380,1432
-1344,3284,1832
-1804,4232,2632
-1316,4164,2948
28,2688,1864
872,1864,1196
1336,-348,820
1152,-896,248
1072,-1312,428
1108,-1028,760
836,-852,844
1228,-460,632
436,948,1176
-688,2740,1288
-1080,3292,1464
-1488,3944,3584
-1016,3924,3260
140,2436,1944
1088,1916,984
1380,228,740
1156,-1016,-192
768,-1092,48
608,-916,392
508,-596,1156
116,-532,1756
800,-192,716
172,1032,1076
-136,2208,1292
-768,3308,1452
-1424,4144,2808
-724,4132,2632
184,2892,1104
560,2296,844
856,-228,80
360,-720,-424
124,-892,64
640,-920,580
876,-804,1324
864,-376,1800
1308,28,1672
884,312,1636
300,1688,2048
-588,2780,1132
-1820,4008,2020
-1692,4488,2864
-792,3856,2172
300,2544,1008
760,1284,1304
956,-728,80
720,-848,452
1072,-1088,1060
1016,-856,1872
948,-1172,1532
648,372,712
164,788,1184
-32,2380,864
-1076,3204,1592
-1664,4208,3412
-1316,4180,3368
-60,2832,1600
848,2108,1016
1368,-180,864
1156,-760,400
1024,-1300,800
848,-1336,1372
504,-940,1708
1116,32,888
36,964,1392
-172,2612,876
-852,3276,1448
-1356,4036,3372
-880,4124,2880
108,2692,1348
932,1840,936
1504,580,980
1444,-1816,-12
1000,-1308,252
808,-944,664
396,-480,1160
680,-372,912
420,908,1360
-336,1584,1872
-1116,2724,1644
-1768,3984,3152
-1276,3952,2960
-20,3044,1476
712,2088,964
1176,136,884
880,-944,104
688,-956,124
760,-1040,380
752,-708,652
520,-504,948
936,164,824
152,596,1640
-496,2400,1400
-1316,3232,1880
-1588,4140,3492
-976,3696,2828
40,2260,1156
420,1584,780
816,-396,376
728,-1120,-656
784,-1164,-112
908,-368,680
704,-80,1636
852,-264,1452
400,192,1240
-4,1056,1644
-912,2264,1436
-1896,3356,1980
-2032,3720,3200
-952,3540,2684
488,2300,948
1112,1304,1140
1584,-1112,-544
1156,-1316,96
940,-948,652
372,-784,1476
576,-264,1128
-56,176,1412
240,928,1368
-12,2160,1184
-836,2528,1804
-1212,3312,2408
-1036,3972,3196
-144,2904,2056
896,1928,800
1296,724,1316
1236,-576,12
712,-640,264
584,-884,584
396,-908,1252
464,-1248,1176
196,344,996
104,464,1148
8,2204,796
-1520,3044,1676
-1720,4320,3544
-1076,3768,2600
140,2620,760
900,1812,1192
1284,-204,-20
1032,-528,248
920,-920,1144
688,-820,2136
388,-136,1776
640,-516,796
-360,272,1600
-40,1900,752
-704,3072,1304
-1100,3864,3040
-856,4452,3296
-140,3416,1780
400,2536,676
480,644,200
72,-900,-980
408,-1036,-368
1172,-700,396
2024,-844,1764
2360,-744,2512
1596,-148,2012
1180,804,1608
496,1464,1332
-308,3020,836
-1584,4232,1808
-1700,4772,2844
-1076,4356,2576
472,2648,1120
1076,2028,1020
1400,-376,408
1092,-1016,136
1184,-1052,540
1132,-792,1524
816,-900,2196
884,196,1156
-16,800,1584
-772,2300,1600
-1296,3536,1568
-1884,4016,3324
-1184,3956,3032
36,2328,1424
1000,1500,1120
1456,-560,788
1476,-756,288
968,-920,324
172,-468,932
664,-1352,-436
-436,524,128
-276,132,444
-124,1376,1096
-484,2072,1976
-596,2740,2080
-836,3148,3072
-604,3468,2876
404,2496,1660
840,1924,1200
1368,132,1048
1148,-612,-24
980,-1040,624
1072,-1328,592
688,-1024,828
380,-600,1024
1068,-40,424
-24,1492,1844
-748,2884,1524
-1380,3224,2316
-1604,4144,3988
-624,3528,2628
552,2096,916
1004,1312,1308
1556,-640,-640
1224,-568,-236
1112,-1108,488
1020,-604,1628
644,-284,2084
648,-8,1252
840,644,1196
-864,2040,2180
-1540,3460,1624
-2028,4132,3252
-1248,4240,2680
332,2636,1144
844,2288,1404
1776,-416,292
1100,-648,-12
524,-1088,764
416,-728,1176
164,-488,1804
-112,-416,1640
756,-96,352
-428,688,1132
-220,2064,1280
-808,3408,804
-1400,3584,3124
-868,4232,3180
56,3036,1260
636,2256,828
1180,-344,500
704,-1228,-396
568,-1432,368
824,-812,1064
732,-344,1856
728,-412,1368
164,1160,920
-52,1996,1196
-564,2252,1132
-1040,1812,1436
-1168,1536,724
-2200,2900,1092
-768,4120,3220
916,2300,1564
2024,1532,1912
2176,-944,428
312,-1248,104
-564,-1360,260
-856,-708,644
-460,-920,36
-384,60,392
-368,-324,616
196,416,540
176,1232,1032
56,1480,1944
-112,2376,2216
-448,2744,2536
-620,3388,3348
436,2484,2288
1144,1272,1208
1380,144,1248
1212,-604,576
636,-684,608
152,-508,140
-20,-24,-20
-124,264,-104
-164,344,-136
520,644,-980
-140,1076,672
-460,1412,16
-1420,1384,648
-1812,2360,2724
-1172,2836,4816
-568,1904,3424
460,1416,1240
756,1164,1292
1124,-1212,476
876,-752,624
720,-1112,572
80,-448,876
172,-720,316
372,712,-496
-400,32,500
236,1484,-428
-776,2236,336
-1392,2748,1484
-1292,4200,3948
-648,3356,3056
672,2316,1012
1428,1364,1136
1476,-800,-316
784,-1152,268
512,-736,324
200,-340,1352
44,-908,852
1024,-252,392
-448,-188,1452
80,1508,244
-964,3060,1228
-1184,4332,2464
-696,4468,3040
-44,3436,864
248,2168,776
816,-876,-332
784,-1708,-656
788,-1356,284
992,-260,848
884,52,1744
568,280,1912
784,-192,632
372,696,1232
-24,1028,1332
-256,1500,912
-444,1968,784
-720,2640,924
-864,2568,780
-916,2352,660
-728,2072,612
-532,1512,536
-448,1164,644
-260,904,612
-268,608,464
-384,220,492
-228,536,792
-140,912,1360
372,100,1256
-372,-8,1084
-172,-8,320
-344,452,180
-424,576,64
-432,616,-28
-396,908,92
-372,1160,24
-328,1164,-96
-216,1292,-188
-156,1444,-108
-132,1432,-116
-96,1292,-220
-80,1204,-208
-8,1064,-232
48,868,-416
132,828,-616
228,636,-712
344,608,-804
468,512,-928
480,528,-948
472,472,-936
444,304,-900
420,276,-876
408,284,-868
384,248,-856
336,204,-828
312,252,-888
324,240,-912
252,248,-916
232,276,-952
252,260,-932
240,264,-948
148,236,-936
172,240,-936
180,216,-932
128,264,-972
# balls=5,catches=51,detected=28,sampleRate=25,timestamp=1790083851,countMode=watch_hand
x,y,z
164,296,-1072
280,88,-988
232,312,-980
76,104,-944
32,148,-924
44,152,-936
28,124,-948
-16,0,-976
-40,-16,-964
-40,20,-976
0,0,-976
-28,52,-944
1116,-324,-356
4,52,-1052
-112,-32,-956
-268,-260,-868
-208,-320,-868
-316,-328,-956
-220,-124,-924
96,192,-1096
36,232,-1036
8,-20,-992
60,-16,-988
136,16,-1016
180,-48,-936
220,-56,-892
252,12,-920
296,-8,-956
324,-24,-980
304,-60,-1012
280,-80,-1012
280,-112,-988
276,-188,-980
348,-340,-936
376,-348,-840
380,-364,-656
324,-220,-488
268,52,-292
180,344,260
20,548,740
216,924,720
360,1572,1144
288,1864,1424
52,2472,1508
-32,2724,1816
188,2732,1432
468,1920,1612
664,1292,1200
1024,448,788
1144,-1376,1132
944,-2868,1372
796,-1752,736
656,60,1096
144,2176,1180
-448,3700,1244
-796,4420,1544
-540,4144,1668
256,3024,1468
764,1732,1180
1256,-1448,916
1544,-2844,668
1364,-2120,788
1024,-780,596
924,636,1260
16,2412,2208
-1288,3672,2320
-1540,3796,2664
-972,3580,2928
148,2300,1964
780,1524,748
884,320,976
932,-940,-148
616,-900,60
704,-820,308
764,-816,768
692,-760,1048
936,56,1160
392,784,1876
-384,2084,1688
-1500,3152,1620
-2080,3796,2348
-1480,3904,3332
-264,2416,2260
736,1444,1092
1368,172,1048
1496,-880,420
1176,-1280,516
804,-1100,228
400,-908,160
924,-220,-124
-260,524,1456
-536,2332,1488
-1224,2656,2556
-1300,3324,3816
-780,2896,3688
168,2140,1848
700,1588,756
984,-212,416
1060,-1188,-268
860,-1164,180
700,-968,436
464,-652,708
340,-264,1024
944,164,600
412,780,2080
-460,2440,1880
-1480,2716,2124
-1824,3644,2856
-1008,3192,3060
120,2184,2164
740,1868,1068
1248,276,944
1048,-428,84
548,-276,304
564,-968,736
592,-504,1112
108,-440,1812
800,344,1292
136,444,1416
576,2492,1280
-520,3268,460
-1484,3960,2248
-932,4164,3028
-256,3504,1924
480,1904,772
920,1316,892
1336,-1272,-216
1324,-1304,-24
1200,-1288,756
772,-804,1664
652,-408,1412
260,384,1824
-384,2120,1540
-1488,2896,1888
-1852,4004,2900
-968,3700,2896
88,2176,1484
640,1564,1104
1192,-472,-12
1036,-796,-68
1016,-1060,444
728,-944,892
360,-988,1100
708,-568,604
100,1044,1568
-328,2524,1836
-1268,3384,2000
-1336,3988,3004
-604,3764,2832
476,2204,836
588,1412,916
1056,-668,-468
684,-1128,-456
804,-1464,252
996,-1024,780
796,-520,1572
904,-20,1160
808,812,1812
8,1852,2296
-1216,3028,1596
-1848,3576,2096
-1136,4184,2156
-44,3096,1500
872,1780,212
956,660,832
960,-1340,52
1068,-1456,152
956,-1204,572
776,-876,1068
916,-756,1600
540,1308,2324
-504,2208,2064
-1512,3228,2000
-1784,3960,2516
-784,3588,2644
504,2144,1104
1120,1312,496
1400,-460,176
1216,-1248,-76
920,-1424,252
552,-1016,996
440,-912,992
816,648,1400
172,1404,1936
-412,2296,1616
-1396,3168,2256
-1456,3816,2664
-472,3640,2772
676,2148,1040
912,1616,580
1248,-576,76
1016,-972,-312
740,-1328,-40
744,-996,600
512,-1036,1220
868,-4,1000
436,692,1924
96,2000,1632
-1060,2712,1764
-1680,3252,2372
-1004,3640,3216
-136,2656,2428
976,1696,588
1252,1088,1012
1464,-816,-72
1100,-800,264
532,-1080,848
120,-1156,1324
304,-1044,1228
492,296,872
84,1216,2044
72,2552,976
-1152,2664,1912
-1060,3860,2976
-380,3864,3080
344,2396,1304
808,2040,816
1116,-24,600
664,-508,-40
432,-780,76
432,-948,660
492,-888,1040
204,-748,1384
1200,-564,516
584,984,1200
480,1932,1804
-112,2668,560
-1256,3120,2500
-992,3520,3240
-460,3516,3084
356,2228,1868
868,1824,868
1056,180,516
1048,-900,-144
788,-1316,116
776,-1100,412
748,-620,800
444,-488,1520
1204,-164,780
244,1364,1636
-1108,2268,1676
-1516,3104,1728
-1540,3664,3460
-600,3688,3228
540,2600,1040
1072,1888,488
1824,-1120,-512
1624,-1524,-320
1244,-1504,936
512,-940,2316
656,-476,1524
216,348,1504
-116,1652,1868
-648,2288,1556
-1440,3200,2120
-1112,3812,3364
-296,3160,2328
752,1972,488
1160,1368,1048
1460,-960,172
836,-616,444
436,-856,856
120,-628,1184
-280,-968,1736
784,-196,412
-332,516,1596
188,2280,1252
-568,2620,1244
-1240,3572,2836
-372,4252,3104
392,3216,1716
1028,1976,188
1084,808,924
988,-1240,-348
712,-1228,-176
644,-1476,660
772,-600,1336
700,-404,2040
692,336,1468
596,1072,1692
252,1980,1640
-744,2948,1552
-1312,3108,2280
-704,3924,2960
176,3196,2492
996,1612,616
872,952,1080
1240,-1360,-456
1056,-1400,-216
776,-1132,616
908,-488,568
596,-148,1324
684,200,1448
-40,1152,1604
-1180,1932,1952
-1548,2728,2636
-1736,3392,3468
-668,2628,2756
532,1928,1096
892,1792,1252
1412,-300,4
1160,108,-176
812,-776,384
680,-832,824
280,-760,1828
536,-748,1416
312,880,1400
256,1240,1228
-328,2512,904
-1472,3120,2124
-1040,3968,3208
-536,4016,2876
416,2680,876
768,2116,392
856,-332,-276
376,-1040,-568
652,-1288,304
1084,-688,928
1392,-584,1944
1372,-204,1720
1048,224,1692
716,1048,1676
-260,2292,900
-1348,3196,1288
-1528,4008,2288
-1056,4440,2852
4,2796,1920
800,2012,440
1104,624,780
1056,-584,-188
676,-1036,-28
536,-876,292
532,-584,768
288,-316,1448
360,-252,1468
960,508,1256
-288,1700,2380
-1224,2696,1112
-1972,3636,1644
-1224,4092,3152
-48,3204,2016
772,1916,304
1156,1416,992
1368,-1120,-176
1124,-1084,232
688,-1372,1448
152,-1068,2048
900,-556,620
268,600,1420
180,2464,1164
-848,3080,1124
-1340,4004,3180
-632,4160,3476
148,2632,1468
580,1764,448
928,-1280,-448
1164,-1304,-944
1380,-1468,40
1312,-820,1084
1080,-300,2252
996,48,2188
392,848,1500
132,1356,1552
-656,2364,1660
-1264,3088,1792
-1320,3700,2828
-300,3292,2732
832,2088,712
992,1760,1020
1364,-344,48
724,-852,-492
460,-1076,-212
656,-844,576
556,-556,1552
428,-344,2280
972,96,1220
608,728,1848
140,1848,1868
-824,2632,1140
-1692,3772,2188
-1020,4492,3080
-16,3472,1568
860,2296,388
1256,692,800
1068,-1292,-420
632,-1360,-168
524,-1076,496
464,-552,996
204,-204,1780
800,-320,1228
544,900,1620
196,1360,2064
-452,2116,1496
-1532,3068,1724
-1256,3712,2752
-536,3884,3040
708,2340,1000
980,1676,288
1240,-1668,-588
1012,-1508,-684
972,-1156,384
808,-132,1592
580,48,1692
716,412,1440
384,732,1632
-76,1404,1428
-1036,2712,1280
-1508,3256,1828
-1176,3760,3228
-4,2772,2432
1024,1676,416
1060,804,792
1376,-1700,-908
920,-1304,-184
976,-928,168
516,-672,1636
400,-328,1816
72,548,1448
176,920,1132
-348,2036,1536
-872,2692,1996
-1028,3336,2568
-508,3428,2892
388,2360,1524
884,1600,676
1212,312,860
1048,-796,-16
672,-716,348
520,-664,536
232,-428,1172
160,-908,1080
124,-140,1368
-412,636,1796
112,1868,1056
-792,2564,1540
-1024,3232,2096
-588,3784,2744
-4,3228,2280
820,1940,308
828,952,520
964,-1624,-988
548,-1368,-540
848,-1036,440
912,-88,1792
644,-60,2000
1040,-36,764
648,760,1880
188,1472,1740
-960,2640,1040
-1524,3796,1536
-1192,4144,2624
-180,3260,2400
1080,2000,576
1564,956,876
1496,-888,-112
996,-1388,-116
780,-1208,568
-100,-908,2052
316,-888,1124
164,964,1464
160,1132,1620
-164,1992,1256
-1172,2936,1688
-1068,3576,2384
-360,3408,2708
416,2208,1284
788,1692,1296
1212,-332,556
716,-60,152
516,-1028,336
344,-1140,716
4,-672,1400
912,-216,48
0,-172,852
488,1844,568
-760,2652,1100
-1328,3548,2512
-968,3804,3792
-268,2784,1936
784,1940,292
1128,792,496
1144,-1236,-384
816,-1156,288
784,-1024,1288
512,-560,2000
592,-8,1232
384,396,1228
64,1496,1436
-576,2664,1360
-1040,3500,2468
-372,4116,3356
208,3644,2100
884,2104,180
660,916,628
964,-2012,-1012
1096,-2088,-212
1212,-1428,792
1556,-648,2436
1564,380,2804
820,932,1812
80,1528,1608
-1140,2628,1200
-1380,3448,1800
-1432,4168,2968
-212,2976,2048
896,1948,624
1440,1196,1476
1640,-1280,392
1260,-792,264
292,-1468,900
92,-1468,1004
48,-16,788
-256,-116,1072
636,1480,840
-100,1848,1372
-880,2964,2068
-820,3688,2632
-604,3748,3208
300,2388,1332
808,1908,896
1220,376,1096
988,-768,524
588,-672,644
320,-688,816
-72,-656,1400
400,-704,1616
140,-20,1080
764,844,948
672,2716,428
-340,2660,1352
-908,3200,2316
-956,3852,3232
-388,3208,2736
804,1948,872
1060,1724,852
1340,-900,80
916,-1144,-484
816,-1304,188
884,-472,936
348,-476,1788
668,192,1176
212,172,1848
188,1676,1512
-544,2560,1180
-1432,3224,2188
-1008,3636,2784
-384,3656,2420
668,2232,872
936,1836,920
1288,-448,172
932,-748,-100
660,-1136,604
688,-760,1396
376,-600,1696
488,-348,536
-76,480,1200
-264,1772,968
-1164,2744,1608
-1732,3772,3116
-908,3944,3284
-156,2480,1340
608,1900,1252
1532,-428,572
964,-432,288
572,-1024,704
144,-424,1128
-240,-464,1572
392,364,644
-20,240,908
412,1576,1044
260,2756,108
-628,2812,1224
-1172,3884,2304
-440,4088,2468
280,2760,1156
992,1784,636
1320,540,1056
1044,-896,724
452,-936,612
28,-1020,920
4,-592,1340
44,-44,448
12,-20,1028
936,1684,668
384,2488,744
-1056,3048,2268
-948,3744,2852
-668,3644,2716
384,2240,940
976,1844,1224
1528,-420,420
948,-516,204
336,-1348,784
4,-932,1404
232,-532,1184
32,264,708
196,556,984
716,2156,396
-660,2800,1172
-1172,3136,2464
-904,4004,3708
-176,2620,1944
1144,1480,544
1364,616,1488
1432,-1404,68
516,-1568,708
-32,-1392,1316
312,-596,1080
-52,132,996
476,984,948
8,2484,828
-868,2484,2328
-740,3984,3648
-524,3528,2784
424,2264,676
836,1740,664
1000,-208,-16
480,-628,-320
96,-684,132
252,-880,1036
456,-280,1540
132,-80,1752
804,-544,652
540,884,940
316,1296,1296
-112,3060,624
-1028,3444,1720
-1040,4176,3452
-520,3932,2924
504,2436,1036
836,2024,484
792,-720,192
788,-1232,-468
1072,-1240,388
1396,-444,1924
1144,-360,2752
1108,40,1152
364,648,1508
132,1628,1268
-724,2516,1232
-1136,3392,1556
-1332,4092,2356
-1064,3948,3016
416,2536,1844
1000,1700,1452
1688,384,1492
1400,-412,1808
756,-1440,1464
-40,-684,1336
-84,-1016,1352
-156,-448,1164
-12,-572,604
876,484,604
800,2544,468
-260,2984,1344
-744,3136,2308
-632,3800,4048
-84,2912,2920
744,2044,784
1352,752,764
1404,-1388,-948
900,-1708,-516
1076,-1668,-16
1292,-700,1524
1076,-36,2480
876,568,2056
332,1300,1560
-424,1776,1556
-980,2908,1956
-1400,3684,3300
-652,3552,3232
444,2592,1716
1240,2172,696
1492,32,784
896,-1284,-128
600,-1044,256
524,-636,1164
300,-456,1532
212,-316,1840
1064,-224,656
396,648,1568
-128,1860,1772
-184,2220,1304
-796,3136,2172
-892,3748,3084
-360,3812,2944
724,2464,1336
1132,1720,492
1236,248,152
1108,-956,-848
820,-1000,-312
640,-1000,556
648,-580,1156
368,-352,2124
660,-328,1588
360,760,1324
472,1136,1204
268,1904,1336
-296,2788,1468
-816,3380,1852
-716,3844,2652
116,3360,2880
932,2012,1336
952,1548,1076
1204,-616,240
908,-968,88
832,-1028,384
840,-840,620
476,-704,1220
572,-396,880
680,-32,952
28,1452,1684
-660,2704,772
-1544,3260,1980
-1324,4000,3332
-640,3636,3056
400,2452,1140
864,2276,676
1056,-456,-28
700,-600,-536
672,-832,100
776,-632,896
844,-508,2120
1428,-364,2352
396,488,1972
736,388,1432
852,548,1588
-520,2052,1384
-2036,2584,1776
-1080,3148,2616
-556,3892,3244
-60,3296,2464
1472,2992,2728
2168,1700,1412
1860,-172,568
1124,-1084,-68
480,-1176,780
-88,-1032,1776
-412,-260,788
-996,36,768
-780,304,-216
-720,172,-628
-1020,424,-284
-1080,424,-112
-836,424,-356
-760,552,-344
-484,604,-300
-344,984,-432
-464,852,-68
-392,936,120
-500,1340,756
-816,1892,1120
-856,1080,1152
-532,1492,416
-632,1280,552
-708,1480,524
-688,1228,588
-432,1056,536
-212,584,352
-220,432,292
-288,112,312
-352,-64,32
-508,-80,76
-392,-172,20
-228,200,-52
-212,64,268
348,-104,380
432,1132,624
688,1964,696
768,1392,472
1040,1792,428
988,1652,704
1116,1756,668
984,1764,536
448,1576,692
180,1408,504
120,1164,296
212,1092,196
408,992,200
548,972,152
632,980,36
560,796,-128
492,784,-296
452,712,-456
424,572,-556
412,520,-620
392,352,-720
344,272,-744
284,304,-760
232,240,-780
184,172,-700
168,140,-800
192,204,-932
420,32,-904
164,148,-916
148,108,-956
72,296,-1012
196,152,-1096
176,388,-1220
184,312,-1104
# balls=5,catches=66,detected=38,sampleRate=25,timestamp=1790083938,countMode=watch_hand
x,y,z
104,128,-960
92,112,-964
76,96,-960
60,56,-960
80,76,-972
56,80,-968
56,64,-952
60,56,-948
32,44,-956
80,68,-964
92,104,-980
-80,60,-1080
156,160,-892
-60,-136,-980
-16,48,-1060
-160,-136,-932
-156,-300,-884
84,-100,-1016
192,144,-1020
68,108,-1000
112,124,-992
184,156,-1032
124,100,-976
168,168,-996
212,216,-1040
208,176,-972
192,168,-948
184,248,-948
208,248,-920
256,252,-916
312,284,-944
372,316,-972
420,264,-968
388,224,-948
372,224,-936
352,180,-932
408,60,-896
480,24,-832
496,168,-836
504,180,-868
476,392,-520
300,620,-368
80,884,-208
-104,1040,-56
-200,1168,44
-240,1084,216
-88,996,332
4,904,548
40,592,564
92,464,612
204,412,864
376,628,1008
404,816,1060
232,1132,1160
-180,1780,1236
-168,2616,1384
192,2452,1372
436,2112,1556
660,1532,1520
1036,640,832
1116,-1008,816
828,-3156,1444
936,-2124,596
744,-588,900
348,1568,1456
-328,3772,1492
-720,4204,1740
-796,4340,2012
-80,3492,2012
800,2132,1116
1204,-536,1284
1864,-3020,176
1756,-2500,476
1340,-1132,508
1080,124,1144
296,1692,2164
-1292,3208,2736
-1520,3448,2812
-1156,3520,3096
-248,2768,2812
504,1704,1152
320,568,40
-164,-172,-360
120,-1608,-540
756,-1048,100
1412,-456,664
2216,-652,1772
1744,-320,1756
1272,108,1400
764,612,1268
-784,1960,1236
-1724,2896,1292
-2344,3864,2120
-2268,3944,3212
-676,2992,2704
820,1952,764
812,1156,1456
1556,-812,-600
1380,-1096,-160
1092,-1032,240
1060,-844,540
564,-788,2228
828,-828,1640
324,1032,1944
-728,1744,1824
-1360,2892,1496
-1804,3324,2304
-1540,3580,3120
-352,2852,2400
468,1712,824
836,684,536
1164,-876,-668
1180,-1232,-432
1388,-752,192
948,-472,1584
572,-792,1180
-360,-24,1912
-208,700,1288
-388,1880,1284
-1116,2608,1980
-1360,3104,2372
-924,3344,3340
100,2668,2420
816,1852,928
796,448,532
784,-656,-588
564,-800,-388
532,-656,-288
528,-704,404
672,-344,1052
856,-304,1464
916,-488,1732
1028,464,1348
-156,1592,1992
-1584,2668,1288
-1992,3788,2400
-1456,4080,3096
-304,3268,2356
480,1872,104
176,300,-80
388,-1916,-1364
1004,-1588,-452
1824,-408,1276
2024,-728,2280
1532,-204,1692
712,-192,1648
352,820,1552
-924,2212,1280
-1644,3480,1476
-1828,3988,2604
-920,3568,3116
364,2432,1680
752,1452,-8
644,-288,292
1060,-1720,-796
1436,-1524,204
1340,-528,1460
836,-500,1452
344,244,1440
244,404,1384
-312,1752,1260
-1412,2892,1608
-1844,3592,2112
-1540,3840,3024
-220,2900,2288
740,1800,304
824,472,248
1268,-1544,-1252
1044,-1456,-76
1104,-788,836
880,-72,2056
1116,-240,1240
480,24,1564
492,384,1476
-72,1472,1320
-988,2184,1416
-1328,3160,1688
-1652,3472,2288
-1048,3488,3088
420,2380,1792
1072,1592,24
1160,-120,788
1384,-1384,-676
1188,-1144,-52
808,-792,852
208,-596,1508
408,-424,1056
60,640,1308
-164,1444,1736
-520,1876,1692
-1448,2824,1856
-1684,3180,2668
-880,3128,3116
456,1876,1628
1064,1624,1188
1564,-136,1084
1080,-80,468
572,-1012,444
204,-1000,976
-116,-700,1776
240,-424,1984
400,348,1184
424,1992,1508
-416,2360,1268
-988,2936,2788
-740,3364,3984
-180,3160,3044
552,1932,896
772,1044,-52
500,-972,-296
600,-1332,-1128
736,-1032,-52
1096,-124,1200
1092,-64,1904
1084,-96,980
664,528,1504
172,956,1496
-792,2140,1000
-1672,3228,1524
-1536,3820,2480
-832,3592,2956
464,2108,1448
1152,1548,520
1464,-1532,644
1604,-1496,124
948,-1492,768
360,-780,836
-88,96,824
-116,536,736
-612,1660,1492
-1084,2216,2204
-1272,2768,2816
-1028,2772,3476
-92,2364,2820
916,1412,948
1132,1336,1172
1688,-1044,24
1248,-656,0
620,-1232,68
68,-796,572
148,-1236,644
428,-108,584
-16,932,1592
-132,2012,1332
-1020,2648,1668
-1128,2956,2832
-640,3268,3696
216,2228,2636
1232,1240,168
984,264,940
1492,-1328,-1120
1168,-892,-392
328,-308,1160
8,-300,676
-440,44,1036
-132,140,684
72,588,880
-72,1032,1776
-644,1964,1936
-1564,2568,1932
-1584,3180,2888
-496,3016,2688
948,1776,1044
1292,1564,1512
1536,-248,996
912,-548,576
312,-812,796
-420,-1008,1692
-180,-1324,1828
-68,200,684
316,-268,832
748,2124,740
-152,2164,1168
-1084,2772,2040
-964,3496,3532
-412,3336,3552
792,1904,976
1152,1436,1028
1772,-1100,136
1444,-1308,-52
472,-1396,520
200,-568,484
-128,-288,712
508,-104,616
-184,1296,1572
-444,1360,1780
-696,2432,1820
-1100,2692,2632
-568,3264,3472
352,2516,2580
1336,1268,336
1124,1092,1108
1220,-2040,-224
748,-1288,-16
504,-988,748
332,-436,1048
364,-148,836
544,684,1168
236,1116,1604
-244,2068,1444
-836,2680,1696
-984,3200,2060
-504,3892,2504
556,2896,2024
1432,1424,396
1464,632,652
1300,-1152,-116
1020,-1532,-508
376,-1188,548
44,-584,760
148,-276,840
472,-4,1184
476,1308,1728
-628,2276,1976
-1156,2752,1860
-1148,3364,2724
-300,3352,3132
608,2004,1440
816,1504,352
1012,-528,604
1300,-1524,-480
1208,-1228,564
1116,-744,988
880,-484,1000
-64,348,1572
-256,792,1120
-396,1400,1208
-396,2424,1924
-1044,2880,2700
-684,3056,3192
-152,2744,3088
816,1680,1400
1204,1316,852
1476,-272,928
1172,-944,344
740,-1024,656
108,-1024,900
436,-1368,80
304,436,392
336,340,852
264,2024,1256
-568,2212,1984
-1136,3160,2504
-980,3532,3548
-436,2924,2964
924,1628,1168
1248,1264,756
1348,-936,536
988,-1108,-164
604,-1144,420
160,-628,996
-24,-720,1008
896,-288,392
248,876,1408
204,2220,1288
-996,2628,1772
-1444,3748,2916
-776,3576,3828
228,2508,1844
1072,1812,620
1588,16,712
1364,-876,-20
748,-908,352
268,-1128,1024
-172,-976,1640
500,-352,664
-84,336,840
20,1620,904
-332,2384,756
-1196,2924,2328
-900,4000,3432
-424,3096,3076
804,2024,856
1076,1872,1020
1568,-800,144
944,-788,-92
772,-1080,528
456,-484,1360
-8,-1016,900
428,268,772
-188,-132,1052
268,1272,1344
-196,2128,1312
-996,2676,2200
-828,3256,2696
-396,3500,3100
224,2532,2432
1116,1568,664
1336,876,1088
1688,-1452,-416
1208,-1368,0
628,-1504,288
332,-556,604
508,-244,880
152,668,1732
132,1388,1748
-408,1912,2056
-1228,2604,2348
-1408,2960,3056
-636,2904,3072
760,1748,1360
1268,1360,964
1728,-404,784
936,-564,416
52,-1188,652
-312,-1128,772
-116,-512,884
252,-480,-220
68,376,872
436,1940,756
-568,1964,1924
-780,3032,2224
-432,3428,3424
12,2904,2872
884,1636,576
868,1336,696
1296,-848,128
792,-996,24
452,-980,460
248,-892,892
-28,-744,1164
728,-432,396
152,880,1348
-80,1864,1592
-492,2428,1580
-1088,2856,2460
-616,3224,2932
-176,2904,2880
740,1708,1268
1344,1124,552
1092,140,1148
1100,-1108,-104
680,-1108,136
272,-1084,652
96,-1044,788
656,-700,532
332,700,1200
-264,2336,1608
-1080,2412,1796
-1556,3604,3084
-792,3704,3680
448,2480,1832
1392,1768,404
1704,-88,744
1548,-1416,-500
948,-1596,160
276,-976,1308
136,-920,1152
308,612,1080
-104,828,1688
-228,1356,1628
-628,2320,1816
-1096,3116,2856
-568,3252,3060
156,2796,1744
844,1624,672
1320,536,1240
1372,-1304,-624
892,-1084,-316
380,-1076,236
260,-608,548
352,-720,1056
452,588,1676
116,1164,2064
-260,1740,2064
-1160,2768,2104
-1172,3340,2804
-472,3360,2672
500,1924,1412
1132,1284,1204
1676,-60,576
1328,-196,292
608,-1156,220
-84,-1268,1020
-76,-1044,1532
-248,88,800
152,84,796
452,1772,504
92,1688,1412
-680,2928,2024
-896,3428,2716
-528,3456,3468
440,2244,1824
928,1676,712
1324,-32,764
1288,-800,316
648,-1344,464
380,-924,688
-16,-1232,1444
180,-100,276
468,-60,680
-124,1916,976
-988,2160,1388
-804,2840,2316
-904,3752,3828
-300,2812,2984
696,1840,800
892,1784,1004
1540,-448,664
1008,-964,544
476,-1268,836
204,-1112,868
-32,-872,860
648,-464,172
412,1036,720
-124,1536,1464
-560,2572,1664
-960,3188,2048
-932,3716,3644
-40,2988,2564
776,1700,764
1280,1404,1348
1924,-1440,-340
1216,-964,-120
428,-1248,468
52,-620,912
652,-484,-140
288,436,988
-92,976,1920
-416,1544,1964
-980,2512,2004
-1408,3028,3020
-596,3112,3116
616,2164,1360
1432,1720,1040
1764,0,1260
856,-744,128
-8,-1792,348
-524,-1316,916
-304,-856,768
80,-20,596
-548,-88,1064
312,1032,712
-8,1616,1384
-560,2620,2024
-444,3284,2708
72,3672,2932
856,2484,1276
1092,1372,420
1284,12,548
1116,-1148,-552
608,-1420,8
216,-956,540
-84,-760,1388
372,-556,692
80,620,1000
108,1352,1264
-24,1544,1700
-432,2372,1912
-708,2780,2680
-344,3352,3212
420,2764,2240
1056,1652,788
848,1412,1068
928,-440,-164
228,-816,-268
-100,-792,-96
232,-884,228
908,-704,696
1344,-564,1128
1136,264,1348
284,684,2000
204,1148,1068
-768,2568,1104
-1708,3020,2500
-1432,3336,3644
-840,3396,3676
336,2312,2124
1644,1708,624
2076,-1072,172
1616,-1188,-60
852,-1660,568
164,-1168,1132
236,-248,568
172,420,1080
-300,1452,1692
-904,2004,1620
-1480,2824,2040
-1172,3664,3288
-392,3232,2692
696,2032,800
1140,1600,876
1660,-568,84
1236,-1128,344
856,-1152,476
80,-1080,1556
564,-252,88
-240,96,768
308,584,620
132,1512,1148
-448,2256,1844
-1136,2984,2256
-1104,3708,3220
-420,3280,2728
680,2036,1060
1140,1404,900
1312,196,672
932,-996,272
732,-888,288
476,-1008,956
216,-776,1384
404,-824,1512
776,632,852
456,1196,1864
372,2540,984
-760,3184,2196
-1172,3844,2888
-828,3916,2828
172,2672,1944
968,1928,1004
1332,512,876
1344,-180,-296
896,-464,12
760,-1260,836
720,-908,1224
132,-740,1560
936,-652,632
144,1176,1264
-128,1944,1432
-824,3000,1288
-1572,3768,2672
-832,4176,3416
92,2828,1892
1036,1916,336
1244,448,884
1456,-1312,-796
1104,-1212,176
548,-728,1364
248,-476,1540
1036,24,496
108,972,1356
256,1368,1340
-328,2372,1188
-928,2760,1944
-904,3696,2740
-172,3832,2912
760,2552,1672
1192,1704,748
1072,556,940
1064,-1160,-64
708,-1076,480
620,-1044,876
224,-792,1296
272,-660,1144
960,-8,580
428,828,1256
-288,2300,1628
-964,2820,1840
-1460,3944,3492
-1008,3912,3536
252,2424,1528
1344,2052,1036
1996,48,1268
1256,-1092,440
488,-1276,568
-32,-976,1168
88,-940,1032
452,684,856
-360,96,1216
428,1536,1164
-56,2176,1056
-1064,3096,2252
-900,3944,3304
-184,3800,2356
820,2236,408
1048,1728,660
1508,-1572,-952
1240,-1096,-624
932,-960,552
488,-408,1664
152,-632,1732
32,192,1408
20,164,1236
500,628,1412
256,1996,1260
-628,2332,2092
-616,3004,2288
-60,3832,2568
512,3356,2072
940,2072,696
680,1180,668
648,-1164,-456
764,-1552,-276
1180,-1416,380
1280,-772,688
780,-384,1536
852,88,1052
652,364,1764
608,1120,1768
-252,2056,1896
-1108,2864,1724
-1424,3716,2380
-1004,3992,3096
204,2676,2296
1152,1756,1260
1488,828,1396
1392,-252,1208
964,-1588,684
660,-1656,936
664,-988,960
468,-232,1628
784,1064,520
120,1044,172
-400,1776,688
-276,2768,956
-944,3276,2952
-708,3840,3596
56,3440,2500
716,2092,1056
784,1856,868
872,-1496,-272
572,-1380,-912
652,-1404,-52
900,-600,684
1504,-288,1644
1672,-524,1828
1040,784,1424
384,1216,1456
-592,1732,1120
-1440,2904,1784
-1932,3824,3288
-1316,3752,3604
216,2828,2192
1284,2184,904
1860,632,1224
1604,-928,32
1000,-776,324
712,-1108,964
464,-480,1436
392,276,1748
224,-376,1092
608,836,1784
144,1680,1428
-68,2604,1596
-1016,2988,2232
-1420,3592,3152
-856,3464,3256
592,2312,1840
1472,1788,1020
1944,496,536
1468,40,204
896,-1224,356
416,-1348,960
-84,-856,1844
768,-292,400
-464,24,1192
440,440,984
492,1832,1244
-312,2508,2296
-1076,3136,2596
-888,4284,3348
-136,3540,2624
1160,2168,852
1320,1796,1360
1532,-1028,100
1224,-1144,4
748,-1224,580
520,-396,860
76,-388,1420
232,200,632
612,112,884
-476,1328,1736
-572,1884,1708
-824,2624,2008
-1360,3480,2792
-868,3808,3244
244,2660,1940
880,1800,1108
1172,740,1348
1300,-832,-220
944,-924,72
1028,-740,180
752,-680,732
864,-856,868
520,488,796
0,316,1524
268,1856,916
-540,2420,1508
-1384,3028,2096
-1580,3552,2848
-1168,3308,3616
280,2196,2272
1156,1436,780
1472,812,1316
1472,-936,504
1136,-800,288
528,-1296,928
396,-1480,1192
-104,284,1256
284,24,1020
912,1572,316
108,2688,1088
-452,3260,2292
-840,3776,2716
-768,3504,3464
540,2648,2356
1148,1448,448
992,1192,1500
1376,-1912,-184
956,-1220,-176
640,-968,468
652,-588,800
540,-924,1580
248,452,1232
56,644,1404
264,1328,1120
-184,2008,1592
-1012,2728,1916
-1580,3332,2500
-1244,3892,3376
-140,2924,2344
1084,1692,1144
1204,1124,1320
1244,-808,676
1008,-860,348
964,-924,384
628,-532,856
-20,-268,2124
540,-52,728
-128,248,1504
308,1248,1332
-16,1916,1360
-1028,3088,1668
-1348,3792,2864
-840,4364,3820
384,2844,1964
1468,1604,348
1420,96,1188
1336,-1400,-548
656,-1176,-340
112,-500,720
-236,-292,1156
532,-1044,228
248,1024,1020
-28,796,1500
24,1700,1272
-788,2292,1636
-1560,2956,2352
-1456,3604,3348
-396,2776,2776
1052,1804,1304
1436,1352,1644
1500,-132,776
1036,-68,592
696,-780,916
360,-500,1172
24,-760,2132
-324,372,1728
-244,-244,1420
452,324,856
-32,2560,720
-916,3212,1828
-1208,3788,4032
-644,4008,3700
1112,2400,808
2032,884,540
2148,-2048,-1652
1200,-1276,-104
-16,-252,2152
-296,-96,1464
-680,-68,956
-452,312,648
-504,388,696
-112,420,700
320,1300,1040
388,1524,1280
116,2032,1516
-248,2052,2116
-368,2552,2328
584,2916,2720
1320,2148,1768
1276,1428,640
1240,204,792
1088,-812,176
944,-1016,-296
416,-896,308
-76,-948,1236
720,-1216,444
-84,628,1096
100,544,860
144,1596,784
-276,1920,1520
-756,2748,1908
-896,3468,2932
-232,3620,3428
628,2364,1812
856,1992,704
1008,-968,-128
796,-1800,-1208
680,-1596,212
1024,-728,168
932,-372,1072
1672,-60,1632
1268,264,2352
836,440,1476
-76,1196,1444
-900,2212,1168
-1092,3128,1520
-1264,4044,2908
-444,3472,2748
492,2364,1320
760,1524,548
944,-268,-408
768,-1044,-4
1228,-1712,16
1264,-1080,448
544,-604,1656
680,-344,1200
804,616,1700
340,1168,1996
-480,2096,1464
-1612,3084,1728
-1664,4068,2692
-664,3992,2808
380,2740,1344
1044,1932,676
1200,-40,340
648,-1088,-276
568,-1200,268
708,-776,916
736,-604,1512
528,-260,1860
1040,-16,484
252,520,1416
-340,1540,1220
-964,2464,1224
-1624,3532,2492
-1540,4148,3648
-588,3536,2724
656,2328,996
972,904,516
656,-28,-96
796,-1760,-344
1188,-1076,412
1368,-584,1436
1028,-272,1996
928,-336,1264
408,456,1416
280,1296,1400
-216,2116,1464
-948,3092,1828
-1384,3620,2388
-1284,4100,3164
-172,2872,2788
1036,1580,1044
1116,1504,1548
1676,-1136,312
1368,-1092,44
780,-1316,500
708,-948,184
448,-560,620
320,-148,804
732,864,952
-444,1904,2452
-892,2664,2604
-1328,3232,3236
-944,3216,3568
368,2540,2344
1332,1868,940
1648,120,968
1720,-1020,-596
1108,-1408,-16
636,-1108,460
64,-796,1316
348,-800,1172
136,268,916
-296,1004,1656
-120,1656,1532
-300,2312,2016
-732,2816,2876
-472,3312,3072
312,2896,2596
984,1684,820
968,1344,444
1132,-1088,-212
808,-1292,-512
660,-1120,120
828,-316,684
616,-256,1344
768,-276,1440
572,424,1404
564,708,2184
-272,1604,2048
-1296,2336,1680
-1916,3444,2476
-1448,3888,3140
-32,2868,2448
1072,2092,1352
1772,816,1436
1592,-344,304
808,-1116,836
388,-1292,884
-48,-472,1132
-356,-400,912
-56,1000,40
-1144,848,212
-1132,1096,-668
-1112,1460,-684
-996,1352,-160
-776,1688,176
-896,1248,840
-764,1036,656
-468,808,180
-584,776,248
-520,724,68
-448,596,-84
-628,972,504
-640,1388,1660
20,396,1112
-720,1680,908
-488,396,340
-464,456,44
-452,436,-16
-512,224,56
-648,8,60
-652,284,20
-572,584,-44
-532,848,-60
-460,856,-200
-404,876,-324
-456,996,-160
-424,1164,-72
-292,1244,-84
-140,1340,-176
-88,1248,-144
-72,1172,-152
-128,968,-196
-200,928,-180
-152,1028,-192
-168,1160,-268
-136,1172,-272
-124,1112,-296
-80,1156,-448
-64,984,-584
4,736,-632
88,612,-760
192,480,-880
248,284,-896
200,288,-892
156,204,-916
216,104,-816
208,276,-972
160,224,-996
252,280,-940
236,320,-920
284,356,-932
296,252,-876
332,244,-892
332,248,-900
388,224,-916
# balls=5,catches=107,detected=57,sampleRate=25,timestamp=1790084048,countMode=watch_hand
x,y,z
-16,332,-980
-36,476,-1020
-28,388,-1040
48,288,-960
196,316,-1112
0,320,-1032
84,356,-968
68,408,-924
252,404,-860
-32,36,-884
4,60,-788
-96,156,-884
-116,72,-836
-268,-140,-848
-60,-192,-692
608,620,-912
124,76,-876
116,108,-864
108,108,-848
116,80,-864
132,124,-852
172,112,-860
172,120,-836
148,144,-804
108,140,-832
20,76,-884
-44,84,-972
-80,28,-1040
-84,-60,-1092
-124,12,-1168
-88,-4,-1204
-56,-60,-1108
-64,-76,-996
-48,-136,-904
-52,-44,-820
-32,32,-688
-24,48,-576
-52,212,-316
-28,388,164
-12,708,784
-92,1408,1124
-100,1572,756
-44,956,812
-88,628,1040
-148,892,1124
-112,912,1064
-68,900,932
-16,944,628
40,828,360
140,592,176
216,724,176
228,972,572
96,1876,1176
-92,2364,1504
184,2640,1472
308,2308,1540
320,1648,1456
808,760,904
1192,-748,676
1292,-2220,1524
1148,-2400,684
816,-764,616
336,1356,1340
-636,3544,1224
-1052,3928,1472
-1008,4256,2140
-208,3044,1692
592,1876,636
856,-732,1236
1628,-2584,140
1416,-2328,636
1080,-856,796
704,896,1628
-880,2516,2472
-2000,3380,2348
-1752,3496,2676
-888,2728,2492
320,1556,1376
804,920,1704
1308,-504,1052
848,-804,976
492,-1472,1320
228,-1752,2084
1024,-384,760
900,184,616
304,3396,-24
-928,3424,768
-1360,3328,3540
-976,3324,3380
-76,2304,1732
848,1528,164
860,620,888
1032,-1624,-524
1048,-1440,284
952,-924,1336
728,-484,1508
1048,124,1016
284,884,1800
-436,2028,1388
-1688,3108,1604
-2056,3732,2596
-1060,3432,2856
36,2236,1728
696,1460,1060
1304,180,388
1140,-792,448
1116,-1236,236
620,-1028,324
212,-824,400
504,-576,252
328,516,1188
-584,1920,1808
-1384,2652,1896
-1572,3424,3120
-920,3332,3224
68,2280,1856
784,1464,536
816,-340,596
1028,-1148,-416
908,-1188,-36
868,-632,296
1000,-524,496
388,156,960
24,544,1764
-516,1552,1520
-1868,2512,1980
-2128,2820,2860
-1164,3056,3360
-120,2308,2224
964,2072,1248
1684,736,1252
1364,-684,1124
780,-1316,1008
420,-1488,1668
564,-804,1704
220,664,1844
496,520,1608
204,3124,728
-868,2880,1308
-1576,3980,3048
-840,3760,3072
-4,2488,1440
496,1800,972
816,-324,660
768,-1080,-212
788,-984,212
868,-1004,740
580,-1012,1404
712,-528,896
428,652,1032
-1116,2256,1632
-1556,3212,1324
-1984,3516,3252
-868,3784,2736
224,2820,1168
888,2012,360
1328,144,552
1412,-1304,100
1208,-1408,680
356,-1292,1556
116,-684,908
720,-56,500
-180,992,1652
-588,2800,956
-1784,3312,1688
-1792,3988,2820
-716,3544,2200
240,2328,720
912,1288,1060
1264,-208,-20
960,-656,620
1136,-1368,924
784,-1140,1712
700,-632,1648
980,576,1112
-588,1692,1712
-1220,3604,716
-2064,3904,2564
-1392,3792,3288
-216,3176,1356
652,2580,936
1692,-88,760
1552,-760,-76
1144,-1280,604
656,-1028,1804
288,-776,2000
944,104,1084
84,992,1852
-328,2488,1100
-1448,3160,852
-1880,4452,2404
-668,4552,1992
420,2776,536
792,1844,932
1152,-484,220
916,-808,360
1004,-1160,700
900,-1024,1028
664,-1676,1260
728,660,1268
-48,1152,1656
-664,3068,544
-2092,3688,1436
-1708,4592,2544
-688,3692,1776
256,2384,692
680,1000,1208
776,-244,160
368,-504,348
268,-704,628
496,-636,984
668,-684,1520
992,-200,1224
776,1064,1028
-264,1708,1608
-1068,4024,-256
-2360,4560,1588
-1292,4228,2892
-172,2928,904
488,2152,796
1568,-768,436
1752,-1152,216
888,-2092,1804
936,-1664,1540
452,792,1324
-364,1652,1312
-1332,2620,876
-1992,3592,2488
-1052,4380,3240
-56,2856,1228
712,2420,912
1572,-532,792
1316,-520,324
688,-1352,932
-48,-1492,1460
24,-1388,1176
968,-92,444
-612,1212,1436
-512,3028,220
-1476,3628,1468
-952,4364,3196
-140,3316,1392
-8,1820,312
-100,-168,400
28,-1344,-928
460,-1688,-276
1224,-876,236
2396,-512,2452
2140,452,1816
1040,48,1324
0,1008,1284
-2152,2176,1100
-2628,3420,1696
-2528,4388,3160
-708,3348,1608
532,2888,1648
1732,720,1560
1252,144,584
784,-404,968
796,-372,2076
792,-64,2932
456,-96,2464
692,628,1640
420,1712,1240
-804,3208,900
-2104,4352,1816
-1396,4928,3188
-364,3448,1712
416,2296,992
860,260,832
872,-820,280
1016,-1204,744
968,-900,1516
772,-940,1552
1108,156,372
220,464,1608
-396,2344,992
-1944,3404,972
-1852,4596,2900
-868,4520,2328
152,2856,180
796,1416,996
1328,-560,-320
1024,-1176,676
1128,-1100,1208
536,-988,1776
484,-712,1132
780,308,928
-348,1416,1568
-1440,3320,1060
-2112,4256,2388
-1312,4280,3204
32,2460,996
672,1764,1168
1448,-1184,156
1264,-884,308
772,-1376,864
344,-1216,872
1016,-840,48
-136,696,1416
-796,2160,1484
-1760,3028,1580
-1936,4220,3164
-912,3920,1864
228,2432,152
772,1804,1332
1332,-444,-28
852,-364,160
400,-780,916
400,-756,1340
100,-868,1652
224,-476,1240
708,860,980
-244,1396,1596
-596,3380,512
-1600,3996,1364
-1196,4456,2540
-100,3552,760
320,2460,604
900,132,540
612,-628,136
716,-892,360
1088,-896,1004
912,-972,1568
1132,-552,1136
544,1068,1416
-628,2160,1592
-1884,3624,876
-2464,4480,2636
-1112,4016,2456
280,2492,548
924,1860,1060
1380,-668,316
988,-756,636
572,-988,1136
172,-964,1652
300,-412,1492
1072,796,756
-308,960,1956
-1092,2196,1488
-1920,3524,1964
-1912,4248,2960
-464,3340,1292
408,2580,852
1348,236,784
1356,-516,292
760,-1332,964
332,-1244,1388
136,-1076,1800
1000,-88,640
-560,1324,2036
-664,3644,320
-1868,3660,1800
-1104,4512,2640
12,3368,776
332,2224,740
716,-316,176
444,-880,-452
464,-1064,72
1076,-712,892
1288,-500,1928
1448,-584,1572
868,932,1728
-656,1824,1652
-1652,3380,460
-2396,4136,2024
-1592,4484,2560
-172,2956,1164
524,1996,1036
1028,164,656
932,-776,128
980,-880,380
900,-936,916
492,-1004,1752
700,-532,1628
716,1120,1460
-588,2480,1528
-1756,3772,792
-2308,4560,2324
-1120,4300,2076
108,2552,568
676,1612,836
1504,-636,120
1456,-1112,428
1104,-968,860
548,-980,1528
888,-896,1000
272,908,1584
-596,1988,1536
-1848,3316,1324
-2212,4408,2652
-1096,4052,2240
244,2352,460
728,1232,788
1248,-476,-544
988,-844,-100
856,-888,748
732,-1020,1684
1064,-648,1360
380,416,1884
-360,1572,1912
-1492,2912,824
-2216,4300,1784
-1404,4632,2072
-128,2956,932
468,2244,892
964,12,352
788,-548,-64
704,-872,496
880,-804,1004
504,-712,1608
360,-360,1612
1048,296,712
-300,1560,1916
-1500,3108,860
-2216,4216,1728
-1420,4748,2116
-152,3044,1060
416,2172,656
1056,-512,292
1092,-1016,-60
1132,-1224,560
932,-1064,1172
704,-948,1284
932,796,964
-532,1808,1784
-1636,2972,1472
-2128,4340,2264
-1276,4324,2360
88,2428,688
700,1640,1100
1424,-524,140
1096,-680,348
832,-1316,756
504,-1296,1152
584,-688,1028
788,324,1008
-384,1740,1560
-1356,3444,1016
-1804,4296,2820
-1000,4288,2704
164,2824,684
480,2204,680
968,-456,20
620,-600,-272
924,-1112,644
992,-652,1512
696,-488,2060
1444,-120,848
420,708,1920
-92,1832,1432
-1324,3396,744
-2468,4332,2252
-1608,4720,1904
-192,3128,688
704,2260,1092
1520,-592,336
1256,-732,332
1028,-1368,1144
484,-1440,1744
812,-1076,932
548,984,1224
-376,1892,1816
-1120,3120,1056
-2100,4232,2412
-1432,4440,2480
-100,2668,720
612,2320,892
1580,-720,228
1316,-688,64
900,-1188,896
588,-1080,1456
996,-892,852
216,556,1260
-492,1856,1268
-1652,3356,1256
-1996,4740,2548
-888,4524,1564
320,2728,-40
652,1784,504
1016,-488,-260
996,-1096,-304
1112,-1396,512
1108,-692,1576
748,-128,1952
1020,268,1176
28,972,2028
-1028,2200,1004
-2496,3320,1472
-2164,4364,2124
-1008,3976,1320
-36,2996,396
916,1120,908
1248,-64,-268
1156,-820,400
1276,-1208,792
940,-1224,1748
832,-340,1840
1064,608,1252
-400,1864,2072
-1576,3100,1036
-2620,4020,1820
-1636,4828,2352
-248,3200,472
480,2400,836
1108,-172,-44
772,-448,-104
996,-848,792
1116,-608,1812
720,-628,2416
1356,-356,944
480,1228,1732
-244,2112,1608
-1300,3656,684
-2284,4520,2056
-1308,4748,2420
-144,2892,1024
668,1812,776
1048,20,580
1076,-1564,76
1216,-1244,484
916,-1120,1016
636,-708,1204
916,120,1108
-236,1940,2112
-1488,2904,1156
-2232,3600,1952
-1568,4304,3112
-360,3244,1536
656,2016,708
1452,-432,536
1608,-824,-152
1132,-1616,476
564,-1168,952
780,-1028,556
192,256,1408
-32,1424,1304
-808,2532,1128
-1556,3536,1988
-1452,4108,2988
-532,3440,2404
608,1932,476
976,952,652
1368,-1540,-356
1244,-1088,-80
592,-624,1168
-100,-912,1532
180,20,608
-212,96,1340
220,648,1060
-316,1792,984
-1088,2760,1556
-1368,3828,2420
-1068,4104,2660
104,2628,840
708,2460,780
1388,-160,344
948,-96,-380
488,-668,448
668,-608,480
560,-648,1256
676,-368,1956
1024,240,1772
592,604,1892
-104,1592,1568
-964,3172,560
-1840,4244,1560
-1576,4932,2576
-308,3596,1456
524,2636,804
1220,-180,196
1048,-808,-412
932,-1352,444
936,-1028,1436
636,-792,1900
1140,-392,1288
496,1072,1796
-300,2080,1560
-1776,3388,1072
-2444,4388,2656
-1396,4228,2548
-132,2604,944
576,1464,920
1096,-16,-76
720,-1100,332
1296,-1144,516
1116,-908,1352
520,-532,1476
948,-484,720
492,1576,1720
-712,2264,1904
-2092,3616,1616
-2592,4944,2900
-1188,3940,2032
268,2776,1280
1124,668,944
924,-148,200
676,-656,584
784,-688,1092
704,-880,1260
484,-824,1644
1156,-316,996
356,1228,1020
-528,2188,880
-1708,2940,1340
-2228,4008,2672
-1864,4444,3200
-448,2908,1364
708,1744,980
1204,-184,164
1052,-1672,72
1236,-1036,792
1116,-796,1804
720,-728,1616
668,612,964
-284,1148,1284
-908,2844,1132
-1756,3548,2000
-1696,4468,2912
-848,3772,2488
320,2116,960
860,1444,1460
1284,-1028,196
1168,-744,148
1088,-932,744
436,-740,1148
348,-816,924
208,144,664
148,284,880
-296,1888,808
-1572,3004,1672
-1964,3880,3088
-1496,4152,3384
24,2604,1244
996,1708,1220
1456,136,928
1140,-412,720
796,-980,764
280,-816,1600
-60,-128,2544
544,-8,1496
276,652,1256
156,2264,908
-948,3140,1320
-1640,4084,3224
-1212,4032,2928
-200,2820,1040
496,2140,1192
1508,-156,120
1188,-444,-236
856,-1076,-60
856,-304,904
244,-152,1992
792,-500,1128
324,168,1636
364,980,1532
-568,2624,972
-1484,3776,1864
-1460,4384,2848
-580,3804,2580
512,1980,1132
580,1320,1716
720,-424,424
296,-448,480
368,-740,444
520,-988,584
740,-1000,1168
1036,-308,1628
816,688,1016
432,1968,604
-756,3488,312
-1716,3808,2276
-1664,4320,3556
-824,3312,2204
192,2348,640
604,696,500
624,-416,-532
64,-1032,60
488,-916,260
736,-540,884
968,-168,1740
1400,-380,1872
892,420,1408
240,948,1732
-552,2172,936
-1792,3868,1288
-2288,4576,2756
-1424,4200,2672
8,2576,1120
956,1272,1176
1420,-276,464
1212,-1056,708
1000,-1652,720
540,-1456,804
1164,-700,532
-20,552,1444
-344,2496,972
-1596,3476,1656
-1708,4292,3520
-748,3804,2704
124,2348,1132
428,1536,1536
644,-216,452
212,-616,588
480,-956,888
652,-708,916
488,-572,892
496,-304,1192
1372,124,648
656,1484,1064
264,2004,896
-1336,3768,364
-2616,4900,2348
-1904,4276,3284
-48,3200,644
792,1916,740
1632,-1420,-264
1200,-1248,4
848,-1336,1484
640,-1096,2264
1404,-364,704
-132,892,1608
-1300,2360,900
-2344,3608,1936
-2016,4116,3432
-444,3152,1460
1148,2044,992
2192,-752,180
1208,-648,216
-184,-1164,1100
-456,-1304,976
-220,-556,596
-536,-616,1012
300,256,584
260,1716,1008
-544,2476,1776
-1244,3528,2508
-932,4212,2728
232,3212,1572
708,2504,792
1088,248,576
876,-188,-300
328,-948,444
632,-828,928
948,-572,1740
1032,-1076,2044
980,172,1172
204,828,1888
112,2368,1020
-956,3472,1196
-1540,4644,2700
-736,4760,2860
152,2984,984
596,1956,1156
1028,-796,180
724,-876,156
796,-1352,872
936,-1172,1316
628,-860,1352
1088,-32,596
-48,1136,1392
-1204,2712,1116
-2380,3636,1928
-2044,4396,3660
-632,3456,1944
392,2304,740
1000,800,680
664,-924,32
368,-1180,-84
588,-1192,456
980,-732,1492
972,-200,2632
1240,-116,1112
280,596,1544
-444,2028,1224
-1568,3740,1072
-2028,4572,2800
-1192,4396,2768
-72,2648,868
440,1700,1152
1068,-924,88
1200,-828,388
1060,-1084,1248
668,-916,1436
716,-980,808
336,396,672
-448,1040,1112
-988,3124,800
-1808,3876,2972
-1368,4268,3696
-444,3108,1760
324,2468,860
944,272,460
636,-576,-548
576,-1100,152
1132,-596,844
992,-296,1776
840,-324,1172
760,-104,1328
540,528,1744
124,1468,1452
-1680,3176,932
-2604,4516,1872
-1732,4980,2932
-340,3300,1208
588,2252,1136
1348,-184,520
888,-664,468
904,-1248,800
1004,-1008,1512
788,-600,1724
1172,-200,920
168,1432,1488
-756,2200,1356
-1748,3484,1488
-2168,4716,2968
-1288,4256,2628
232,2824,1052
880,1736,1180
1648,-896,72
1264,-1348,440
1016,-1076,828
248,-996,1640
396,-1188,1408
548,436,1044
0,992,1212
-472,2456,988
-1308,3516,2024
-1316,4592,3656
-572,3940,2496
388,2020,632
764,632,1204
1556,-1496,-316
1424,-1248,172
792,-584,456
-48,-136,764
396,-516,100
176,448,728
-316,1116,1084
-1044,2152,1564
-1884,3468,2840
-1344,3764,3616
-24,2852,1808
644,2240,736
1048,476,840
980,-376,-92
416,-832,276
460,-856,868
480,-528,1540
360,-40,2272
932,428,1128
280,400,1292
404,1596,1212
-1228,3212,1120
-2172,4744,2384
-1624,4736,3124
-344,3552,912
472,2536,1264
1132,268,56
624,-68,-120
340,-744,332
784,-868,948
872,-440,1920
1236,-8,2296
1128,188,1672
580,636,1740
784,1400,1408
144,2860,1216
-1084,4076,1516
-1292,4916,2944
-968,5108,3228
368,3120,1548
972,2332,1352
1740,-368,812
1516,-652,304
1048,-1304,844
672,-1228,1784
464,-972,1856
1096,416,1088
84,1016,1388
-572,3420,288
-1780,4276,1516
-1240,4500,3544
-496,3436,2176
360,2028,456
664,132,684
968,-1116,-968
820,-1216,-108
1088,-696,604
1276,-552,1544
1076,-148,1508
884,288,1116
-348,1172,1552
-1564,2576,1464
-2252,3684,2496
-1744,4436,3396
-524,3364,2016
572,2400,1124
1176,688,932
1024,-364,4
756,-908,4
668,-856,396
876,-424,1064
540,-176,1880
536,-348,1516
700,496,1048
552,880,1500
168,2312,1220
-1216,3344,1176
-1868,4480,2184
-1504,4760,3116
-180,3216,1796
640,2220,992
844,592,1044
872,-524,104
724,-660,468
1008,-1016,836
1032,-736,1312
664,-684,1732
1504,-88,676
-172,1152,1996
-72,3124,700
-1696,4040,920
-1820,4520,2716
-1056,4176,2732
108,2500,996
608,1688,1120
1068,-840,-52
764,-864,48
976,-1448,544
1108,-1180,1376
828,-868,1468
1212,348,528
76,1516,1316
-1244,2396,1504
-1412,2776,1344
-1860,3916,3156
-1372,4048,2752
-188,3072,1468
524,2608,1140
1096,-192,124
1064,-580,-292
628,-1152,4
976,-1172,592
1408,-960,2172
1828,-760,2420
1376,308,996
400,712,1456
-528,2088,740
-2248,3804,1472
-2168,4652,3580
-1568,4748,2988
-216,2832,1028
848,1536,520
1204,-1356,-948
1184,-1068,-276
1292,-1084,648
1400,-756,1924
1372,-304,1652
456,200,1344
-344,964,1304
-1176,1976,1164
-1704,3316,1768
-1732,4344,2992
-988,4084,2644
136,2988,944
560,1580,904
432,-188,12
48,-540,-168
228,-704,28
404,-632,536
728,-444,828
976,-408,2156
1528,-364,1800
1228,-112,1660
956,1052,1620
284,1320,1384
-1300,3320,708
-2424,4720,1920
-1824,4944,2968
-1084,4164,2128
544,2692,700
1688,316,932
1756,-1280,-416
1120,-1428,508
728,-1212,1404
680,-1396,1660
828,476,1132
-128,784,2000
-136,1984,1244
-884,3008,1208
-1488,3808,2072
-992,4152,2992
-76,3296,1876
604,1956,668
636,468,984
604,-748,-380
456,-1088,-96
684,-1044,592
1488,-756,1024
1004,-364,2136
1340,-336,724
424,1104,1700
-668,2220,1548
-2152,3652,1896
-2236,4420,3196
-1136,3764,2524
136,2208,1156
948,1320,1528
1152,-476,724
624,-608,680
468,-988,1184
424,-516,1536
348,-872,1580
888,280,628
260,688,996
504,2748,-84
-904,3996,-256
-1704,4024,2448
-1280,4932,3048
240,2976,748
732,2472,1576
1320,-12,652
636,-424,512
376,-912,912
764,-604,1480
792,-252,2784
1160,-280,1900
780,404,1712
584,1736,1548
-36,3544,1376
-1352,4808,2264
-1252,4952,4320
-568,3832,1548
108,2136,672
740,-140,308
756,-912,-724
684,-1040,-200
920,-948,340
1124,-400,1332
1072,-232,1800
908,268,1360
544,648,1644
-508,1844,1544
-2148,3244,1416
-2408,4220,2788
-1508,3984,2864
36,2884,1248
1248,1968,1676
1652,-36,1152
912,-424,692
428,-680,1304
212,-60,1940
520,184,1808
420,344,1488
464,228,1252
680,1656,316
-884,3020,-16
-1840,4060,1328
-1772,4984,2892
-680,3680,1872
232,2872,936
1100,688,984
1020,-32,56
448,-588,436
172,-1000,824
584,-620,1220
824,-64,2220
1156,500,1672
652,608,1400
256,1680,1876
-180,3172,1024
-1436,4488,1992
-1620,4844,3676
-712,3908,1624
-72,2884,908
532,700,716
336,-636,-488
204,-648,-224
456,-980,252
1004,-556,984
1444,-32,2280
1668,-256,1488
700,84,1304
500,548,1380
-132,1544,1024
-1804,3844,876
-2364,5412,2508
-1716,5180,2804
-196,3584,732
760,2500,1436
1384,88,-24
804,-332,248
932,-1096,1096
1456,-448,2732
1636,156,2988
764,536,1748
492,856,1484
28,2068,900
-1152,3752,32
-2012,5152,1488
-1484,5476,2352
-284,3564,996
680,2568,1288
1616,-140,1136
1364,-864,680
984,-1328,1144
688,-1200,1992
1012,-1036,1164
584,1124,744
48,780,1060
48,3440,216
-1080,3680,1388
-1688,4532,3204
-956,3816,2432
104,2284,796
604,1900,1220
952,-192,52
728,-248,-52
428,-672,304
368,-764,860
524,-728,1132
360,-496,1344
600,-656,744
1236,832,872
4,1588,2180
-1040,3228,1356
-2416,4664,3116
-1588,4488,3060
-344,3208,940
740,2396,1332
1652,-708,-152
1288,-624,-204
1088,-1344,824
888,-932,1892
916,-900,1508
692,420,1320
-308,592,1888
-676,2068,728
-1536,3472,1088
-1768,4736,2928
-732,4464,1788
148,3012,488
616,1936,1172
960,-260,28
504,-364,156
400,-1084,608
1044,-616,1296
1016,-260,2416
1172,4,1412
372,668,1788
372,948,1496
-380,2244,1172
-1756,3576,1280
-2040,4748,2012
-1272,4840,1900
-52,3388,1200
1388,1956,1408
2024,-320,524
1656,-1296,616
868,-1312,808
-4,-1504,1836
564,-1376,1168
820,864,916
-140,1228,1632
-352,3052,652
-1444,3608,1780
-1488,4380,3420
-720,3740,2428
296,2184,1112
792,824,1232
960,-816,208
1200,-1008,256
1352,-908,640
892,-1048,1076
1072,-1096,312
-236,328,1176
-604,1748,544
-1616,3432,928
-1736,4176,3040
-1220,4044,3432
-92,2616,1364
592,1932,1188
840,-256,696
420,-296,-204
356,-824,-44
564,-704,148
652,-612,608
884,-384,1272
1092,-1040,1808
1000,856,1444
80,1424,1548
-672,3044,1340
-1552,4344,1644
-1820,4920,2976
-884,4048,2324
552,2308,816
1548,1032,1000
1924,-1552,396
1492,-1344,252
484,-1096,1100
600,-744,412
-264,-156,1068
-268,412,940
-332,1584,708
-1128,2428,1640
-1324,3432,2868
-1080,3732,3308
-196,3080,1840
888,2064,424
1032,440,660
952,-1088,-904
440,-1292,-336
400,-536,536
672,-396,1560
940,-544,2184
1148,-440,1384
148,712,2068
-112,1560,1344
-1252,3180,1184
-1984,4100,2248
-1720,4640,2964
-456,3092,1596
764,2168,1192
1468,260,1084
1244,-396,356
772,-808,400
464,-684,944
152,-656,1568
208,-736,1704
712,424,1244
-184,1176,1532
-716,3312,304
-1584,4052,1856
-1136,4504,4052
-516,3440,1476
-4,2080,496
156,212,-80
-200,-628,-904
-152,-560,-208
500,-80,844
1296,-240,1912
2344,-160,1396
1596,-800,1436
864,540,932
68,1224,280
-1496,3340,488
-2232,4664,2084
-2108,4780,3416
-1012,3596,1884
580,2132,792
1112,648,1136
1048,-872,-312
772,-996,152
900,-692,1160
876,-852,1960
1188,-440,1376
184,684,1600
-192,1328,1524
-1000,3224,1040
-1972,3772,2248
-1604,4560,3244
-628,3220,1784
412,2272,1016
940,716,980
888,-352,524
980,-1188,484
1136,-1100,1128
708,-784,1412
1004,-296,996
-124,252,1332
16,1320,928
-1056,3356,848
-1852,3556,2372
-1272,4104,3960
-440,3260,2264
604,1688,604
988,492,1160
1400,-1464,80
928,-1248,176
576,-684,460
372,-452,760
780,-208,240
476,488,1148
-684,1460,1740
-1484,2552,1356
-2224,3688,3164
-1544,3552,3364
-156,2360,1320
728,1984,1140
1472,32,352
1072,-204,-76
604,-744,228
412,-776,772
444,-1140,1920
320,-736,2216
1032,328,976
-292,1252,1772
-492,3216,1016
-1672,4156,2124
-1680,4680,3476
-484,3720,1524
432,2440,704
992,284,820
1016,-768,-396
944,-1140,188
1172,-804,764
1036,-780,1864
1092,-408,1860
492,128,1468
-172,1016,1708
-1076,3052,792
-1888,4104,1736
-1584,4836,3260
-632,3844,1656
208,2300,556
708,744,768
840,-940,-416
724,-1240,72
996,-1008,572
944,-744,1408
736,-236,1500
1180,120,808
460,644,1888
-616,1864,1660
-2448,3368,1216
-2632,4832,2632
-1312,4232,2064
420,2992,896
1976,1036,1452
2032,-652,-12
1088,-1172,416
336,-992,1280
80,-872,1792
248,-784,1372
740,416,1136
-188,1116,1672
-216,2876,1244
-1296,3652,1828
-1700,4392,3100
-780,3628,2164
260,2296,772
740,1092,888
1096,-236,-444
1012,-848,72
1072,-788,396
964,-856,1224
664,-796,1568
1060,-372,508
388,492,1464
-408,1668,1916
-1372,2972,1360
-2536,3988,3108
-1560,4496,2928
-284,3408,1016
284,2600,1060
788,-164,216
376,-248,-676
124,-900,44
584,-852,564
1008,-748,908
1180,-396,1372
1180,-132,1876
1420,248,1044
792,752,2192
-40,1860,1904
-1484,3380,976
-2224,4968,2024
-1588,5360,2148
-88,3716,1264
1204,2228,640
1556,144,1452
1608,-1692,356
1356,-1552,948
672,-1472,1676
980,-148,972
-92,508,1428
-156,1744,1008
-760,3012,1132
-1536,3764,2984
-1116,4212,3588
-276,2960,1728
480,2108,460
800,-232,452
812,-948,-1068
688,-1148,-176
848,-572,624
1060,-588,1188
816,-372,1872
1320,-152,1028
572,1092,2140
-720,2636,1844
-1584,3636,1760
-2064,4304,3208
-972,3916,2612
296,2400,1516
1064,1444,1568
1544,-504,296
1100,-956,196
868,-1172,616
700,-724,980
280,-540,1536
916,-132,296
-16,108,1304
-44,1220,1100
-944,3152,1128
-1636,4088,2956
-1404,4376,3908
-360,3492,1672
424,2576,640
796,824,264
504,-768,-820
484,-932,-452
1012,-872,432
1856,-276,2124
1624,-20,2592
1396,-448,944
460,720,1716
164,984,1528
-1028,2672,564
-2348,4460,1540
-1928,5116,2968
-1100,4788,1376
336,3364,856
1060,1156,988
856,-924,-276
704,-1200,384
940,-1056,800
1300,-728,1924
1220,-80,2800
1188,-12,1500
736,768,1580
-160,1912,1764
-876,3256,180
-1168,5020,1480
-920,5352,1052
-272,3560,-128
528,1796,68
516,708,852
276,-4,620
88,300,972
-212,-388,1896
820,-616,-1104
-1128,0,588
-340,-1452,-996
-912,-532,-696
-860,-364,-752
-880,-496,-492
-716,140,-544
-764,28,-484
-808,-104,-188
-764,484,-364
-632,344,-572
-652,804,-104
-640,1396,472
-356,1696,1164
108,1656,2384
136,708,1196
-100,1172,1572
-368,856,1052
-500,436,440
-620,196,120
-548,-4,-124
-452,-108,-244
-324,-160,-400
-136,144,-820
-120,240,-980
-24,180,-1172
-4,260,-1288
20,240,-1292
-12,224,-1284
-20,288,-1200
-24,232,-1168
-36,228,-1104
-40,268,-1064
-44,220,-1028
-32,204,-1000
-20,228,-980
8,224,-984
112,12,-920
-36,144,-940
48,196,-1068
52,152,-1012
60,116,-984
116,168,-1000
56,40,-1016
168,52,-1056
212,88,-1044
184,-48,-936
144,-56,-896
152,-20,-884
128,0,-844
152,64,-844
204,64,-880
248,48,-900
276,-12,-884
272,-32,-880
248,-24,-920
272,-12,-924
288,-48,-940
# balls=5,catches=94,detected=51,sampleRate=25,timestamp=1790084163,countMode=watch_hand
x,y,z
1052,1732,-48
984,1072,-316
840,1268,-296
844,1196,-228
1024,836,-232
628,672,-336
592,580,-380
608,536,-544
272,400,-428
156,148,-544
632,264,-596
668,432,-808
320,236,-628
488,264,-732
372,144,-692
196,156,-644
300,140,-696
276,84,-776
276,120,-792
352,160,-832
316,116,-848
652,-120,-572
296,44,-768
372,64,-808
152,-220,-828
-92,-388,-880
-120,-284,-1040
-228,-416,-1108
-368,-524,-1128
200,-200,-1152
488,168,-1192
-52,-24,-972
36,-32,-928
24,-20,-880
36,28,-840
88,-32,-832
152,-200,-824
284,-88,-700
272,180,-676
196,532,-436
56,676,-124
-8,840,260
-80,1228,724
-96,1396,852
-20,1036,416
8,752,508
76,680,676
136,1080,848
20,1900,1076
-96,2432,1308
88,2904,1300
432,2344,1284
484,2000,1176
704,1148,832
1148,-56,572
1120,-1816,1324
1144,-2900,1204
888,-1284,812
540,676,1196
-176,2844,960
-740,4104,1128
-696,4608,1352
-312,3732,1544
340,2540,1336
704,1140,1168
1288,-2500,700
1588,-2592,692
1268,-1552,964
1072,0,936
356,1620,1640
-1432,3188,2268
-1816,3760,2208
-1348,3648,2556
-256,2644,1988
652,1716,684
960,628,720
840,-208,364
692,-932,380
712,-1088,912
448,-1248,1172
704,-804,1168
332,336,1624
240,1712,1276
-588,3156,488
-1516,3568,1992
-1136,4224,2388
-576,3184,2240
380,1804,1008
560,1028,624
668,-276,420
876,-1284,-148
852,-1212,164
908,-848,36
1012,-460,872
1168,388,1324
168,1412,2040
-1504,2280,1572
-2368,3448,2128
-1828,3696,3156
-396,2588,1700
532,1864,496
1176,388,816
1176,-1128,176
1004,-1244,172
640,-1368,876
492,-1376,1008
716,280,828
-556,1488,1376
-1208,3240,1100
-1604,3956,2848
-636,3808,3556
-28,2776,1712
300,1604,100
344,-488,-100
736,-1536,-1160
1200,-1580,288
1664,-536,1480
1320,-232,2216
968,36,1176
872,224,1568
16,1744,1680
-1272,2876,988
-1856,3652,1588
-1692,4108,1780
-668,3384,1820
744,2004,676
1416,1692,796
2220,-1160,12
1504,-948,32
356,-1200,800
-312,-1672,1516
-28,-372,1360
216,788,1536
148,1540,1376
-1000,2220,1652
-1436,3320,1728
-1044,3924,2640
-60,3136,1840
1116,2344,140
1800,628,708
1516,-916,-12
828,-1076,580
-176,-1356,1648
108,-1468,1040
192,-160,740
44,124,1260
408,1648,1056
-416,2580,1600
-1004,3308,2172
-640,3968,2680
-140,3396,2304
412,1864,544
540,1300,612
672,-52,132
404,-968,-16
404,-604,244
688,-472,660
756,-236,1472
344,-280,1740
944,-396,752
-64,960,1748
-696,2448,896
-1476,3560,744
-1280,4316,2092
-436,4224,2396
332,2640,788
780,1660,44
828,-780,44
920,-1560,-532
1192,-1480,600
1100,-724,1536
1224,-692,1744
900,1140,1880
-324,1636,1832
-1444,3008,764
-2040,3920,1900
-1232,3976,2424
-16,2652,1188
760,2020,764
1508,-32,520
1284,-780,420
700,-1376,876
-24,-1768,1584
508,-1280,716
320,312,876
-144,1360,1056
-336,2920,704
-1512,3472,3108
-832,4164,2740
-116,3044,1632
836,1804,92
664,1360,764
892,-892,304
640,-968,196
584,-1272,384
612,-968,924
644,-556,1700
1400,220,1492
152,1976,2216
-1056,2592,1276
-1588,3676,1844
-1016,4396,2716
-64,3248,1516
764,1916,-8
940,156,700
1016,-1716,-616
948,-1476,164
776,-932,1328
396,-456,2068
740,296,1552
36,1680,1676
-940,2724,1356
-1512,3720,2004
-880,4144,2572
144,2840,1476
824,1788,400
1028,-320,516
1080,-1212,-388
820,-1244,412
772,-1028,768
400,-796,1340
472,-96,1032
68,1316,1272
-960,2368,1448
-1240,3676,2140
-948,3980,2828
-88,3228,1812
668,1664,256
540,800,496
704,-1120,-664
588,-1000,-84
984,-1048,508
1024,-764,1388
876,-1048,1744
1256,700,1788
-264,2316,2000
-1080,2996,1316
-1520,4244,2008
-936,4192,2328
256,2756,1372
852,1648,4
980,-32,644
1000,-1624,-296
844,-1372,-4
648,-1064,752
480,-628,1532
696,324,1488
824,1244,1360
-872,2716,1912
-1592,3508,1716
-1644,3832,2548
-492,3148,1912
768,1744,468
904,1076,912
1012,-1400,-36
876,-1012,-8
760,-1020,628
440,-832,1420
548,-660,1264
504,1084,1264
-828,2196,1528
-1384,3440,1652
-1476,3768,2992
-520,3260,2184
312,2004,680
780,1476,876
992,-520,148
644,-1076,84
560,-1236,476
380,-1004,1156
248,-604,1364
740,-200,968
-388,1708,1792
-1108,2968,1216
-1608,3980,2464
-724,4420,2584
160,2608,904
668,1820,800
1236,-796,332
1060,-1300,232
700,-1496,652
480,-1076,928
388,-580,968
420,772,628
-844,2100,1548
-1360,3412,1744
-1348,4436,2940
-336,3536,1720
228,2236,244
444,960,820
448,-584,84
392,-480,100
704,-828,544
844,-632,976
712,-776,1376
840,-320,1200
844,732,1384
-752,2380,1748
-1592,3724,1096
-1648,4592,2388
-620,4364,1792
384,2416,156
652,1180,468
744,-1372,-332
752,-1572,144
988,-1160,948
844,-368,1504
1020,-296,1476
700,1256,1428
-1068,2236,1176
-1844,3772,972
-1448,4832,2628
-304,3788,1240
268,1880,-628
348,-428,92
1048,-2100,-884
1464,-1848,432
1688,-324,2708
1584,356,1896
320,1280,1596
-1088,1816,1116
-1472,3160,1136
-1460,4064,2228
-428,3556,2008
356,1864,240
284,784,180
480,-1612,-396
828,-1380,-424
944,-684,796
1084,-276,1548
900,-32,996
172,500,1380
-280,1224,904
-1136,2564,804
-1676,3680,1824
-1496,4232,2520
-552,3196,1732
608,1996,948
1200,516,1084
976,-432,728
328,-836,864
236,-956,1004
264,-1000,1044
492,-540,1472
1408,364,1140
776,1552,524
-440,3064,608
-1324,3616,1672
-1376,4308,3228
-548,3600,2172
136,2016,488
424,1304,152
492,-1448,-268
804,-1668,-500
1380,-1184,596
1244,-528,1972
960,-260,1764
516,648,1284
-608,1992,1288
-1364,3200,1784
-1536,4084,2600
-872,3812,2704
164,2336,1272
752,1652,508
948,-228,456
644,-1176,84
484,-844,256
408,-740,496
336,-348,844
296,-400,1136
880,-160,712
-200,1364,1744
-1172,3096,1112
-1960,3884,2832
-1064,4252,3200
208,2676,768
908,1548,-148
1164,-1168,-96
1072,-1256,-580
764,-1152,636
308,-536,1724
700,-372,1484
500,968,1516
-264,1476,1676
-1100,2652,928
-1620,3620,1792
-944,4256,2844
176,2840,1460
884,1864,400
1252,-52,440
1048,-516,-84
684,-988,588
256,-1020,1280
436,-1492,1224
180,-32,1212
120,668,1296
-228,2288,656
-1384,3464,1436
-1416,4504,2880
-668,3764,2016
768,2148,176
1384,1104,1236
1356,-780,-112
720,-880,28
116,-1028,988
-164,-948,1536
560,-388,816
-176,360,1412
-200,1492,1336
-1040,2436,492
-1656,3628,1916
-820,4424,3020
152,3028,748
504,2376,444
980,-384,-48
676,-960,-464
648,-1260,352
864,-852,1096
828,-404,2012
1096,56,1276
480,760,1600
-20,1620,1348
-1472,2984,876
-2164,4552,1716
-1128,4980,1996
40,3232,280
396,2320,708
756,-376,-600
424,-660,-656
724,-1164,8
1560,-432,1376
1648,-96,2884
1620,-276,2052
792,608,1608
376,888,1860
-1304,2888,420
-2472,4384,1004
-1816,5168,2536
-460,4192,1452
904,2596,72
1692,56,904
1916,-1116,-344
1280,-1544,880
388,-1248,1776
728,-1108,1336
200,900,1580
-292,1720,1368
-1280,2868,1192
-1704,4248,2168
-868,4544,2204
228,2968,500
700,1932,508
1284,-484,-596
1240,-908,-588
996,-1244,304
852,-1048,1324
408,-564,2432
868,-240,1520
688,1072,1688
96,1900,1536
-952,2812,1224
-1572,3832,1444
-1008,4692,2116
24,3560,1372
652,2276,572
888,712,448
584,-884,80
344,-852,-80
324,-684,104
488,-496,476
536,-436,1376
1092,-596,1484
688,536,1104
388,832,1412
-568,2624,540
-1724,3984,1052
-1912,4796,2612
-816,4336,2040
448,2444,320
1140,1812,972
1372,-1276,144
932,-1120,16
920,-1128,928
688,-672,1912
524,-204,2092
1144,520,1172
-248,1584,1772
-1284,3352,800
-1900,4672,1884
-1104,4916,2636
180,3216,80
572,2220,108
896,-752,-340
800,-1072,-620
912,-1196,468
1048,-484,1712
912,-144,2580
1176,-228,1144
672,628,1748
12,1360,1632
-680,2636,536
-1624,3984,1460
-1444,4648,2476
-464,4040,1664
740,2540,312
1172,892,672
1244,-844,-76
752,-1348,184
884,-1096,632
684,-596,1572
752,-260,1924
460,604,1540
-236,1356,1732
-1036,2884,476
-1864,3704,1412
-1276,4764,2832
-304,3332,1396
376,2064,500
1176,400,200
980,-1088,-256
800,-1272,12
960,-820,408
576,-256,1564
540,-304,1648
308,792,1496
-20,1360,1604
-964,2404,884
-1944,3572,1216
-1716,4644,2416
-504,3700,1764
484,2336,444
1120,664,232
964,-840,-280
820,-808,-56
692,-644,544
720,-516,1436
480,-316,2012
1040,332,1208
124,1136,1744
-616,2264,1024
-1608,3528,820
-1884,4676,2228
-856,4276,2132
472,2548,232
1080,1632,592
1168,-432,116
908,-800,-128
792,-1016,696
568,-208,1988
468,-212,1888
88,452,1384
-8,668,1232
-324,1820,652
-1012,3128,708
-1444,4100,2340
-796,4592,2372
296,2824,284
768,1764,300
824,-8,248
684,-1404,-32
612,-1148,296
816,-576,852
312,-196,2296
788,-436,1852
348,1296,1532
-328,2136,1396
-980,3288,1128
-1504,4320,2364
-620,4232,1924
396,2528,416
760,1728,900
1076,-60,224
700,-400,300
616,-1284,756
592,-1056,1988
564,-520,1744
688,116,808
128,1628,536
-808,3496,612
-1544,4120,2476
-1128,4372,2748
-200,2644,700
400,2024,1080
1244,116,596
948,-400,400
472,-948,1052
288,-648,1312
-4,-240,1804
536,156,1352
620,920,988
-212,2068,1048
-896,3588,536
-1368,5192,1756
-768,4752,1600
380,2760,-20
980,960,204
1304,-1204,-748
976,-1632,8
1076,-1152,828
672,-592,2984
960,-272,1872
496,1300,1472
-716,1712,1484
-1008,3328,968
-1576,4392,2516
-728,4408,2076
244,2732,372
772,1500,872
928,-1456,-672
696,-1136,-296
892,-1012,816
948,-392,1944
860,-272,2140
440,384,1356
156,916,1464
-144,2160,1016
-1508,3308,1340
-1772,3896,2360
-808,4560,2408
304,2788,1300
1008,2284,1020
1756,72,332
1216,-892,316
692,-1080,720
456,-544,1400
-48,-508,1816
608,-320,784
132,568,1096
56,1456,1280
-780,2996,1112
-1688,3644,2352
-1132,4256,3280
-320,3020,1216
620,1768,736
1444,704,560
1280,-704,488
544,-1220,276
160,-1408,412
-76,-1196,1016
148,-44,480
224,-40,772
108,1308,1148
-332,2844,848
-1172,3508,2284
-916,4916,3056
-8,3492,1424
612,2196,88
860,540,644
948,-1428,-824
900,-1568,-232
1136,-700,384
976,-28,2044
884,-132,2220
804,328,1440
348,716,1468
-108,1872,920
-1064,3344,956
-1384,4416,2040
-1012,5040,2692
352,3236,988
1060,2476,404
1552,124,484
1132,-1168,-196
764,-928,364
688,-272,1436
176,-180,2744
812,-500,644
208,-8,1192
260,488,1028
-236,1936,832
-1240,3600,1500
-1480,4488,2668
-1156,4700,2560
412,2584,740
1328,2316,1404
1804,-576,808
996,-560,736
392,-724,1284
-152,-64,1500
-68,-88,904
-256,260,1120
-104,-280,1004
440,596,748
108,2088,748
-772,3244,1544
-832,4056,2008
-732,4784,3060
428,3344,1228
904,2468,16
1188,424,280
892,-648,-532
516,-748,-168
312,-828,608
584,-392,1132
544,-96,2260
804,-460,1252
588,564,908
136,1092,1716
100,2324,912
-1032,3284,1272
-1740,4364,2260
-1340,4740,2380
-132,3108,1132
832,2392,968
1320,348,664
1004,-532,-68
624,-892,300
892,-620,644
996,-332,1696
852,468,1588
372,-16,1440
532,948,1256
-292,2128,912
-1152,3048,788
-1528,3888,1396
-1640,4996,2528
-280,3560,1528
792,2244,440
1404,808,1124
1604,-1004,388
1032,-1112,860
488,-1172,1112
-156,-888,1808
824,-176,324
-436,320,1404
-224,2260,456
-848,3200,1028
-1204,4492,2908
-448,4448,2544
252,2492,656
628,1544,520
668,-744,-384
616,-1116,-536
1136,-1156,228
1540,-56,1500
884,-52,2116
868,-564,972
396,792,1500
-208,1516,1328
-940,3124,544
-1608,4148,1828
-1336,5000,2456
-160,3560,1180
504,2628,552
1052,796,604
776,-792,-436
508,-1200,-52
608,-956,416
1092,-264,1876
1076,-480,3212
1120,316,1252
316,348,1516
-40,1344,1120
-808,2856,592
-1344,4096,1488
-1448,4836,2344
-800,4340,2176
616,2504,664
1112,1260,764
1460,-1168,-272
1156,-1456,244
1080,-1036,892
580,-388,1852
604,-164,1068
68,180,1520
-236,1188,1332
-1048,2516,1336
-1284,3832,1748
-1128,4596,2584
-268,3528,1648
500,2348,28
740,1012,452
600,-576,-512
288,-748,-532
576,-996,80
1200,-472,1308
1424,-132,2740
1368,-220,1752
592,764,1396
40,1156,1460
-888,2852,672
-1700,3832,1428
-1676,4636,2648
-552,4504,1752
840,2752,396
1032,1340,372
1344,-1316,-568
1036,-1524,-564
1280,-936,632
1260,-384,2772
1052,76,2092
384,500,1544
132,1192,1244
-760,2624,1160
-1636,3812,1188
-1616,4844,2312
-616,3952,1808
548,2348,428
1000,1432,936
1096,-1192,304
816,-684,428
872,-1040,1124
616,-652,1524
772,-712,1028
524,684,948
32,1372,1448
-412,3124,472
-1568,3564,1372
-1512,4548,2100
-804,4244,1660
408,2384,408
768,1860,1124
1224,-1076,212
976,-816,256
820,-892,756
540,-648,1508
144,-648,1528
880,-160,388
-44,508,1220
-268,2528,660
-928,3400,1208
-1408,4480,2928
-740,4192,2752
136,2372,820
748,1620,688
1048,-228,292
872,-848,280
788,-1036,420
688,-712,736
292,-648,1332
88,-244,1252
860,12,476
-484,1380,1592
-628,3064,1152
-1424,3916,2344
-1072,4440,2996
-20,3160,1816
764,1724,276
812,744,904
952,-1504,-572
760,-1240,-112
932,-792,576
816,-260,1572
480,-8,1008
720,324,940
-168,1208,1776
-1096,2648,1128
-2028,3836,1760
-1528,4480,2696
-216,3312,1052
408,2352,420
784,660,192
384,-520,-240
96,-788,-112
352,-628,300
676,-272,1148
1264,-108,2692
1208,-200,2080
600,156,1352
320,1092,1436
-272,2484,456
-1436,4168,864
-1840,5320,2332
-1112,4900,1696
340,2820,200
1288,1352,816
1940,-1736,-148
1324,-1376,436
996,-592,1372
720,-1172,1388
84,636,1484
-152,956,1220
-724,1960,720
-1584,3128,1496
-1552,4204,2592
-632,3844,2236
340,2432,664
904,1876,648
1256,-820,-140
968,-944,-560
872,-1156,96
860,-580,1144
544,-392,1920
820,-364,1184
332,1340,1316
-392,1736,1184
-1036,2824,1364
-1544,3780,2336
-1104,4052,2644
-120,2800,1508
716,1896,656
1260,364,396
1108,-692,88
772,-1064,180
456,-956,720
140,-808,1500
400,-904,916
276,276,1004
-476,1108,1632
-404,3024,296
-1336,3884,2064
-548,4732,2960
16,3332,1004
236,2092,28
256,-24,4
252,-1204,-920
732,-1192,-244
1320,-228,936
1652,-728,2356
1112,240,1780
632,444,1592
88,888,1228
-1112,2620,512
-2000,4000,1172
-1352,4604,2708
-400,3908,1552
584,2140,52
1076,556,664
1224,-2300,-28
1328,-1628,708
800,-1008,2228
752,-288,1968
1004,1012,1312
-216,2004,1688
-740,3096,784
-1464,3900,1408
-1252,4384,2472
-76,3348,1612
728,1872,472
1020,668,1056
1108,-1400,-272
892,-1248,164
720,-976,920
452,-836,1552
652,-548,948
92,760,1076
-1048,2332,1124
-1476,4028,1660
-1396,4504,3408
-312,3560,1676
324,2036,-12
712,-644,-400
1052,-1852,-1068
1304,-1184,404
1296,-284,2136
1148,-68,2228
300,572,1792
40,1084,1184
-140,1384,980
-644,2452,1044
-1064,3488,1908
-744,4248,2700
-24,3416,1916
960,2208,340
1264,384,624
1136,-1280,-736
620,-1048,52
724,-488,976
836,-480,2132
784,-640,1944
532,88,1080
-332,1464,1424
-860,2588,724
-1220,3768,2004
-1036,4428,3060
-120,3724,1496
600,2624,272
932,468,508
836,-1048,-924
424,-836,-132
636,-1008,628
860,-528,1616
764,-68,1924
664,176,1280
664,248,748
-116,1492,1560
-1052,2756,1208
-1768,3820,2164
-1408,4476,2904
-476,3544,1568
536,2260,456
884,976,852
1060,-976,-200
1072,-1084,168
1040,-768,940
636,-628,1940
832,-188,1752
504,344,1616
-44,1288,1552
-732,2476,888
-1840,3688,1344
-1416,4668,2816
-604,4044,2072
568,2168,636
1008,1232,880
1348,-1564,20
1136,-1144,176
576,-1004,1276
572,-896,1104
32,124,936
56,588,664
-352,1732,708
-1164,2768,1760
-1664,3876,2928
-1112,3664,2972
72,2236,928
1032,1884,788
1616,-240,200
1044,-592,120
388,-1236,468
-96,-852,860
448,-564,668
-268,-96,780
-232,492,1052
-140,1884,628
-780,2396,1184
-1340,3848,1908
-1104,4312,2416
-76,3000,892
524,2088,580
916,840,856
576,-576,244
100,-608,596
300,-608,876
352,-280,1052
324,-416,1276
1136,-48,336
440,740,1000
476,1404,1272
-700,2748,848
-2036,4228,1932
-1968,4624,3512
-428,3652,1156
820,2448,584
1724,208,920
1268,-804,452
524,-1640,1132
0,-884,1580
216,-208,1132
-64,424,1064
-388,220,1348
-32,1984,216
-1108,3388,1620
-1092,4720,3104
-508,4052,1696
280,2492,232
844,824,904
1224,-880,-260
936,-1364,476
868,-896,612
696,-560,1472
572,-464,1368
376,352,1184
-656,1348,1780
-1120,2796,1080
-1696,3848,2276
-1208,4408,2820
-108,3096,1288
644,1880,512
832,124,576
612,-1356,-428
480,-1088,44
880,-424,744
768,-348,1436
484,-132,1324
792,-368,764
-40,1328,1624
-788,2720,1152
-1372,3780,1500
-1524,4396,2780
-548,3760,1824
516,2060,576
820,1668,932
976,-396,304
508,-232,216
296,-280,628
460,-444,964
364,-952,1708
428,-808,1524
1336,328,784
-376,1460,1704
-252,2992,516
-1608,4204,980
-1588,4912,2616
-540,3852,1548
360,2560,432
1192,700,668
1252,-752,-20
880,-992,640
736,-1060,1144
344,-904,1640
800,-364,856
324,328,792
-612,2064,1008
-1324,3624,744
-1648,4680,3076
-620,4484,2180
-96,2772,560
324,1688,596
596,-1260,-540
584,-1488,-312
1064,-872,632
1188,28,1612
1200,-272,2012
996,-36,1420
748,420,1440
168,896,1448
-516,2088,772
-1692,3504,1128
-1672,4672,2284
-1052,4820,2268
252,2948,1020
912,1904,608
1120,-328,736
1052,-904,-64
788,-1212,696
924,-880,1240
544,-640,1512
856,-612,772
140,1092,1220
-848,1936,796
-1464,3568,792
-1704,4692,2888
-936,4380,2500
8,2388,888
820,1480,1028
1540,-796,192
1564,-1096,388
1136,-1428,1320
412,-1012,1320
824,-324,708
-16,524,816
-508,2136,856
-1500,3036,1944
-1960,3944,4196
-936,3492,2748
28,2476,1052
948,1644,1100
1628,-236,76
1196,-644,-8
760,-1300,336
464,-732,812
132,-256,1188
396,-44,660
308,372,1104
-588,1024,1748
-1068,2936,788
-1936,4236,2392
-1148,4568,3288
-80,3100,692
336,1920,356
656,-1168,-188
672,-1236,-428
932,-1044,428
1256,-292,1448
868,-28,2172
1180,-256,744
-28,628,1824
-824,1880,1072
-1944,3584,1108
-2224,4932,2696
-1020,4428,2008
328,2756,728
1180,1696,1448
1408,-988,412
788,-836,568
448,-636,960
436,-404,1260
132,-236,1564
276,-264,1548
696,688,1184
-104,1636,1740
-332,3484,516
-1392,4636,2432
-740,4984,3580
64,3688,944
760,1332,-128
840,-1576,-628
1204,-1768,-876
1056,-772,1260
576,664,2464
472,12,1016
252,564,944
148,388,492
-68,1016,420
-748,2268,1224
-1028,3336,1924
-1332,4120,2728
-368,3776,2448
924,2200,720
1272,1808,1528
1472,-1284,136
900,-752,140
560,-664,684
72,-180,1892
280,-876,636
-412,-40,1104
-176,-156,560
276,328,412
248,1052,896
-144,2264,1324
-920,3052,1636
-1064,4376,2704
-808,4336,2876
420,2580,1196
1032,2096,972
1804,-444,660
1440,-740,72
888,-1304,524
588,-684,968
-216,-440,1928
524,-244,1056
-260,180,1592
152,1024,1300
-172,2392,780
-1076,3260,1508
-1340,4308,2352
-768,4220,2624
368,2700,1448
912,1836,964
1192,-496,464
880,-692,372
652,-1112,648
528,-600,940
340,-488,1344
924,-512,264
-148,404,1012
212,708,456
-160,1864,508
-920,3184,1212
-1532,3892,2316
-1240,4248,3164
-164,2952,2040
904,1732,792
1020,1096,864
840,-624,348
440,-816,96
532,-812,264
492,-532,1256
448,-308,1972
1464,-460,732
444,1076,1564
-68,2444,760
-1604,3880,1016
-1924,4524,3568
-1008,4056,2400
528,2296,444
1420,1428,1188
1684,-664,412
852,-992,584
128,-1580,1488
20,-936,1792
700,-364,668
36,444,972
-16,1464,836
-20,2488,-96
-272,3900,300
-376,3964,960
-308,3052,696
-192,2528,568
16,1624,464
180,912,256
16,420,304
-180,-56,328
-324,-108,100
-428,224,212
-284,-728,800
284,940,-128
-636,144,900
-660,-56,352
-660,-376,-196
-836,-64,-136
-848,-96,-252
-772,-72,-432
-792,148,-616
-824,364,-524
-968,504,-252
-968,704,-64
-948,976,236
-976,636,796
-304,376,-80
-376,-84,768
-552,556,1052
-440,484,752
-412,704,812
-400,804,960
-332,1040,1044
-204,996,1120
-72,1152,1136
-36,1344,960
16,1332,768
28,1260,552
44,1240,240
48,1144,12
16,1044,-104
0,1048,-256
8,876,-328
20,700,-428
60,428,-676
76,288,-824
# balls=5,catches=11,detected=8,sampleRate=25,timestamp=1790084235,countMode=watch_hand
x,y,z
320,40,-928
228,24,-852
268,32,-824
424,72,-900
440,152,-1016
192,-296,-908
212,-88,-896
188,12,-820
76,-136,-880
-92,-324,-892
64,-332,-948
800,-208,-848
328,-80,-828
324,40,-804
296,88,-864
136,232,-884
-4,316,-1080
-12,340,-1172
-28,192,-1168
20,156,-1144
4,216,-1032
-28,72,-992
-48,160,-948
-52,76,-936
-56,152,-912
-72,108,-900
-84,56,-936
-88,40,-860
-92,-8,-808
-68,132,-800
-84,356,-652
-64,416,-592
-16,496,-172
44,844,116
52,1192,360
112,1148,628
180,1124,952
92,1080,940
16,1168,932
-64,1840,828
-196,2396,872
-104,2696,836
80,2468,924
340,1864,840
548,1240,756
800,-32,584
636,-844,152
404,-996,248
136,-448,176
-204,400,124
-448,1032,216
-680,1260,172
-640,1248,56
-608,1176,96
-544,1160,112
-476,1092,72
-480,996,128
-464,1052,64
-428,1060,68
-328,1016,44
-184,960,-44
-100,260,-24
108,436,112
12,1160,184
-308,1504,352
-420,1164,328
-308,864,172
-324,584,484
32,552,228
100,640,680
-84,1312,1652
-304,1964,1632
-408,2612,1608
-272,2708,1548
124,2016,1176
432,1240,704
740,248,456
804,-1440,968
904,-2440,1232
868,-1232,856
728,112,1128
484,1404,1292
-208,3212,1084
-556,3712,1500
-592,4132,1496
-256,3536,1504
348,2512,1320
696,1244,1268
1152,-1608,776
1284,-2208,632
1092,-1804,768
796,-808,568
744,624,1128
-260,2324,2060
-1524,3252,2108
-1480,3556,2340
-1080,3268,2592
-24,2132,1828
628,1324,660
844,496,1020
1160,-1340,-12
984,-1328,212
680,-1204,776
876,-1748,556
588,580,1192
-108,1228,1580
-704,2916,1140
-1332,3976,2396
-992,4092,2792
-108,2920,2228
516,1520,388
376,40,-244
732,-1708,-1264
888,-1280,-216
1124,-1008,560
1664,-52,1356
1308,44,2044
828,468,1252
-252,1548,1288
-1296,2688,1024
-1460,3668,1544
-1132,3620,2648
-4,2620,2060
584,1584,432
544,896,564
720,-1668,-540
656,-1024,-360
992,-992,424
924,-840,1644
1176,-644,1572
1036,620,1884
184,1448,1792
-872,2836,904
-1328,4064,1844
-948,4424,2388
52,3464,1724
424,2012,272
552,1168,360
712,-1468,-552
768,-1272,-88
948,-1152,708
892,-520,1208
624,-680,1444
612,88,884
436,1144,1388
-720,2440,1340
-1296,2820,1956
-1232,4000,2076
-480,3632,2204
152,2268,920
152,1328,196
592,-1668,-1088
796,-1708,-808
1332,-1344,332
1576,-240,1788
1232,212,1956
916,-84,1160
640,952,1720
-576,2428,1280
-1056,3016,1192
-976,4028,1972
-204,3732,2380
660,2276,1048
916,1452,-300
1112,36,468
1048,-1656,-640
900,-1452,392
636,-1020,1828
796,-848,1792
468,304,1368
224,1552,1412
-284,2196,1484
-1148,3060,1520
-1368,3508,2152
-688,3576,2456
288,2268,1304
624,1464,528
1092,-140,-60
884,-1200,-464
604,-1272,88
644,-912,772
680,-420,1472
780,-52,1060
456,1008,1188
-496,1864,1432
-848,2644,1628
-1388,3292,2772
-824,3284,2972
72,2532,1744
780,1612,152
1092,816,400
1152,-1608,-288
1028,-948,-124
972,-940,988
324,-1500,2240
644,236,1276
-20,784,1576
-448,2012,1200
-736,3132,1696
-768,3828,2404
-100,3924,2360
284,2620,1388
408,1148,-412
-124,-4,-112
144,-1404,-672
784,-1284,28
1336,-632,948
2032,-628,1828
892,500,1548
644,88,1012
244,1368,816
-304,1740,900
-772,2820,928
-856,3004,1124
-1100,3092,1116
-672,2428,980
-252,1652,704
44,816,196
-72,124,-180
-368,388,64
-256,576,640
-168,928,1400
328,-136,1300
-104,-32,292
-340,192,284
-484,-208,96
-468,48,-400
-508,88,-580
-852,624,-420
-1020,972,-772
-1308,1056,-208
-1280,1084,-164
-1132,1088,160
-1064,1228,696
-960,1328,1080
-904,1372,1424
-864,1400,2328
-228,68,832
-116,864,448
-240,744,212
-300,104,180
-332,-144,148
-376,-476,68
-500,-412,-108
-452,-280,-364
-316,216,-764
-288,20,-960
-192,-296,-1072
-84,-148,-1156
-16,-24,-1208
# balls=5,catches=24,detected=15,sampleRate=25,timestamp=1790084274,countMode=watch_hand
x,y,z
-160,320,-836
-744,208,-1148
-68,536,-872
-152,-36,-696
-484,44,-912
-352,92,-916
-216,420,-1008
-88,396,-1028
76,452,-904
-84,468,-848
-56,240,-752
-280,612,-1028
32,780,-1108
28,840,-1428
132,344,-1176
104,468,-1104
72,472,-1068
28,400,-988
-20,432,-964
-60,376,-908
16,376,-820
84,532,-916
-60,88,-968
252,756,-700
8,412,-912
52,388,-884
64,316,-904
52,456,-928
36,548,-932
64,468,-936
92,396,-868
72,412,-852
68,356,-828
132,316,-792
272,244,-732
348,124,-668
388,172,-608
408,412,-576
436,648,-596
432,692,-540
476,896,-432
568,964,-348
576,888,-356
608,852,-216
664,924,-56
680,844,44
656,768,64
640,828,184
624,808,228
632,752,172
620,744,220
664,732,248
708,800,228
672,804,240
644,884,360
664,984,424
700,1044,524
712,1120,560
748,1124,544
776,1064,576
804,908,484
672,776,488
400,676,516
344,316,176
316,232,428
416,504,416
512,568,452
580,532,428
620,708,652
580,808,696
592,800,612
608,872,552
648,892,528
748,848,472
800,880,432
756,888,480
724,876,472
700,924,472
588,928,584
564,1116,696
564,1172,736
552,1248,632
520,1156,380
460,972,92
336,868,-128
220,780,-312
196,696,-436
180,576,-552
112,512,-664
92,384,-764
84,348,-804
120,256,-868
108,136,-856
108,172,-904
152,128,-936
180,68,-952
228,92,-1004
244,44,-960
232,-20,-912
224,-32,-948
224,-64,-896
236,-100,-824
220,-272,-736
188,-412,-616
180,-240,-548
228,-64,-324
284,436,104
388,1036,336
412,1304,464
368,1188,828
360,1540,1080
280,1916,1268
164,2196,1252
228,2276,1144
432,1940,1168
532,1740,1224
568,1148,1092
728,564,600
780,-852,476
536,-2096,1320
828,-2012,888
700,-680,888
512,976,1252
-136,3416,1164
-496,3976,1016
-520,4316,1448
-208,3520,1796
580,2300,1152
732,1024,1028
1108,-2036,628
1284,-2388,460
1088,-1508,812
880,-408,888
752,884,1392
-268,2600,1884
-1260,3588,2008
-1268,3780,2176
-580,3496,2376
244,2320,1656
612,1420,440
484,492,780
616,-1284,-204
856,-1104,328
1100,-820,844
952,-928,1544
1000,-360,1404
740,436,1600
76,1992,1384
-928,2960,1344
-1400,3720,1944
-1496,3968,2536
-760,3196,2728
452,1760,1400
796,1072,856
1140,-628,476
1244,-1224,36
1164,-1284,292
816,-844,696
1128,-436,68
340,512,1500
-288,1788,1468
-1360,2940,1588
-2040,3552,2808
-1320,3596,3064
-152,2520,1884
792,1540,432
1036,264,524
1100,-724,356
936,-1296,356
592,-1068,480
288,-780,924
908,-700,292
432,956,1632
-252,2232,1692
-1296,2880,1464
-1716,3724,2664
-912,3720,3048
128,2400,1504
524,1772,572
960,-84,340
796,-552,-444
512,-508,-44
508,-728,336
504,-424,672
372,-588,1184
276,-420,1292
592,252,916
-484,2332,1600
-1360,2868,1560
-1408,3816,2672
-812,3772,2972
184,2544,1216
564,1784,256
976,-132,168
1076,-1152,-616
1116,-1172,224
980,-1008,1492
700,-940,2120
896,220,1296
132,1152,1748
-716,2620,1108
-1024,3260,1528
-1452,3572,2772
-804,3864,2468
288,2508,896
712,2180,236
1204,208,364
912,-1112,44
896,-1196,584
1072,-660,1172
344,-596,2240
484,-500,1032
492,728,1096
-520,2136,1428
-1108,3280,1144
-1364,3776,2628
-656,4344,2628
216,2560,1200
468,1944,440
944,-12,356
836,-1020,-104
864,-1064,820
908,-748,940
420,-524,1328
544,-496,748
716,848,1024
-188,1976,1752
-1028,2868,1340
-1660,3588,2144
-1128,3932,2896
-68,2568,1772
736,1656,516
1136,892,932
1140,-108,388
504,-584,520
180,-1052,840
-20,-1080,1148
-196,-528,1520
608,424,700
-168,236,1028
204,2692,740
-640,2564,488
-1284,3568,2780
-408,4384,2932
36,2704,1272
488,1692,-236
380,92,156
408,-1528,-764
652,-1112,-164
928,-560,1072
1076,-300,2012
1140,12,1752
800,552,1276
244,984,1748
-432,2184,916
-1208,3068,968
-1276,3964,2196
-684,4352,2552
292,2836,1136
844,1968,252
1016,-80,472
620,-1256,-148
588,-1016,340
652,-840,868
460,-508,1328
252,-44,1560
1128,-196,472
-280,1384,1976
-1300,2836,1020
-1612,3740,1908
-888,4440,3536
4,3120,1100
496,1500,-536
436,-612,-52
972,-1888,-1148
1332,-1604,-72
1492,-444,1588
1168,44,2584
1032,592,1560
508,732,1728
-268,1952,1284
-1316,2812,1064
-1360,3572,1732
-576,4064,2296
228,2620,1268
888,1848,256
1268,-116,804
1180,-1520,-276
912,-1496,112
400,-972,600
536,-1336,520
256,640,1212
-96,1472,1664
-408,1876,1164
-1084,2928,1924
-972,3536,2652
-240,3492,2596
452,2148,900
548,1432,476
776,-552,-320
500,-960,-632
744,-1228,-12
1008,-520,764
896,-432,1820
744,-16,1532
992,400,1244
-116,1764,2100
-1120,2512,1120
-1716,3416,2024
-1156,4092,2492
-64,3168,1844
888,1768,532
1176,1412,856
1212,-544,560
736,-504,696
620,-1036,860
-52,-1140,1400
452,-1108,796
-372,344,1284
-116,748,1348
-8,2544,308
-1244,2560,1680
-848,3792,2604
-272,4056,2560
424,2128,816
640,1704,684
884,-668,488
480,-660,-40
280,-896,432
108,-632,804
-192,-720,1296
964,-720,360
-268,644,1188
332,1432,428
-488,2588,292
-1216,3104,2432
-456,4332,3152
-132,3020,1908
656,1436,-212
408,-348,-108
604,-1976,-1020
860,-1180,60
992,-180,1592
1016,-420,1376
816,156,1264
68,976,1612
-876,2292,1120
-1356,3440,1696
-996,3960,2640
-140,3200,1736
252,2392,40
684,288,480
820,-1196,-944
768,-1396,124
952,-1048,1124
816,-620,2128
672,-108,1272
368,308,1704
432,1060,1604
-88,2364,1160
-972,3300,1492
-880,3856,1960
-336,3992,2108
516,2412,1076
740,1208,-16
460,-472,700
808,-1492,-524
732,-1560,56
804,-760,504
980,-360,1308
800,372,1520
504,1488,1448
-816,2396,1604
-1408,2936,1756
-1200,3656,2740
-292,3168,2492
560,1784,612
788,1752,396
1100,-732,508
616,-896,4
456,-924,288
228,-548,1120
20,-696,1536
488,-528,760
932,636,872
-48,2224,2008
-832,2692,1316
-1336,3584,2068
-848,4236,2800
332,2968,1352
1260,1920,-104
1592,-292,992
1416,-1008,-580
568,-1312,164
-532,-1216,1204
-192,-408,832
-572,-12,928
-120,788,868
72,928,884
64,1372,1108
-636,2312,1368
-804,2856,1952
-128,3692,2476
604,2728,1608
1076,1332,20
952,424,732
828,-1132,-460
452,-732,76
284,-924,328
164,-384,844
360,-480,808
308,472,1012
-32,1188,1536
-588,2080,1296
-1176,2956,1656
-724,3744,2612
124,3668,2620
476,2176,972
412,1184,-296
-76,-676,-260
8,-1240,-856
376,-1076,-192
816,-368,552
1540,-24,1832
1440,188,2056
788,256,960
0,1172,784
-496,1512,196
-1008,1864,704
-1376,2044,776
-1512,2156,732
-1276,1968,720
-844,1436,252
-708,952,216
-536,716,76
-552,484,56
-764,840,636
-676,1408,1576
80,656,-4
-184,-152,564
-404,368,392
-468,340,-60
-512,148,-316
-784,468,-300
-740,144,-540
-768,212,-528
-848,224,-332
-864,212,-236
-888,288,-108
-900,280,-116
-1096,624,28
-1308,772,4
-1392,984,308
-1296,1596,1112
-596,1924,736
-532,744,524
-740,508,444
-544,512,152
-468,256,-88
-560,24,-104
-704,-112,32
-708,16,-108
-668,16,-256
-644,216,-308
-580,364,-444
-512,424,-588
-396,348,-652
-220,184,-900
-52,216,-1076
132,308,-1236
228,268,-1348
188,228,-1248
168,204,-1212
256,188,-1196
320,120,-1068
312,104,-1000
344,100,-988
348,76,-960
324,100,-972
436,-32,-836
116,92,-944
144,132,-964
112,164,-936
24,164,-900
52,220,-936
80,156,-948
92,92,-944
32,112,-1076
108,148,-1200
140,60,-1128
152,-8,-1032
140,36,-1044
124,56,-1032
104,64,-1004
88,24,-1008
80,24,-1008
88,20,-976
36,-20,-904
52,-44,-912
212,192,-948
# balls=4,catches=60,detected=55,sampleRate=25,timestamp=1790084455,countMode=watch_hand
x,y,z
208,-32,-848
220,-68,-916
144,-56,-876
76,-32,-808
36,-68,-816
200,-100,-844
188,40,-800
184,-172,-844
-32,-224,-1080
-12,-372,-984
28,-280,-820
-348,-528,-584
-460,-592,-708
-24,-544,-904
504,172,-1068
12,-228,-900
16,-196,-848
4,-216,-836
4,-204,-832
16,-208,-832
36,-212,-800
24,-216,-752
12,-248,-684
-12,-336,-572
28,-192,-536
140,20,-532
296,364,-584
448,744,-548
452,1024,-408
532,1144,-192
596,1236,136
632,1156,388
720,1092,524
752,968,564
812,832,484
812,756,420
788,708,352
756,712,340
708,676,304
736,660,268
752,680,320
776,636,308
788,672,304
792,660,324
796,608,336
784,644,356
800,648,340
792,604,420
796,624,392
820,592,388
804,568,392
816,552,412
816,584,308
808,532,352
808,572,412
764,644,428
724,716,492
648,824,588
564,1100,612
484,1388,780
500,1320,612
544,1088,184
408,852,-100
256,588,-264
152,156,-480
164,-24,-680
136,60,-700
80,180,-792
40,112,-872
32,24,-860
16,-32,-832
56,-64,-820
120,-160,-740
168,-92,-680
224,64,-532
292,400,-276
260,856,172
172,1208,648
64,1312,828
68,1016,824
100,764,912
180,848,1020
276,924,832
296,964,704
336,1032,656
400,992,564
392,944,488
344,884,464
320,884,496
300,972,560
276,1328,752
196,2016,1068
196,2300,1172
408,2132,1172
556,1780,1360
692,1316,1376
720,676,908
788,-52,560
636,-1252,476
772,-1920,432
748,-1348,320
608,-280,792
324,1016,1248
-452,2416,1296
-1004,3100,1456
-984,3500,1468
-804,3200,1720
-228,2372,1532
356,1340,784
436,392,988
932,-1476,-56
880,-1520,52
712,-1000,204
436,-428,564
436,220,1132
508,1124,1532
-80,1884,1684
-924,2444,1820
-1124,2656,1640
-876,3016,1904
-504,2580,2156
184,1656,1676
636,1008,956
736,816,1296
772,144,964
384,32,888
132,-628,688
-280,-1052,780
-476,-1072,1772
420,-276,680
-24,-272,932
708,1096,336
292,2504,200
-700,2484,1040
-936,3268,2508
-640,3584,2944
-44,2692,2264
644,1628,732
640,764,516
808,-912,-584
692,-948,-40
860,-1168,336
636,-488,1100
348,-124,1280
380,64,1252
144,440,1564
96,1352,1408
-808,2036,1468
-1148,2768,1556
-1016,3104,1944
-496,3116,2072
308,2340,1612
744,1568,592
504,948,508
400,-380,-456
192,-500,-360
-8,-392,480
260,-640,288
492,-420,760
476,-236,1612
800,-240,1016
456,76,1396
24,1564,1528
-1088,2320,1164
-1360,3412,1664
-1316,3728,2280
-516,3176,2040
444,1952,928
600,1220,436
600,-512,292
832,-720,-248
632,-744,368
500,-652,684
408,-656,720
428,-264,592
-84,436,1456
-332,1476,1340
-720,2164,1596
-1164,2564,2116
-1020,2684,2240
-584,2672,2188
204,2132,1780
640,1324,872
512,948,484
460,188,316
476,-672,-100
332,-728,72
196,-472,604
116,-448,460
424,-560,84
508,248,624
68,560,1656
-152,1460,1452
-860,2052,1316
-1420,2596,1716
-1192,2780,1996
-676,2668,2120
84,1940,1744
624,1140,692
436,1076,992
896,-440,232
544,-408,128
236,-904,416
-12,-760,312
408,-1300,-120
80,620,532
-96,648,1072
-336,1712,1232
-792,1984,1636
-1140,2708,2016
-812,2800,2520
-272,2436,2112
240,1524,992
380,1048,344
384,616,696
408,-340,620
540,-248,224
108,-572,520
-60,-708,516
204,-684,-140
-380,-304,284
288,512,364
-160,1688,1224
-836,1912,1864
-1020,2588,1668
-828,2960,2544
-244,2660,2308
496,1552,888
496,1192,544
880,-308,96
604,-404,-24
112,-1088,376
-144,-1008,536
236,-936,160
-232,40,684
-232,264,1040
-64,1528,980
-732,1648,1608
-780,2540,1680
-464,2620,2308
-160,2620,2312
628,1760,1408
844,792,220
428,368,744
492,-596,-88
216,-180,-56
-132,-496,92
-236,-572,-124
356,-556,-132
-228,324,828
-152,816,1304
-252,936,1584
-680,1892,1540
-1040,2480,1880
-568,2600,2396
28,2524,1920
708,1364,796
708,960,188
516,-52,568
608,-476,-220
264,-720,304
-108,-576,636
-168,-448,488
256,-644,-52
-284,664,1040
-556,1304,1436
-472,1644,1676
-812,2504,2248
-552,2648,2628
-48,2356,2264
668,1288,1372
856,688,952
884,60,1056
628,-316,480
64,-488,84
-432,-676,-424
-512,-836,-524
332,-704,-1152
-536,28,348
-112,888,352
-616,1360,1544
-720,2168,1944
-616,2684,2464
-84,2460,2780
592,1900,1636
820,864,280
440,176,360
412,-332,120
584,-140,-132
8,-220,420
-368,84,340
68,-788,-192
152,-48,412
-336,972,1516
-492,1192,1400
-748,2140,1396
-1108,2628,2184
-620,2852,2260
72,2064,1584
580,1172,748
564,900,972
484,168,560
184,164,476
-276,-480,592
-528,-512,600
-496,-600,928
72,328,1196
-68,8,1128
784,1424,552
-72,2496,428
-732,2740,2264
-820,3504,2876
-252,2912,2152
724,1284,664
828,772,1116
820,-716,364
256,-464,-8
-572,-876,-116
-412,-784,-724
-660,-256,128
-384,-24,244
-128,624,608
-152,1456,1580
-308,2088,2208
-332,2908,2772
232,2576,2440
652,1580,1108
792,1272,768
880,348,712
548,-420,348
-24,-652,312
-428,-600,816
-520,-460,932
-456,-816,384
-160,88,488
172,632,460
-28,1652,944
-588,2276,1876
-468,2708,2036
-40,3184,2476
480,2468,1636
680,1328,328
400,972,492
460,-764,-296
424,-508,-464
324,-564,340
88,-472,972
564,-620,316
84,204,1280
168,516,1324
-76,1312,1436
-868,2320,1596
-1064,2688,1940
-564,3144,2132
32,2440,1652
528,1352,528
520,904,292
480,-236,140
520,-420,212
328,-424,640
0,-328,700
-192,-368,640
-164,-288,460
-36,-212,388
-600,1116,1368
-800,1992,1232
-1032,2508,1852
-540,2856,2592
100,2548,2028
516,1584,620
476,912,-24
304,-76,424
348,-728,-228
472,-660,-92
372,-476,628
372,-348,784
424,-64,920
-88,636,1732
-600,1884,1268
-884,2004,1600
-916,2984,2376
-360,2716,2188
412,2008,1552
764,1056,436
636,432,676
444,-296,248
280,-616,240
36,-608,176
-308,-524,556
-248,-492,136
-60,-112,372
-404,500,976
-352,1276,1396
-596,2120,1516
-832,2740,1992
-288,2884,2424
136,2276,1784
640,1104,872
756,684,896
820,-316,548
580,-264,328
-32,-504,180
-444,-372,-312
76,-868,-428
-356,216,192
-136,568,464
-352,1224,1220
-492,1844,1620
-720,2580,2128
-544,2712,2980
208,2244,2180
948,1284,628
916,660,268
524,-336,544
368,-672,256
136,-532,4
-284,-616,336
-476,-228,656
240,-428,368
-104,984,1152
-376,1344,1512
-676,2176,1436
-788,2832,2180
-384,2924,2388
276,2248,1296
536,1336,736
684,524,668
564,312,436
356,-608,272
96,-684,64
-236,-808,156
-312,-628,104
-128,-636,100
188,160,488
-156,600,1148
-436,1784,1564
-792,2492,2112
-672,3328,3008
-176,2872,2408
596,1716,784
780,1348,656
844,-488,636
440,-288,272
100,-724,464
-392,-512,632
-316,-764,384
-640,-720,724
148,-184,380
384,688,744
-540,1664,2148
-584,2440,1696
-724,3112,2404
-340,2472,2616
380,1956,1672
652,1044,440
536,320,600
704,-620,-8
468,-228,196
144,-396,156
-312,-12,300
248,-676,-364
-148,208,456
-300,664,980
-552,1020,1292
-728,1540,1624
-868,2284,1964
-700,2476,2572
-28,2544,2292
596,1528,1228
564,584,104
184,-68,488
556,-76,-640
264,-132,108
156,148,460
136,-120,80
456,-536,-156
-8,76,724
-244,592,1380
-544,852,1568
-836,1804,1584
-1032,2152,1992
-728,2680,2264
-4,2520,2056
512,1680,1228
556,936,464
428,168,272
468,-16,-108
412,-600,348
248,-272,240
36,-312,436
64,-376,272
452,-416,276
-232,740,1480
-324,1364,1444
-716,1868,1488
-1104,1988,2604
-572,3024,2468
-20,2608,2188
600,1576,1408
768,920,-116
256,-392,120
384,-1028,-1136
448,-936,88
484,-100,932
620,-20,680
164,-76,1448
236,284,1052
100,828,1280
-264,1600,1464
-732,1896,1800
-676,2456,1696
-572,2724,1964
96,2364,1820
732,1472,896
744,872,328
644,484,688
852,-648,-308
272,-656,132
-168,-504,388
-364,-516,404
-184,-796,96
312,-4,360
-372,1088,1716
-620,1368,1676
-656,2088,1448
-728,2368,2152
-196,2428,2204
204,2048,1720
624,1248,864
744,784,228
548,164,408
576,-560,12
116,-500,212
-340,-560,432
-236,-668,164
84,-172,116
-324,404,1108
-404,1336,1648
-376,1316,1392
-568,2080,1560
-596,2572,2184
-72,2676,2204
528,2168,1652
960,996,432
764,680,1096
684,-620,352
184,-216,-36
-544,-684,148
-36,-580,-752
-692,-80,-24
-332,-272,-52
-124,-112,236
-24,752,916
-268,1288,1708
-428,2084,1472
-684,2612,2116
-364,2768,2540
164,2128,1736
580,924,800
568,644,1228
932,-312,536
372,-376,428
-216,-460,108
-412,-332,-332
-556,-464,-40
248,-108,-1048
-480,332,304
-304,1248,668
-532,1616,1228
-684,2096,1724
-548,2928,2568
-24,2736,2344
472,1540,1044
580,848,156
500,-424,100
540,-352,-124
520,-560,-128
180,-196,712
104,48,636
-40,-124,664
-136,508,1000
-180,1088,1220
-444,1396,1372
-896,2160,1500
-808,2448,2048
-376,2884,2324
216,1996,1532
728,1020,352
400,940,1144
636,-484,-4
364,100,-148
-148,-424,204
-488,-460,268
-460,-612,704
420,-1244,-132
-572,-120,1188
-56,776,996
-384,1460,1156
-676,1880,1500
-616,2344,2172
-340,2712,2400
152,2252,1860
628,1156,832
516,632,264
540,-60,672
712,-208,-136
132,-16,476
-168,52,208
-36,-340,-316
-248,156,60
-160,340,364
-376,756,1076
-868,1264,1468
-716,2076,1392
-744,2476,2336
-228,2656,2500
204,2044,1612
528,1208,524
444,796,560
428,-580,180
480,-552,-364
180,-700,388
-28,-216,844
72,-416,668
476,184,540
-36,544,1184
-44,1216,1244
-644,1740,1176
-1228,2404,1644
-1108,2884,2284
-460,2912,2156
240,1788,968
508,1220,584
688,420,732
768,-72,-24
228,-368,384
-200,-808,448
-516,-1032,428
-40,-1344,0
28,84,24
-248,-192,828
104,1300,1080
-288,1820,1808
-600,2600,1784
-492,2672,2228
-136,2796,2344
500,1948,1504
576,852,284
168,1004,672
364,-528,328
264,-376,156
60,-464,532
472,-736,-4
-176,56,28
-320,-52,300
52,104,176
-168,912,1328
-676,1856,1692
-1092,2552,1692
-1060,2896,2616
-508,2640,1996
284,1480,860
520,1348,812
844,144,784
664,84,52
224,-428,348
-460,-576,1008
-596,-916,1540
-324,400,1108
-340,-116,840
484,1200,572
40,1752,672
-552,2648,1364
-692,3140,1920
-464,3260,2568
156,2216,1396
780,992,604
772,384,1184
740,-100,788
208,32,-16
-488,-724,-512
-384,-1364,-1596
-544,384,-200
-540,-20,-528
-244,268,-104
-284,644,832
-540,1904,1892
-632,2528,1800
-380,2800,2572
-164,2036,2028
412,940,900
524,572,1148
888,-160,552
472,-392,112
-280,-124,-164
-588,-216,-1152
-1112,704,-128
-1104,764,100
-760,-32,-332
-768,-140,-268
-336,100,260
-372,492,392
-1064,1456,1188
-1120,2124,2204
-16,2668,3268
548,1480,1396
896,280,1152
972,-380,588
344,-24,-700
-964,-140,-784
-1548,120,304
-748,80,-112
-856,1436,-396
-368,-280,-168
-248,284,496
-176,940,968
-820,2272,2368
-780,2780,2316
196,2668,2112
376,2140,1916
848,1744,2168
1316,400,1232
720,220,852
-4,-92,1204
-244,-260,1020
-392,224,1588
-244,136,2300
-52,-196,1428
20,-24,1000
132,-224,1080
512,900,200
-748,3416,128
-1176,4504,1944
-536,4084,3164
-160,2724,2080
756,1852,1616
1172,936,1524
1140,-376,848
508,-184,836
312,-348,1560
320,-532,292
-392,-984,1844
260,-376,1072
-16,280,984
-40,1148,1088
-152,1884,764
-844,2796,1364
-1004,3496,2660
-920,3680,3132
-360,2368,2444
408,1752,2232
1116,1196,2164
1160,828,652
680,104,740
860,-524,1120
1136,-1024,1648
1044,-612,1168
152,-500,1124
552,-32,936
308,404,652
144,1396,84
-8,2524,-56
-180,2372,1412
-320,3004,2140
-504,2972,2816
-160,2868,2004
360,2056,1992
832,872,1104
660,-184,492
648,-292,752
564,-400,8
0,244,64
-348,384,-92
104,-184,-736
220,-808,-352
-824,-96,36
-232,348,-464
-496,1132,508
-804,1992,1520
-1044,2076,1984
-1092,2444,2756
-652,2428,2752
8,1852,1840
360,1428,916
628,600,832
728,-28,-252
68,-776,-148
-168,-1040,172
68,-812,320
128,-320,768
640,-604,1268
600,164,1056
176,220,1208
96,724,864
-192,2004,968
-720,2748,1956
-604,3360,2788
-176,4044,3068
316,2852,1788
832,1560,-188
800,-228,384
1124,-1056,-596
352,-1080,720
-136,-564,1244
-136,-348,476
-716,988,748
-1084,576,836
-1124,676,364
-868,340,-12
-268,260,-252
0,52,144
244,212,644
412,664,1508
56,1344,1532
-292,1628,1652
-576,2208,1864
-404,2824,1936
112,2808,1996
680,2160,1644
848,1256,488
632,468,820
876,-1852,-632
748,-1124,-604
668,-768,400
328,-464,1144
244,-28,1072
-28,116,1232
116,532,1056
-104,1284,1224
-492,1952,1744
-920,2412,2020
-836,3008,2384
-436,2744,2168
256,1824,1384
900,896,348
608,604,1236
1032,-440,24
624,-248,84
68,-108,480
-248,-96,268
-572,-184,40
96,-656,-548
-732,8,-100
-408,-96,216
-460,684,696
-660,1132,1632
-696,1968,1888
-920,2252,2260
-492,2748,2508
112,2360,2064
476,1448,1072
612,560,516
460,272,752
852,88,348
808,-464,76
112,-92,548
48,-712,-188
-348,-336,-468
-720,-76,24
-152,208,108
-272,904,956
-620,1420,1984
-1052,2224,1984
-1392,2768,2936
-792,2820,2848
76,1896,1676
748,1572,1384
980,540,1472
556,-136,684
284,-84,520
288,-404,844
428,-916,396
124,-796,964
124,-548,836
480,88,520
492,1556,160
28,1992,764
-616,2400,1972
-808,2712,2368
-628,2820,2368
-216,2500,2228
448,1800,1484
780,1036,672
776,896,1316
1176,-252,432
496,-284,780
60,-420,576
-480,-1008,304
184,-1992,-464
-540,-88,-388
-300,176,212
44,1560,-132
-436,1940,1160
-508,2896,1904
-436,3572,2560
24,2920,2312
372,1840,892
344,1128,116
124,-680,-164
116,-824,-820
264,-816,-380
544,-180,440
1276,132,1784
980,492,1452
540,-20,1256
176,324,1132
340,560,1752
-992,756,1676
-736,2756,1552
-808,2764,1012
-1872,2616,908
-1436,2560,2072
-228,2208,2724
560,1308,1064
632,952,1116
1056,-676,-136
616,-688,168
552,-876,96
204,-328,588
24,-388,652
196,-428,408
-424,0,1048
-360,944,1168
-468,1696,1444
-932,2560,2176
-668,2996,2640
120,3280,2228
356,2216,1632
460,1084,84
48,108,-16
-60,-1112,-744
280,-640,-360
576,16,576
860,308,1512
880,44,1264
652,32,768
164,184,692
-40,512,836
-288,872,728
-700,1824,1196
-1092,2764,1648
-1016,2964,1664
-456,3196,1732
100,2604,1640
412,1568,660
432,1076,768
772,8,-172
384,-812,-220
396,-1056,-132
556,-472,124
352,-148,1092
384,-408,872
356,52,776
140,576,1484
-200,1016,1408
-868,2048,1352
-1184,2528,1752
-1104,2876,2068
-628,2808,2276
148,1908,1560
576,992,608
572,304,892
876,-272,352
692,-56,328
204,-128,192
-304,-56,-80
40,-396,-968
-564,-292,-112
-372,436,172
-364,924,588
-656,1372,1500
-688,2224,1756
-808,2724,2432
-292,2872,2708
412,2020,1656
760,1172,100
536,380,660
432,-1008,-168
352,-496,-288
12,-280,392
-164,68,624
128,-284,400
308,-88,340
-72,536,1096
36,568,1248
60,1132,1156
-576,1920,1584
-1124,2540,2044
-952,2992,2408
-536,2716,2520
88,1744,1764
628,892,1476
1020,256,1308
1020,-488,860
544,-120,516
340,72,-384
-148,376,-1164
-456,32,-1108
244,172,-1076
-372,228,-412
-48,-64,-916
380,400,-488
80,672,988
-628,1856,2228
-60,1948,1988
-440,2428,1460
-368,1648,1104
-304,1280,744
-224,976,468
-180,732,360
-104,588,296
-112,376,444
-104,676,748
-252,752,716
-324,112,424
-116,784,152
-436,524,720
-492,824,740
-416,864,812
-352,848,840
-276,868,784
-208,864,776
-148,764,836
-64,848,744
-16,840,724
28,852,760
76,888,764
60,812,764
4,776,720
-32,732,672
-68,704,608
-104,696,628
-144,712,684
-176,736,712
-180,776,716
-156,852,756
-148,856,708
-148,920,668
-140,1044,568
-76,1132,388
28,1192,84
88,1208,-96
160,1144,-212
152,980,-456
112,808,-568
164,488,-724
216,320,-880
188,288,-956
348,224,-1272
12,136,-884
# balls=7,catches=11,detected=9,sampleRate=25,timestamp=1790084524,countMode=watch_hand
x,y,z
-4,0,-972
-24,-32,-968
0,-12,-984
-24,-16,-992
-12,-20,-988
-12,-24,-976
24,-56,-984
12,28,-984
436,276,-1024
48,-416,-1064
-420,-272,-676
-316,64,-840
-376,-80,-932
-344,-268,-900
384,-284,-1196
464,292,-1176
-4,-28,-1012
32,-12,-948
28,8,-956
4,4,-948
12,-16,-936
16,56,-932
40,8,-932
40,-8,-864
52,-40,-884
112,-192,-880
208,-120,-716
200,364,-484
172,828,-244
196,1212,-36
116,1568,272
32,1460,480
36,1304,420
8,1160,456
-24,1144,536
-40,1064,584
-52,952,616
-48,972,620
-40,1036,580
-56,936,540
-28,984,480
-12,924,492
4,964,468
-16,992,476
-20,972,424
-40,968,396
-56,1132,348
-76,1032,380
-112,1056,356
-120,1036,324
-116,916,248
-104,612,220
-8,112,228
72,60,200
164,88,280
220,548,512
-52,1688,924
-548,2952,776
-644,3188,928
-224,2836,1108
332,1964,1080
692,700,912
948,-624,428
1184,-1916,220
1196,-1868,708
1120,-644,752
812,1104,1408
-424,3744,1364
-1444,4828,1224
-1784,5260,1284
-536,4324,1384
896,2360,1640
1984,-752,1192
2660,-3136,652
2332,-3044,728
1648,-1628,1244
1164,1012,1920
-908,3704,2084
-2748,5204,2384
-2332,5476,2428
-936,4080,2316
960,1776,1544
2804,-1860,472
3232,-3180,248
2448,-2408,544
1568,-884,1068
348,1264,2112
-2736,3792,3000
-2420,4916,3964
-1244,4048,2932
124,2280,60
1516,-1048,-1160
2376,-2692,-944
2072,-2212,1496
1188,-212,2612
824,-20,1444
768,908,1288
-588,2608,1412
-1908,4148,2200
-1756,4296,3336
-700,3572,3168
1004,1876,1324
1872,548,1256
2308,-1336,456
1932,-2104,256
1260,-2064,740
1616,-1444,144
80,1252,1768
-2092,3240,1704
-3092,4572,3844
-1912,4440,4496
544,2644,1212
2420,916,1328
3092,-1708,16
1748,-1932,60
936,-2560,736
340,-348,1420
-200,292,1884
-644,2296,1268
-2064,3828,2660
-1628,4804,4248
-312,3912,2804
1276,2624,60
2036,-324,-804
2532,-2112,-1784
2200,-1664,956
1716,-1592,3004
1224,292,3188
744,600,1932
232,1268,1196
-1116,3036,1376
-2164,4308,2556
-1484,4948,3872
-116,3452,2508
1300,1696,892
1584,-944,640
1624,-1328,-56
1484,-1492,-272
1336,-1124,236
1508,-1256,496
824,192,1004
-760,1596,1628
-2832,3800,2632
-1860,4748,5176
-724,4192,2720
532,2368,-676
268,-1248,-1232
912,-2724,-1560
2080,-1584,764
3448,-664,3592
3196,-872,2240
1704,416,2432
-320,1476,612
-3352,3132,208
-2716,5252,2812
-1516,5272,3076
1728,3524,600
4224,-228,484
2912,-1332,216
588,-2128,2660
-192,-1980,3072
1096,-820,1736
656,1956,2200
-416,2180,1920
-1632,3924,2028
-1428,5020,3632
-216,4044,3080
1524,1984,588
1456,396,796
1836,-1800,-492
1556,-1696,-332
1572,-1040,640
1512,-440,572
1032,1080,1176
-732,1768,1972
-2412,2956,2156
-2408,4328,4424
-1276,3420,3704
1032,2292,1220
2644,156,1148
1812,-1204,-632
44,-1760,-64
-768,-924,1328
-624,176,724
-1320,12,952
-1092,300,148
-912,32,-236
-896,172,-136
-992,248,-36
-1040,268,-144
-932,392,-152
-952,244,80
-988,240,336
-756,356,268
-752,896,240
-756,1548,-116
-1040,1856,-148
-696,908,552
128,248,-388
812,2352,-1600
728,568,-1616
1020,628,-1660
752,912,-288
124,1172,1360
328,2008,3044
200,2128,3704
-324,1072,2840
96,-792,168
-228,440,1364
-240,-400,1424
-116,-824,660
-328,-268,52
-440,-900,228
924,1160,1560
1076,2676,2248
1268,1124,1324
1068,1680,1108
868,952,920
532,700,472
272,612,316
-44,428,364
-252,284,144
-352,244,320
-356,780,420
-392,1316,400
-348,1608,144
-344,1620,92
-292,1276,-4
-176,1116,-164
-12,1056,-388
100,808,-536
164,500,-684
216,268,-756
232,256,-820
220,244,-904
188,268,-888
184,220,-908
176,132,-924
244,8,-800
272,64,-1016
168,212,-996
76,124,-948
116,176,-1044
96,156,-904
280,-124,-724
100,128,-1044
112,188,-1024
140,248,-1044
60,284,-1008
4,296,-964
# balls=7,catches=11,detected=9,sampleRate=25,timestamp=1790084557,countMode=watch_hand
x,y,z
720,-36,-788
252,212,-896
512,216,-916
468,100,-836
388,80,-768
476,68,-884
408,88,-900
312,52,-904
320,24,-880
284,12,-932
292,44,-984
336,32,-976
316,0,-924
300,12,-904
432,28,-888
516,256,-984
80,-372,-872
160,-376,-828
-160,-464,-864
-156,-288,-844
480,316,-1344
304,112,-1000
104,24,-988
104,52,-916
92,-72,-884
80,-272,-776
108,-192,-612
108,148,-480
132,532,-380
176,1008,-188
80,1764,60
-80,1788,228
-132,1512,304
-176,1452,332
-196,1384,372
-140,1224,500
-44,984,340
32,904,236
40,932,204
-8,920,248
-68,988,204
-132,976,284
-180,960,268
-144,848,232
-104,632,144
-48,264,208
16,64,240
116,248,256
180,600,484
-144,1540,816
-616,2704,688
-764,2760,688
-476,2476,808
-40,1624,708
244,936,592
360,160,396
576,-656,40
748,-1204,280
992,-1064,688
1180,-276,1132
1256,1036,1724
292,3064,1428
-652,4380,1148
-1220,5280,1004
-768,4836,1516
592,3692,1736
1332,1628,1492
2056,-2144,672
2724,-3492,784
2508,-2828,1084
1952,-836,1284
1136,1680,2200
-1460,3908,2412
-2940,5492,3164
-2340,5372,2936
-596,4060,2660
1720,1240,1296
3780,-2748,904
4016,-3548,932
2716,-2076,856
1824,208,1412
-432,2392,3052
-3816,4656,3576
-3108,5000,4836
-740,3196,2124
2056,1520,512
3364,-2128,-1376
1120,-1868,120
68,-1660,1208
-564,-408,1700
-36,-100,856
712,424,700
476,1624,1720
-644,2884,2228
-1676,3604,2396
-1468,3988,3648
208,2516,2852
1104,1656,1612
1492,-184,788
1148,-1096,-28
1024,-1188,260
1500,-1052,76
1716,-936,748
1480,-616,1420
1264,880,1092
-2188,2792,1832
-4064,5196,3480
-2500,5020,4684
1192,3704,1044
3616,1716,1224
4576,-1084,-92
3204,-1972,456
2084,-1860,2000
748,-1176,4056
744,740,3168
592,1108,4228
172,2076,2748
-996,3828,3268
-180,4964,3700
1436,3852,2128
2224,2968,264
2920,360,616
2428,-2092,-344
1836,-2136,1136
704,-912,3060
784,-968,2008
676,520,1884
500,1464,2152
-1172,3856,1716
-2112,5556,3812
-1060,4956,3164
1064,2884,908
1952,388,1232
2460,-1464,-192
1988,-1820,704
1192,-1008,1132
780,-512,920
1304,-264,308
-892,2408,2596
-2628,4192,2628
-2388,5184,5088
-276,3944,2360
1396,2312,464
2260,-756,-268
2488,-1876,-980
2132,-1036,960
1464,-444,2508
1836,-988,1628
984,768,2988
244,1164,2308
-1752,3156,2136
-2556,4916,2456
-1780,5444,3112
396,3652,1780
2144,2452,1052
2896,-664,164
2240,-1508,428
1444,-1860,860
112,-1108,1772
1088,-1080,48
56,556,1680
116,2148,1540
-1940,4112,2500
-2276,5488,3832
-776,4432,2260
1680,3032,0
2832,-200,380
2236,-1388,-628
1788,-1716,1192
1056,-1076,2972
1520,-916,2688
968,720,2572
68,1132,1892
-1464,2928,1316
-2444,4940,2816
-1652,5480,3408
268,3564,1648
1820,2064,1596
1608,-28,624
592,-644,-132
72,-780,-524
-148,-884,-804
-144,-1088,-876
276,-1168,-1120
932,-672,8
2460,-220,1064
2216,520,2524
-24,1356,2616
740,64,2276
1548,524,888
264,684,900
300,1176,124
272,2016,260
160,2872,140
-368,3148,588
-836,3444,608
-964,3376,760
-644,2816,660
-376,2024,320
-52,1276,0
484,368,76
1124,952,880
1132,888,968
880,624,1544
1164,392,2616
1236,-568,896
380,52,772
-340,-320,1076
-1092,816,312
-1304,1504,-364
-1040,1972,-524
-452,2176,-316
-28,2056,-524
-364,1444,468
-116,1144,548
-52,748,756
-268,2012,-1028
104,980,-1580
-660,536,-628
-372,636,-492
-548,644,-40
-800,716,-96
-736,812,-264
-744,532,-148
-644,472,-380
-516,540,-472
-448,536,-464
-348,636,-660
-244,728,-736
-224,720,-880
-172,576,-1052
-108,380,-1052
-56,328,-1060
0,356,-1164
20,268,-1148
-16,328,-1080
16,276,-1148
104,176,-1068
128,196,-972
124,180,-988
172,92,-984
220,68,-964
276,64,-992
300,-80,-884
344,-72,-836
292,68,-980
288,-64,-884
272,-36,-824
248,12,-920
252,-72,-900
256,-12,-940
228,-56,-1004
236,-28,-1028
188,64,-1068
120,40,-1136
56,100,-1156
80,104,-1056
104,108,-1000
84,76,-992
60,72,-932
32,44,-884
32,48,-880
24,32,-856
12,8,-868
20,-8,-904
48,-20,-932
88,-16,-964
104,-32,-988
120,-56,-996
136,-52,-1008
100,-88,-1012
72,-116,-1004
56,-104,-1008
72,-108,-1040
104,-72,-1076
# balls=7,catches=10,detected=8,sampleRate=25,timestamp=1790084599,countMode=watch_hand
x,y,z
112,80,-996
84,68,-936
64,12,-944
32,44,-948
-8,32,-948
-76,-36,-992
148,84,-1016
412,164,-916
380,8,-912
232,124,-956
228,128,-936
208,112,-920
204,72,-900
184,92,-904
200,44,-948
228,-60,-944
196,-24,-868
160,88,-848
220,432,-820
256,804,-768
236,932,-688
248,996,-528
220,1248,-300
116,1208,-180
76,1204,4
68,1076,148
76,1040,196
48,1008,224
24,1004,180
48,1024,184
16,976,184
-12,952,136
-28,984,252
-52,1004,316
-108,1000,308
-128,1024,300
-128,996,292
-144,1008,300
-184,1012,300
-272,1000,272
-304,1020,280
-320,1008,288
-340,1000,260
-352,988,260
-336,960,284
-336,976,236
-352,984,268
-356,952,224
-356,952,192
-376,956,188
-376,928,164
-380,900,160
-348,832,136
-264,692,108
-144,452,124
-12,208,240
68,160,316
136,448,192
16,984,504
-340,2160,756
-744,2776,604
-796,2860,756
-316,2360,936
200,1752,968
472,972,724
500,32,536
616,-804,236
836,-1404,540
1064,-1096,816
1260,-96,1212
880,1616,1624
-580,3916,1200
-1420,5380,1404
-1472,5440,1500
-348,4384,1804
908,2756,1556
1892,-936,1256
2908,-3684,1028
2864,-3400,1268
2140,-1420,1496
1636,1392,2052
-1120,3868,2260
-3192,5688,3064
-2736,5784,2644
-1004,4104,2264
1252,1588,1524
3312,-2152,912
3920,-3332,892
2876,-2472,956
1984,-468,1344
1100,1756,2276
-2764,3936,3344
-3392,5364,4460
-2344,4164,4180
1192,2740,1156
3572,-320,1016
2400,-1444,-388
-32,-1968,608
-140,-1632,388
-788,-860,556
760,-476,-92
1108,808,1336
488,1924,2356
-952,3052,2580
-1840,3880,2624
-1408,3888,3896
320,2428,3124
1228,1360,1364
1120,-336,840
988,-1240,-696
1360,-1340,-212
2320,-744,532
2444,-472,1436
2192,-260,972
380,888,1724
-4100,3228,2184
-4060,5440,5536
-1792,4992,3748
2264,3700,152
4224,-448,652
2556,-1876,352
1196,-1824,2280
772,-1112,3384
1248,-684,2708
1012,1532,2652
-220,3088,1768
-1640,4712,2836
-752,5644,4040
516,4804,1828
1336,2988,-60
1184,-508,-1116
896,-2644,-1968
1356,-2244,60
2660,-472,1952
2848,-284,3472
2416,-556,712
2176,12,1576
1200,684,1492
-1076,3232,876
-2452,5308,2144
-2188,5504,3480
-1196,4440,2524
1564,1976,1144
3660,-1156,1108
3304,-1940,-312
1652,-1668,252
900,-688,596
1188,-376,672
-1176,2132,2396
-3012,3140,2956
-2616,4412,4916
-1196,3492,4316
1260,2244,1516
2496,1000,1916
2816,-1340,488
1440,-1728,800
588,-1152,1364
924,-416,1288
192,-572,2324
1748,1056,540
68,3784,508
-1484,4004,2832
-1528,5204,5052
-612,4064,3148
980,2300,624
1148,-416,-672
1180,-1360,-816
1792,-1716,-660
1700,-612,1380
2080,344,2392
2480,-552,1616
824,880,2440
-856,1556,804
-2012,4240,1236
-1980,6100,4472
-576,4596,3232
1888,3520,848
2416,904,204
1472,-1648,-1176
904,-780,364
920,-308,2140
24,-620,2844
-56,-212,1388
432,272,548
-1388,1064,1508
-924,340,-644
-1944,320,-1152
-2172,688,-1204
-1688,700,-840
-1176,720,-624
-888,1152,436
-492,1220,1764
288,256,2500
-544,1116,820
-136,-152,260
-124,-1588,360
-136,-2512,356
520,-1560,256
1128,-164,368
1912,604,908
3132,812,1016
4224,1936,1020
4384,2228,840
4228,1588,728
3812,1176,-300
3164,232,-840
2640,-1012,-1416
1584,-1036,-1300
1028,532,-1112
872,500,-688
892,504,-220
1048,464,-8
1276,188,16
1712,524,296
1860,864,312
2000,1056,172
1780,696,148
1308,712,268
1100,728,168
996,584,136
808,560,100
652,672,88
572,688,-12
528,632,-108
492,536,-140
572,620,-236
700,680,-448
824,588,-656
920,400,-780
956,276,-812
976,188,-880
920,148,-868
828,60,-836
848,-76,-976
400,224,-768
496,432,-716
480,-32,-804
276,52,-792
176,160,-716
304,112,-792
184,124,-804
132,44,-892
72,104,-960
44,140,-1012
16,224,-1060
-56,300,-1040
-120,308,-992
-96,312,-988
-176,216,-1004
-108,216,-956
# balls=7,catches=18,detected=13,sampleRate=25,timestamp=1790084648,countMode=watch_hand
x,y,z
140,360,-904
116,348,-884
108,368,-880
124,384,-900
160,392,-920
184,404,-948
184,416,-960
152,396,-944
120,388,-920
100,392,-944
104,372,-948
116,352,-960
140,340,-976
120,328,-968
104,304,-944
96,300,-932
152,220,-828
44,300,-948
40,340,-912
8,296,-932
-12,232,-976
220,436,-1020
192,340,-932
44,164,-940
4,136,-1020
-52,32,-1048
-240,-104,-984
212,-188,-800
628,788,-996
248,144,-988
244,232,-916
232,248,-908
244,196,-916
176,260,-876
168,260,-816
192,140,-864
212,100,-876
208,44,-780
192,-12,-696
224,184,-504
272,456,-240
268,760,56
280,1156,272
216,1472,416
356,1308,636
440,1364,780
296,1072,524
216,1016,524
212,1024,708
276,884,692
304,860,680
284,864,684
224,776,660
184,804,688
164,784,664
128,712,648
56,784,716
4,800,664
-76,864,772
-128,940,816
-160,972,788
-184,960,796
-156,952,728
-152,928,700
-144,892,564
-132,908,400
-108,920,316
-76,928,324
-56,984,308
-68,960,244
-120,1028,196
-164,1028,288
-164,992,232
-196,996,224
-204,996,344
-292,956,344
-308,924,276
-336,864,256
-336,768,236
-288,684,196
-240,496,100
-128,128,112
88,-96,272
168,148,456
128,500,560
-200,1780,948
-656,3132,752
-760,3532,832
-300,3072,1088
276,2164,976
616,820,920
1064,-1160,696
1460,-2264,796
1368,-1676,912
1296,-72,1316
572,2180,1516
-692,4452,1280
-1432,5596,1240
-1168,5232,1412
36,3972,1624
1128,1804,1668
2428,-1972,1088
3004,-3752,1056
2460,-2924,1212
1844,-776,1444
980,1948,2120
-1732,4212,2292
-3296,5756,3000
-2548,5468,2784
-736,3988,2636
1840,1516,1488
3972,-2540,712
4004,-3548,496
2692,-2320,1100
1812,-232,1712
676,1948,2736
-2332,4000,2936
-2904,4780,3656
-2156,4448,4308
-124,2804,2624
1572,1832,1296
2372,-980,484
2608,-2216,-224
2404,-1852,500
1968,-1472,2028
1088,488,1840
176,1500,2184
-1108,2956,1924
-2228,4348,2776
-1852,4312,3844
-628,3480,3760
920,2096,1840
1548,1080,1076
1320,-288,304
1560,-1628,148
1892,-1680,64
1888,-1336,980
1576,-664,1620
1604,576,1532
-1460,2480,2484
-3744,4196,3132
-2688,5332,5288
808,4476,1320
4088,2972,728
4364,-2396,-760
2832,-2132,1200
892,-1544,4408
216,-440,3192
548,712,2204
220,2276,1972
-936,4232,2876
-596,5400,3864
304,4572,2480
1280,3036,888
1396,32,128
1076,-1816,-736
1432,-2496,68
2224,-1420,1004
2208,-556,2512
2012,-116,1944
1032,1396,1800
-768,1976,1380
-2796,3764,1880
-2700,5540,4340
-976,4780,3296
1292,3228,936
2008,1140,720
1692,-1816,-704
2092,-1948,-340
2208,-1164,1992
1832,-360,3948
2096,-372,2640
-272,1648,2432
-3420,3816,600
-2056,6356,3980
-868,5324,2800
1276,3024,-348
2296,-1404,-988
2004,-2912,-1272
1700,-1200,1612
1448,-352,2416
2408,-580,2400
1600,888,3224
168,1748,1928
-1948,4108,1576
-1128,5380,2772
-256,5096,2544
1080,3276,196
2284,316,-380
2596,-2660,-1372
2092,-2096,280
1772,-1376,2640
1284,-264,3004
612,520,2224
-768,2340,1044
-1532,4272,2292
-916,5052,3808
-348,4368,3044
1292,2880,568
2296,172,-312
2572,-3060,-2212
1848,-2376,540
1340,-540,3532
1064,-196,2028
1080,524,1516
924,144,1504
376,1396,1336
-740,3288,1724
-1268,4500,2084
-748,5180,3132
272,4132,2928
1304,2424,992
732,1264,680
196,-1004,-664
316,-1256,-616
668,-764,-404
1764,-536,124
2848,-1020,1752
2888,-1984,2380
3428,-296,2532
1972,416,1540
-1160,2176,1328
-4124,5956,2484
-4284,6216,4228
-1148,5820,2468
3924,4448,948
6136,-1304,912
3168,-2528,2512
580,-2004,3780
-316,-468,3812
856,-156,2960
500,2668,1724
-752,5328,3600
-192,5652,5612
504,4404,1948
1544,1540,700
1968,-1692,-864
2216,-1992,-1288
2188,-1288,1220
2036,-472,2624
1404,-100,2300
120,692,2088
-2628,3096,1200
-2684,5396,3992
-1384,5072,3316
1168,3680,824
3748,112,912
3044,-1736,-352
1088,-1640,1764
-568,-808,2160
748,-1820,28
-96,-92,1576
544,2040,948
-1284,3456,2556
-1000,5348,3520
-688,4760,3052
1276,3024,1296
1944,2156,1312
2760,-244,384
1964,-1164,548
1496,-908,1728
980,-820,3972
908,-1544,2124
668,-304,1576
652,1716,1056
-656,3640,960
-980,5732,3880
-368,5792,3840
868,4016,1512
1904,2000,424
1716,-2784,-1756
1028,-2708,-1256
1592,-680,1928
1628,1296,2284
1088,-412,1392
1836,-1288,760
1272,0,2272
304,2228,1924
-2356,5496,2804
-1612,5576,3876
-720,4992,1992
1700,3108,232
2596,-1208,-912
2260,-2176,-244
2064,-1852,2688
568,-1552,3188
392,-1260,1264
116,708,1312
560,1568,588
-132,3112,1712
-896,3648,3164
-120,4764,3728
416,4184,2132
1312,2684,248
876,376,-824
552,-2448,-1436
940,-1804,-912
1712,-368,460
2408,416,2008
1700,1152,2888
2832,-52,2064
3072,3176,732
468,3592,-1888
-2508,2612,-1864
-2432,348,536
-2232,-128,2712
-740,-128,4180
908,212,5328
744,2212,1080
752,500,1600
468,-448,136
1220,-2244,700
1876,-1208,804
876,4092,3480
1316,5644,2044
344,4580,2200
-328,2244,1520
724,616,900
640,208,208
68,604,-200
-172,392,456
336,-316,36
728,440,-224
-784,168,824
-1100,1300,972
1120,1900,-1048
-580,1948,-404
-152,1076,-1756
-628,1132,1020
-1680,340,1232
-748,360,-1628
-952,376,512
-720,976,-388
-856,640,-264
-788,468,-112
-776,416,4
-928,704,80
-972,828,68
-748,1240,212
-280,1236,-40
-68,692,-144
-288,796,152
-224,768,256
-196,896,372
-252,888,576
-284,848,596
-216,944,520
-192,900,620
-252,916,768
-192,892,604
-132,860,448
-136,908,396
-96,776,352
-92,932,504
60,1180,876
244,1332,1132
256,1624,1088
144,1404,996
36,1248,708
76,1012,320
-44,792,176
12,576,-60
56,400,-240
52,384,-400
116,440,-716
184,368,-944
164,248,-1012
112,248,-1064
132,192,-1056
80,184,-1016
176,132,-852
156,92,-1052
244,124,-1024
372,164,-948
248,240,-956
288,244,-936
288,312,-908
280,300,-848
288,300,-836
272,300,-960
288,236,-916
256,264,-932
296,228,-924
308,216,-928
332,192,-924
324,164,-932
304,136,-940
292,108,-932
304,112,-936
288,120,-948
284,112,-992
268,140,-1004
232,128,-1008
176,120,-988
136,136,-948
60,96,-912
52,56,-928
36,20,-924
48,-12,-940
56,8,-984
# balls=7,catches=21,detected=13,sampleRate=25,timestamp=1790084697,countMode=watch_hand
x,y,z
220,-28,-964
200,-32,-980
404,-172,-844
152,-24,-1088
240,20,-1060
244,68,-1028
160,-32,-1016
248,56,-988
272,-36,-920
452,-12,-880
568,248,-896
992,308,-1064
80,-480,-824
-164,-832,-700
24,-404,-532
1016,676,-1056
204,-200,-904
248,-76,-900
296,-96,-880
320,-132,-864
320,-132,-840
324,-180,-832
344,-264,-792
344,-288,-772
352,-220,-764
308,-12,-636
268,232,-728
244,596,-732
280,1000,-672
236,1292,-520
136,1360,-404
52,1196,-260
60,1084,-188
20,1184,-148
-48,1180,24
-80,1168,0
-64,1120,4
-128,1056,140
-192,1088,96
-164,1004,92
-192,1080,272
-208,1016,256
-216,1068,128
-200,948,224
-188,984,12
-152,1068,112
-120,900,64
-200,984,60
-288,928,84
-336,844,96
-404,944,92
-444,948,64
-492,928,56
-560,984,164
-528,992,120
-396,616,80
-120,128,76
176,-312,256
340,-120,312
228,764,544
-364,2468,880
-972,3640,636
-1000,3780,820
-264,3040,1156
532,1996,1128
1204,-236,792
1704,-2032,636
1776,-2616,652
1584,-1276,1024
1304,1048,1652
-168,3840,1648
-1488,5460,1824
-1792,5700,1832
-712,4576,1848
884,2708,1676
2344,-1628,1180
3292,-4024,1108
2732,-3244,1232
1976,-864,1472
804,2292,2136
-2324,4692,2708
-3188,6000,3224
-2248,5356,2752
208,3268,1916
2536,-508,1024
4584,-3964,972
3516,-3372,1044
2188,-664,1224
864,1768,2504
-2348,3900,2844
-3520,4952,3400
-2236,4748,3940
276,3292,2164
2456,1912,956
3124,-1532,164
2084,-2324,380
1196,-2024,1952
1384,-1940,2176
1068,748,2368
612,1548,1956
-1072,3300,1728
-2020,5004,2800
-960,5096,3908
456,3580,2392
1064,1884,596
656,-476,-52
656,-1664,-788
1256,-1700,-68
1996,-1060,252
2600,-472,1868
2580,-336,2072
816,736,2180
-2692,3104,1304
-3224,5644,3240
-2056,6008,3700
956,4368,316
3168,744,-912
3156,-3488,-1968
3508,-1992,656
3040,-1284,5776
1432,-172,4400
500,-12,2252
-604,2212,1008
-2784,4732,840
-1680,6212,3452
64,4832,1776
2244,2588,1116
3508,-968,644
2652,-1932,568
1772,-2624,1648
984,-656,2388
252,-244,2784
328,1756,1352
-996,4152,1580
-1884,5296,2628
-1120,6076,3032
572,4116,1436
1844,2224,692
2120,-964,508
1732,-1292,916
1176,-1132,552
1044,-580,1064
1204,-784,1056
1368,-272,1284
-52,780,1996
-1908,3596,1260
-2652,5724,3208
-1016,5800,3840
932,3860,540
1288,2108,184
996,-2024,-2180
912,-1508,-1388
2668,-408,2076
3324,-608,4996
2852,-1432,2736
1204,208,2580
252,1700,792
-2088,4560,840
-1904,6344,3528
-1140,6272,2584
512,4020,740
2912,304,-88
3652,-2660,-272
2708,-2416,920
1104,-1360,3656
1584,-324,1252
-1340,2236,1828
-2936,4016,1880
-2408,5508,4260
-476,4592,2824
1956,3800,468
2544,1256,548
1452,-1176,-1136
940,-692,-404
2008,-56,3144
3320,-92,5144
1792,-332,3904
1496,-300,2272
556,1096,1252
-1260,4344,936
-1516,6288,3136
-716,6380,3524
360,4864,1740
2004,3120,620
3304,-2128,-976
2820,-2544,-960
1660,-1572,2804
1508,-1272,4124
1232,788,2768
412,1028,1852
-1004,4088,1624
-1436,5216,2832
-1104,5684,3748
400,4084,2024
1452,2316,868
1188,-1160,108
1080,-1468,-272
2016,-1568,528
2800,-1200,1720
2192,-956,1940
1264,496,2356
436,1740,1564
-1836,4008,1064
-3044,5800,2828
-1576,5828,2780
892,4088,672
2144,2060,532
2720,-1600,-636
2632,-1912,276
2272,-1120,3000
1224,-960,5696
700,372,4076
636,1400,2820
-1320,4352,1200
-1756,6060,2708
-988,5700,3088
520,3544,856
2072,1216,704
3108,-1372,-400
2324,-1724,684
1136,-1184,2416
1260,-1840,2144
564,1704,1572
-952,2908,1076
-2020,4512,2156
-1280,5736,4804
-132,4136,2608
1000,2664,1148
1184,-428,16
496,-1720,-856
388,-1292,-468
1300,-1004,260
2700,-812,2232
2908,-1168,3704
1544,460,2764
432,1364,1204
-2496,3112,528
-3644,5792,2856
-2420,5860,3944
-180,3956,1892
1896,1688,1760
2200,-1340,1416
2308,-1792,1420
1960,-1384,2500
2140,-1124,1492
388,356,1364
-1160,2564,544
-2472,6308,2128
-1780,6396,4556
592,5040,320
1676,2504,-368
1652,-1552,-1196
2008,-1268,-392
3028,-344,2788
2644,-456,6100
2016,-756,3496
1164,596,2484
104,2516,1388
-1888,5340,1628
-1056,6716,4684
-168,6120,2200
1008,3504,720
880,200,260
1124,-2248,-420
2192,-1704,1160
2460,-564,2664
2880,-1440,2824
1704,580,3176
-272,2504,1680
-3604,4852,896
-2160,6012,4676
-152,4464,2372
3560,1484,624
2272,-1980,800
-1424,-1960,244
-1840,-1056,296
-556,304,116
-88,1240,-332
-360,1624,-12
-312,2000,-508
-1020,1308,-300
-1336,836,180
-964,868,-188
-796,800,72
-376,1048,816
-632,672,1532
532,380,1208
-328,1472,672
-552,768,604
-684,-208,108
-756,-20,-680
-972,188,-1364
-1092,68,-1220
-1168,-212,-772
-1140,-116,-552
-1504,76,8
-1876,1240,252
-1928,1168,852
-700,-256,1876
-684,104,392
-104,-72,744
-68,-332,620
-24,52,-124
-136,316,-980
-392,640,-916
-604,540,-944
-640,444,-900
-568,-68,-604
-464,-472,-464
-396,-488,-328
-404,4,-244
-1092,852,-268
-1352,3416,1060
-652,3292,540
-1128,3024,32
-572,916,40
-208,60,-204
-192,16,-300
-304,-88,-136
-372,-92,-60
-372,-60,-124
-388,16,-128
-296,220,-308
-284,312,-616
-312,340,-740
-244,360,-908
-172,380,-1060
-132,380,-1024
-20,384,-1116
64,376,-1172
132,380,-1148
144,372,-1132
188,368,-1124
184,292,-1060
200,308,-1028
184,228,-984
156,228,-948
180,216,-936
204,236,-952
208,232,-928
184,296,-968
192,288,-1072
220,328,-1084
228,372,-1060
172,336,-968
100,308,-968
80,276,-980
48,236,-928
12,192,-992
40,204,-1004
20,124,-920
16,76,-892
52,144,-980
48,100,-972
40,96,-932
44,88,-944
24,60,-956
56,24,-944
48,-40,-984
80,-8,-1012
128,-24,-1048
108,16,-1092
92,-8,-1076
168,212,-1036
228,208,-992
152,48,-868
196,40,-796
220,96,-924
276,100,-968
248,124,-960
208,136,-956
224,124,-928
212,104,-928
240,76,-920
264,72,-944
# balls=7,catches=15,detected=9,sampleRate=25,timestamp=1790084800,countMode=watch_hand
x,y,z
260,568,-524
292,480,-592
296,360,-604
256,388,-364
228,212,-564
328,284,-508
288,380,-500
320,480,-584
452,564,-504
36,324,-676
236,416,-944
164,380,-832
244,300,-780
20,84,-908
328,-1360,1064
1036,520,-1020
412,-320,-568
436,104,-448
308,32,-216
204,416,88
188,936,396
152,1288,608
28,1832,696
20,1828,760
-20,1528,812
-96,1212,776
-120,972,644
-132,880,360
-112,1008,624
-120,924,644
-136,784,556
-112,920,604
-108,928,700
-104,968,616
-116,928,532
-108,996,576
-140,1080,488
-104,884,292
-80,804,328
-84,940,320
-108,948,408
-136,1020,428
-140,1072,368
-160,1004,372
-104,948,324
-60,800,252
28,352,56
156,128,312
212,156,392
152,600,444
-164,1596,884
-584,2668,952
-856,2948,828
-424,2484,620
108,1764,640
460,1056,668
504,292,588
608,-740,232
736,-984,272
744,-1108,580
964,-532,960
1100,432,1348
492,2508,1452
-560,4152,1020
-1544,5232,968
-1364,5236,1324
60,4116,1296
1000,2260,1472
2084,-1444,952
2636,-3528,1156
2488,-3008,1404
1936,-1076,1328
1052,1684,1836
-1772,4020,2144
-3432,5492,2916
-2628,5536,2700
-772,3916,2308
1584,680,1184
4048,-3328,1288
4180,-3992,1396
2420,-2024,1496
1316,964,1564
-1312,3672,2616
-3208,5616,3972
-2340,5196,4080
-256,3696,1600
2192,1328,72
3008,-2504,-740
1964,-2296,552
676,-1732,2748
1344,-1336,1908
1036,840,1784
540,1660,1880
-1212,3696,1792
-2236,4956,2520
-1592,4816,3664
52,3096,2160
1436,1780,1312
1392,96,760
712,-956,396
968,-1000,272
1352,-1020,960
1680,-1116,1408
1868,-1068,1000
1780,1112,1176
-1832,3028,1648
-4240,6264,3748
-1720,4984,2748
2780,1536,768
2840,-2584,640
-884,-2612,764
-1232,-1172,40
-736,-396,-204
-156,560,-212
-664,2076,1532
-744,4252,3736
-160,4448,4844
816,3368,1792
1340,2316,564
1424,-1308,-796
1056,-1404,-1028
1908,-1268,624
2372,-912,3416
1808,-668,3412
1656,-884,1488
680,1052,1932
-616,3136,1072
-2152,5220,2464
-2008,5776,4548
-1208,4360,3156
1192,2404,1540
1964,732,1640
1928,-1716,952
2324,-2296,1648
2072,-1372,2920
2464,208,740
800,1436,1452
-480,4172,600
-2024,4764,2640
-1528,4808,5356
-568,4096,2520
904,2404,1128
1444,-244,900
1560,-1504,368
1648,-1864,660
1992,-1108,980
1708,-432,1508
1856,632,1056
-912,1964,2044
-4336,4580,1904
-3576,5444,5056
-464,4600,2296
2252,3120,2128
3652,-336,2288
1760,-1136,2116
-160,-8,3536
520,-760,3344
464,72,3276
1588,92,1908
2272,2260,1516
728,5176,2152
-452,4788,4168
-596,5020,4288
488,3784,2436
1376,2296,964
704,-336,36
264,-2440,-1480
1304,-1788,-400
2936,-724,1820
3548,-764,3148
2856,-692,1724
1468,1244,1716
-896,2532,1272
-3364,4844,2152
-2792,6236,4372
228,6000,1960
3908,4904,2340
4800,268,1692
2660,-100,1760
1648,1788,5180
1220,1332,5228
40,632,4208
1216,-92,2920
1964,1172,2188
1324,3996,1964
-696,5112,2068
-628,5296,4556
-204,4180,3052
596,2072,1344
1136,144,928
1324,-1008,-460
1556,-920,-84
2196,-124,452
2284,0,1396
2216,-332,508
672,520,1364
-2272,1752,2324
-5168,4360,3488
-3736,4304,4324
-940,3228,3128
3488,1852,2380
5260,-1304,380
1368,-1740,1312
-1512,-1488,-156
-2936,-1336,888
-1592,-1428,-852
-968,-1268,-372
-504,-156,-608
-220,272,-500
-104,1004,280
-688,1596,884
-888,3232,3188
508,3796,4268
1272,2136,-80
1496,240,-240
1632,-2732,-2432
832,-1380,284
1268,916,1584
920,496,3056
-600,1480,2048
-1212,928,388
-1724,1080,-272
-1860,1092,-508
-1616,964,-648
-1444,776,-436
-1192,328,-424
-1048,288,-452
-868,84,-616
-668,236,-520
-432,184,-148
116,596,676
848,1704,1948
1616,624,1252
836,2384,692
688,1352,320
-84,400,-76
-1132,-164,-416
-1392,-1656,-784
-652,-1528,-1016
-436,460,396
-612,984,268
-976,704,320
-1216,792,1048
-624,1620,888
-444,556,1140
264,1580,1496
528,1756,1132
464,1568,612
308,1280,460
200,908,320
132,928,100
88,900,40
48,852,32
80,948,8
120,876,-116
80,952,-260
28,992,-236
48,1008,-308
112,988,-476
184,980,-664
380,908,-756
500,692,-848
516,604,-928
676,424,-952
532,512,-824
412,376,-752
348,468,-772
288,452,-760
276,372,-788
256,248,-776
160,76,-784
172,80,-812
144,76,-844
100,40,-848
136,96,-872
112,48,-896
116,28,-896
116,24,-944
124,56,-996
128,76,-1052
120,108,-1108
108,56,-1184
56,172,-1168
0,240,-1116
0,268,-1040
-104,224,-1020
-144,208,-1000
-60,196,-956
-20,160,-888
-44,88,-812
-88,32,-792
-60,20,-792
-80,8,-844
-100,-8,-920
-96,-36,-932
-88,-16,-1004
-56,24,-1072
-24,12,-1088
-8,20,-1132
52,164,-1216
# balls=7,catches=15,detected=10,sampleRate=25,timestamp=1790084842,countMode=watch_hand
x,y,z
244,-112,-908
232,-124,-912
232,-96,-916
240,-80,-944
340,-56,-1004
292,268,-988
116,-60,-1048
108,-68,-1020
48,-64,-1016
-32,24,-996
36,268,-1040
104,260,-1012
184,336,-1016
104,168,-976
40,188,-908
12,148,-944
-12,132,-928
4,136,-948
0,136,-960
-20,140,-1000
24,168,-1044
32,176,-1080
12,136,-1088
72,100,-1100
80,28,-1064
68,-16,-1032
72,-44,-956
104,-152,-796
420,-452,-692
360,-376,-676
376,-260,-696
404,140,-772
420,568,-772
376,928,-600
228,1088,-392
144,1308,-324
104,1420,-256
72,1292,-120
40,1104,56
12,1064,128
20,1080,136
32,992,220
4,1044,252
-32,1104,184
-76,1076,204
-116,1060,204
-124,988,232
-76,668,204
20,444,84
136,116,144
160,200,228
16,812,404
-364,2192,816
-572,2688,740
-520,2564,672
-184,2096,808
260,1224,740
488,372,400
584,-384,108
708,-1248,196
976,-1364,556
1180,-724,972
1228,620,1640
184,3012,1752
-956,4520,1788
-1604,5312,1816
-1116,4828,1880
384,3736,2068
1404,1496,1620
2548,-2696,868
3260,-4112,712
2664,-2864,896
2060,-400,1592
704,2380,2436
-2588,4492,3008
-3440,6048,3612
-2192,5088,2892
12,3348,2484
2360,-400,1120
4036,-3264,536
3876,-3176,748
2412,-1820,980
1572,440,1568
-660,2640,2964
-3700,4620,3756
-2952,5260,5096
-1048,3652,3052
2332,2172,1096
3908,-1504,96
2104,-2420,-76
256,-1776,848
336,-1968,1064
332,-576,1016
1112,864,916
656,1968,1916
-740,2876,2548
-1532,3672,3096
-984,4216,4296
244,3096,3064
1244,2092,1336
1116,-188,336
936,-1496,-768
904,-1744,-36
1704,-1648,-88
2812,-1088,1372
2728,-276,2288
1804,192,1732
-716,1748,2408
-3860,4076,1728
-3380,5920,4012
-836,5072,2648
2320,3572,8
4516,-716,664
3340,-1788,192
1472,-1132,2092
48,-928,3136
636,-1020,2460
528,832,2544
828,2488,1592
-612,3568,2068
-752,5136,3904
12,4888,3936
1320,3204,1556
1900,2240,892
1916,-436,556
1560,-1648,412
1244,-1396,796
1552,-788,1656
2048,-1268,1416
1096,2020,2248
1068,2404,2036
-1256,5088,1196
-1300,6032,4984
-752,4668,4044
424,3284,324
960,732,-472
1420,-3600,-2836
2988,-2668,-84
3716,-360,4072
2464,-64,3288
1208,76,2368
316,1376,1284
-2484,3772,864
-2116,5636,2604
-1548,5516,2992
976,3648,972
3152,2384,1516
3912,-1132,904
2476,-1176,788
492,-696,3072
212,-856,2436
172,-1168,1708
680,344,812
-964,2896,396
-2148,5328,3056
-1000,5992,4824
312,4260,2500
2356,2912,1640
2672,200,1212
1252,-1012,1820
1268,-544,1860
1036,96,2640
1372,152,2824
584,488,3112
1472,1092,2008
-284,3872,1260
-784,5448,3096
-608,6292,5048
744,4948,488
2220,2228,-964
1900,-2648,-1812
1640,-2024,-324
1648,-632,3008
1692,-1172,2756
1200,-80,2348
884,324,2584
1080,1880,1608
-4,4408,1824
-616,5580,2428
-272,5440,3184
656,3804,2284
1976,2124,1368
1544,-688,676
1000,-1388,-348
1568,-1252,412
2412,-1124,1472
1804,-844,1768
1732,-620,1044
484,1476,2204
-2556,3124,2100
-3436,5612,4280
-2408,5388,4120
276,3464,1192
2676,868,2084
3188,-1888,1940
1808,-2576,2168
1104,-952,2280
1580,-16,488
1196,1400,60
-824,4784,-800
-2284,5996,1504
-1664,5548,4736
592,3724,1972
2152,2620,1712
2100,204,784
580,-956,776
-24,-704,928
292,-244,1140
1212,436,1644
2952,1184,2232
2328,844,2208
2480,1464,1972
2092,3336,1308
1456,7388,3216
-280,7376,2828
-1064,4840,-240
-416,2636,-784
-548,176,-228
-856,-8,296
-88,32,24
272,752,880
964,2012,1572
1016,1820,2788
1460,-1164,-40
-700,1716,364
-8,-360,-1280
-240,72,-752
-768,196,8
-1208,556,724
-1476,1260,1124
-1244,1600,1868
-312,-680,1516
-984,2108,320
-1000,-252,492
-1084,-700,88
-1048,-388,-252
-968,-852,-188
-760,-764,-248
-568,-624,-192
-328,-432,-144
-252,-436,-248
92,-52,-576
296,436,148
552,1912,1276
304,2560,2072
360,1512,2132
592,1284,1376
364,920,740
48,828,308
-408,312,124
-428,104,-180
-260,492,-296
40,644,-528
224,412,-352
780,1452,-660
964,2124,-552
856,2344,-620
524,2036,-640
324,1396,-488
312,1020,-364
392,920,-404
512,820,-536
552,728,-564
560,508,-588
516,372,-656
516,400,-696
464,312,-744
416,224,-776
372,188,-768
320,168,-788
320,104,-792
300,112,-812
316,68,-832
388,120,-844
272,72,-888
284,80,-868
280,72,-884
256,52,-904
284,72,-936
288,92,-968
316,140,-1056
264,232,-1028
212,232,-956
228,236,-1008
236,324,-1008
168,276,-960
80,264,-952
112,232,-940
164,236,-936
184,236,-924
144,192,-892
144,196,-904
156,196,-960
164,216,-1004
132,196,-988
104,160,-988
108,124,-964
100,92,-944
92,92,-948
76,64,-956
